ID,POET,POEM,VERSE,PART2,PART1,ERA,POEM_METER,VERSE_METER
302,Abdelmonim Al Rifaaii,Nagwa,1,تَمْضِي إِلَى حَيْثُ البَعِيدِ البَعِيدْ,تَجْرِي وَأَحْلَامِيَ فِي غَيِّهَا,Modern,sarii_complete,sarii_complete
303,Abdelmonim Al Rifaaii,Nagwa,2,يَدْفَعُهُ الشَّوْقُ إِلَى مَا يُرِيدْ,أَنْتَ مُجِدٌّ سَالِكٌ دَرْبَهُ,Modern,sarii_complete,sarii_complete
304,Abdelmonim Al Rifaaii,Nagwa,3,يَسُوقُنِي حِينًا وَحِينًا يَحِيدْ,وَلِي خَيَالٌ سَارِحٌ بِالمُنَى,Modern,sarii_complete,sarii_complete
305,Abdelmonim Al Rifaaii,Nagwa,4,مُوَزَّعٌ فِيهِ شَرِيدٌ طَرِيدْ,كَأَنَّنِي وَالكَوْنُ فِي قَبْضَتِي,Modern,sarii_complete,sarii_complete
306,Abdelmonim Al Rifaaii,Nagwa,5,عَلَى الزَّمَانِ السَّرْمَدِيِّ الأَبِيدْ,أَنْتَ عَلَى العَهْدِ وَقَدْ صُنْتَهُ,Modern,sarii_complete,sarii_complete
307,Abdelmonim Al Rifaaii,Nagwa,6,لَهُ غَرَامٌ كُلَّ يَوْمٍ جَدِيدْ,هَلْ مَرَّ فِي شَطِّكَ مِنْ شَاعِرٍ,Modern,sarii_complete,sarii_complete
308,Abdelmonim Al Rifaaii,Nagwa,7,وَيَنْثَنِي وَالسَّهْلُ رَحْبٌ مَدِيدْ,يَسْمُو إِلَى الذِّرْوَةِ فِي زَهْوِهَا,Modern,sarii_complete,sarii_complete
309,Abdelmonim Al Rifaaii,Nagwa,8,أَرْقَى إِلَى ذَاكَ الجَمَالُ الفَرِيدْ,يَا لَيْتَنِي وَالسِّحْرُ عَالِي الذِّرَى,Modern,sarii_complete,sarii_complete
310,Abdelmonim Al Rifaaii,Nagwa,9,بَيْنَ هَوَى صَعْبٍ وَوَصْلٍ عَنِيدْ,وَأَنْشُقُ الزَّهْرَةَ فِي أَوْجِهَا,Modern,sarii_complete,sarii_complete
311,Abdelmonim Al Rifaaii,Nagwa,10,وَيَنْتَشِي الوَجْدُ وَيَحْلُو النَّشِيدْ,وَتَرْتَعُ النَّجْوَى عَلَى عَرْشِهَا,Modern,sarii_complete,sarii_complete
312,Abdelmonim Al Rifaaii,Nagwa,11,حَيْثُ الرِّضَا بَعْضُ كِفَافٍ زَهِيدْ,أَوْ لَيْتَنِي أَهْوِي إِلَى جَدْوَلٍ,Modern,sarii_complete,sarii_complete
313,Abdelmonim Al Rifaaii,Nagwa,12,وَرُبَّ صَادٍ لَا يَرُومُ المَزِيدْ,أَرْتَشِفُ القَطْرَةَ لَا أَرْتَوِي,Modern,sarii_complete,sarii_complete
314,Abdelmonim Al Rifaaii,Nagwa,13,عَافَ الرُّبَا وَاخْتَارَ ذَاكَ الصَّعِيدْ,أَسْأَلُهُ عَنْ شَأْنِهِ مَا لَهُ,Modern,sarii_complete,sarii_complete
315,Abdelmonim Al Rifaaii,Nagwa,14,وَقُبْلَةً تَحْيَا وَأُخْرَى تَبِيدْ,آهٍ عَلَى هَمْسِ الجَوَى حَوْلَهُ,Modern,sarii_complete,sarii_complete
316,Abdelmonim Al Rifaaii,Nagwa,15,وَالتَّفُ خَصْرَانٌ وَجِيدٌ وَجِيدْ,وَسَاعِدٌ يَقْوَى عَلَى سَاعِدٍ,Modern,sarii_complete,sarii_complete
317,Abdelmonim Al Rifaaii,Nagwa,16,مَاذَا عَلَى رَجْعِ الصَّدَى لَوْ يُعِيدْ,خَوَاطِرٌ يَا نِيلُ أَيْقَظْتَهَا,Modern,sarii_complete,sarii_complete
318,Abdelmonim Al Rifaaii,Nagwa,17,بِهِ القَوَافِي وَاسْتَجَابَ القَصِيدْ,مَاذَا عَلَى الشَّاعِرِ لَوْ جَنَّحَتْ,Modern,sarii_complete,sarii_complete
319,Abdelmonim Al Rifaaii,Nagwa,18,عَنْ بَارِقٍ لَاحَ وَأُفْقٍ جَدِيدْ,غَدًا سَأَرْوِي لَكَ مِنْ قِصَّتِي,Modern,sarii_complete,sarii_complete
3564,Abdulrahman Al Souaydi,Bochraa FaInna Annasra Waafaanaa,1,وَكَوْكَبُ النَّصْرِ لَقَدْ زَانَا,بُشْرَى فَإِنَّ النَّصْرَ وَافَانَا,Modern,sarii_complete,sarii_complete
3565,Abdulrahman Al Souaydi,Bochraa FaInna Annasra Waafaanaa,2,فَوْقَ سُمُوتِ العِزِّ مُزْدَانَا,وَأَقْبَلَ الإِقْبَالَ فِي طَالِعٍ,Modern,sarii_complete,sarii_complete
3566,Abdulrahman Al Souaydi,Bochraa FaInna Annasra Waafaanaa,3,بِأَنْجُمِ الفَخْرِ كَمَا كَانَا,وَفَلَكُ المَجْدِ غَدًا دَائِرًا,Modern,sarii_complete,sarii_complete
3567,Abdulrahman Al Souaydi,Bochraa FaInna Annasra Waafaanaa,4,زَيَّنَهُ الإِقْبَالُ فَازْدَانَا,وَالنَّصْرُ أَمْسَى نَجْمَهُ زَاهِرًا,Modern,sarii_complete,sarii_complete
3568,Abdulrahman Al Souaydi,Bochraa FaInna Annasra Waafaanaa,5,فَوْقَ السُّهَا نَاجِمِ كَيْوَانَا,وَالمَلِكُ السَّامِي غَدَا قَدْرُهُ,Modern,sarii_complete,sarii_complete
3569,Abdulrahman Al Souaydi,Bochraa FaInna Annasra Waafaanaa,6,بِهِ اسْتَضَاءَتْ آلَ عُثْمَانَا,فَخْرُ الوَرَى فَجْرُ الهُدَى نَيِّرٌ,Modern,sarii_complete,sarii_complete
3570,Abdulrahman Al Souaydi,Bochraa FaInna Annasra Waafaanaa,7,مَا هُوَ إِلَّا شَمْسُ دُنْيَانَا,ظُلْمَةُ أَهْلِ الجُورِ زَالَتْ بِهِ,Modern,sarii_complete,sarii_complete
3571,Abdulrahman Al Souaydi,Bochraa FaInna Annasra Waafaanaa,8,عَلْيَاءَ تَسْتَصْغِرُ ثَهْلَانَا,تَاجُ المُلُوكِ الصِّيدِ ذُو هِمَّةٍ,Modern,sarii_complete,sarii_complete
3572,Abdulrahman Al Souaydi,Bochraa FaInna Annasra Waafaanaa,9,يَعْجُزُ عَنْهُ الخَطُّ حُسْبَانَا,مَوْلَى النَّدَى مَوْلَى مِنَ المَالِ مَا,Modern,sarii_complete,sarii_complete
3573,Abdulrahman Al Souaydi,Bochraa FaInna Annasra Waafaanaa,10,قَدْ أَنْبَتَتْ لِلْوَفْدِ عُقْيَانَا,ذُو رَاحَةٍ أَنْدَى مِنَ البَحْرِ إِذْ,Modern,sarii_complete,sarii_complete
3574,Abdulrahman Al Souaydi,Bochraa FaInna Annasra Waafaanaa,11,مِنْهُ وَلَوْ أَنْفَسَ مَا كَانَا,يَسْتَرُّ بِالجَائِي يَرُومُ العَطَا,Modern,sarii_complete,sarii_complete
3575,Abdulrahman Al Souaydi,Bochraa FaInna Annasra Waafaanaa,12,حَيْثُ بَنَى لِلْحَمْدِ أَرْكَانَا,فَكَعْبَةَ الوَفْدِ غَدَتْ دَارُهُ,Modern,sarii_complete,sarii_complete
3576,Abdulrahman Al Souaydi,Bochraa FaInna Annasra Waafaanaa,13,أَسَالُ جَيْحُونًا وَجَيْحَانَا,لِلْوَارِدِينَ الجُودِ مِنْ كَفِّهِ,Modern,sarii_complete,sarii_complete
3577,Abdulrahman Al Souaydi,Bochraa FaInna Annasra Waafaanaa,14,أَحْسَنُ أَهْلِ الجُودِ إِحْسَانَا,عِمَادُ أَهْلِ العِزِّ رُكْنُ العُلَى,Modern,sarii_complete,sarii_complete
3578,Abdulrahman Al Souaydi,Bochraa FaInna Annasra Waafaanaa,15,وَفِي الوَغَى لَا زَالَ طَعَّانَا,البَطَلُ المِغْوَارُ وَقْتَ اللِّقَا,Modern,sarii_complete,sarii_complete
3579,Abdulrahman Al Souaydi,Bochraa FaInna Annasra Waafaanaa,16,وَكُلُّ جَبَّارٍ لَهُ دَانَا,لِكُلِّ قَرْمِ هِيبَةً لَمْ يَدِنْ,Modern,sarii_complete,sarii_complete
3580,Abdulrahman Al Souaydi,Bochraa FaInna Annasra Waafaanaa,17,إِنْ قِيلَ ذَا سِرْبُ سُلَيْمَانَا,تَوَهُّمًا تُفْرَقُ مِنْهُ العِدَى,Modern,sarii_complete,sarii_complete
3581,Abdulrahman Al Souaydi,Bochraa FaInna Annasra Waafaanaa,18,وَطَّنَهَا الهَامَاتِ إِيطَانَا,مَا انْفَكَّ مُذْ غَرَّبَ أَسْيَافُهُ,Modern,sarii_complete,sarii_complete
3582,Abdulrahman Al Souaydi,Bochraa FaInna Annasra Waafaanaa,19,أَحْزَابِ كَمْ جُنْدُلِ فُرْسَانَا,أَمَا تَرَى المِغْوَارَ فِي وَقْعَةِ الْ,Modern,sarii_complete,sarii_complete
3583,Abdulrahman Al Souaydi,Bochraa FaInna Annasra Waafaanaa,20,وَكَانَ فِيهَا الشَّهْمُ سُلْطَانَا,إِذْ بَصْرَةُ الفَيْحَاءَ قَدْ أَجْدَبَتْ,Modern,sarii_complete,sarii_complete
3584,Abdulrahman Al Souaydi,Bochraa FaInna Annasra Waafaanaa,21,مِنْهَا إِلَى أَكْنَافِ بُغْدَانَا,فَرَامَ أَنْ يُخْرِجَ أَجْنَادَهُ,Modern,sarii_complete,sarii_complete
3585,Abdulrahman Al Souaydi,Bochraa FaInna Annasra Waafaanaa,22,يَشْمَلُ مِنْهُ اللُّطْفُ سُكَّانَا,لِكَيْ يَخِفَّ الجَدْبُ عَنْهَا وَكَيْ,Modern,sarii_complete,sarii_complete
3586,Abdulrahman Al Souaydi,Bochraa FaInna Annasra Waafaanaa,23,مُتَّخِذَ الحِلَّةِ أَوْطَانَا,فَسَارَ بِالجَحْفَلِ عَنْ قُطْرِهَا,Modern,sarii_complete,sarii_complete
3587,Abdulrahman Al Souaydi,Bochraa FaInna Annasra Waafaanaa,24,قَدْ حَصَّلَتْ دُونَ القُرَى شَانَا,وَحَيْثَمَا خَيَّمَ فِي دَوِّهَا,Modern,sarii_complete,sarii_complete
3588,Abdulrahman Al Souaydi,Bochraa FaInna Annasra Waafaanaa,25,إِذْ أَمِنُوا ظُلْمًا وَعُدْوَانَا,وَاسْتَرَّ أَهْلَوْهَا بِمَنْ زَادَهُمْ,Modern,sarii_complete,sarii_complete
3589,Abdulrahman Al Souaydi,Bochraa FaInna Annasra Waafaanaa,26,حَازَتْ أَهَالِي البَغْيِ أَحْزَانَا,لَكِنَّ فِي بَغْدَادَ مُذْ شَاعَ ذَا,Modern,sarii_complete,sarii_complete
3590,Abdulrahman Al Souaydi,Bochraa FaInna Annasra Waafaanaa,27,وَارْتَكِبُوا غَدْرًا وَكُفْرَانَا,فَاجْتَمِعُوا عِنْدَ مَلِيكٍ لَهُمْ,Modern,sarii_complete,sarii_complete
3591,Abdulrahman Al Souaydi,Bochraa FaInna Annasra Waafaanaa,28,عَنْ حِلْيَةِ الإِنْصَافِ عِرْيَانَا,مِنْ كُلِّ جَوَّاظٍ عَرِيضِ القَفَا,Modern,sarii_complete,sarii_complete
3592,Abdulrahman Al Souaydi,Bochraa FaInna Annasra Waafaanaa,29,وَمِنْ عَظِيمِ النُّوكِ شَبْعَانَا,لَمَّا يَزَلْ مِنْ عَقْلِهِ جَائِعًا,Modern,sarii_complete,sarii_complete
3593,Abdulrahman Al Souaydi,Bochraa FaInna Annasra Waafaanaa,30,وَاضْطَرَبَ المَجْلِسُ أَحْيَانَا,حَاصُوا كَحُمْرِ الوَحْشِ مِنْ حِينِهِمْ,Modern,sarii_complete,sarii_complete
3594,Abdulrahman Al Souaydi,Bochraa FaInna Annasra Waafaanaa,31,حَادَ عَنِ الدَّوْلَةِ عِصْيَانَا,وَأَجْمَعُوا أَنَّ مَلِيكَ الوَرَى,Modern,sarii_complete,sarii_complete
3595,Abdulrahman Al Souaydi,Bochraa FaInna Annasra Waafaanaa,32,وَأَنَّهُ جَاءَ لِيَنْكَانَا,وَأَنَّهُ مَالَ إِلَى غَدْرِنَا,Modern,sarii_complete,sarii_complete
3596,Abdulrahman Al Souaydi,Bochraa FaInna Annasra Waafaanaa,33,بِحَرْبِهِ جَهْلًا وَخُذْلَانَا,فَعِنْدَ ذَا قَرَرِ مُفْتِيهِمْ,Modern,sarii_complete,sarii_complete
3597,Abdulrahman Al Souaydi,Bochraa FaInna Annasra Waafaanaa,34,مُجَمِّعًا عَجْمًا وَعُرْبَانَا,جَهَّزَ جَيْشَ الظُّلْمِ وَالِيُهُمْ,Modern,sarii_complete,sarii_complete
3598,Abdulrahman Al Souaydi,Bochraa FaInna Annasra Waafaanaa,35,مِنْ فَارِسِ العَصْرِ سُلَيْمَانَا,وَحَاوَلُوا أَنْ يَبْلَغُوا مَأْرَبًا,Modern,sarii_complete,sarii_complete
3599,Abdulrahman Al Souaydi,Bochraa FaInna Annasra Waafaanaa,36,مِنْهُ رُحَاةَ الحَرْبِ طَحَّانَا,لَكِنَّهُمْ خَابُوا لِمَا شَاهَدُوا,Modern,sarii_complete,sarii_complete
3600,Abdulrahman Al Souaydi,Bochraa FaInna Annasra Waafaanaa,37,تَحْفُهُ الأَشْبَالُ فُرْسَانَا,إِذْ قَامَ كَالقِسْوَرِ مِنْ غَيْلِهِ,Modern,sarii_complete,sarii_complete
3601,Abdulrahman Al Souaydi,Bochraa FaInna Annasra Waafaanaa,38,وَاعْتَقَلَ الأَسْمَرَ طَعَّانَا,وَجَرَدَ الأَبْيَضَ مِنْ جَفْنِهِ,Modern,sarii_complete,sarii_complete
3602,Abdulrahman Al Souaydi,Bochraa FaInna Annasra Waafaanaa,39,صَادَفَ بَعْضَ الصَّيْدِ غُرْثَانَا,وَاقْتَحَمَ الحَرْبَ كَلَيْثٍ إِذَا,Modern,sarii_complete,sarii_complete
3603,Abdulrahman Al Souaydi,Bochraa FaInna Annasra Waafaanaa,40,لَهُ قُتَامُ الجَوِّ دُخَّانَا,أَحْمَى وَطَيْسَ الحَرْبِ حَتَّى غَدَا,Modern,sarii_complete,sarii_complete
3604,Abdulrahman Al Souaydi,Bochraa FaInna Annasra Waafaanaa,41,أَبْطَالِ أَمْثَالًا وَأَقْرَانَا,وَلَمْ يَزَلْ يَرْدِي بِهِنْدَيْهِ الْ,Modern,sarii_complete,sarii_complete
3605,Abdulrahman Al Souaydi,Bochraa FaInna Annasra Waafaanaa,42,وَلُّوا وَقَالُوا أَنَّهُ جَانَا,حَتَّى إِذَا قَابَلَ جَمْعًا لَهُمْ,Modern,sarii_complete,sarii_complete
3606,Abdulrahman Al Souaydi,Bochraa FaInna Annasra Waafaanaa,43,وَقَدْ قَرَى نَسْرًا وَسُرْحَانَا,فَرَّقَهُمْ أَيْدِي سَبَا فِي الفُلَا,Modern,sarii_complete,sarii_complete
3607,Abdulrahman Al Souaydi,Bochraa FaInna Annasra Waafaanaa,44,وَعَسْكَرُ المِغْوَارِ أَلْفَانَا,تَبًّا لَهُمْ عِشْرُونَ أَلْفًا لَهُمْ,Modern,sarii_complete,sarii_complete
3608,Abdulrahman Al Souaydi,Bochraa FaInna Annasra Waafaanaa,45,وَبَعْضُهُمْ صَاحِبُ أَكْفَانَا,فَكَيْفَ وَلَّى بَعْضَهُمْ هَارِبًا,Modern,sarii_complete,sarii_complete
3609,Abdulrahman Al Souaydi,Bochraa FaInna Annasra Waafaanaa,46,دُونَ الوَرَى أَوْلَاكَ مَوْلَانَا,بُشْرَاكَ يَا شَهْمُ فَذِي نِعْمَةٌ,Modern,sarii_complete,sarii_complete
3610,Abdulrahman Al Souaydi,Bochraa FaInna Annasra Waafaanaa,47,وَحَفَّكَ الإِقْبَالُ أَزْمَانَا,فَالنَّصْرُ قَدْ خَصَّكَ دُونَ الوَرَى,Modern,sarii_complete,sarii_complete
3611,Abdulrahman Al Souaydi,Bochraa FaInna Annasra Waafaanaa,48,أَحْزَابِ فَافْخَرْ بِالَّذِي كَانَا,نَصَرْتَ بِالرُّعْبِ وَذِي وَقْعَةِ الْ,Modern,sarii_complete,sarii_complete
3612,Abdulrahman Al Souaydi,Bochraa FaInna Annasra Waafaanaa,49,حَمِيدَةٌ نِلْتَ بِهَا شَانَا,حَيْثُ لَكُمْ بِالمُصْطَفَى أُسْوَةٌ,Modern,sarii_complete,sarii_complete
3613,Abdulrahman Al Souaydi,Bochraa FaInna Annasra Waafaanaa,50,وَلَّاهُ لِلرَّأْفَةِ بَغْدَانَا,مُذْ بَلَغَ الخِنْكَارُ أَخْبَارَهُ,Modern,sarii_complete,sarii_complete
3614,Abdulrahman Al Souaydi,Bochraa FaInna Annasra Waafaanaa,51,يُرْدِي العَدَى فُرْسًا وَعُرْبَانَا,حَيْثُ رَآهُ بَاسِلًا فَاتِكَا,Modern,sarii_complete,sarii_complete
3615,Abdulrahman Al Souaydi,Bochraa FaInna Annasra Waafaanaa,52,جُودَةِ حَسَّانًا وَحَسَّانَا,ذَا نَجْدَةٍ غَوْثٍ صَرِيخٍ أَخَا الْ,Modern,sarii_complete,sarii_complete
3616,Abdulrahman Al Souaydi,Bochraa FaInna Annasra Waafaanaa,53,وَاغْتَنَمَ الرَّاحَةَ تَعْبَانَا,بَعْدَ العَنَا نَالَ لَذِيذَ العُلَى,Modern,sarii_complete,sarii_complete
3617,Abdulrahman Al Souaydi,Bochraa FaInna Annasra Waafaanaa,54,فَغَمَّضَ السَّاهِرُ أَجْفَانَا,كَمَا اسْتَلَذَّ النَّوْمُ بَعْدَ الكَرَى,Modern,sarii_complete,sarii_complete
3618,Abdulrahman Al Souaydi,Bochraa FaInna Annasra Waafaanaa,55,بِهِ وَمَا قَدْ كَانَ أَشْقَانَا,حَمْدًا لَكَ اللَّهُمَّ زَالَ العَنَا,Modern,sarii_complete,sarii_complete
3619,Abdulrahman Al Souaydi,Bochraa FaInna Annasra Waafaanaa,56,فَفَاخَرَتْ مُدْنًا وَبُلْدَانَا,وَاسْتَبْشَرَتْ بَغْدَادُ إِذْ حَلَّهَا,Modern,sarii_complete,sarii_complete
3620,Abdulrahman Al Souaydi,Bochraa FaInna Annasra Waafaanaa,57,بَعْدَكَ لَا تَرُوقُ أَغْصَانَا,مَا هِيَ إِلَّا بَهْجَةً يَتِمَتْ,Modern,sarii_complete,sarii_complete
3621,Abdulrahman Al Souaydi,Bochraa FaInna Annasra Waafaanaa,58,حَتَّى أَتَتْ بِالسُّقْمِ بُرْهَانَا,أَضْنَى قِوَاهَا طُولَ هَذَا النَّوَى,Modern,sarii_complete,sarii_complete
3622,Abdulrahman Al Souaydi,Bochraa FaInna Annasra Waafaanaa,59,أُخْفِي فَلَا يَطِيعُ تِبْيَانَا,بِظَعْنِكُمْ عَنْهَا مَنَارَ الهُدَى,Modern,sarii_complete,sarii_complete
3623,Abdulrahman Al Souaydi,Bochraa FaInna Annasra Waafaanaa,60,بَدَتْ بِهَا الأَنْوَارُ إِعْلَانَا,وَمُذْ حَلَلْتَ الآنَ فِي رَحْبِهَا,Modern,sarii_complete,sarii_complete
3624,Abdulrahman Al Souaydi,Bochraa FaInna Annasra Waafaanaa,61,مِنْكَ وَلَا أَوْحَشَ سُكَّانَا,لَا أَوْحَشَ اللَّهُ رُبُوعًا بِهَا,Modern,sarii_complete,sarii_complete
3625,Abdulrahman Al Souaydi,Bochraa FaInna Annasra Waafaanaa,62,وَللثَّنَا وَالحَمْدِ أَوْطَانَا,لَا بَرَحَتْ لِمَجْدِكُمْ مَنْزِلَا,Modern,sarii_complete,sarii_complete
3626,Abdulrahman Al Souaydi,Bochraa FaInna Annasra Waafaanaa,63,خَوْفًا وَكُلٌّ لَكَ قَدْ دَانَا,مَوْلَايَ أَعْدَاكَ غَدُوا خَضَعَا,Modern,sarii_complete,sarii_complete
3627,Abdulrahman Al Souaydi,Bochraa FaInna Annasra Waafaanaa,64,لِلَّهِ إِذْ أَوْلَاكَ إِحْسَانَا,هِبْ أَنَّهُمْ سَاؤُوا فَأَحْسِنْ بِهِمْ,Modern,sarii_complete,sarii_complete
3628,Abdulrahman Al Souaydi,Bochraa FaInna Annasra Waafaanaa,65,إِذْ هُوَ مِنْ شِيمَةِ مَوْلَانَا,قَدَرْتَ وَالعَفْوُ هُوَ المُرْتَجَى,Modern,sarii_complete,sarii_complete
3629,Abdulrahman Al Souaydi,Bochraa FaInna Annasra Waafaanaa,66,وَامْنَحَهُمْ عَفْوًا وَغُفْرَانَا,وَاغْضُضْ بِطَرْفِ الحِلْمِ عَنْ غَيِّهِمْ,Modern,sarii_complete,sarii_complete
3630,Abdulrahman Al Souaydi,Bochraa FaInna Annasra Waafaanaa,67,كَفَاهُمُ ذُلًّا وَخُسْرَانَا,فَالحَمْدُ لِلَّهِ غَدُوا مُثْلَةً,Modern,sarii_complete,sarii_complete
3631,Abdulrahman Al Souaydi,Bochraa FaInna Annasra Waafaanaa,68,وَدُمْتَ لِلْعَاصِينَ حَنَّانَا,لَا زِلْتَ فِينَا حَاكِمًا عَادِلَا,Modern,sarii_complete,sarii_complete
3632,Abdulrahman Al Souaydi,Bochraa FaInna Annasra Waafaanaa,69,عَزِيزُنَا النَّاصِرُ وَافَانَا,بُشْرَى لَنَا آلَ الزُّوَيْرَاءِ إِذْ,Modern,sarii_complete,sarii_complete
3633,Abdulrahman Al Souaydi,Bochraa FaInna Annasra Waafaanaa,70,بِغَيْرِهِ قَدْ كَانَ أَشْقَانَا,أَسْعَدَنَا اللَّهُ بِهِ بَعْدَمَا,Modern,sarii_complete,sarii_complete
3634,Abdulrahman Al Souaydi,Bochraa FaInna Annasra Waafaanaa,71,مُذْ حَلَّ صَدْرُ الدَّسْتِ سُلْطَانَا,وَدَوْلَةُ الأَوْبَاشِ زَالَتْ بِهِ,Modern,sarii_complete,sarii_complete
3635,Abdulrahman Al Souaydi,Bochraa FaInna Annasra Waafaanaa,72,المُلْكُ أَضْحَى لِسُلَيْمَانَا,وَآيَةُ الإِقْبَالِ قَدْ أَرَّخَتْ,Modern,sarii_complete,sarii_complete
195,Abi Alatahiya,Inna Al Fanae,1,إِنَّ الزَّمَانَ إِذَا رَمَى لَمُصِيبُ,إِنَّ الفَنَاءَ مِنَ البَقَاءِ قَرِيبُ,Abbassi: VIIIth - XVIth,kamil_complete,kamil_complete
196,Abi Alatahiya,Inna Al Fanae,2,لَوْ كَانَ يَنْفَعُ فِيهِمُ التَّأْدِيبُ,إِنَّ الزَّمَانَ لِأَهْلِهِ لَمُؤَدَّبٌ,Abbassi: VIIIth - XVIth,kamil_complete,kamil_complete
197,Abi Alatahiya,Inna Al Fanae,3,إِنَّ الزَّمَانَ لَشَاعِرٌ وَخَطِيبُ,صِفَةُ الزَّمَانِ حَكِيمَةٌ وَبَلِيغَةٌ,Abbassi: VIIIth - XVIth,kamil_complete,kamil_complete
198,Abi Alatahiya,Inna Al Fanae,4,لَكَ مُهْرِمٌ وَمُعَذِّبٌ وَمُذِيبُ,وَأَرَاكَ تَلْتَمِسُ البَقَاءَ وَطُولُهُ,Abbassi: VIIIth - XVIth,kamil_complete,kamil_complete
199,Abi Alatahiya,Inna Al Fanae,5,لَوْ كَانَ يُحْكِمُ رَأْيَكَ التَّجْرِيبُ,وَلَقَدْ رَأَيْتُكَ لِلزَّمَانِ مُجَرِّبًا,Abbassi: VIIIth - XVIth,kamil_complete,kamil_complete
200,Abi Alatahiya,Inna Al Fanae,6,وَأَرَاكَ لَسْتَ تُجِيبُ,وَلَقَدْ يُكَلِّمُكَ الزَّمَانُ بِأَلْسُنٍ عَرَبِيَّةٍ,Abbassi: VIIIth - XVIth,kamil_complete,kamil_complete
201,Abi Alatahiya,Inna Al Fanae,7,لَعَرَاكَ مِنْهُ تَفَجُّعٌ وَنَحِيبُ,لَوْ كُنْتَ تَفْهَمُ عَنْ زَمَانِكَ قَوْلَهُ,Abbassi: VIIIth - XVIth,kamil_complete,kamil_complete
202,Abi Alatahiya,Inna Al Fanae,8,وَالمَوْتُ مِنْكَ وَإِنْ كَرِهْتَ قَرِيبُ,أَلْحَحْتَ فِي طَلَبِ الصِّبَا وَضَلَالِهِ,Abbassi: VIIIth - XVIth,kamil_complete,kamil_complete
203,Abi Alatahiya,Inna Al Fanae,9,وَلَقَدْ طَلَبْتَ وَمَا أَرَاكَ تُصِيبُ,وَلَقَدْ عَقَلْتَ وَمَا أَرَاكَ بِعَاقِلٍ,Abbassi: VIIIth - XVIth,kamil_complete,kamil_complete
204,Abi Alatahiya,Inna Al Fanae,10,أَبْلَى وَأَفْنَى دَارَكَ التَّقْلِيبُ,وَلَقَدْ سَكَنْتَ صُحُونَ دَارِ تَقَلُّبٍ,Abbassi: VIIIth - XVIth,kamil_complete,kamil_complete
61,Abi Alatahiya,Inna Al Fanae,11,هَيْهَاتَ لَيْسَ مَعَ المَمَاتِ يَطِيبُ,أَمَعَ المَمَاتِ يَطِيبُ عَيْشُكَ يَا أَخِي,Abbassi: VIIIth - XVIth,kamil_complete,kamil_complete
205,Abi Alatahiya,Inna Al Fanae,12,كُلَّ ابْنِ أُنْثَى حَافِظٌ وَرَقِيبُ,زُغْ كَيْفَ شِئْتَ عَنِ البِلَى فَلَهُو عَلَى,Abbassi: VIIIth - XVIth,kamil_complete,kamil_complete
206,Abi Alatahiya,Inna Al Fanae,13,كَيْفَ اغْتَرَرْتَ بِهِ وَأَنْتَ لَبِيبُ,كَيْفَ اغْتَرَرْتَ بِصَرْفِ دَهْرِكَ يَا أَخِي,Abbassi: VIIIth - XVIth,kamil_complete,kamil_complete
207,Abi Alatahiya,Inna Al Fanae,14,حِقَبًا وَأَنْتَ مُجَرِّبٌ وَأَرِيبُ,وَلَقَدْ حَلَبْتَ الدَّهْرَ أَشْطُرَ دَرِّهِ,Abbassi: VIIIth - XVIth,kamil_complete,kamil_complete
208,Abi Alatahiya,Inna Al Fanae,15,لِلْمَوْتِ فِيهِ وَلِلتُّرَابِ نَصِيبُ,وَالمَوْتُ يَرْتَصِدُ النُّفُوسَ وَكُلُّنَا,Abbassi: VIIIth - XVIth,kamil_complete,kamil_complete
209,Abi Alatahiya,Inna Al Fanae,16,بَلْ يَا أَخِي فَمَتَى أَرَاكَ تُنِيبُ,إِنْ كُنْتَ لَسْتَ تُنِيبُ إِنْ وَثَبَ البِلَى,Abbassi: VIIIth - XVIth,kamil_complete,kamil_complete
210,Abi Alatahiya,Inna Al Fanae,17,أَيَعِيبُ مَنْ هُوَ بِالعُيُوبِ مَعِيبُ,لِلَّهِ دَرُّكَ عَائِبًا مُتَسَرِّعًا,Abbassi: VIIIth - XVIth,kamil_complete,kamil_complete
271,Abi Alatahiya,Inna Al Fanae,18,وَالمَوْتُ يَدْعُونِي غَدًا فَأُجِيبُ,وَلَقَدْ عَجِبْتُ لِغَفْلَتِي وَلِغِرَّتِي,Abbassi: VIIIth - XVIth,kamil_complete,kamil_complete
272,Abi Alatahiya,Inna Al Fanae,19,وَلَهَا إِلَيَّ تَوَثُّبٌ وَدَبِيبُ,وَلَقَدْ عَجِبْتُ لِطُولِ أَمْنِ مَنِيَّتِي,Abbassi: VIIIth - XVIth,kamil_complete,kamil_complete
273,Abi Alatahiya,Inna Al Fanae,20,وَلَقَدْ أَرَاهُ وَإِنَّهُ لَصَلِيبُ,لِلَّهِ عَقْلِي مَا يَزَالُ يَخُونَنِي,Abbassi: VIIIth - XVIth,kamil_complete,kamil_complete
274,Abi Alatahiya,Inna Al Fanae,21,أَيَّامَ لِي غُصْنُ الشَّبَابِ رَطِيبُ,لِلَّهِ أَيَّامٌ نَعِمْتُ بِلِينِهَا,Abbassi: VIIIth - XVIth,kamil_complete,kamil_complete
275,Abi Alatahiya,Inna Al Fanae,22,مَا لِلْمَشِيبِ مِنَ النِّسَاءِ حَبِيبُ,إِنَّ الشَّبَابَ لَنَافِقٌ عِنْدَ النِّسَا,Abbassi: VIIIth - XVIth,kamil_complete,kamil_complete
1669,Abi Alatahiya,Maa Lilmaqaabiri,1,بُ إِذَا دَعَاهُنَّ الكَئِيبُ,مَا لِلْمَقَابِرِ لَا تُجِي,Abbassi: VIIIth - XVIth,kamil_partial,kamil_partial
1670,Abi Alatahiya,Maa Lilmaqaabiri,2,هِنَّ الجَنَادِلُ وَالكَئِيبُ,حُفَرٌ مُسَتَّرَةٌ عَلَيْ,Abbassi: VIIIth - XVIth,kamil_partial,kamil_partial
1671,Abi Alatahiya,Maa Lilmaqaabiri,3,فَالٌ وَشُبَّانٌ وَشِيبُ,فِيهِنَّ وِلْدَانٌ وَأَطْ,Abbassi: VIIIth - XVIth,kamil_partial,kamil_partial
1672,Abi Alatahiya,Maa Lilmaqaabiri,4,نَفْسِي بِفُرْقَتِهِ تَطِيبُ,كَمْ مِنْ حَبِيبٍ لَمْ تَكُنْ,Abbassi: VIIIth - XVIth,kamil_partial,kamil_partial
1673,Abi Alatahiya,Maa Lilmaqaabiri,5,نَ مُجَدَّلًا وَهُوَ الحَبِيبُ,غَادَرْتُهُ فِي بَعْضِهِنْ,Abbassi: VIIIth - XVIth,kamil_partial,kamil_partial
1674,Abi Alatahiya,Maa Lilmaqaabiri,6,عَهْدِي بِرُؤْيَتِهِ قَرِيبُ,وَسَلَوْتُ عَنْهُ وَإِنَّمَا,Abbassi: VIIIth - XVIth,kamil_partial,kamil_partial
1675,Abi Alatahiya,Sobhaana Allami Al Ghoyoub,1,عَجَبًا لِتَصْرِيفِ الخُطُوبِ,سُبْحَانَ عَلَّامِ الغُيُوبِ,Abbassi: VIIIth - XVIth,kamil_partial,kamil_partial
1676,Abi Alatahiya,Sobhaana Allami Al Ghoyoub,2,نَ وَتَجْتَنِي ثَمَرَ القُلُوبِ,تَعْرُو فُرُوعَ الآمِنِي,Abbassi: VIIIth - XVIth,kamil_partial,kamil_partial
1677,Abi Alatahiya,Sobhaana Allami Al Ghoyoub,3,تَرِّينَ بِالأَمَلِ الكَذُوبِ,حَتَّى مَتَى يَا نَفْسُ تَغْ,Abbassi: VIIIth - XVIth,kamil_partial,kamil_partial
1678,Abi Alatahiya,Sobhaana Allami Al Ghoyoub,4,لَا تَسْتَطِيعِي أَنْ تَتُوبِي,يَا نَفْسُ تُوبِي قَبْلَ أَنْ,Abbassi: VIIIth - XVIth,kamil_partial,kamil_partial
1679,Abi Alatahiya,Sobhaana Allami Al Ghoyoub,5,حْمَانَ غَفَّارَ الذُّنُوبِ,وَاسْتَغْفِرِي لِذُنُوبِكِ الرَّ,Abbassi: VIIIth - XVIth,kamil_partial,kamil_partial
1680,Abi Alatahiya,Sobhaana Allami Al Ghoyoub,6,حُ بِهِنَّ دَائِمَةُ الهُبُوبِ,أَمَّا الحَوَادِثُ فَالرِّيَا,Abbassi: VIIIth - XVIth,kamil_partial,kamil_partial
1681,Abi Alatahiya,Sobhaana Allami Al Ghoyoub,7,وَالخَلْقُ مُخْتَلِفُ الضُّرُوبِ,وَالمَوْتُ خَلْقٌ وَاحِدٌ,Abbassi: VIIIth - XVIth,kamil_partial,kamil_partial
1682,Abi Alatahiya,Sobhaana Allami Al Ghoyoub,8,مِنْ خَيْرِ مُكْتَسَبِ الكَسُوبِ,وَالسَّعْيُ فِي طَلَبِ التُّقَى,Abbassi: VIIIth - XVIth,kamil_partial,kamil_partial
1683,Abi Alatahiya,Sobhaana Allami Al Ghoyoub,9,مَحْمُودُ مِنْ لَطْخِ العُيُوبِ,وَلَقَلَّ مَا يَنْجُو الفَتَى الْ,Abbassi: VIIIth - XVIth,kamil_partial,kamil_partial
2417,Abou Al Fayd Al Kattani,Itha waradna maaa madyana,1,مَوَارِدَ وَرْدِي فِي انْتِهَازِيِ فُرْصَتِى,إِذَا مَا وَرَدْنَا مَاءَ مَدْيَنَ أَشْرَقَتْ,Modern,tawil_complete,tawil_complete
2418,Abou Al Fayd Al Kattani,Itha waradna maaa madyana,2,مُ وَصْلٍ لِأَوْجِ الدَّائِرَاتِ بِجُذْبَتِي,وَإِبْتُ بِمَا أَرْجُو مِنَ الدَّهْرِ إِذْ مَرَا,Modern,tawil_complete,tawil_complete
2419,Abou Al Fayd Al Kattani,Itha waradna maaa madyana,3,المَعَارِفِ وَالأَسْرَارِ مِنْ حَيْثُ نَشْأَتِي,فَتَنْخَرِطُ الأَرْوَاحُ مِنِّي بِمَشْهَدِ,Modern,tawil_complete,tawil_complete
2420,Abou Al Fayd Al Kattani,Itha waradna maaa madyana,4,تُ مِنْ ظَمَإٍ فِي الهَاجِرَاتِ الظَّمِيئَةِ,وَلَكِنْ إِذَا رِمْتِ الوُرُودَ وَقَدْ كُلِمْ,Modern,tawil_complete,tawil_complete
2421,Abou Al Fayd Al Kattani,Itha waradna maaa madyana,5,بِلَا مَهْرِ أَرْوَاحٍ وَلَا بَذْلِ مُهْجَتِي,وَجِئْتُ لِحَيِّ القَوْمِ أَرْجُو شَرَابَهُمْ,Modern,tawil_complete,tawil_complete
2422,Abou Al Fayd Al Kattani,Itha waradna maaa madyana,6,هَوَائِيَةِ الدُّنْيَا بِغَشْيَةِ غَفْلَتِي,وَلَا فَانِيًا عَنْ زِينَةِ الزُّخْرُفَا مَنُّ,Modern,tawil_complete,tawil_complete
2423,Abou Al Fayd Al Kattani,Itha waradna maaa madyana,7,تُكَدِّرُ قَلْبِي عَنْ وِصَالِي لِحَضْرَتِي,وَلَا خَالِعًا عَنِّي ثِيَابَ خَوَاطِرٍ,Modern,tawil_complete,tawil_complete
2424,Abou Al Fayd Al Kattani,Itha waradna maaa madyana,8,بِ مِنْ كَدَرَاتِ الجِسْمِ فِي أَصْلِ طِينَتِي,وَلَا فَاتِقًا رِتْقَ الغِشَاوَاتِ عَنْ قُلَيْ,Modern,tawil_complete,tawil_complete
2425,Abou Al Fayd Al Kattani,Itha waradna maaa madyana,9,ضِ سُفْلِيَاتِ الأَوْهَامِ فِي قَفْصِ شَهْوَتِي,وَلَا رَاتِقًا فَتْقَ القَوَاطِعِ مِنْ حَضِي,Modern,tawil_complete,tawil_complete
2426,Abou Al Fayd Al Kattani,Itha waradna maaa madyana,10,وَلَا سَاهِيًا عَنْ كُلِّ كُلِّي وَجُمْلَتِي,وَلَا سَاهِرًا فِي الحَيِّ أَرْجُو وِصَالَهَا,Modern,tawil_complete,tawil_complete
2427,Abou Al Fayd Al Kattani,Itha waradna maaa madyana,11,تَصَامَمْتُ عَمَّا يَقْطَعَنْ وَصْلَ وِصْلَتِي,وَلَا صَارِفًا عَنِّي حِبَالَ الهَوَى وَلَا,Modern,tawil_complete,tawil_complete
2428,Abou Al Fayd Al Kattani,Itha waradna maaa madyana,12,تُطَهِّرُ جَفْنِي مِنْ سِوَاهَا وَتَوْبَتِي,وَلَا كَفْكَفَتْ عَنِّي دُمُوعُ غَوَادِقٍ,Modern,tawil_complete,tawil_complete
2429,Abou Al Fayd Al Kattani,Itha waradna maaa madyana,13,وَوَهْمٍ وَإِلْبَاسٍ وَتَكْدُرِّ أُكْلَتِي,وَلَا تَائِبًا مِنْ كُلِّ ذِئْبٍ وَخَاطِرٍ,Modern,tawil_complete,tawil_complete
2430,Abou Al Fayd Al Kattani,Itha waradna maaa madyana,14,ظُ مِمَّا سَيُرْدِينِي بِأَسْبَابِ هَفْوَتِي,وَلَا رَاجِعًا عَمَّا تُرَاوِدُنِي الحُظُو,Modern,tawil_complete,tawil_complete
2431,Abou Al Fayd Al Kattani,Itha waradna maaa madyana,15,لِمَا أَجْهَدَتْهُ الدَّهْرِيَاتُ بِسَوْرَتِي,وَقُلْتُ لِبَوَّابِ القُلُوبِ الأَخِيرَةِ,Modern,tawil_complete,tawil_complete
2432,Abou Al Fayd Al Kattani,Itha waradna maaa madyana,16,أَسِيرِكِ قَدْ أَبْلَتْهُ كُلُّ عَظِيمَةِ,فَقَالَ وَمَا فِي الحُبِّ يَطْمَعُ فَارْحَمِي,Modern,tawil_complete,tawil_complete
2433,Abou Al Fayd Al Kattani,Itha waradna maaa madyana,17,بِأَلْحَاظِ لَيْلَاهُ أَغِثْنِي بِعِطْفَةِ,وَلَا فَضَّلَ مَنْ أَثْخَنَتْهُ صَوَارِمٌ,Modern,tawil_complete,tawil_complete
2434,Abou Al Fayd Al Kattani,Itha waradna maaa madyana,18,لَ إِنْ صَحَّ مِنْكَ الحُبُّ تَقْوَى لِصُحْبَتِي,فَقُلْتُ وَهَلْ أَقْوَى عَلَى شَرْطِكُمْ فَقَا,Modern,tawil_complete,tawil_complete
2435,Abou Al Fayd Al Kattani,Itha waradna maaa madyana,19,لِنَحْظَى بِمَا تَرْجُو الأَمَانِي وَبُغْيَتِي,وَإِسْتَأْذَنُوا الحِجَابَ يَسْتَأْذِنُوا لَنَا,Modern,tawil_complete,tawil_complete
2436,Abou Al Fayd Al Kattani,Itha waradna maaa madyana,20,دَرَاهِمَ عِنْدَ الحَانَوِي وَأَهِبَّتِي,وَكَيْفَ لَنَا بِالشُّرْبِ إِنْ لَمْ تَكُنْ لَنَا,Modern,tawil_complete,tawil_complete
2437,Abou Al Fayd Al Kattani,Itha waradna maaa madyana,21,عُقُولِ وَ مَا أَدْرِي بِأَيَّةِ وِجْهَةِ,فَقُلْتُ لَقَدْ أُرِبْ مَحَاسِنَكُمْ عَلَى,Modern,tawil_complete,tawil_complete
2438,Abou Al Fayd Al Kattani,Itha waradna maaa madyana,22,فَمَنُّوا فَإِنَّ الشَّوْقَ أَوْدَى بِصَوْلَتِي,أُقَابِلُكُمْ يَا أَهْلَ وِدٍّ وَهَمٍّ هُمْ,Modern,tawil_complete,tawil_complete
2439,Abou Al Fayd Al Kattani,Itha waradna maaa madyana,23,شَنَاشِنَكُمْ قَرَّبْتِ نَفْسِي وَمُهْجَتِي,وَأَنْهَكَنِي قَدْ أَوْدَعَتْنِي مَحَاسِنَا,Modern,tawil_complete,tawil_complete
2440,Abou Al Fayd Al Kattani,Itha waradna maaa madyana,24,جُفُونِي أُرَاعِي الطَّيْفَ فِي كُلِّ لَحْظَةِ,وَأَبْلَيْتِ جِسْمِي فِي هَوَاكُمْ وَأَسْهَرْتِ,Modern,tawil_complete,tawil_complete
2441,Abou Al Fayd Al Kattani,Itha waradna maaa madyana,25,مُ فِي الكَوْنِ إِلَّا أَنْتُمُ فِي طَوِيَّتِي,وَطَهَّرْتُ قَلْبِي مِنْ سِوَاكُمْ فَلَا أَرُو,Modern,tawil_complete,tawil_complete
2442,Abou Al Fayd Al Kattani,Itha waradna maaa madyana,26,مَكَامِنُ أَرْكَانِي بِذِكْرِ أَحِبَّتِي,وَأَكْثَرْتُ مِنْ ذِكْرِي لَكُمْ فَتَشَرَّفَتْ,Modern,tawil_complete,tawil_complete
2443,Abou Al Fayd Al Kattani,Itha waradna maaa madyana,27,إِلَى جَنَّةِ الفِرْدَوْسِ فِي أَوْجِ غُرْفَةِ,وَآلَيْتُ لَا أَنْفَكُّ أَرْعَى وِصَالَكُمْ,Modern,tawil_complete,tawil_complete
2444,Abou Al Fayd Al Kattani,Itha waradna maaa madyana,28,نِ يَهْوَى الَّذِي أَحْبَبْتُمُوهُو شَكِيمَتِي,وَأَحْبَبْتُ مَنْ أَحْبَبْتُمُوهُ وَإِنَّ دِي,Modern,tawil_complete,tawil_complete
2445,Abou Al Fayd Al Kattani,Itha waradna maaa madyana,29,وَأَوْمَأْتُ بِالتِّهْيَامِ فِي شَأْنِ وِصْلَتِي,فَقَالَ لَقَدْ أَدْلَيْتُ حُجَّةَ عَاشِقٍ,Modern,tawil_complete,tawil_complete
2446,Abou Al Fayd Al Kattani,Itha waradna maaa madyana,30,لُ فَارِعْ أَسِيرًا قَدْ غَدَا بِالأَعِنَّةِ,فَقُلْتُ وَإِنَّ الحُسْنَ مِنْ شَأْنِهِ الدَّلَا,Modern,tawil_complete,tawil_complete
2447,Abou Al Fayd Al Kattani,Itha waradna maaa madyana,31,وَإِنْ مِتُّ فِي الأَعْتَابِ مِتُّ بِعِشْقَتِي,عَلَى كُلِّ حَالٍ قَلْبِ وَقْفٌ عَلَيْكُمُ,Modern,tawil_complete,tawil_complete
2448,Abou Al Fayd Al Kattani,Itha waradna maaa madyana,32,نِ مِنْ خَبَرٍ نِعْمَ السَّمِيرِ لِنِهْمَتِي,فَإِنْ لَمْ يَكُنْ خِبْرٌ فَأَحْيَا بِمَا أَتَا,Modern,tawil_complete,tawil_complete
2449,Abou Al Fayd Al Kattani,Itha waradna maaa madyana,33,عَوَاطِفَكُمْ فِي كُلِّ صُبْحٍ وَرَوْحَةِ,وَهَا أَنَا مَطْرُوحٌ عَلَى البَابِ أَرْتَجِي,Modern,tawil_complete,tawil_complete
1477,Abou Al kasem Al Chabbi,Gannaho al amso,1,وَشَجَاهُ اليَوْمُ فَمَا غَدُهُ,غَنَّاهُ الأَمْسُ وَأَطْرَبَهُ,Modern,motadaarak_complete,motadaarak_complete
1478,Abou Al kasem Al Chabbi,Gannaho al amso,2,يَدُ الأَحْلَامِ تُهَدْهِدُهُ,قَدْ كَانَ لَهُو قَلْبٌ كَالطِّفْلِ,Modern,motadaarak_complete,motadaarak_complete
1479,Abou Al kasem Al Chabbi,Gannaho al amso,3,جَمِيلُ الطَّلْعَةِ يَعْبُدُهُ,مُذْ كَانَ لَهُو مَلَكٌ فِي الكَوْنِ,Modern,motadaarak_complete,motadaarak_complete
1480,Abou Al kasem Al Chabbi,Gannaho al amso,4,وَأَمَامَ الفَجْرِ يُمَجِّدُهُ,فِي جَوْفِ اللَّيْلِ يُنَاجِيهِ,Modern,motadaarak_complete,motadaarak_complete
1481,Abou Al kasem Al Chabbi,Gannaho al amso,5,آيَاتِ الحُبِّ وَيُنْشِدُهُ,وَعَلَى الهَضَبَاتِ يُغَنِّيهِ,Modern,motadaarak_complete,motadaarak_complete
1482,Abou Al kasem Al Chabbi,Gannaho al amso,6,الكَوْنِ مَصَادِرُهُو وَمَوَارِدُهُ,لَوْلَاهُ لَمَا عَذُبَتْ فِي,Modern,motadaarak_complete,motadaarak_complete
1483,Abou Al kasem Al Chabbi,Gannaho al amso,7,يِّ مَشَاعِرُهُو وَقَصَائِدُهُ,وَلَمَا فَاضَتْ بِالشِّعْرِ الحَ,Modern,motadaarak_complete,motadaarak_complete
1484,Abou Al kasem Al Chabbi,Gannaho al amso,8,أَفْرَاحُ الحُبِّ وَتَنْشُدُهُ,تَمْشِي فِي الغَابِ فَتَتْبَعُهُ,Modern,motadaarak_complete,motadaarak_complete
1485,Abou Al kasem Al Chabbi,Gannaho al amso,9,زُمَرًا فِي النُّورِ تُرَاصِدُهُ,وَيَرَى الآفَاقَ فَيُبْصِرُهَا,Modern,motadaarak_complete,motadaarak_complete
1486,Abou Al kasem Al Chabbi,Gannaho al amso,10,أَحْلَامَ الحُبِّ تُغَرِّدُهُ,وَيَرَى الأَطْيَارَ فَيَحْسَبُهَا,Modern,motadaarak_complete,motadaarak_complete
1487,Abou Al kasem Al Chabbi,Gannaho al amso,11,بَسَمَاتِ الحُبِّ تُوَارِدُهُ,وَيَرَى الأَزْهَارَ فَيَحْسَبُهَا,Modern,motadaarak_complete,motadaarak_complete
1488,Abou Al kasem Al Chabbi,Gannaho al amso,12,وَجَمَالَ العَالَمِ يُسْعِدُهُ,فَيَخَالُ الكَوْنَ يُنَاجِيهِ,Modern,motadaarak_complete,motadaarak_complete
1489,Abou Al kasem Al Chabbi,Gannaho al amso,13,وَنَسِيمَ الغَابِ يُطَارِدُهُ,وَنُجُومَ اللَّيْلِ تُضَاحِكُهُ,Modern,motadaarak_complete,motadaarak_complete
1490,Abou Al kasem Al Chabbi,Gannaho al amso,14,فَرِحًا فَتُعَابِثُهُو يَدُهُ,وَيَخَالُ الوَرْدَ يُدَاعِبُهُ,Modern,motadaarak_complete,motadaarak_complete
1491,Abou Al kasem Al Chabbi,Gannaho al amso,15,وَنَسِيمُ الصُّبْحِ يُجَعِّدُهُ,وَيَرَى اليُنْبُوعَ وَنَظْرَتَهُ,Modern,motadaarak_complete,motadaarak_complete
1492,Abou Al kasem Al Chabbi,Gannaho al amso,16,نَسَمَاتُ الغَابِ تُرَدِّدُهُ,وَخَرِيرُ المَاءِ لَهُو نَغَمٌ,Modern,motadaarak_complete,motadaarak_complete
1493,Abou Al kasem Al Chabbi,Gannaho al amso,17,بَيْنَ الأَشْجَارِ تُشَاهِدُهُ,وَيَرَى الأَعْشَابَ وَقَدْ سَمَقَتْ,Modern,motadaarak_complete,motadaarak_complete
1494,Abou Al kasem Al Chabbi,Gannaho al amso,18,فَيَجُلُّ الحُبَّ وَيَحْمَدُهُ,وَنِطَاقُ الطِّفْلِ تُنَمِّقُهَا,Modern,motadaarak_complete,motadaarak_complete
1495,Abou Al kasem Al Chabbi,Gannaho al amso,19,قَلْبًا فِي النَّاسِ لِتُكْمِدُهُ,يَا لِلْأَيَّامِ فَكَمْ سَرَّتْ,Modern,motadaarak_complete,motadaarak_complete
1496,Abou Al kasem Al Chabbi,Gannaho al amso,20,تَسْقِيهِ الخَمْرَ وَتَطْرُدُهُ,هِيَ مِثْلُ العَاهِرِ عَاشِقُهَا,Modern,motadaarak_complete,motadaarak_complete
1497,Abou Al kasem Al Chabbi,Gannaho al amso,21,كَالشَّهْدِ لِيَسْلُبَهَا غَدُهُ,يُعْطِيكَ اليَوْمُ حَلَاوَتَهَا,Modern,motadaarak_complete,motadaarak_complete
1498,Abou Al kasem Al Chabbi,Gannaho al amso,22,وَيُضَاجِعُهَا فَتُوَسِّدُهُ,بِالأَمْسِ يُعَانِقُهَا فَرِحًا,Modern,motadaarak_complete,motadaarak_complete
1499,Abou Al kasem Al Chabbi,Gannaho al amso,23,أَضْنَاهُ الحُزْنُ وَنَكَّدَهُ,وَاليَوْمَ يُسَايِرُهَا شَبَحًا,Modern,motadaarak_complete,motadaarak_complete
1500,Abou Al kasem Al Chabbi,Gannaho al amso,24,وَجُذُوعُ السَّرْوِ تُسَانِدُهُ,يَتْلُو فِي الغَابِ مَرَاثِيهِ,Modern,motadaarak_complete,motadaarak_complete
1501,Abou Al kasem Al Chabbi,Gannaho al amso,25,مِنْهُمْ يَشْجِيهِ تَفَرُّدُهُ,وَيُمَاشِي النَّاسَ وَمَا أَحَدٌ,Modern,motadaarak_complete,motadaarak_complete
1502,Abou Al kasem Al Chabbi,Gannaho al amso,26,وَبِكَهْفِ الوَحْدَةِ مَرْقَدُهُ,فِي لَيْلِ الوَحْشَةِ مِسْرَاهُ,Modern,motadaarak_complete,motadaarak_complete
1503,Abou Al kasem Al Chabbi,Gannaho al amso,27,وَخَيَالُ المَوْتِ يُهَدِّدُهُ,أَصْوَاتُ الأَمْسِ تُعَذِّبُهُ,Modern,motadaarak_complete,motadaarak_complete
1504,Abou Al kasem Al Chabbi,Gannaho al amso,28,نِ يُضِيءُ الأُفْقَ تَوَرُّدُهُ,بِالأَمْسِ لَهُو شَفَقٌ فِي الكَوْ,Modern,motadaarak_complete,motadaarak_complete
1505,Abou Al kasem Al Chabbi,Gannaho al amso,29,فَمَا فِي العَالَمِ يُسْعِدُهُ,وَاليَوْمَ لَقَدْ غَشَّاهُ اللَّيْلُ,Modern,motadaarak_complete,motadaarak_complete
1506,Abou Al kasem Al Chabbi,Gannaho al amso,30,وَشَجَاهُ اليَوْمَ فَمَا غَدُهُ,غَنَّاهُ الأَمْسُ وَأَطْرَبَهُ,Modern,motadaarak_complete,motadaarak_complete
1507,Abou Al kasem Al Chabbi,Yaa Labtissamati Qalbin,1,مَطْلُولَةٍ بِدُمُوعِهْ,يَا لَبْتِسَامَةِ قَلْبٍ,Modern,mojtath_complete,mojtath_complete
1508,Abou Al kasem Al Chabbi,Yaa Labtissamati Qalbin,2,الدُّمُوعَ بَيْنَ صُدُوعِهْ,غَاضَتْ فَلَمْ تُبْقِ إِلَّا,Modern,mojtath_complete,mojtath_complete
1509,Abou Al kasem Al Chabbi,Yaa Labtissamati Qalbin,3,وِهِي وَفَرْطِ وُلُوعِهْ,فَظَلَّ يَهْتُفُ مِنْ شَجْ,Modern,mojtath_complete,mojtath_complete
1510,Abou Al kasem Al Chabbi,Yaa Labtissamati Qalbin,4,قَضِي لَدَيْهَا الرَّزَايَا,وَيْحَ الحَيَاةِ أَمَا تَنْ,Modern,mojtath_complete,mojtath_complete
1511,Abou Al kasem Al Chabbi,Yaa Labtissamati Qalbin,5,مَانُ صَوْبَ البَلَايَا,أَمَا يُكَفْكِفُ هَذَا الزَّ,Modern,mojtath_complete,mojtath_complete
1512,Abou Al kasem Al Chabbi,Yaa Labtissamati Qalbin,6,لُوبَ أَمْسَتْ شَظَايَا,يَا دَهْرُ رِفْقًا فَإِنَّ القُ,Modern,mojtath_complete,mojtath_complete
1513,Abou Al kasem Al Chabbi,Yaa Labtissamati Qalbin,7,الأَسَى وَلَوْعَةَ رُوعِكْ,يَا قَلْبُ نَهْنِهْ دُمُوعَ,Modern,mojtath_complete,mojtath_complete
1514,Abou Al kasem Al Chabbi,Yaa Labtissamati Qalbin,8,غَنِيَّةٌ عَنْ دُمُوعِكْ,إِنَّ الدُّهُورَ البَوَاكِي,Modern,mojtath_complete,mojtath_complete
1515,Abou Al kasem Al Chabbi,Yaa Labtissamati Qalbin,9,فَاطْوِ الأَسَى فِي صُدُوعِكْ,حَسْبُ الحَيَاةِ أَسَاهَا,Modern,mojtath_complete,mojtath_complete
1516,Abou Al kasem Al Chabbi,Yaa Labtissamati Qalbin,10,رُهَا فِي هُجُوعِكْ,وَاحْلُمْ بِفَجْرِ اللَّيَالِي فَفَجْ,Modern,mojtath_complete,mojtath_complete
1517,Abou Al kasem Al Chabbi,Yaa Labtissamati Qalbin,11,حَيَاةَ لَيْسَتْ تَرُوعُكْ,وَإِنْ غَفَوْتَ فَإِنَّ الْ,Modern,mojtath_complete,mojtath_complete
1518,Abou Al kasem Al Chabbi,Yaa Labtissamati Qalbin,12,وَيَأْتِي رَبِيعُكْ,وَسَوْفَ يَمْضِي شِتَاءُ الأَسَى,Modern,mojtath_complete,mojtath_complete
1519,Abou Al kasem Al Chabbi,Yaa Labtissamati Qalbin,13,جَارَ الزَّمَانُ عَلَيْهَا,بَيْنَ القُبُورِ فَتَاةٌ,Modern,mojtath_complete,mojtath_complete
1520,Abou Al kasem Al Chabbi,Yaa Labtissamati Qalbin,14,كَفُّ الرَّدَى أَبَوَيْهَا,فَافْتَكَّ مِنْهَا بِعُنْفٍ,Modern,mojtath_complete,mojtath_complete
1521,Abou Al kasem Al Chabbi,Yaa Labtissamati Qalbin,15,وَالقَبْرُ مُصْغٍ إِلَيْهَا,تَقُولُ وَاللَّيْلُ سَاجٍ,Modern,mojtath_complete,mojtath_complete
1522,Abou Al kasem Al Chabbi,Yaa Labtissamati Qalbin,16,لِ أَنْ تَسُوءَ حَيَاتِي,يَا لَيْتَنِي مِتُّ مِنْ قَبْ,Modern,mojtath_complete,mojtath_complete
1523,Abou Al kasem Al Chabbi,Yaa Labtissamati Qalbin,17,عَتِي وَمِنْ حَسَرَاتِي,وَيَنْضُبَ الدَّمْعَ مِنْ لَوْ,Modern,mojtath_complete,mojtath_complete
1524,Abou Al kasem Al Chabbi,Yaa Labtissamati Qalbin,18,تَضُمُّنِي وَشَكَاتِي,مَنْ لِي بِحُفْرَةِ قَبْرٍ,Modern,mojtath_complete,mojtath_complete
1525,Abou Al kasem Al Chabbi,Yaa Labtissamati Qalbin,19,فِي الصَّدْرِ دَاءً دَفِينَا,فِي الحَيِّ صَبٌّ يُعَانِي,Modern,mojtath_complete,mojtath_complete
1526,Abou Al kasem Al Chabbi,Yaa Labtissamati Qalbin,20,مِنًا وَحِسًّا مَكِينَا,وَفِي الفُؤَادِ جِوًى كَا,Modern,mojtath_complete,mojtath_complete
1527,Abou Al kasem Al Chabbi,Yaa Labtissamati Qalbin,21,وَجَرَّعَتْهُ مَنُونَهْ,حَتَّى دَهَتْهُ اللَّيَالِي,Modern,mojtath_complete,mojtath_complete
1528,Abou Al kasem Al Chabbi,Yaa Labtissamati Qalbin,22,مِنْ حَيِّهِ يَنْدُبُونَهْ,فَشَيَّعَ المَيْتَ جَمْعٌ,Modern,mojtath_complete,mojtath_complete
1529,Abou Al kasem Al Chabbi,Yaa Labtissamati Qalbin,23,رِصْفَ الصَّفَائِحِ دُونَهْ,حَتَّى إِذَا مَا أَرَادُوا,Modern,mojtath_complete,mojtath_complete
1530,Abou Al kasem Al Chabbi,Yaa Labtissamati Qalbin,24,وَيْلِي لِمَنْ تَتْرُكُونَهْ,نَاحَتْ عَلَيْهِ فَتَاةٌ,Modern,mojtath_complete,mojtath_complete
1531,Abou Al kasem Al Chabbi,Yaa Labtissamati Qalbin,25,الفَرَاشَ بَيْنَ الزُّهُورِ,كَانَ الصَّبِيُّ يَصِيدُ,Modern,mojtath_complete,mojtath_complete
1532,Abou Al kasem Al Chabbi,Yaa Labtissamati Qalbin,26,أَلْقَى بِهِ فِي الغَدِيرِ,فَدَاسَ زَهْرًا نَدِيًّا,Modern,mojtath_complete,mojtath_complete
1533,Abou Al kasem Al Chabbi,Yaa Labtissamati Qalbin,27,بَعْدَ القَضَاءِ الأَخِيرِ,فَأَخْرَجُوهُ وَلَكِنْ,Modern,mojtath_complete,mojtath_complete
1534,Abou Al kasem Al Chabbi,Yaa Labtissamati Qalbin,28,يِّ تَصْرُخُ وَيْلِي,فَخَرَّتِ الأُمُّ حَوْلَ الصَّبِ,Modern,mojtath_complete,mojtath_complete
1535,Abou Al kasem Al Chabbi,Yaa Labtissamati Qalbin,29,وَالنَّاسُ يَبْكُونَ حَوْلِي,فَقُلْتُ وَالقَلْبُ دَامٍ,Modern,mojtath_complete,mojtath_complete
1536,Abou Al kasem Al Chabbi,Yaa Labtissamati Qalbin,30,ضِي عَلَيْهِ زِلَّةُ نَعْلِ,مَا أَسْخَفَ العَيْشَ تَقْ,Modern,mojtath_complete,mojtath_complete
1537,Abou Al kasem Al Chabbi,Yaa Labtissamati Qalbin,31,أَسَى وَحِيدٌ شَتِيتُ,شَيْخٌ شَأَتْهُ دُهُورَ الْ,Modern,mojtath_complete,mojtath_complete
1538,Abou Al kasem Al Chabbi,Yaa Labtissamati Qalbin,32,عَلَى الطَّوَى وَيَبِيتُ,بَيْنَ الخَرَائِبِ يُمْسِي,Modern,mojtath_complete,mojtath_complete
1539,Abou Al kasem Al Chabbi,Yaa Labtissamati Qalbin,33,عَلَى الوُجُودِ حَيَاتُهْ,فِي ظُلْمَةِ اللَّيْلِ فَاضَتْ,Modern,mojtath_complete,mojtath_complete
1540,Abou Al kasem Al Chabbi,Yaa Labtissamati Qalbin,34,مَ مِلْؤُهُ عَبَرَاتُهْ,وَطَرْفُهُ يَرْمُقُ النَّجْ,Modern,mojtath_complete,mojtath_complete
1541,Abou Al kasem Al Chabbi,Yaa Labtissamati Qalbin,35,رَابُ يُشْجِي صُمَاتُهْ,وَمَا حَوَالَيْهِ إِلَّا الخَ,Modern,mojtath_complete,mojtath_complete
1542,Abou Al kasem Al Chabbi,Yaa Labtissamati Qalbin,36,وَلَا بَكَتْهُ فَتَاتُهْ,فَمَا بُكَاهُ فَتَاهُ,Modern,mojtath_complete,mojtath_complete
1543,Abou Al kasem Al Chabbi,Yaa Labtissamati Qalbin,37,بِرُونَ خَسْفًا وَهَوْنَا,يَا زَهْرَةً سَامَهَا العَا,Modern,mojtath_complete,mojtath_complete
1544,Abou Al kasem Al Chabbi,Yaa Labtissamati Qalbin,38,مَا دَاسَكِ العَابِرُونَا,لَوْ كُنْتِ شَوْكًا عَضُوضًا,Modern,mojtath_complete,mojtath_complete
1545,Abou Al kasem Al Chabbi,Yaa Labtissamati Qalbin,39,الَّذِي تُضْمِرِينَا,لِأَنَّهُمْ يَجْهَلُونَ الوَحْيَ,Modern,mojtath_complete,mojtath_complete
1546,Abou Al kasem Al Chabbi,Yaa Labtissamati Qalbin,40,الزُّهُورِ وَهْوَ بَدِيعُ,هُمْ يَسْخَرُونَ بِهَمْسِ,Modern,mojtath_complete,mojtath_complete
1547,Abou Al kasem Al Chabbi,Yaa Labtissamati Qalbin,41,وَهْوَ مُرِيعُ,وَيُنْصِتُونَ لِصَوْتِ الأَشْوَاكِ,Modern,mojtath_complete,mojtath_complete
1548,Abou Al kasem Al Chabbi,Yaa Labtissamati Qalbin,42,الحَقُّ فِيهِمْ صَرِيعُ,فَلَا تُبَالِ بِقَوْمٍ,Modern,mojtath_complete,mojtath_complete
1549,Abou Al kasem Al Chabbi,Yaa Labtissamati Qalbin,43,تَشْكُو الحَيَاةَ وَتَبْكِي,رَبَّاهُ كَمْ مِنْ فَتَاةٍ,Modern,mojtath_complete,mojtath_complete
1550,Abou Al kasem Al Chabbi,Yaa Labtissamati Qalbin,44,مَقْعَدَ ضَنْكِ,وَمُعْدَمٍ بَوَّأَتْهُ الدُّهُورُ,Modern,mojtath_complete,mojtath_complete
1551,Abou Al kasem Al Chabbi,Yaa Labtissamati Qalbin,45,لُبِّهِ المَرَامُ الوَحِيدُ,وَيَائِسٍ مَاتَ فِي,Modern,mojtath_complete,mojtath_complete
1552,Abou Al kasem Al Chabbi,Yaa Labtissamati Qalbin,46,وَهْوَ فَرِيدُ,وَتَائِهٍ ضَاعَ بَيْنَ القِفَارِ,Modern,mojtath_complete,mojtath_complete
1553,Abou Al kasem Al Chabbi,Yaa Labtissamati Qalbin,47,العَاصِفَاتِ رِيحٌ شَرُودُ,حَتَّى طَوَتْهُ مِنَ,Modern,mojtath_complete,mojtath_complete
1554,Abou Al kasem Al Chabbi,Yaa Labtissamati Qalbin,48,فَضٌّ شَدِيدُ,رَبَّاهُ رُحْمَاكَ إِنَّ الزَّمَانَ,Modern,mojtath_complete,mojtath_complete
1555,Abou Al kasem Al Chabbi,Yaa Labtissamati Qalbin,49,عَلَى الحَيَاةِ الكَئِيبَهْ,يَا طَائِرَ الشِّعْرِ رَوِّحْ,Modern,mojtath_complete,mojtath_complete
1556,Abou Al kasem Al Chabbi,Yaa Labtissamati Qalbin,50,القُلُوبِ فَهْيَ غَرِيبَهْ,وَامْسَحْ بِرِيشِكَ دَمْعَ,Modern,mojtath_complete,mojtath_complete
1557,Abou Al kasem Al Chabbi,Yaa Labtissamati Qalbin,51,فَقَدْ دَهَتْهَا المُصِيبَهْ,وَعَزِّهَا عَنْ أَسَاهَا,Modern,mojtath_complete,mojtath_complete
1558,Abou Al kasem Al Chabbi,Yaa Labtissamati Qalbin,52,بَيْنَ الهِضَابِ الجَدِيبَهْ,وَأَنْتَ رُوحٌ جَمِيلٌ,Modern,mojtath_complete,mojtath_complete
1559,Abou Al kasem Al Chabbi,Yaa Labtissamati Qalbin,53,السَّمَاءِ رُوحًا خَضِيبَهْ,فَانْفُخْ بِهَا مِنْ لَهِيبِ,Modern,mojtath_complete,mojtath_complete
1560,Abou Al kasem Al Chabbi,Yaa Labtissamati Qalbin,54,قَلْبِهَا ضُرَامُ الشَّبِيبَهْ,وَابْعَثْ بِسِحْرِكَ فِي,Modern,mojtath_complete,mojtath_complete
1440,Abou Al kasem Al Chabbi,Yaa Rafiiki,1,أَعْمَتْ جُفُونِي عَوَاصِفُ الأَيَّامِ,يَا رَفِيقِي وَأَيْنَ أَنْتَ فَقَدْ,Modern,khafif_complete,khafif_complete
1441,Abou Al kasem Al Chabbi,Yaa Rafiiki,2,تُغَشِّيهِ دَاجِيَاتُ الغَمَامِ,وَرَمَتْنِي بِمَهْمَهٍ قَاتِمٍ قَفْرٍ,Modern,khafif_complete,khafif_complete
1442,Abou Al kasem Al Chabbi,Yaa Rafiiki,3,فَسَبِيلُ الحَيَاةِ وَعْرٌ أَمَامِي,خُذْ بِكَفِّي وَغَنِّنِي يَا رَفِيقِي,Modern,khafif_complete,khafif_complete
1443,Abou Al kasem Al Chabbi,Yaa Rafiiki,4,تَتَضَاعَى بِهِ وُحُوشُ الحِمَامِ,كُلَّمَا سِرْتُ زَلَّ بِي فِيهِ مَهْوَى,Modern,khafif_complete,khafif_complete
1444,Abou Al kasem Al Chabbi,Yaa Rafiiki,5,وَقَامَتْ بِنَا بَنَاتُ الظَّلَامِ,شَعَّبَتْهُ الدُّهُورُ وَانْطَمَسَ النُّورُ,Modern,khafif_complete,khafif_complete
1445,Abou Al kasem Al Chabbi,Yaa Rafiiki,6,وَيَلْعَبْنَ بِالقُلُوبِ الدَّوَامِي,رَاقِصَاتٍ يَخْلُبْنَ فِي حَلَكِ اللَّيْلِ,Modern,khafif_complete,khafif_complete
1446,Abou Al kasem Al Chabbi,Yaa Rafiiki,7,الجِنَّ سَاكِنَ الآجَامِ,غَنِّنِي فَالغِنَاءُ يَدْرَأُ عَنَّا السَّاحِرَ,Modern,khafif_complete,khafif_complete
1447,Abou Al kasem Al Chabbi,Yaa Rafiiki,8,وَأَدْبَرْتُ آيِسًا لِظَلَامِي,قَدْ تَفَكَّرْتُ فِي الوُجُودِ فَأَعْيَانِي,Modern,khafif_complete,khafif_complete
1448,Abou Al kasem Al Chabbi,Yaa Rafiiki,9,خَابَ ظَنِّي وَأَخْطَأَتْ أَحْلَامِي,أَنْشُدُ الرَّاحَةَ البَعِيدَةَ لَكِنْ,Modern,khafif_complete,khafif_complete
1449,Abou Al kasem Al Chabbi,Yaa Rafiiki,10,فُؤَادٌ إِلَى الحَقِيقَةِ ظَامِي,فَمَعِي فِي جَوَانِحِي أَبَدَ الدَّهْرِ,Modern,khafif_complete,khafif_complete
1450,Abou Al kasem Al Chabbi,Yaa Rafiiki,11,فِي طَوَايَاهُو قَبْضَةً مِنْ ضُرَامِ,مَا تَرَاخَى الزَّمَانُ إِلَّا وَأَلْقَى,Modern,khafif_complete,khafif_complete
1451,Abou Al kasem Al Chabbi,Yaa Rafiiki,12,مُعْضِلَاتُ الدُّهُورِ وَالأَعْوَامِ,تَتَلَظَّى يَدُ الحَيَاةِ وَزَادَتْ,Modern,khafif_complete,khafif_complete
1452,Abou Al kasem Al Chabbi,Yaa Rafiiki,13,يَوْمًا تُبَلُّ الحَيَاةُ بَعْضَ أَوَامِي,أَظْمَأَتْ مُهْجَتِي الحَيَاةُ فَهَلْ,Modern,khafif_complete,khafif_complete
1453,Abou Al kasem Al Chabbi,Yaa Rafiiki,14,إِلَّا وَرَاءَ لَيْلِ الرِّجَامِ,يَا رَفِيقِي مَا أَحْسُبُ المَنْبَعَ المَنْشُودَ,Modern,khafif_complete,khafif_complete
1454,Abou Al kasem Al Chabbi,Yaa Rafiiki,15,بِهَا قَدْ تَمَزَّقَتْ أَقْدَامِي,غَنِّنِي يَا أُخَيَّ فَالكَوْنُ تَيْهَاءُ,Modern,khafif_complete,khafif_complete
1455,Abou Al kasem Al Chabbi,Yaa Rafiiki,16,إِنَّنِي قَدْ مَلَلْتُ مِنْ تَهْيَامِي,غَنِّنِي عَلَّنِي أُنِيمُ هُمُومِي,Modern,khafif_complete,khafif_complete
1456,Abou Al kasem Al Chabbi,Yaa Rafiiki,17,وَمَا يَحْمِلُونَ مِنْ آلَامِ,يَا رَفِيقِي أَمَا تَفَكَّرْتَ فِي النَّاسِ,Modern,khafif_complete,khafif_complete
1457,Abou Al kasem Al Chabbi,Yaa Rafiiki,18,يَلْقَوْنَ مِنْ صَوْلَةِ الأَسَى الظَّلَّامِ,فَلَقَدْ حَزَّ فِي فُؤَادِي مَا,Modern,khafif_complete,khafif_complete
1458,Abou Al kasem Al Chabbi,Yaa Rafiiki,19,سَاءَنِي مَا يُسِرُّ قَلْبُ الظَّلَامِ,فَإِذَا سَرَّنِي مِنَ الفَجْرِ نُورٌ,Modern,khafif_complete,khafif_complete
1459,Abou Al kasem Al Chabbi,Yaa Rafiiki,20,تَهْفُو بِغَصَّاتِ صِبْيَةٍ أَيْتَامِ,كَمْ بِقَلْبِ الظَّلَامِ مِنْ أَنَّةٍ,Modern,khafif_complete,khafif_complete
1460,Abou Al kasem Al Chabbi,Yaa Rafiiki,21,أَبْهَظَتْهَا قَوَارِعُ الأَيَّامِ,وَنَشِيجٍ مُضَرَّمٍ مِنْ فَتَاةٍ,Modern,khafif_complete,khafif_complete
1461,Abou Al kasem Al Chabbi,Yaa Rafiiki,22,فُجِعَتْ فِي وَحِيدِهَا البَسَّامِ,وَنُوَاحٍ يَفِيضُ مِنْ قَلْبِ أُمٍّ,Modern,khafif_complete,khafif_complete
1462,Abou Al kasem Al Chabbi,Yaa Rafiiki,23,فِي دُجَاهَا مِنْ قَبْلِ عَهْدِ الفِطَامِ,فَطَمَ المَوْتُ طِفْلَهَا وَهْوَ نُورٌ,Modern,khafif_complete,khafif_complete
1463,Abou Al kasem Al Chabbi,Yaa Rafiiki,24,عَضَّهُ الدَّهْرُ بِالخُطُوبِ الجِسَامِ,وَأَنِينٍ مِنْ مُعْدَمٍ ذِي سَقَامٍ,Modern,khafif_complete,khafif_complete
1464,Abou Al kasem Al Chabbi,Yaa Rafiiki,25,ذَرَفَتْهَا مَحَاجِرُ الأَعْوَامِ,مَا إِخَالُ النُّجُومَ إِلَّا دُمُوعًا,Modern,khafif_complete,khafif_complete
1465,Abou Al kasem Al Chabbi,Yaa Rafiiki,26,فَإِذَا بِالشُّجُونِ سَيْلٌ طَامِ,فَلَقَدْ ضَرَّمَ الشُّجُونَ بَنُوهَا,Modern,khafif_complete,khafif_complete
1466,Abou Al kasem Al Chabbi,Yaa Rafiiki,27,تَدُوسُ الرُّؤُوسَ بِالأَقْدَامِ,وَإِذَا بِالحَيَاةِ فِي مَلْعَبِ الدَّهْرِ,Modern,khafif_complete,khafif_complete
1467,Abou Al kasem Al Chabbi,Yaa Rafiiki,28,تَتَغَذَّى بِكُلِّ قَلْبٍ دَامِ,وَإِذَا الكَوْنُ فِلْذَةٌ مِنْ جَحِيمٍ,Modern,khafif_complete,khafif_complete
1468,Abou Al kasem Al Chabbi,Yaa Rafiiki,29,بِمَا فِي الوُجُودِ مِنْ أَنْغَامِ,وَهُمُ فِي جَحِيمِهِمْ يَتَنَاغَوْنَ,Modern,khafif_complete,khafif_complete
1469,Abou Al kasem Al Chabbi,Yaa Rafiiki,30,عَجَبًا لِلْقُلُوبِ وَهْيَ دَوَامِ,عَجَبًا لِلنُّفُوسِ وَهْيَ بَوَاكٍ,Modern,khafif_complete,khafif_complete
1470,Abou Al kasem Al Chabbi,Yaa Rafiiki,31,وَتَلْهُو مَا بَيْنَ سُودِ المَوَامِي,كَيْفَ تَشْدُو وَفِي مَحَاجِرِهَا الدَّمْعُ,Modern,khafif_complete,khafif_complete
1471,Abou Al kasem Al Chabbi,Yaa Rafiiki,32,وَتَخَطَّتْ مِحَجَّتِي أَقْدَامِي,يَا رَفِيقِي لَقَدْ ضَلَلْتُ طَرِيقِي,Modern,khafif_complete,khafif_complete
1472,Abou Al kasem Al Chabbi,Yaa Rafiiki,33,كَثِيرُ الضَّلَالِ وَالأَوْهَامِ,خُذْ بِكَفِّي فَإِنَّنِي تَائِهٌ أَعْمَى,Modern,khafif_complete,khafif_complete
1473,Abou Al kasem Al Chabbi,Yaa Rafiiki,34,مَا لِمُرْتَادِهِ مِنَ الهَوْلِ حَامِ,وَانْفُخِ النَّايَ فَالحَيَاةُ ظَلَامٌ,Modern,khafif_complete,khafif_complete
1474,Abou Al kasem Al Chabbi,Yaa Rafiiki,35,وَعَجِيجُ الآثَامِ وَالآلَامِ,مِلْءُ آفَاقِهِ فَحِيحُ الأَفَاعِي,Modern,khafif_complete,khafif_complete
1475,Abou Al kasem Al Chabbi,Yaa Rafiiki,36,لَاكِ لِلْمُسْتَعِيذِ بِالإِلْهَامِ,فَانْفُخِ النَّايَ إِنَّهُو هِبَتُو الأَمْ,Modern,khafif_complete,khafif_complete
1476,Abou Al kasem Al Chabbi,Yaa Rafiiki,37,وَسَبِيلُ الحَيَاةِ جَمُّ الظَّلَامِ,وَاغْذُذِ السَّيْرَ فَالنَّهَارُ بَعِيدٌ,Modern,khafif_complete,khafif_complete
1362,Abou Alalae Al Maarri,Ijtanib Annass,1,لَا تَظْلِمِ القَوْمَ وَلَا تُظْلَمِ,إِجْتَنِبِ النَّاسَ وَعِشْ وَاحِدًا,Abbassi: VIIIth - XVIth,sarii_complete,sarii_complete
1363,Abou Alalae Al Maarri,Ijtanib Annass,2,لَا بُدَّ مِنْ وَقْعَتِهَا الصَّيْلَمِ,وَجَدْتُ دُنْيَاكَ وَإِنْ سَاعَفَتْ,Abbassi: VIIIth - XVIth,sarii_complete,sarii_complete
1364,Abou Alalae Al Maarri,Ijtanib Annass,3,مَدِينَةَ التَّسْلِيمِ لَا تَسْلَمِي,لَوْ بُعِثَ المَنْصُورُ نَادَى أَيَا,Abbassi: VIIIth - XVIth,sarii_complete,sarii_complete
1365,Abou Alalae Al Maarri,Ijtanib Annass,4,وَانْتَقَلَ المُلْكُ إِلَى الدَّيْلَمِ,قَدْ سَكَنَ القَفْرَ بَنُو هَاشِمٍ,Abbassi: VIIIth - XVIth,sarii_complete,sarii_complete
1366,Abou Alalae Al Maarri,Ijtanib Annass,5,لِذَاكَ لَمْ أَقْتُلْ أَبَا مُسْلِمِ,لَوْ كُنْتُ أَدْرِي أَنَّ عُقْبَاهُمُ,Abbassi: VIIIth - XVIth,sarii_complete,sarii_complete
1367,Abou Alalae Al Maarri,Ijtanib Annass,6,فَأَلْبَسَتْهُو شِيَةَ العِظْلِمِ,قَدْ خَدَمَ الدَّوْلَةَ مُسْتَنْصِحًا,Abbassi: VIIIth - XVIth,sarii_complete,sarii_complete
1368,Abou Alalae Al Maarri,Ijtanib Annass,7,فَاغْضَبْ عَلَى الأَقْدَارِ أَوْ سَلِّمِ,مَا دَامَ غَيْرُ اللَّهِ مِنْ دَائِمٍ,Abbassi: VIIIth - XVIth,sarii_complete,sarii_complete
1369,Abou Alalae Al Maarri,Ijtanib Annass,8,أَسْفَرْتَ مِنْ حِنْدِسِكَ المُظْلِمِ,طَوَّفْتَ فِي الآفِقِ عَصْرًا فَمَا,Abbassi: VIIIth - XVIth,sarii_complete,sarii_complete
1370,Abou Alalae Al Maarri,Ijtanib Annass,9,يَهْدِيكَ مِنْ رُشْدٍ إِلَى مَعْلَمِ,سَأَلْتَ أَقْوَامًا فَلَمْ تُلْفِ مَنْ,Abbassi: VIIIth - XVIth,sarii_complete,sarii_complete
1371,Abou Alalae Al Maarri,Ijtanib Annass,10,فَالعَيْنُ إِنْ تَلْقَ الكَرَى تَحْلَمِ,فَاحْلَمْ عَنِ الجَاهِلِ مُسْتَكْبِرًا,Abbassi: VIIIth - XVIth,sarii_complete,sarii_complete
1372,Abou Alalae Al Maarri,Ijtanib Annass,11,مِثْلُ وَفَاةِ الفَارِسِ المُعْلَمِ,إِنَّ وَفَاةَ النِّكْسِ فِي جُبْنِهِ,Abbassi: VIIIth - XVIth,sarii_complete,sarii_complete
1352,Abou Alalae Al Maarri,Kollon 3la Makrouhihi,1,وَحَازِمُ الأَقْوَامِ لَا يُنْسِلُ,كُلٌّ عَلَى مَكْرُوهِهِ مُسْبَلُ,Abbassi: VIIIth - XVIth,sarii_complete,sarii_complete
1353,Abou Alalae Al Maarri,Kollon 3la Makrouhihi,2,وَنَحْنُ مِنْ وَالِدِنَا أَفْسَلُ,فَسْلٌ أَبُو عَالَمِنَا آدَمٌ,Abbassi: VIIIth - XVIth,sarii_complete,sarii_complete
1354,Abou Alalae Al Maarri,Kollon 3la Makrouhihi,3,لَمْ تَرَهَا فِي جَبَلٍ تَعْسِلُ,لَوْ تَعْلَمُ النَّحْلُ بِمِشْتَارِهَا,Abbassi: VIIIth - XVIth,sarii_complete,sarii_complete
1355,Abou Alalae Al Maarri,Kollon 3la Makrouhihi,4,يَعْجِزُ عَنْهُ الحَيُّ أَوْ يَكْسَلُ,وَالخَيْرُ مَحْبُوبٌ وَلَكِنَّهُ,Abbassi: VIIIth - XVIth,sarii_complete,sarii_complete
1356,Abou Alalae Al Maarri,Kollon 3la Makrouhihi,5,لَعَلَّهَا مِنْ رَدَنٍ تُغْسَلُ,وَالأَرْضُ لِلطُّوفَانِ مُشْتَاقَةٌ,Abbassi: VIIIth - XVIth,sarii_complete,sarii_complete
1357,Abou Alalae Al Maarri,Kollon 3la Makrouhihi,6,وَاتُّهِمَ المُرْسِلُ وَالمُرْسَلُ,قَدْ كَثُرَ الشَّرُّ عَلَى ظَهْرِهَا,Abbassi: VIIIth - XVIth,sarii_complete,sarii_complete
1358,Abou Alalae Al Maarri,Kollon 3la Makrouhihi,7,فَهُمْ ذِئَابٌ فِي الفَضَا عُسَّلُ,وَأَمْقَرَتْ أَفْعَالُ سُكَّانِهَا,Abbassi: VIIIth - XVIth,sarii_complete,sarii_complete
1359,Abou Alalae Al Maarri,Kollon 3la Makrouhihi,8,فَالمَوْتُ فِي حَمْلَتِهِ أَبْسَلُ,وَمَنْ يَكُنْ يَوْمَ الوَغَى بَاسِلًا,Abbassi: VIIIth - XVIth,sarii_complete,sarii_complete
1360,Abou Alalae Al Maarri,Kollon 3la Makrouhihi,9,وَغَيْرُهَا المُسْتَعْذَبُ السَّلْسَلُ,وَجَرْعَهُ الذَّيْفَانِ مَشْرُوبَةٌ,Abbassi: VIIIth - XVIth,sarii_complete,sarii_complete
1361,Abou Alalae Al Maarri,Kollon 3la Makrouhihi,10,بِأَنَّهُ يَوْمًا بِهِ يُوسَلُ,فَأْتِ جَمِيلًا لَمْ يَقَعْ بَأْسُنَا,Abbassi: VIIIth - XVIth,sarii_complete,sarii_complete
1020,Abou Alalae Al Maarri,Marhaban Bil Mawti,1,وَحِمَامُ المَرْءِ كَالفَجْرِ سَطَعْ,مَرْحَبًا بِالمَوْتِ وَالعَيْشُ دُجًى,Abbassi: VIIIth - XVIth,ramal_complete,ramal_complete
1021,Abou Alalae Al Maarri,Marhaban Bil Mawti,2,كَفُّ حَيٍّ فَإِذَا مَاتَ انْقَطَعْ,أَمَلٌ أُحْصِدَ لَا تُرْسِلُهُ,Abbassi: VIIIth - XVIth,ramal_complete,ramal_complete
1022,Abou Alalae Al Maarri,Marhaban Bil Mawti,3,ذَاكَ أَمْرٌ مِنْ لَبِيبٍ لَمْ يُطَعْ,أَمَرَ الحَازِمُ نَفْسًا بِالتُّقَى,Abbassi: VIIIth - XVIth,ramal_complete,ramal_complete
1023,Abou Alalae Al Maarri,Marhaban Bil Mawti,4,مَسْلَكًا إِنْ يُلْتَمَسْ لَا يُسْتَطَعْ,كَمْ أَرَادَ الخُلْدَ قَوْمٌ فَرَأُوا,Abbassi: VIIIth - XVIth,ramal_complete,ramal_complete
1024,Abou Alalae Al Maarri,Marhaban Bil Mawti,5,لِاقْتِضَابِ الرَّأْسِ يُدْعَى بِالنَّطَعْ,لَسْتُ أَدْرِي أَلِقِسْمِ المَالِ أَمْ,Abbassi: VIIIth - XVIth,ramal_complete,ramal_complete
1025,Abou Alalae Al Maarri,Marhaban Bil Mawti,6,جُثَّةُ البَائِسِ فِي الأَرْضِ قِطَعْ,طَلَبَ المُشْتَارُ أَرْيًا فَإِذَا,Abbassi: VIIIth - XVIth,ramal_complete,ramal_complete
2177,Abou Alalae Al Maarri,Qifee waqfatan,1,وَإِنْ سَلِمُوا فَاسْلَمِي,قِفِي وَقْفَةً تَعْلَمِي,Abbassi: VIIIth - XVIth,motaqaarib_partial,motaqaarib_partial
2178,Abou Alalae Al Maarri,Qifee waqfatan,2,أَلِمِّي بِنَا يَا لَمِ,فَمَا قُلْتُ مِنْ لَوْعَةٍ,Abbassi: VIIIth - XVIth,motaqaarib_partial,motaqaarib_partial
2179,Abou Alalae Al Maarri,Qifee waqfatan,3,الثُّرَيَّا بِلَا سُلَمِ,وَكَيْفَ صُعُودِي إِلَى,Abbassi: VIIIth - XVIth,motaqaarib_partial,motaqaarib_partial
2180,Abou Alalae Al Maarri,Qifee waqfatan,4,مِنَ الحِنْدِسِ المُظْلِمِ,أَيَخْلُصُ هَذَا الوَرَى,Abbassi: VIIIth - XVIth,motaqaarib_partial,motaqaarib_partial
2181,Abou Alalae Al Maarri,Qifee waqfatan,5,ظَلُومًا وَلَمْ يُظْلَمِ,وَأَيُّهُمُ لَمْ يَكُنْ,Abbassi: VIIIth - XVIth,motaqaarib_partial,motaqaarib_partial
2182,Abou Alalae Al Maarri,Qifee waqfatan,6,تِ مِنْ وَقْعَةٍ صَيْلَمِ,وَلَا بُدَّ لِلْحَادِثَا,Abbassi: VIIIth - XVIth,motaqaarib_partial,motaqaarib_partial
2183,Abou Alalae Al Maarri,Qifee waqfatan,7,مَعَ التُّرْكِ وَالدَّيْلَمِ,تُبِيدُ أَعَادِيَهُمْ,Abbassi: VIIIth - XVIth,motaqaarib_partial,motaqaarib_partial
2184,Abou Alalae Al Maarri,Qifee waqfatan,8,كَأَنَّكَ لَمْ تُؤْلَمِ,وَتَثْنِيكَ فِي رَاحَةٍ,Abbassi: VIIIth - XVIth,motaqaarib_partial,motaqaarib_partial
2185,Abou Alalae Al Maarri,Qifee waqfatan,9,عَلَى بَطَلٍ مُعْلَمِ,وَلَمْ يُبْقِ صِرْفُ الرَّدَى,Abbassi: VIIIth - XVIth,motaqaarib_partial,motaqaarib_partial
2186,Abou Alalae Al Maarri,Qifee waqfatan,10,بِنَحْوٍ مِنَ العِظْلِمِ,يُخَضِّبُ هَامَ العِدَى,Abbassi: VIIIth - XVIth,motaqaarib_partial,motaqaarib_partial
2187,Abou Alalae Al Maarri,Qifee waqfatan,11,مَدَى الجَذَعِ الأَزْلَمِ,وَكَمْ بَذَّ مِنْ قُرَحٍ,Abbassi: VIIIth - XVIth,motaqaarib_partial,motaqaarib_partial
2188,Abou Alalae Al Maarri,Qifee waqfatan,12,يَعُوجُونَ فِي المَعْلَمِ,وَلَسْتَ مِنَ الرَّكْبِ إِذْ,Abbassi: VIIIth - XVIth,motaqaarib_partial,motaqaarib_partial
2189,Abou Alalae Al Maarri,Qifee waqfatan,13,وَإِنْ جَهِلُوا فَاحْلَمِ,إِذَا طَمِعُوا فَاقْتَنِعْ,Abbassi: VIIIth - XVIth,motaqaarib_partial,motaqaarib_partial
2190,Abou Alalae Al Maarri,Qifee waqfatan,14,لِعِرْسٍ وَلَا يُولِمِ,وَلَا يَدْنَوَنَّ الفَتَى,Abbassi: VIIIth - XVIth,motaqaarib_partial,motaqaarib_partial
2191,Abou Alalae Al Maarri,Qifee waqfatan,15,فَقُلْ لِرَفِيقِي لُمِ,فَإِنْ ظَهَرَتْ زَلَّتِي,Abbassi: VIIIth - XVIth,motaqaarib_partial,motaqaarib_partial
2148,Abou Firas Al Hamadani,Allawmo Lil3aachiqin,1,لِأَنَّ خَطْبَ الهَوَى عَظِيمُ,اللَّوْمُ لِلْعَاشِقِينَ لُومُ,Abbassi: VIIIth - XVIth,bassit_mokhlaa,bassit_mokhlaa
2149,Abou Firas Al Hamadani,Allawmo Lil3aachiqin,2,وَعِنْدِيَ المُقْعِدُ المُقِيمُ,فَكَيْفَ تَرْجَوْنَ لِي سُلُوًّا,Abbassi: VIIIth - XVIth,bassit_mokhlaa,bassit_mokhlaa
2150,Abou Firas Al Hamadani,Allawmo Lil3aachiqin,3,وَأَضْلُعِي حَشْوُهَا كُلُومُ,وَمُقْلَتِي مِلْؤُهَا دُمُوعٌ,Abbassi: VIIIth - XVIth,bassit_mokhlaa,bassit_mokhlaa
2151,Abou Firas Al Hamadani,Allawmo Lil3aachiqin,4,تَصْحَبُنِي مُقْلَةٌ نَمُومُ,يَا قَوْمِ إِنِّي امْرُؤٌ كَتُومٌ,Abbassi: VIIIth - XVIth,bassit_mokhlaa,bassit_mokhlaa
2152,Abou Firas Al Hamadani,Allawmo Lil3aachiqin,5,يَا لَيْتَ أَوْقَاتُهُ تَدُومُ,اللَّيْلُ لِلْعَاشِقِينَ سِتْرٌ,Abbassi: VIIIth - XVIth,bassit_mokhlaa,bassit_mokhlaa
2153,Abou Firas Al Hamadani,Allawmo Lil3aachiqin,6,حَتَّى إِذَا غَارَتِ النُّجُومُ,نَدِيمِيَ النَّجْمُ طُولَ لَيْلِي,Abbassi: VIIIth - XVIth,bassit_mokhlaa,bassit_mokhlaa
2154,Abou Firas Al Hamadani,Allawmo Lil3aachiqin,7,فَلَا حَبِيبٌ وَلَا نَدِيمُ,أَسْلَمَنِي الصُّبْحُ لِلْبَلَايَا,Abbassi: VIIIth - XVIth,bassit_mokhlaa,bassit_mokhlaa
2155,Abou Firas Al Hamadani,Allawmo Lil3aachiqin,8,يَطُولُ مِنْ دُونِهَا الرَّسِيمُ,بِرَمْلَتَيْ عَالِجٍ رُسُومٌ,Abbassi: VIIIth - XVIth,bassit_mokhlaa,bassit_mokhlaa
2156,Abou Firas Al Hamadani,Allawmo Lil3aachiqin,9,مَا عَهْدُ إِرْقَالِهَا ذَمِيمُ,أَنَخْتُ فِيهِنَّ يَعْمَلَاتٍ,Abbassi: VIIIth - XVIth,bassit_mokhlaa,bassit_mokhlaa
2157,Abou Firas Al Hamadani,Allawmo Lil3aachiqin,10,أَخْصَبَهُ نَبْتُهُ العَمِيمُ,آجَدَهَا قَطْعُ كُلِّ وَادٍ,Abbassi: VIIIth - XVIth,bassit_mokhlaa,bassit_mokhlaa
2158,Abou Firas Al Hamadani,Allawmo Lil3aachiqin,11,مَا وَهَبَ النَّجْمُ وَالنُّجُومُ,رَدَّتْ عَلَى الدَّهْرِ فِي سُرَاهَا,Abbassi: VIIIth - XVIth,bassit_mokhlaa,bassit_mokhlaa
2159,Abou Firas Al Hamadani,Allawmo Lil3aachiqin,12,لِلْبُؤْسِ مَا يَخْلُقُ النَّعِيمُ,تِلْكَ سَجَايَا مِنَ اللَّيَالِي,Abbassi: VIIIth - XVIth,bassit_mokhlaa,bassit_mokhlaa
2160,Abou Firas Al Hamadani,Allawmo Lil3aachiqin,13,لِآلِ وَرْقَاءَ لَايَرِيمُ,بَيْنَ ضُلُوعِي هَوًى مُقِيمٌ,Abbassi: VIIIth - XVIth,bassit_mokhlaa,bassit_mokhlaa
2161,Abou Firas Al Hamadani,Allawmo Lil3aachiqin,14,وَهْوَ صَحِيحٌ لَهُمْ سَلِيمُ,يُغَيِّرُ الدَّهْرُ كُلَّ شَيْءٍ,Abbassi: VIIIth - XVIth,bassit_mokhlaa,bassit_mokhlaa
2162,Abou Firas Al Hamadani,Allawmo Lil3aachiqin,15,مِنْهُ كَمَا تُمْنَعُ الحَرِيمُ,أَمْنَعُ مَنْ رَامَهُ سِوَاهُمْ,Abbassi: VIIIth - XVIth,bassit_mokhlaa,bassit_mokhlaa
2163,Abou Firas Al Hamadani,Allawmo Lil3aachiqin,16,أَمْ هَلْ يُدَانِيهِمُ حَمِيمُ,وَهَلْ يُسَاوِيهِمُ قَرِيبٌ,Abbassi: VIIIth - XVIth,bassit_mokhlaa,bassit_mokhlaa
2164,Abou Firas Al Hamadani,Allawmo Lil3aachiqin,17,تَضُمُّ أَغْصَانَنَا أَرُومُ,وَنَحْنُ فِي عُصْبَةٍ وَأَهْلٍ,Abbassi: VIIIth - XVIth,bassit_mokhlaa,bassit_mokhlaa
2165,Abou Firas Al Hamadani,Allawmo Lil3aachiqin,18,فِي جَذْمِ عِزٍّ وَلَا عُمُومُ,لَمْ تَتَفَرَّقْ بِنَا خُؤُولٌ,Abbassi: VIIIth - XVIth,bassit_mokhlaa,bassit_mokhlaa
2166,Abou Firas Al Hamadani,Allawmo Lil3aachiqin,19,بِالعِزِّ أَخْوَالُنَا تَمِيمُ,سَمَتْ بِنَا وَائِلٌ وَفَازَتْ,Abbassi: VIIIth - XVIth,bassit_mokhlaa,bassit_mokhlaa
2167,Abou Firas Al Hamadani,Allawmo Lil3aachiqin,20,وَعَهْدُهُمْ ثَابِتٌ مُقِيمُ,وَدَادُهُمْ خَالِصٌ صَحِيحٌ,Abbassi: VIIIth - XVIth,bassit_mokhlaa,bassit_mokhlaa
2168,Abou Firas Al Hamadani,Allawmo Lil3aachiqin,21,وَهْوَ لِآبًائِنَا قَدِيمُ,فَذَاكَ مِنْهُم بِنَا حَدِيثٌ,Abbassi: VIIIth - XVIth,bassit_mokhlaa,bassit_mokhlaa
2169,Abou Firas Al Hamadani,Allawmo Lil3aachiqin,22,أُنْثَى وَمَا أَطْفَلَتْ بَغُومُ,نَرْعَاهُ مَا طُرِّقَتْ بِحَمْلٍ,Abbassi: VIIIth - XVIth,bassit_mokhlaa,bassit_mokhlaa
2170,Abou Firas Al Hamadani,Allawmo Lil3aachiqin,23,فَضْلًا كَمَا يَفْعَلُ الكَرِيمُ,نُدْنِي بَنِي عَمِّنَا إِلَيْنَا,Abbassi: VIIIth - XVIth,bassit_mokhlaa,bassit_mokhlaa
2171,Abou Firas Al Hamadani,Allawmo Lil3aachiqin,24,يُثْنَى بِهَا الفَادِحُ الجَسِيمُ,أَيْدٍ لَهُمْ عِنْدَ كُلِّ خَطْبٍ,Abbassi: VIIIth - XVIth,bassit_mokhlaa,bassit_mokhlaa
2172,Abou Firas Al Hamadani,Allawmo Lil3aachiqin,25,لُدٌّ إِذَا قَامَتِ الخُصُومُ,وَأَلْسُنٌ دُونَهُمْ حِدَادٌ,Abbassi: VIIIth - XVIth,bassit_mokhlaa,bassit_mokhlaa
2173,Abou Firas Al Hamadani,Allawmo Lil3aachiqin,26,وَإِنْ نَأَتْ مِنْهُمُ جُسُومُ,لَمْ تَنْأَ عَنَّا لَهُمْ قُلُوبٌ,Abbassi: VIIIth - XVIth,bassit_mokhlaa,bassit_mokhlaa
2174,Abou Firas Al Hamadani,Allawmo Lil3aachiqin,27,كَأَنَّهُ اللُؤْلُؤُ النَّظِيمُ,فَلَا عَدِمْنَا لَهُمْ ثَنَاءً,Abbassi: VIIIth - XVIth,bassit_mokhlaa,bassit_mokhlaa
2175,Abou Firas Al Hamadani,Allawmo Lil3aachiqin,28,مَا مَسَّ أَعْرَاقَهُنَّ لُومُ,لَقَدْ نَمَتْنَا لَهُمْ أُصُولٌ,Abbassi: VIIIth - XVIth,bassit_mokhlaa,bassit_mokhlaa
2176,Abou Firas Al Hamadani,Allawmo Lil3aachiqin,29,مَا بَقِيَ الرُّكْنُ وَالحَطِيمُ,تَبْقَى وَيَبْقَوْنَ فِي نَعِيمٍ,Abbassi: VIIIth - XVIth,bassit_mokhlaa,bassit_mokhlaa
2199,Abou Firas Al Hamadani,Liayyikomou athkoro,1,وَفِي أَيِّكُمْ أَفْكِرُ,لِأَيِّكُمُ أَذْكُرُ,Abbassi: VIIIth - XVIth,motaqaarib_partial,motaqaarib_partial
2200,Abou Firas Al Hamadani,Liayyikomou athkoro,2,بُكَاءٌ وَمُسْتَعْبَرُ,وَكَمْ لِي عَلَى بَلْدَةٍ,Abbassi: VIIIth - XVIth,motaqaarib_partial,motaqaarib_partial
2201,Abou Firas Al Hamadani,Liayyikomou athkoro,3,وَعِزِّيَ وَالمَفْخَرُ,فَفِي حَلَبٍ عُدَّتِي,Abbassi: VIIIth - XVIth,motaqaarib_partial,motaqaarib_partial
2202,Abou Firas Al Hamadani,Liayyikomou athkoro,4,هُ أَنْفَسُ مَا أَذْخَرُ,وَفِي مَنْبِجٍ مِنْ رِضَا,Abbassi: VIIIth - XVIth,motaqaarib_partial,motaqaarib_partial
2203,Abou Firas Al Hamadani,Liayyikomou athkoro,5,بِهَا يُكْرَمُ المَحْشَرُ,وَمَنْ حُبُّهُ زُلْفَةٌ,Abbassi: VIIIth - XVIth,motaqaarib_partial,motaqaarib_partial
2204,Abou Firas Al Hamadani,Liayyikomou athkoro,6,خِ أَكْبَرُهُمْ أَصْغَرُ,وَأَصْبِيَةٌ كَالفِرَا,Abbassi: VIIIth - XVIth,motaqaarib_partial,motaqaarib_partial
2205,Abou Firas Al Hamadani,Liayyikomou athkoro,7,وَغُصْنُ الصِّبَا أَخْضَرُ,وَقَوْمٌ أَلِفْنَاهُمُ,Abbassi: VIIIth - XVIth,motaqaarib_partial,motaqaarib_partial
2206,Abou Firas Al Hamadani,Liayyikomou athkoro,8,كَأَنَّهُمُ حُضَّرُ,يُخَيَّلُ لِي أَمْرُهُمْ,Abbassi: VIIIth - XVIth,motaqaarib_partial,motaqaarib_partial
2207,Abou Firas Al Hamadani,Liayyikomou athkoro,9,وَدَمْعِيَ مَا يَفْتُرُ,فَحُزْنِيَ لَا يَنْقَضِي,Abbassi: VIIIth - XVIth,motaqaarib_partial,motaqaarib_partial
2208,Abou Firas Al Hamadani,Liayyikomou athkoro,10,وَلَا ذَا الَّذِي أُضْمِرُ,وَمَا هَذِهِ أَدْمُعِي,Abbassi: VIIIth - XVIth,motaqaarib_partial,motaqaarib_partial
2209,Abou Firas Al Hamadani,Liayyikomou athkoro,11,عَ وَأَسْتُرُ مَا أَسْتُرُ,وَلَكِنْ أُدَارِي الدُّمُو,Abbassi: VIIIth - XVIth,motaqaarib_partial,motaqaarib_partial
2210,Abou Firas Al Hamadani,Liayyikomou athkoro,12,ةِ مِثْلُكَ لَا يَصْبِرُ,مَخَافَةَ قَوْلِ الوُشَا,Abbassi: VIIIth - XVIth,motaqaarib_partial,motaqaarib_partial
2211,Abou Firas Al Hamadani,Liayyikomou athkoro,13,أُرَجِّي الَّذِي أَحْذَرُ,أَيَا غَفْلَتَا كَيْفَ لَا,Abbassi: VIIIth - XVIth,motaqaarib_partial,motaqaarib_partial
2212,Abou Firas Al Hamadani,Liayyikomou athkoro,14,أَرَاهُ فَأَسْتَشْعِرُ,وَمَاذَا القُنُوطُ الَّذِي,Abbassi: VIIIth - XVIth,motaqaarib_partial,motaqaarib_partial
2213,Abou Firas Al Hamadani,Liayyikomou athkoro,15,عَلَى كَشْفِهِ أَقْدَرُ,أَمَا مَنْ بَلَانِي بِهِ,Abbassi: VIIIth - XVIth,motaqaarib_partial,motaqaarib_partial
2214,Abou Firas Al Hamadani,Liayyikomou athkoro,16,مَوَاهِبُهُ أَكْثَرُ,بَلَى إِنَّ لِي سَيِّدًا,Abbassi: VIIIth - XVIth,motaqaarib_partial,motaqaarib_partial
2215,Abou Firas Al Hamadani,Liayyikomou athkoro,17,وَإِحْسَانُهُ أَغْزَرُ,وَإِنِّي غَزِيرُ الذُّنُوبِ,Abbassi: VIIIth - XVIth,motaqaarib_partial,motaqaarib_partial
2216,Abou Firas Al Hamadani,Liayyikomou athkoro,18,وَمِنْ فَضْلِكَ المَصْدَرُ,بِذَنْبِيَ أَوْرَدْتَنِي,Abbassi: VIIIth - XVIth,motaqaarib_partial,motaqaarib_partial
1253,Abou Firas Al Hamadani,Yaa Hasratan,1,آخِرُهَا مُزْعِجٌ وَأَوَّلُهَا,يَا حَسْرَةً مَا أَكَادُ أَحْمِلُهَا,Abbassi: VIIIth - XVIth,monsarih_complete,monsarih_complete
1254,Abou Firas Al Hamadani,Yaa Hasratan,2,بَاتَ بِأَيْدِي العِدَى مُعَلِّلُهَا,عَلِيلَةٌ بِالشَّآمِ مُفْرَدَةٌ,Abbassi: VIIIth - XVIth,monsarih_complete,monsarih_complete
1255,Abou Firas Al Hamadani,Yaa Hasratan,3,تُطْفِئُهَا وَالهُمُومُ تُشْعِلُهَا,تُمْسِكُ أَحْشَاءَهَا عَلَى حُرَقٍ,Abbassi: VIIIth - XVIth,monsarih_complete,monsarih_complete
1256,Abou Firas Al Hamadani,Yaa Hasratan,4,عَنَّتْ لَهَا ذُكْرَةٌ تُقَلْقِلُهَا,إِذَا اطْمَأَنَّتْ وَأَيْنَ أَوْ هَدَأَتْ,Abbassi: VIIIth - XVIth,monsarih_complete,monsarih_complete
1257,Abou Firas Al Hamadani,Yaa Hasratan,5,بِأَدْمُعٍ مَاتَكَادُ تُمْهِلُهَا,تَسْأَلُ عَنَّا الرُّكْبَانَ جَاهِدَةً,Abbassi: VIIIth - XVIth,monsarih_complete,monsarih_complete
1258,Abou Firas Al Hamadani,Yaa Hasratan,6,أُسْدَ شَرًى فِي القُيُودِ أَرْجُلُهَا,يَامَنْ رَأَى لِي بِحِصْنِ خِرْشَنَةٍ,Abbassi: VIIIth - XVIth,monsarih_complete,monsarih_complete
1259,Abou Firas Al Hamadani,Yaa Hasratan,7,دُونَ لِقَاءِ الحَبِيبِ أَطْوَلُهَا,يَامَنْ رَأَى لِي الدُّرُوبَ شَامِخَةً,Abbassi: VIIIth - XVIth,monsarih_complete,monsarih_complete
1260,Abou Firas Al Hamadani,Yaa Hasratan,8,عَلَى حَبِيبِ الفُؤَادِ أَثْقَلُهَا,يَامَنْ رَأَى لِي القُيُودَ مُوثَقَةٌ,Abbassi: VIIIth - XVIth,monsarih_complete,monsarih_complete
1261,Abou Firas Al Hamadani,Yaa Hasratan,9,فِي حَمْلِ نَجْوَى يَخِفُّ مَحْمَلُهَا,يَا أَيُّهَا الرَّاكِبَانِ هَلْ لَكُمَا,Abbassi: VIIIth - XVIth,monsarih_complete,monsarih_complete
1262,Abou Firas Al Hamadani,Yaa Hasratan,10,وَإِنَّ ذِكْرِي لَهَا لَيُذْهِلُهَا,قَوْلًا لَهَا إِنْ وَعَتْ مَقَالَكُمَا,Abbassi: VIIIth - XVIth,monsarih_complete,monsarih_complete
1263,Abou Firas Al Hamadani,Yaa Hasratan,11,نَتْرِكُهَا تَارَةً وَنَنْزِلُهَا,يَا أُمَّتَا هَذِهِ مَنَازِلُنَا,Abbassi: VIIIth - XVIth,monsarih_complete,monsarih_complete
1264,Abou Firas Al Hamadani,Yaa Hasratan,12,نَعُلُّهَا تَارَةً وَنُنْهِلُهَا,يَا أُمَّتَا هَذِهِ مَوَارِدُنَا,Abbassi: VIIIth - XVIth,monsarih_complete,monsarih_complete
1265,Abou Firas Al Hamadani,Yaa Hasratan,13,أَيْسَرُهَا فِي القُلُوبِ أَقْتَلُهَا,أَسْلَمَنَا قَوْمُنَا إِلَى نُوَبٍ,Abbassi: VIIIth - XVIth,monsarih_complete,monsarih_complete
1266,Abou Firas Al Hamadani,Yaa Hasratan,14,يَوَدُّ أَدْنَى عُلَايَ أَمْثَلُهَا,وَاسْتَبْدَلُوا بَعْدَنَا رِجَالَ وَغًى,Abbassi: VIIIth - XVIth,monsarih_complete,monsarih_complete
1267,Abou Firas Al Hamadani,Yaa Hasratan,15,وَفِي اتِّبَاعِي رِضَاكَ أَحْمِلُهَا,لَيْسَتْ تَنَالُ القُيُودُ مِنْ قَدَمِي,Abbassi: VIIIth - XVIth,monsarih_complete,monsarih_complete
1268,Abou Firas Al Hamadani,Yaa Hasratan,16,إِلَّا وَفِي رَاحَتَيْهِ أَكْمَلُهَا,يَا سَيِّدًا مَا تُعَدُّ مَكْرُمَةٌ,Abbassi: VIIIth - XVIth,monsarih_complete,monsarih_complete
1269,Abou Firas Al Hamadani,Yaa Hasratan,17,غَيْرُكَ يَرْضَى الصُّغْرَى وَيَقْبَلُهَا,لَا تَتَيَمَّمْ وَالمَاءُ تُدْرِكُهُ,Abbassi: VIIIth - XVIth,monsarih_complete,monsarih_complete
1270,Abou Firas Al Hamadani,Yaa Hasratan,18,إِنْ عَادَتِ الأُسْدُ عَادَ أَشْبُلُهَا,إِنَّ بَنِي العَمِّ لَسْتَ تَخْلُفُهُمْ,Abbassi: VIIIth - XVIth,monsarih_complete,monsarih_complete
1271,Abou Firas Al Hamadani,Yaa Hasratan,19,أَنْتَ بِلَادٌ وَنَحْنُ أَجْبُلُهَا,أَنْتَ سَمَاءٌ وَنَحْنُ أَنْجُمُهَا,Abbassi: VIIIth - XVIth,monsarih_complete,monsarih_complete
1272,Abou Firas Al Hamadani,Yaa Hasratan,20,أَنْتَ يَمِينٌ وَنَحْنُ أَنْمُلُهَا,أَنْتَ سَحَابٌ وَنَحْنُ وَابِلُهُ,Abbassi: VIIIth - XVIth,monsarih_complete,monsarih_complete
1273,Abou Firas Al Hamadani,Yaa Hasratan,21,عَلَيْكَ دُونَ الوَرَى مُعَوَّلُهَا,بِأَيِّ عُذْرٍ رَدَدْتَ وَالِهَةً,Abbassi: VIIIth - XVIth,monsarih_complete,monsarih_complete
1274,Abou Firas Al Hamadani,Yaa Hasratan,22,يَنْتَظِرُ النَّاسُ كَيْفَ تُقْفِلُهَا,جَاءَتْكَ تَمْتَاحُ رَدَّ وَاحِدِهَا,Abbassi: VIIIth - XVIth,monsarih_complete,monsarih_complete
1275,Abou Firas Al Hamadani,Yaa Hasratan,23,أَنْتَ عَلَى يَأْسِهَا مُؤَمَّلُهَا,سَمَحْتَ مِنِّي بِمُهْجَةٍ كَرُمَتْ,Abbassi: VIIIth - XVIth,monsarih_complete,monsarih_complete
1276,Abou Firas Al Hamadani,Yaa Hasratan,24,فَلَمْ أَزَلْ فِي رِضَاكَ أَبْذِلُهَا,إِنْ كُنْتَ لَمْ تَبْذِلِ الفِدَاءَ لَهَا,Abbassi: VIIIth - XVIth,monsarih_complete,monsarih_complete
1277,Abou Firas Al Hamadani,Yaa Hasratan,25,تِلْكَ المَوَاعِيدُ كَيْفَ تُغْفِلُهَا,تِلْكَ المَوَدَّاتُ كَيْفَ تُهْمِلُهَا,Abbassi: VIIIth - XVIth,monsarih_complete,monsarih_complete
1278,Abou Firas Al Hamadani,Yaa Hasratan,26,كَيْفَ وَقَدْ أُحْكِمَتْ تُحَلِّلُهَا,تِلْكَ العُقُودُ الَّتِي عَقَدْتَ لَنَا,Abbassi: VIIIth - XVIth,monsarih_complete,monsarih_complete
1279,Abou Firas Al Hamadani,Yaa Hasratan,27,وَلَمْ تَزَلْ دَائِبًا تُوَصِّلُهَا,أَرْحَامُنَا مِنْكَ لَمْ تُقَطِّعُهَا,Abbassi: VIIIth - XVIth,monsarih_complete,monsarih_complete
1280,Abou Firas Al Hamadani,Yaa Hasratan,28,تَقُولُهَا دَائِمًا وَتَفْعَلُهَا,أَيْنَ المَعَالِي الَّتِي عُرِفْتَ بِهَا,Abbassi: VIIIth - XVIth,monsarih_complete,monsarih_complete
1281,Abou Firas Al Hamadani,Yaa Hasratan,29,وَنَحْنُ فِي صَخْرَةٍ نُزَلْزِلُهَا,يَا وَاسِعَ الدَّارِ كَيْفَ تُوسِعُهَا,Abbassi: VIIIth - XVIth,monsarih_complete,monsarih_complete
1282,Abou Firas Al Hamadani,Yaa Hasratan,30,ثِيَابُنَا الصُّوفُ مَا نُبَدِّلُهَا,يَا نَاعِمَ الثَّوْبِ كَيْفَ تُبْدِلُهُ,Abbassi: VIIIth - XVIth,monsarih_complete,monsarih_complete
1283,Abou Firas Al Hamadani,Yaa Hasratan,31,نَحْمِلُ أَقْيَادُنَا وَنَنْقُلُهَا,يَا رَاكِبَ الخَيْلِ لَوْ بَصُرْتَ بِنَا,Abbassi: VIIIth - XVIth,monsarih_complete,monsarih_complete
1284,Abou Firas Al Hamadani,Yaa Hasratan,32,فَارَقَ فِيكَ الجَمَالَ أَجْمَلُهَا,رَأَيْتَ فِي الضُّرِّ أَوْجُهًا كَرُمَتْ,Abbassi: VIIIth - XVIth,monsarih_complete,monsarih_complete
1285,Abou Firas Al Hamadani,Yaa Hasratan,33,تَعْرِفُهَا تَارَةً وَتَجْهَلُهَا,قَدْ أَثَّرَ الدَّهْرُ فِي مَحَاسِنِهَا,Abbassi: VIIIth - XVIth,monsarih_complete,monsarih_complete
1286,Abou Firas Al Hamadani,Yaa Hasratan,34,مُعِلُّهَا مُحْسِنًا يُعَلِّلُهَا,فَلَا تَكِلْنَا فِيهَا إِلَى أَحَدٍ,Abbassi: VIIIth - XVIth,monsarih_complete,monsarih_complete
1287,Abou Firas Al Hamadani,Yaa Hasratan,35,صَاحِبُهَا المُسْتَغَاثُ يُقْفِلُهَا,لَا يَفْتَحُ النَّاسُ بَابَ مَكْرُمَةٍ,Abbassi: VIIIth - XVIth,monsarih_complete,monsarih_complete
1288,Abou Firas Al Hamadani,Yaa Hasratan,36,وَأَنْتَ قَمْقَامُهَا وَأَحْمَلُهَا,أَيَنْبَرِي دُونَكَ الكِرَامُ لَهَا,Abbassi: VIIIth - XVIth,monsarih_complete,monsarih_complete
1289,Abou Firas Al Hamadani,Yaa Hasratan,37,قُلَّبُهَا المُرْتَجَى وَحُوَّلُهَا,وَأَنْتَ إِنْ عَنَّ حَادِثٌ جَلَلٌ,Abbassi: VIIIth - XVIth,monsarih_complete,monsarih_complete
1290,Abou Firas Al Hamadani,Yaa Hasratan,38,مِنْكَ أَفَادَ النَّوَالَ أَنْوَلُهَا,مِنْكَ تَرَدَّى بِالفَضْلِ أَفْضَلُهَا,Abbassi: VIIIth - XVIth,monsarih_complete,monsarih_complete
1291,Abou Firas Al Hamadani,Yaa Hasratan,39,فَبَعْدَ قَطْعِ الرَّجَاءِ نَسْأَلُهَا,فَإِنْ سَأَلْنَا سِوَاكَ عَارِفَةً,Abbassi: VIIIth - XVIth,monsarih_complete,monsarih_complete
1292,Abou Firas Al Hamadani,Yaa Hasratan,40,يُضِيعُهَا جَاهِدًا وَيُهْمِلُهَا,إِذَا رَأَيْنَا أُولَى الكِرَامِ بِهَا,Abbassi: VIIIth - XVIth,monsarih_complete,monsarih_complete
1293,Abou Firas Al Hamadani,Yaa Hasratan,41,إِلَّا وَفَضْلُ الأَمِيرِ يَشْمَلُهَا,لَمْ يَبْقَ فِي النَّاسِ أُمَّةٌ عُرِفَتْ,Abbassi: VIIIth - XVIth,monsarih_complete,monsarih_complete
1294,Abou Firas Al Hamadani,Yaa Hasratan,42,فَأَيْنَ عَنَّا وَأَيْنَ مَعْدِلُهَا,نَحْنُ أَحَقُّ الوَرَى بِرَأْفَتِهِ,Abbassi: VIIIth - XVIth,monsarih_complete,monsarih_complete
1295,Abou Firas Al Hamadani,Yaa Hasratan,43,إِلَّا المَعَالِي الَّتِي يُؤَثِّلُهَا,يَا مُنْفِقَ المَالِ لَا يُرِيدُ بِهِ,Abbassi: VIIIth - XVIth,monsarih_complete,monsarih_complete
1296,Abou Firas Al Hamadani,Yaa Hasratan,44,فِدَاؤُنَا قَدْ عَلِمْتَ أَفْضَلُهَا,أَصْبَحْتَ تَشْرِي مَكَارِمًا فُضُلًا,Abbassi: VIIIth - XVIth,monsarih_complete,monsarih_complete
1297,Abou Firas Al Hamadani,Yaa Hasratan,45,نَافِلَةً عِنْدَهُو تُنَفِّلُهَا,لَا يَقْبَلُ اللَّهُ قَبْلَ فَرْضِكَ ذَا,Abbassi: VIIIth - XVIth,monsarih_complete,monsarih_complete
422,Abou Nawas,Hamilo Al Hawa,1,يَسْتَخِفُّهُ الطَّرَبُ,حَامِلُ الهَوَى تَعِبٌ,Abbassi: VIIIth - XVIth,moqtadab_complete,moqtadab_complete
423,Abou Nawas,Hamilo Al Hawa,2,لَيْسَ مَا بِهِ لَعِبُ,إِنْ بَكَى يُحَقُّ لَهُ,Abbassi: VIIIth - XVIth,moqtadab_complete,moqtadab_complete
424,Abou Nawas,Hamilo Al Hawa,3,وَالمُحِبُّ يَنْتَحِبُ,تَضْحَكِينَ لَاهِيَةً,Abbassi: VIIIth - XVIth,moqtadab_complete,moqtadab_complete
425,Abou Nawas,Hamilo Al Hawa,4,صِحَّتِي هِيَ العَجَبُ,تَعْجَبِينَ مِنْ سَقَمِي,Abbassi: VIIIth - XVIth,moqtadab_complete,moqtadab_complete
426,Abou Nawas,Hamilo Al Hawa,5,مِنْكِ عَادَ لِي سَبَبُ,كُلَّمَا انْقَضَى سَبَبٌ,Abbassi: VIIIth - XVIth,moqtadab_complete,moqtadab_complete
62,Abou Nawas,Ilaahana,1,,إِلَاهَنَا مَا أَعْدَلَكْ,Abbassi: VIIIth - XVIth,rajaz_manhouk,rajaz_manhouk
63,Abou Nawas,Ilaahana,2,,مَلِيكَ كُلُّ مَنْ مَلَكْ,Abbassi: VIIIth - XVIth,rajaz_manhouk,rajaz_manhouk
64,Abou Nawas,Ilaahana,3,,لَبَّيْكَ قَدْ لَبَّيْتُ لَكْ,Abbassi: VIIIth - XVIth,rajaz_manhouk,rajaz_manhouk
65,Abou Nawas,Ilaahana,4,,لَبَّيْكَ إِنَّ الحَمْدَ لَكْ,Abbassi: VIIIth - XVIth,rajaz_manhouk,rajaz_manhouk
66,Abou Nawas,Ilaahana,5,,وَالمُلْكُ لَا شَرِيكَ لَكْ,Abbassi: VIIIth - XVIth,rajaz_manhouk,rajaz_manhouk
67,Abou Nawas,Ilaahana,6,,وَاللَّيْلُ لَمَّا أَنْ حَلَكْ,Abbassi: VIIIth - XVIth,rajaz_manhouk,rajaz_manhouk
68,Abou Nawas,Ilaahana,7,,وَالسَّابِحَاتُ فِي الفَلَكْ,Abbassi: VIIIth - XVIth,rajaz_manhouk,rajaz_manhouk
69,Abou Nawas,Ilaahana,8,,عَلَى مَجَارِي المُنْسَلَكْ,Abbassi: VIIIth - XVIth,rajaz_manhouk,rajaz_manhouk
70,Abou Nawas,Ilaahana,9,,مَا خَابَ عَبْدٌ أَمَّلَكْ,Abbassi: VIIIth - XVIth,rajaz_manhouk,rajaz_manhouk
71,Abou Nawas,Ilaahana,10,,أَنْتَ لَهُو حَيْثُ سَلَكْ,Abbassi: VIIIth - XVIth,rajaz_manhouk,rajaz_manhouk
72,Abou Nawas,Ilaahana,11,,لَوْلَاكَ يَا رَبُّ هَلَكْ,Abbassi: VIIIth - XVIth,rajaz_manhouk,rajaz_manhouk
73,Abou Nawas,Ilaahana,12,,كُلُّ نَبِيٍّ وَمَلَكْ,Abbassi: VIIIth - XVIth,rajaz_manhouk,rajaz_manhouk
74,Abou Nawas,Ilaahana,13,,وَكُلُّ مَنْ أَهَلَّ لَكْ,Abbassi: VIIIth - XVIth,rajaz_manhouk,rajaz_manhouk
75,Abou Nawas,Ilaahana,14,,سَبَّحَ أَوْ لَبَّى فَلَكْ,Abbassi: VIIIth - XVIth,rajaz_manhouk,rajaz_manhouk
76,Abou Nawas,Ilaahana,15,,يَا مُخْطِئًا مَا أَغْفَلَكْ,Abbassi: VIIIth - XVIth,rajaz_manhouk,rajaz_manhouk
77,Abou Nawas,Ilaahana,16,,عَجِّلْ وَبَادِرْ أَجَلَكْ,Abbassi: VIIIth - XVIth,rajaz_manhouk,rajaz_manhouk
78,Abou Nawas,Ilaahana,17,,وَاخْتِمْ بِخَيْرٍ عَمَلَكْ,Abbassi: VIIIth - XVIth,rajaz_manhouk,rajaz_manhouk
79,Abou Nawas,Ilaahana,18,,لَبَّيْكَ إِنَّ المُلْكَ لَكْ,Abbassi: VIIIth - XVIth,rajaz_manhouk,rajaz_manhouk
80,Abou Nawas,Ilaahana,19,,وَالحَمْدَ وَالنِّعْمَةَ لَكْ,Abbassi: VIIIth - XVIth,rajaz_manhouk,rajaz_manhouk
81,Abou Nawas,Ilaahana,20,,وَالعِزَّ لَا شَرِيكَ لَكْ,Abbassi: VIIIth - XVIth,rajaz_manhouk,rajaz_manhouk
82,Abou Nawas,Lama Tajalla,1,,لَمَّا تَجَلَّى اللَّيْلُ وَابْيَضَّ الأُفُقْ,Abbassi: VIIIth - XVIth,rajaz_machtour,rajaz_machtour
83,Abou Nawas,Lama Tajalla,2,,وَانْجَابَ سِتْرُ اللَّيْلِ عَنْ وَجْهِ الطُّرُقْ,Abbassi: VIIIth - XVIth,rajaz_machtour,rajaz_machtour
84,Abou Nawas,Lama Tajalla,3,,بَاكَرَنِي سَهْلُ المُحَيَّا وَالخُلُقْ,Abbassi: VIIIth - XVIth,rajaz_machtour,rajaz_machtour
85,Abou Nawas,Lama Tajalla,4,,نَدْبٌ إِذَا اسْتَنْدَبْتَهُو شَهْمٌ لَبِقْ,Abbassi: VIIIth - XVIth,rajaz_machtour,rajaz_machtour
86,Abou Nawas,Lama Tajalla,5,,يَدْعُو إِلَا الصَّيْدِ أَلَا قُلْتَ انْطَلِقْ,Abbassi: VIIIth - XVIth,rajaz_machtour,rajaz_machtour
87,Abou Nawas,Lama Tajalla,6,,بِأَكْلُبٍ غُضْفٍ صَحِيحَاتِ الحَدَقْ,Abbassi: VIIIth - XVIth,rajaz_machtour,rajaz_machtour
88,Abou Nawas,Lama Tajalla,7,,مِنْ أَصْفَرِ اللَّوْنِ وَمَبْيَضٍّ يَقَقْ,Abbassi: VIIIth - XVIth,rajaz_machtour,rajaz_machtour
193,Abou Nawas,Lama Tajalla,8,,كَأَنَّمَا أُذْنَاهُ مِنْ بَعْضِ المَزَقْ,Abbassi: VIIIth - XVIth,rajaz_machtour,rajaz_machtour
194,Abou Nawas,Lama Tajalla,9,,لَوْ يُلْصَقُ الخَدُّو بِأُذْنِنْ لَالْتَصَقْ,Abbassi: VIIIth - XVIth,rajaz_machtour,rajaz_machtour
1141,Abou Nawas,3azzou Akhillaya Qalbi,1,فَقَدْ أُصِبْتُ بِلُبِّي,عَزُّوا أَخِلَّايَ قَلْبِي,Abbassi: VIIIth - XVIth,mojtath_complete,mojtath_complete
1142,Abou Nawas,3azzou Akhillaya Qalbi,2,مَاذَا لَقَيْتُ فَحَسْبِي,الحَمْدُ لِلَّهِ رَبِّي,Abbassi: VIIIth - XVIth,mojtath_complete,mojtath_complete
1143,Abou Nawas,3azzou Akhillaya Qalbi,3,أَنَّا وَقَعْتُ بِذَنْبِي,مَا لِي عَلَى الحُبِّ عَتْبٌ,Abbassi: VIIIth - XVIth,mojtath_complete,mojtath_complete
1144,Abou Nawas,3azzou Akhillaya Qalbi,4,فَجِئْتُ مِنْ بَيْنِ صَحْبِي,لَقَدْ دَعَانِي وَصَحْبِي,Abbassi: VIIIth - XVIth,mojtath_complete,mojtath_complete
1145,Abou Nawas,3azzou Akhillaya Qalbi,5,مَنْ لَا يُسَرُّ بِقُرْبِي,يَا حِبُّ مَلَّكْتَ رِقِّي,Abbassi: VIIIth - XVIth,mojtath_complete,mojtath_complete
1146,Abou Nawas,3azzou Akhillaya Qalbi,6,بِكُلِّ نَوْعٍ وَضَرْبِ,وَمَنْ يُعَذِّبُ رُوحِي,Abbassi: VIIIth - XVIth,mojtath_complete,mojtath_complete
1147,Abou Nawas,3azzou Akhillaya Qalbi,7,وَكَمْ عَرَكْتُ بِجَنْبِي,فَكَمْ عَصَبْتُ بِرَأْسِي,Abbassi: VIIIth - XVIth,mojtath_complete,mojtath_complete
1148,Abou Nawas,3azzou Akhillaya Qalbi,8,إِلَّا عَلَى ظَهْرِ صَعْبِ,وَلَسْتُ أُحْمَلُ مِنْهُ,Abbassi: VIIIth - XVIth,mojtath_complete,mojtath_complete
1149,Abou Nawas,3azzou Akhillaya Qalbi,9,هِ فِي الحُكُومَةِ تِرْبِي,يَا قَاتِلِي أَنْتَ وَاللَّا,Abbassi: VIIIth - XVIth,mojtath_complete,mojtath_complete
1150,Abou Nawas,3azzou Akhillaya Qalbi,10,بِكْرٌ بِخَاتَمِ رَبِّي,أَتَيْتُ حِبِّي وَحِبِّي,Abbassi: VIIIth - XVIth,mojtath_complete,mojtath_complete
1151,Abou Nawas,3azzou Akhillaya Qalbi,11,إِفْتَضَّ عُذْرَةَ حُبِّي,فَكُنْتُ أَوَّلَ حَيٍّ,Abbassi: VIIIth - XVIth,mojtath_complete,mojtath_complete
1152,Abou Nawas,3azzou Akhillaya Qalbi,12,كَرْبٌ عَلَى إِثْرِ كَرْبِ,وَلَيْسَ لِي مِنْكَ إِلَّا,Abbassi: VIIIth - XVIth,mojtath_complete,mojtath_complete
1153,Abou Nawas,3azzou Akhillaya Qalbi,13,وَعَفْوَ سِلْمِي بِحَرْبِي,تَبِيعُ وَصْلِي بِهَجْرِي,Abbassi: VIIIth - XVIth,mojtath_complete,mojtath_complete
1154,Abou Nawas,3azzou Akhillaya Qalbi,14,مُفَتَّرِ اللَّحْظِ رَطْبِ,أَنَا الفِدَاءُ لِظَبْيٍ,Abbassi: VIIIth - XVIth,mojtath_complete,mojtath_complete
1155,Abou Nawas,3azzou Akhillaya Qalbi,15,حُبِّي وَلَكِنْ يُغَبِّي,مَنْ لَيْسَ يَخْفَى عَلَيْهِ,Abbassi: VIIIth - XVIth,mojtath_complete,mojtath_complete
1156,Abou Nawas,3azzou Akhillaya Qalbi,16,فِيهِ حَيًا وَتَأَبِّي,لَوْ شَاءَ قَالَا وَلَكِنْ,Abbassi: VIIIth - XVIth,mojtath_complete,mojtath_complete
1157,Abou Nawas,3azzou Akhillaya Qalbi,17,أَقْوَامَ إِلَّا لِحُبِّي,مَا جَازَ هَذَا إِلَيْنَا الْ,Abbassi: VIIIth - XVIth,mojtath_complete,mojtath_complete
831,Abou Tamam,Lamma Raayto Al Amra,1,وَلَمْ أَجِدْ مِنَ القِيَامِ بُدَّا,لَمَّا رَأَيْتُ الأَمْرَ أَمْرًا جِدَّا,Abbassi: VIIIth - XVIth,rajaz_complete,rajaz_complete
832,Abou Tamam,Lamma Raayto Al Amra,2,وَجِلْدَ ضِرْغَامٍ يَقُدُّ قَدَّا,لَبِسْتُ جِلْدَ نَمِرٍ مُعْتَدَّا,Abbassi: VIIIth - XVIth,rajaz_complete,rajaz_complete
833,Abou Tamam,Lamma Raayto Al Amra,3,جَمْعًا يُلِدُّ الظَّالِمَ الأَشَدَّا,جَمَعْتُ جَمْعَ العَرَبِ الأَشِدَّا,Abbassi: VIIIth - XVIth,rajaz_complete,rajaz_complete
834,Abou Tamam,Lamma Raayto Al Amra,4,كَانَ تَمِيمٌ لِأَبِينَا عَبْدَا,يَهُدُّ أَرْكَانَ الجِبَالِ هَدَّا,Abbassi: VIIIth - XVIth,rajaz_complete,rajaz_complete
835,Abou Tamam,Lamma Raayto Al Amra,5,وَنَحْنُ كُنَّا لِلنَّبِيِّ جُنْدَا,أَسْوَدَ نَضَّاحَ المَقَدِّ جَعْدَا,Abbassi: VIIIth - XVIth,rajaz_complete,rajaz_complete
836,Abou Tamam,Lamma Raayto Al Amra,6,وَعُدَّ لِي بَدْرًا وَعُدَّ أُحْدَا,يَوْمَ بُزَاخَاتٍ وَرَدْنَ وِرْدَا,Abbassi: VIIIth - XVIth,rajaz_complete,rajaz_complete
837,Abou Tamam,Lamma Raayto Al Amra,7,حَتَّى فَخَرْتُ فَهَزَمْتُ العَبْدَا,وَطَيِّءٌ قَدْ أَلْبَسَتْنِي بُرْدَا,Abbassi: VIIIth - XVIth,rajaz_complete,rajaz_complete
826,Abou Tamam,Mithla Widdi,1,لَكَ هِجْرَانٌ وَلَا بُعُدُ,مِثْلَ وِدِّي لَا يُغَيِّرُهُ,Abbassi: VIIIth - XVIth,madid_complete,madid_complete
827,Abou Tamam,Mithla Widdi,2,طَيْفُ حِلْمٍ مِنْكَ يَطَّرِدُ,وَجُفُونِي لَا يَزَالُ بِهَا,Abbassi: VIIIth - XVIth,madid_complete,madid_complete
828,Abou Tamam,Mithla Widdi,3,لَكَ لَا يَلْوِي بِهِ أَحَدُ,وَضَمِيرِي أَنْتَ تَعْلَمُهُ,Abbassi: VIIIth - XVIth,madid_complete,madid_complete
829,Abou Tamam,Mithla Widdi,4,آهِ لَا صَبْرٌ وَلَا جَلَدُ,يَا مُقِيدَ الشَّوْقِ مِنْ كَبِدِي,Abbassi: VIIIth - XVIth,madid_complete,madid_complete
830,Abou Tamam,Mithla Widdi,5,كُلُّ أَعْضَائِي لَهَا عَدَدُ,جَرَحَتْنِي مِنْكَ جَارِحَةٌ,Abbassi: VIIIth - XVIth,madid_complete,madid_complete
1090,Acharif Arradi,Amaa Konta Ma3a Alhayyi,1,صَبَاحًا حِينَ وَلَّيْنَا,أَمَا كُنْتَ مَعَ الحَيِّ,Abbassi: VIIIth - XVIth,hazaj_complete,hazaj_complete
1091,Acharif Arradi,Amaa Konta Ma3a Alhayyi,2,إِلَى أَيْنَ إِلَى أَيْنَا,وَقَدْ صَاحَ بِنَا المَجْدُ,Abbassi: VIIIth - XVIth,hazaj_complete,hazaj_complete
1092,Acharif Arradi,Amaa Konta Ma3a Alhayyi,3,فَثُبْنَا ثُمَّ لَاقَيْنَا,إِلَى أَنْ أُدْرِكَ العِرْقُ,Abbassi: VIIIth - XVIth,hazaj_complete,hazaj_complete
1093,Acharif Arradi,Amaa Konta Ma3a Alhayyi,4,فَقَارَعْنَا وَحَامَيْنَا,حُمِينَا بِالحَفِيظَاتِ,Abbassi: VIIIth - XVIth,hazaj_complete,hazaj_complete
1094,Acharif Arradi,Amaa Konta Ma3a Alhayyi,5,لَتِي فِيهَا تَسَاقَيْنَا,فَلَا تَسْأَلْ عَنِ الكَاسِ الْ,Abbassi: VIIIth - XVIth,hazaj_complete,hazaj_complete
1095,Acharif Arradi,Amaa Konta Ma3a Alhayyi,6,لَبَ الأَمْرُ تَبَاكَيْنَا,تَنَاكَيْنَا فَلَمَّا غَ,Abbassi: VIIIth - XVIth,hazaj_complete,hazaj_complete
1096,Acharif Arradi,Amaa Konta Ma3a Alhayyi,7,وَبِالضِّغْنِ تَلَاقَيْنَا,عَنِ الحِلْمِ تَحَاجَزْنَا,Abbassi: VIIIth - XVIth,hazaj_complete,hazaj_complete
1097,Acharif Arradi,Amaa Konta Ma3a Alhayyi,8,مِ أَعْذَرْنَا وَأَبْلَيْنَا,وَلَوْلَا أَطَّةُ الأَرْحَا,Abbassi: VIIIth - XVIth,hazaj_complete,hazaj_complete
1098,Acharif Arradi,Amaa Konta Ma3a Alhayyi,9,تَبَاقَيْنَا وَأَبْقَيْنَا,إِذَا نَاشَدَتِ القُرْبَى,Abbassi: VIIIth - XVIth,hazaj_complete,hazaj_complete
1099,Acharif Arradi,Amaa Konta Ma3a Alhayyi,10,سَيَنْأَى بَيْنُ دَارَيْنَا,بَنِي أَعْمَامِنَا مَهْلًا,Abbassi: VIIIth - XVIth,hazaj_complete,hazaj_complete
1100,Acharif Arradi,Amaa Konta Ma3a Alhayyi,11,لِحَامًا بَيْنَ غَارَيْنَا,وَيَغْدُو رَهَجُ الرَّوْعِ,Abbassi: VIIIth - XVIth,hazaj_complete,hazaj_complete
1101,Acharif Arradi,Amaa Konta Ma3a Alhayyi,12,عَلَى الحَرْبِ رِوَاقَيْنَا,إِذَا مَا ضَرَبَ النَّقْعُ,Abbassi: VIIIth - XVIth,hazaj_complete,hazaj_complete
1102,Acharif Arradi,Amaa Konta Ma3a Alhayyi,13,إِذَا نَحْنُ تَبَاغَيْنَا,عَسَى الأَرْحَامُ تَثْنِينَا,Abbassi: VIIIth - XVIth,hazaj_complete,hazaj_complete
1103,Acharif Arradi,Amaa Konta Ma3a Alhayyi,14,فَإِنَّا قَدْ تَبَالَيْنَا,تَبَالُوا لِتُلَاقُونَا,Abbassi: VIIIth - XVIth,hazaj_complete,hazaj_complete
1104,Acharif Arradi,Amaa Konta Ma3a Alhayyi,15,مُ رِعْدِيدًا وَلَا هَيْنَا,فَلَمْ يَلْقَ لَنَا العَاجِ,Abbassi: VIIIth - XVIth,hazaj_complete,hazaj_complete
1105,Acharif Arradi,Amaa Konta Ma3a Alhayyi,16,مُهُو أَنْ يَرِدَ الحَيْنَا,لَنَا كُلُّ غُلَامٍ هَمْ,Abbassi: VIIIth - XVIth,hazaj_complete,hazaj_complete
1106,Acharif Arradi,Amaa Konta Ma3a Alhayyi,17,بِهِ أَوْ قَاضِيًا دَيْنَا,يُخَالُ مُوَفِّيًا نَذِرًا,Abbassi: VIIIth - XVIth,hazaj_complete,wafir_partial
1107,Acharif Arradi,Amaa Konta Ma3a Alhayyi,18,تَكُونُ الأُذُنُ العَيْنَا,حَدِيدُ السَّمْعِ فِي حَيْثُ,Abbassi: VIIIth - XVIth,hazaj_complete,hazaj_complete
1108,Acharif Arradi,Amaa Konta Ma3a Alhayyi,19,لِحَاظِ الضَّرِمِ الرَّيْنَا,غِرَارُ النَّوْمِ يَجْلُو عَنْ,Abbassi: VIIIth - XVIth,hazaj_complete,hazaj_complete
1109,Acharif Arradi,Amaa Konta Ma3a Alhayyi,20,رِكَابِ الدَّمَ وَالأَيْنَا,إِذَا السَّيْرُ حَذَا أَيْدِي الْ,Abbassi: VIIIth - XVIth,hazaj_complete,hazaj_complete
1110,Acharif Arradi,Amaa Konta Ma3a Alhayyi,21,هِ بَرَّاقَ الطُّلَى لَيْنَا,أَذَاتَ الطَّوْقِ تَجْلُو فِي,Abbassi: VIIIth - XVIth,hazaj_complete,hazaj_complete
1111,Acharif Arradi,Amaa Konta Ma3a Alhayyi,22,إِذَا أَوْعَدْتِنِي البَيْنَا,قِفِي أُخْبِرْكِ عَنْ صَبْرِي,Abbassi: VIIIth - XVIth,hazaj_complete,hazaj_complete
1112,Acharif Arradi,Amaa Konta Ma3a Alhayyi,23,شُجَاعَ القَوْمِ لَا القَيْنَا,سَلِي عَنْ هَيْئَةِ السَّيْفِ,Abbassi: VIIIth - XVIth,hazaj_complete,hazaj_complete
1113,Acharif Arradi,Amaa Konta Ma3a Alhayyi,24,إِلَى المَجْدِ تَسَاعَيْنَا,لَنَا السَّبْقُ بِأَقْدَامٍ,Abbassi: VIIIth - XVIth,hazaj_complete,hazaj_complete
1114,Acharif Arradi,Amaa Konta Ma3a Alhayyi,25,دِ هَمْسًا بَيْنَ غَابَيْنَا,تَرَيْ زَمْجَرَةَ الآسَا,Abbassi: VIIIth - XVIth,hazaj_complete,hazaj_complete
1115,Acharif Arradi,Amaa Konta Ma3a Alhayyi,26,عَلَى الأَعْرَاضِ غَالِينَا,إِذَا سَاوَمَنَا الضَّيْمُ,Abbassi: VIIIth - XVIth,hazaj_complete,hazaj_complete
1116,Acharif Arradi,Amaa Konta Ma3a Alhayyi,27,عِنَانَ المَالِ أَلْقَيْنَا,وَإِنْ نَازَعَنَا الحَقُّ,Abbassi: VIIIth - XVIth,hazaj_complete,hazaj_complete
1117,Acharif Arradi,Amaa Konta Ma3a Alhayyi,28,نُ أَعْطَيْنَا وَأَمْطَيْنَا,إِذَا مَا رَوَّحَ الأُعْيَا,Abbassi: VIIIth - XVIth,hazaj_complete,hazaj_complete
1118,Acharif Arradi,Amaa Konta Ma3a Alhayyi,29,عَلَى الجُودِ تَوَاطَيْنَا,يَظُنُّ المُجْتَدِي أَنَّا,Abbassi: VIIIth - XVIth,hazaj_complete,hazaj_complete
1119,Acharif Arradi,Amaa Konta Ma3a Alhayyi,30,فَأَفْقَرْنَا وَأَغْنَيْنَا,مَلَكْنَا مَقْطَعَ الرِّزْقِ,Abbassi: VIIIth - XVIth,hazaj_complete,hazaj_complete
1120,Acharif Arradi,Amaa Konta Ma3a Alhayyi,31,فَأَغْضَبْنَا وَأَرْضَيْنَا,وَحُزْنَا طَاعَةَ الدَّهْرِ,Abbassi: VIIIth - XVIth,hazaj_complete,hazaj_complete
1121,Acharif Arradi,Amaa Konta Ma3a Alhayyi,32,سَخَونَا أَوْ تَسَاخَيْنَا,مَتَى لَمْ يُطِعِ الجُودُ,Abbassi: VIIIth - XVIth,hazaj_complete,hazaj_complete
1122,Acharif Arradi,Amaa Konta Ma3a Alhayyi,33,جَمِيعًا وَتَنَاعَيْنَا,سِرَاعًا فَتَفَاقَدْنَا,Abbassi: VIIIth - XVIth,hazaj_complete,hazaj_complete
1123,Acharif Arradi,Amaa Konta Ma3a Alhayyi,34,إِلَى المَوْتِ تَدَاعَيْنَا,إِذَا مَا ثَوَّبَ الدَّاعِي,Abbassi: VIIIth - XVIth,hazaj_complete,hazaj_complete
1124,Acharif Arradi,Amaa Konta Ma3a Alhayyi,35,إِذَا نَحْنُ تَفَادَيْنَا,وَمَا يَنْفَعُنَا يَوْمًا,Abbassi: VIIIth - XVIth,hazaj_complete,hazaj_complete
1125,Acharif Arradi,Amaa Konta Ma3a Alhayyi,36,إِلَى الغَايَةِ أَجْرَيْنَا,وَمَا أَعْلَمَنَا أَنَّا,Abbassi: VIIIth - XVIth,hazaj_complete,hazaj_complete
2710,Ahmed Al Kiwani,Foaadon miloho amalo,1,وَجِسْمٌ حَشْوُهُ سَقَمُ,فُؤَادٌ مِلْؤُهُ أَلَمُ,Othoman: XIIIth - XXth,wafir_partial,wafir_partial
2711,Ahmed Al Kiwani,Foaadon miloho amalo,2,وَطَرْفٌ دَمْعُهُ دِيَمُ,وَعَيْنٌ كُحْلَهَا سَهَرٌ,Othoman: XIIIth - XXth,wafir_partial,wafir_partial
2712,Ahmed Al Kiwani,Foaadon miloho amalo,3,دُ إِنْ وَصَلُوا وَإِنْ صَرَمُوا,وَقَلْبٌ وَجْدُهُ يَزْدَا,Othoman: XIIIth - XXth,wafir_partial,wafir_partial
2713,Ahmed Al Kiwani,Foaadon miloho amalo,4,سَرَائِرُنَا وَيَتَّهِمُ,وَأَغْيَدُّ لَحْظِهِ يَبْلُو,Othoman: XIIIth - XXth,wafir_partial,wafir_partial
2715,Ahmed Al Kiwani,Foaadon miloho amalo,5,وَلَمْ يَنْطِقْ هُنَاكَ فَمُ,فَيَنْكَشِفُ الضَّمِيرُ لَهُ,Othoman: XIIIth - XXth,wafir_partial,wafir_partial
2716,Ahmed Al Kiwani,Foaadon miloho amalo,6,جِرَاحًا لَيْسَ تَلْتَئِمُ,يُجَرِّحُنِي بِمُقْلَتِهِ,Othoman: XIIIth - XXth,wafir_partial,wafir_partial
2717,Ahmed Al Kiwani,Foaadon miloho amalo,7,وَيَحْيِينِي وَمَا عَلِمُوا,فَأَقْضِي بَيْنَ جُلَّاسِي,Othoman: XIIIth - XXth,wafir_partial,wafir_partial
2718,Ahmed Al Kiwani,Foaadon miloho amalo,8,فِ وَهْوَ الخَصْمُ وَالحَكَمُ,قَلِيلُ العَدْلِ وَالإِنْصَا,Othoman: XIIIth - XXth,wafir_partial,wafir_partial
2719,Ahmed Al Kiwani,Foaadon miloho amalo,9,فَيَأْخُذُنِي بِمَا زَعَمُوا,يُصَدُّ فِي أَعِدَّائِي,Othoman: XIIIth - XXth,wafir_partial,wafir_partial
2720,Ahmed Al Kiwani,Foaadon miloho amalo,10,وَيَجْفُونِي وَيَنْتَقِمُ,يُعَذِّبُنِي بِلَا ذَنْبٍ,Othoman: XIIIth - XXth,wafir_partial,wafir_partial
2721,Ahmed Al Kiwani,Foaadon miloho amalo,11,وَلَكِنْ دُرَّهَا كَلِمُ,وَأَسْلَاكٌ مِنَ الشَّكْوَى,Othoman: XIIIth - XXth,wafir_partial,wafir_partial
2722,Ahmed Al Kiwani,Foaadon miloho amalo,12,وَأَنْثُرُهَا فَتَنْتَظِمُ,أُجَمْجِمُهَا وَتَسْبِقُنِي,Othoman: XIIIth - XXth,wafir_partial,wafir_partial
2723,Ahmed Al Kiwani,Foaadon miloho amalo,13,يُكَفْكِفُهَا وَتَنْسَجِمُ,كَأَدْمُعِ عَاشِقٍ كَلَفٍ,Othoman: XIIIth - XXth,wafir_partial,wafir_partial
2724,Ahmed Al Kiwani,Foaadon miloho amalo,14,سَهُ وَاللَّيْلُ يَنْهَزِمُ,وَنَدْمَانٌ طَرَدْتَ نُعَا,Othoman: XIIIth - XXth,wafir_partial,wafir_partial
2725,Ahmed Al Kiwani,Foaadon miloho amalo,15,وَثَغْرُ البَرْقِ يَبْتَسِمُ,وَجَفْنُ غَمَامِهِ يَبْكِي,Othoman: XIIIth - XXth,wafir_partial,wafir_partial
2726,Ahmed Al Kiwani,Foaadon miloho amalo,16,الظُّلَمَا وَيَقْتَحِمُ,وَجَيْشُ الصُّبْحِ يَصْدِمُ عَسْكَرَ,Othoman: XIIIth - XXth,wafir_partial,wafir_partial
2727,Ahmed Al Kiwani,Foaadon miloho amalo,17,بَدَا فِي شَرْقِهِ عَلَمُ,لَهُ مِنْ لَوِّ دَمْعِيَ إِذْ,Othoman: XIIIth - XXth,wafir_partial,wafir_partial
2728,Ahmed Al Kiwani,Foaadon miloho amalo,18,تَصُبُّ فَتَتْجَلِي الظُّلَمُ,بِصَافِيَةٍ مُشَعْشَعَةٍ,Othoman: XIIIth - XXth,wafir_partial,wafir_partial
2729,Ahmed Al Kiwani,Foaadon miloho amalo,19,فَأَبْلَى جِسْمُهَا القِدَمُ,مَدَامٍ عَمَّرَتْ حِقَبًا,Othoman: XIIIth - XXth,wafir_partial,wafir_partial
2730,Ahmed Al Kiwani,Foaadon miloho amalo,20,كَأَنَّ وُجُودَهَا عَدَمُ,وَغَابَتْ رَقَّةٌ حَتَّى,Othoman: XIIIth - XXth,wafir_partial,wafir_partial
2731,Ahmed Al Kiwani,Foaadon miloho amalo,21,أُدَافِعُهُ وَيَزْدَحِمُ,فَقُلْتُ أَلَا تَرَى هَمِّي,Othoman: XIIIth - XXth,wafir_partial,wafir_partial
2732,Ahmed Al Kiwani,Foaadon miloho amalo,22,وَتُهْمِلُنِي وَتَهْتَضِمُ,أَنُكْرِي مَعْرِضًا عَنِّي,Othoman: XIIIth - XXth,wafir_partial,wafir_partial
2733,Ahmed Al Kiwani,Foaadon miloho amalo,23,إِلَّا الرَّاحُ وَالنَّغَمُ,وَلَيْسَ لِدَفْعِ هَمِّ النَّفْسِ,Othoman: XIIIth - XXth,wafir_partial,wafir_partial
2734,Ahmed Al Kiwani,Foaadon miloho amalo,24,فَوِدُّ الحَرِّ يَغْتَنِمُ,فَهَلْ لَكَ فِي مُسَاعَدَتِي,Othoman: XIIIth - XXth,wafir_partial,wafir_partial
2735,Ahmed Al Kiwani,Foaadon miloho amalo,25,وَغَنَّى وَهْوَ مُحْتَشِمُ,فَأَطْرُقُ رَأْسَهُ خَجَلًا,Othoman: XIIIth - XXth,wafir_partial,wafir_partial
2736,Ahmed Al Kiwani,Foaadon miloho amalo,26,وَحُبٌّ لَيْسَ يَنْكَتِمُ,عِتَابٌ لَيْسَ يَنْصَرِمُ,Othoman: XIIIth - XXth,wafir_partial,wafir_partial
2737,Ahmed Al Kiwani,Foaadon miloho amalo,27,وَزَادَ الوَجْدُ وَالأَلَمُ,فَأَزْكَى نَارَ أَشْوَاقِي,Othoman: XIIIth - XXth,wafir_partial,wafir_partial
2738,Ahmed Al Kiwani,Foaadon miloho amalo,28,بَّ دَاءٌ لَيْسَ يَنْحَسِمُ,فَقَدْ أَيْقَنْتَ إِنَّ الحُ,Othoman: XIIIth - XXth,wafir_partial,wafir_partial
2674,Ahmed Al Kiwani,Wajdon Lahou,1,يُشْفِقُ مِنْ حَرِّهِ اللَّهِيبُ,وَجْدٌ لَهُ فِي الحَشَا دَبِيبٌ,Othoman: XIIIth - XXth,bassit_mokhlaa,bassit_mokhlaa
2675,Ahmed Al Kiwani,Wajdon Lahou,2,وَعِلَّةٌ مَا لَهَا طَبِيبُ,وَغِلَّةٌ مَا لَهَا شِفَاءٌ,Othoman: XIIIth - XXth,bassit_mokhlaa,bassit_mokhlaa
2676,Ahmed Al Kiwani,Wajdon Lahou,3,مِنِّي سِوَى مَدْمَعٌ يَصُوبُ,مَا تَرَكَ الشَّوْقَ وَالتَّنَائِي,Othoman: XIIIth - XXth,bassit_mokhlaa,bassit_mokhlaa
2677,Ahmed Al Kiwani,Wajdon Lahou,4,عَلِيلُ يَرْتَاحُ يَا جُنُوبُ,تَنَفَّسِي لِلْعَلِيلِ عَلَّ الْ,Othoman: XIIIth - XXth,bassit_mokhlaa,bassit_mokhlaa
2678,Ahmed Al Kiwani,Wajdon Lahou,5,كَ بِاللِّوَى عَارِضٌ سَكُوبُ,سَقَاكَ يَا عَهْدَنَا وَحَيَّا,Othoman: XIIIth - XXth,bassit_mokhlaa,bassit_mokhlaa
2679,Ahmed Al Kiwani,Wajdon Lahou,6,فَرُبَّمَا أَخْصَبَ الجَدِيبُ,أَعَائِدٌ عَيْشَنَا الرَّطِيبُ,Othoman: XIIIth - XXth,bassit_mokhlaa,bassit_mokhlaa
2680,Ahmed Al Kiwani,Wajdon Lahou,7,وَحَيْثُ بَرْدُ الهَوَى قَشِيبُ,أَيَّامَ رَوْضُ الشَّبَابِ غَضٌّ,Othoman: XIIIth - XXth,bassit_mokhlaa,bassit_mokhlaa
2681,Ahmed Al Kiwani,Wajdon Lahou,8,مِنْ فَمِهِ الشَّادِنِ الرَّبِيبُ,إِذْ يُسْكِرُ الشُّرْبُ وَالحُمَيَّا,Othoman: XIIIth - XXth,bassit_mokhlaa,bassit_mokhlaa
2682,Ahmed Al Kiwani,Wajdon Lahou,9,وَالرَّاحُ مِنْ رِيقِهِ يَشُوبُ,يُدِيرُ كَاسَ الأَدَابِ صَرْفًا,Othoman: XIIIth - XXth,bassit_mokhlaa,bassit_mokhlaa
2683,Ahmed Al Kiwani,Wajdon Lahou,10,وَالبَدْرُ وَالدُّرُّ وَالقَضِيبُ,القَدُّ وَالثَّغْرُ وَالمُحَيَّا,Othoman: XIIIth - XXth,bassit_mokhlaa,bassit_mokhlaa
2684,Ahmed Al Kiwani,Wajdon Lahou,11,كَأَنَّهُ صَارِمٌ مُهِيبُ,يَرُوعُنِي لَحْظَةَ الغَضُوبِ,Othoman: XIIIth - XXth,bassit_mokhlaa,bassit_mokhlaa
2685,Ahmed Al Kiwani,Wajdon Lahou,12,أَشْكُو هَوَاهُ فَلَا يُجِيبُ,إِذَا خَلَوْنَا بِلَا رَقِيبٍ,Othoman: XIIIth - XXth,bassit_mokhlaa,bassit_mokhlaa
2686,Ahmed Al Kiwani,Wajdon Lahou,13,فَأَنْتَ وَافِي الهَوَى تَسِيبُ,قُمْ نَشْتَكِي الشَّوْقَ يَا سَمِيرِي,Othoman: XIIIth - XXth,bassit_mokhlaa,bassit_mokhlaa
2687,Ahmed Al Kiwani,Wajdon Lahou,14,فَصَارَ فِي وَجْهِهِ قَطُوبُ,بَانُوا وَوَجْهُ الزَّمَانِ طَلْقٌ,Othoman: XIIIth - XXth,bassit_mokhlaa,bassit_mokhlaa
2688,Ahmed Al Kiwani,Wajdon Lahou,15,وَلَا أَنِيسٌ وَلَا حَبِيبُ,فَلَا نَدِيمٌ وَلَا صَدِيقٌ,Othoman: XIIIth - XXth,bassit_mokhlaa,bassit_mokhlaa
2689,Ahmed Al Kiwani,Wajdon Lahou,16,فِي جَسَدٍ كُلُّهُ نَدُوبُ,يَفْدِيكَ قَلْبٌ لَهُ وَجِيبٌ,Othoman: XIIIth - XXth,bassit_mokhlaa,bassit_mokhlaa
2690,Ahmed Al Kiwani,Wajdon Lahou,17,وَالشَّوْقُ عَنِّي بِهِ يَغِيبُ,تَحْضُرُ لِي بَعْضُهُ الأَمَانِي,Othoman: XIIIth - XXth,bassit_mokhlaa,bassit_mokhlaa
2691,Ahmed Al Kiwani,Wajdon Lahou,18,لَمْ يَنْسَهُ المُدْنِفُ الكَئِيبُ,أَظُنُّ أَنْ قَدْ نَسَيْتَ عَهْدًا,Othoman: XIIIth - XXth,bassit_mokhlaa,bassit_mokhlaa
2692,Ahmed Al Kiwani,Wajdon Lahou,19,وَإِنَّ قُرْبَ المُرِيبِ حُوبُ,وَقَدْ مَنَحْتُ الأَغْيَارَ قُرْبًا,Othoman: XIIIth - XXth,bassit_mokhlaa,bassit_mokhlaa
2693,Ahmed Al Kiwani,Wajdon Lahou,20,وَظَنَّ أَهْلَ الهَوَى يُصِيبُ,وَلَيْسَ يَجْفِي المُحِبُّ شَيْءٌ,Othoman: XIIIth - XXth,bassit_mokhlaa,bassit_mokhlaa
2694,Ahmed Al Kiwani,Wajdon Lahou,21,وَكُلُّ أَجْسَامِهِمْ قُلُوبُ,قُلُوبُهُمْ كُلَّهَا عُيُونٌ,Othoman: XIIIth - XXth,bassit_mokhlaa,bassit_mokhlaa
2695,Ahmed Al Kiwani,Wajdon Lahou,22,تَكَادُ تَبْدُو لَهُ الغُيُوبُ,وَمَنْ يَكُنْ عَاشِقًا عَفِيفًا,Othoman: XIIIth - XXth,bassit_mokhlaa,bassit_mokhlaa
2696,Ahmed Al Kiwani,Wajdon Lahou,23,وَيُحْرَمُ الطَّالِبُ الأَرِيبُ,قَدْ يُرْزَقُ الشَّيْءُ غَيْرَ عَانٍ,Othoman: XIIIth - XXth,bassit_mokhlaa,bassit_mokhlaa
2697,Ahmed Al Kiwani,Wajdon Lahou,24,وَرُبَّمَا مَلَّهُ حَبِيبُ,مَا ذَاقَ صَفْوُ الدَّنَا فَصِيحٌ,Othoman: XIIIth - XXth,bassit_mokhlaa,bassit_mokhlaa
2698,Ahmed Al Kiwani,Wajdon Lahou,25,إِلَّا أَتَتْ دُونَهُ الخَطُوبُ,وَمَا تَصَدَّى حَرٌّ لِأَمْرٍ,Othoman: XIIIth - XXth,bassit_mokhlaa,bassit_mokhlaa
2699,Ahmed Al Kiwani,Wajdon Lahou,26,قَدْ أُبْهِمَ الأَمْرَ بِالَّبِيبِ,لَا تَطْلُبَنَّ عِلَةَ لَحْظٍ,Othoman: XIIIth - XXth,bassit_mokhlaa,bassit_mokhlaa
2700,Ahmed Al Kiwani,Wajdon Lahou,27,يَذِيعُهُ لَحْظُهُ المُرِيبُ,وَمُضْمَرٌ فِي حَشَاهُ ضَغْنًا,Othoman: XIIIth - XXth,bassit_mokhlaa,bassit_mokhlaa
2701,Ahmed Al Kiwani,Wajdon Lahou,28,وَكِبْرُهُ دُونَهُ رَقِيبُ,يَسُومُ وِدِّي بِالمَالِ جَهْلًا,Othoman: XIIIth - XXth,bassit_mokhlaa,bassit_mokhlaa
2702,Ahmed Al Kiwani,Wajdon Lahou,29,مَا النَّجْمُ مِنْ لَامِسٍ قَرِيبُ,هَيْهَاتَ ذُلِّ القَنُوعِ يَوْمًا,Othoman: XIIIth - XXth,bassit_mokhlaa,bassit_mokhlaa
2703,Ahmed Al Kiwani,Wajdon Lahou,30,إِذَا اسْتَرَقَّ الهَزَبْرَ ذِيبُ,لَا يَسْتَطِيبُ الحَيَاةَ حُرٌّ,Othoman: XIIIth - XXth,bassit_mokhlaa,bassit_mokhlaa
2704,Ahmed Al Kiwani,Wajdon Lahou,31,وَلَا يَرَى بَشَرُهْ قُطُوبُ,قَدْ يَمْلِكُ الحُرُّ بِابْتِسَامٍ,Othoman: XIIIth - XXth,bassit_mokhlaa,bassit_mokhlaa
2705,Ahmed Al Kiwani,Wajdon Lahou,32,وَالقُوتُ عَنْهُ إِذًا يَنُوبُ,وَالمَالُ مَا لَمْ تَهَبْهُ آلُ,Othoman: XIIIth - XXth,bassit_mokhlaa,bassit_mokhlaa
2706,Ahmed Al Kiwani,Wajdon Lahou,33,قَدْ شَفَّهَا السَّيْرُ وَالسُّهُوبُ,أَقْسَمْتُ بِالعَيْسِ كَالحَنَايَا,Othoman: XIIIth - XXth,bassit_mokhlaa,bassit_mokhlaa
2707,Ahmed Al Kiwani,Wajdon Lahou,34,مِنَ السُّرَى مُسْهِمٌ لَغُوبُ,يَحْمِلْنَ مَيْلَ الطَّلَى نَشَاوَى,Othoman: XIIIth - XXth,bassit_mokhlaa,bassit_mokhlaa
2708,Ahmed Al Kiwani,Wajdon Lahou,35,وَخَصَّتِ عَنْهُمُ الذُّنُوبُ,حَتَّى أَلَمُّوا بِالبَيْتِ شَعْثًا,Othoman: XIIIth - XXth,bassit_mokhlaa,bassit_mokhlaa
2709,Ahmed Al Kiwani,Wajdon Lahou,36,فَالحُرُّ بَيْنَ الوَرَى غَرِيبُ,إِنَّ العُلَا أَصْبَحَتْ خَلَاءً,Othoman: XIIIth - XXth,bassit_mokhlaa,bassit_mokhlaa
689,Ahmed Chawqui,Afifo Al Jahri,1,قَضَى الوَاجِبَ بِالأَمْسِ,عَفِيفُ الجَهْرِ وَالهَمْسِ,Modern,hazaj_complete,hazaj_complete
690,Ahmed Chawqui,Afifo Al Jahri,2,بِنُقْصَانٍ وَلَا بَخْسِ,وَلَمْ يَعْرِضْ لِذِي حَقٍّ,Modern,hazaj_complete,hazaj_complete
691,Ahmed Chawqui,Afifo Al Jahri,3,وَفِي أَلْسُنِهِمْ مَنْسِي,وَعِنْدَ النَّاسِ مَجْهُولٌ,Modern,hazaj_complete,hazaj_complete
692,Ahmed Chawqui,Afifo Al Jahri,4,لِآلَامِ بَنِي الجِنْسِ,وَفِيهِ رِقَّةُ القَلْبِ,Modern,hazaj_complete,hazaj_complete
693,Ahmed Chawqui,Afifo Al Jahri,5,وَيَرْثِي لِأَخِي البُؤْسِ,فَلَا يَغْبِطُ ذَا نُعْمَى,Modern,hazaj_complete,hazaj_complete
694,Ahmed Chawqui,Afifo Al Jahri,6,حَوَالَيْ زَادِهِ كُرْسِي,وَلِلْمَحْرُومِ وَالعَافِي,Modern,hazaj_complete,hazaj_complete
695,Ahmed Chawqui,Afifo Al Jahri,7,بِبَعْضِ الكَيْدِ وَالدَّسِّ,وَمَا نَمَّ وَلَا هَمَّ,Modern,hazaj_complete,hazaj_complete
696,Ahmed Chawqui,Afifo Al Jahri,8,قَلِيلَ الهَمِّ وَالهَجْسِ,يَنَامُ اللَّيْلَ مَسْرُورًا,Modern,hazaj_complete,hazaj_complete
697,Ahmed Chawqui,Afifo Al Jahri,9,سَرِيرَتِهِ كَمَا يُمْسِي,وَيُصْبِحُ لَا غُبَارَ عَلَى,Modern,hazaj_complete,wafir_partial
698,Ahmed Chawqui,Afifo Al Jahri,10,عَلَى الأَرْضِ مِنَ الإِنْسِ,فَيَا أَسْعَدَ مَنْ يَمْشِي,Modern,hazaj_complete,hazaj_complete
699,Ahmed Chawqui,Afifo Al Jahri,11,مِنَ الرِّيبَةِ وَالرِّجْسِ,وَمَنْ طَهَّرَهُ اللَّهُ,Modern,hazaj_complete,hazaj_complete
700,Ahmed Chawqui,Afifo Al Jahri,12,وَهَبْ لِي قُرْبَكَ القُدْسِي,أَنِلْ قَدْرِيَ تَشْرِيفًا,Modern,hazaj_complete,hazaj_complete
701,Ahmed Chawqui,Afifo Al Jahri,13,مَجَ فِي أَحْلَامِهَا نَفْسِي,عَسَى نَفْسُكَ أَنْ تُدْ,Modern,hazaj_complete,hazaj_complete
702,Ahmed Chawqui,Afifo Al Jahri,14,مِنَ الغِبْطَةِ وَالأُنْسِ,فَأَلْقَى بَعْضَ مَا تَلْقَى,Modern,hazaj_complete,hazaj_complete
1392,Ahmed Chawqui,Akhathat Na3chaki Misrou,1,وَحَوَتْهُ مِنْ يَدِ الرُّوحِ الأَمِينِ,أَخَذَتْ نَعْشَكِ مِصْرُو بِاليَمِينِ,Modern,ramal_complete,ramal_complete
1393,Ahmed Chawqui,Akhathat Na3chaki Misrou,2,لَقِيَتْ يَثْرِبُ أُمَّ المُؤْمِنِينَ,لَقِيَتْ طُهْرَ بَقَايَاكِي كَمَا,Modern,ramal_complete,ramal_complete
1394,Ahmed Chawqui,Akhathat Na3chaki Misrou,3,وَوَرَاءَ النَّحْرِ مِنْ حَبْلِ الوَتِينِ,فِي سَوَادِيهَا وَفِي أَحْشَائِهَا,Modern,ramal_complete,ramal_complete
1395,Ahmed Chawqui,Akhathat Na3chaki Misrou,4,رَمْلَةِ الثَّغْرِ إِلَى القَصْرِ الحَزِينِ,خَرَجَتْ مِنْ قَصْرِكِ البَاكِي إِلَى,Modern,ramal_complete,ramal_complete
1396,Ahmed Chawqui,Akhathat Na3chaki Misrou,5,وَمَشَتْ فِي عَبَرَاتِ البَائِسِينَ,أَخَذَتْ بَيْنَ اليَتَامَى مَذْهَبًا,Modern,ramal_complete,ramal_complete
1397,Ahmed Chawqui,Akhathat Na3chaki Misrou,6,مِنْ وَرَاءِ الدَّمْعِ أَسْرَابَ السَّفِينِ,وَرَمَتْ طَرْفًا إِلَى البَحْرِ تَرَى,Modern,ramal_complete,ramal_complete
1398,Ahmed Chawqui,Akhathat Na3chaki Misrou,7,فَنَنُ الوَرْدِ وَفَرْعُ اليَاسَمِينِ,فَبَدَتْ جَارِيَةٌ فِي حِضْنِهَا,Modern,ramal_complete,ramal_complete
1399,Ahmed Chawqui,Akhathat Na3chaki Misrou,8,وَعَلَى سُكَّانِهَا نُورُ اليَقِينِ,وَعَلَى جُؤْجُئِهَا نُورُ الهُدَى,Modern,ramal_complete,ramal_complete
1400,Ahmed Chawqui,Akhathat Na3chaki Misrou,9,جَوْهَرَ السُّؤْدُدِ وَالكَنْزَ الثَّمِينِ,حَمَلَتْ مِنْ شَاطِئِي مَرْمَرَةٌ,Modern,ramal_complete,ramal_complete
1401,Ahmed Chawqui,Akhathat Na3chaki Misrou,10,فِي الأُجَاجِ المِلْحِ بِالعَذْبِ المَعِينِ,وَطَوَتْ بَحْرًا بِبَحْرٍ وَجَرَتْ,Modern,ramal_complete,ramal_complete
1402,Ahmed Chawqui,Akhathat Na3chaki Misrou,11,وَسَنَاءً فِي جِبَاهِ المَالِكِينَ,وَاسْتَقَلَّتْ دُرَّةً كَانَتْ سَنًى,Modern,ramal_complete,ramal_complete
1403,Ahmed Chawqui,Akhathat Na3chaki Misrou,12,خُرَّدٍ مِنْ خَفِرَاتِ البَيْتِ عَيْنُ,ذَهَبَتْ عَنْ عِلْيَةٍ صَيْدٍ وَعَنْ,Modern,ramal_complete,ramal_complete
1404,Ahmed Chawqui,Akhathat Na3chaki Misrou,13,وَالأَمِينَاتُ بُنَيَّاتُ الأَمِينِ,وَالتَّقِيَّاتُ بَنَاتُ المُتَّقِي,Modern,ramal_complete,ramal_complete
1405,Ahmed Chawqui,Akhathat Na3chaki Misrou,14,وَنَضَتْهُو كَالشُّمُوسِ الآفِلِينَ,لَبِسَتْ فِي مَطْلَعِ العِزِّ الضُّحَى,Modern,ramal_complete,ramal_complete
1406,Ahmed Chawqui,Akhathat Na3chaki Misrou,15,كَيَدِ الشَّمْسِ وَإِنْ غَابَ الجَبِينُ,يَدُهَا بَانِيَةٌ غَارِسَةٌ,Modern,ramal_complete,ramal_complete
1407,Ahmed Chawqui,Akhathat Na3chaki Misrou,16,قَدْ رَكِبْتِ اليَوْمَ عَرْشَ العَالَمِينَ,رَبَّةُ العَرْشَيْنِ فِي دَوْلَتِهَا,Modern,ramal_complete,ramal_complete
1408,Ahmed Chawqui,Akhathat Na3chaki Misrou,17,وَتَوَارَى بِنِسَاءِ المُرْسَلِينَ,أُضْجِعَتْ قَبْلَكِ فِيهِ مَرْيَمٌ,Modern,ramal_complete,ramal_complete
1409,Ahmed Chawqui,Akhathat Na3chaki Misrou,18,لَهُمُ آدَمُ رُسْلِ الآخَرِينَ,إِنَّهُ رَحْلُ الأَوَالِي شَدَّهُ,Modern,ramal_complete,ramal_complete
1410,Ahmed Chawqui,Akhathat Na3chaki Misrou,19,عَبْقَرِيًّا هُوَ أُمُّ المُحْسِنِينَ,إِخْلَعِي الأَلْقَابَ إِلَّا لَقَبًا,Modern,ramal_complete,ramal_complete
1411,Ahmed Chawqui,Akhathat Na3chaki Misrou,20,يَمْضِ عَنْ قَوْمٍ لِأَيْدِي آخَرِينَ,وَدَعِي المَالَ يَسْرِ سُنَّتَهُ,Modern,ramal_complete,ramal_complete
1412,Ahmed Chawqui,Akhathat Na3chaki Misrou,21,وَاطْرَحِي مِنْ حَالِقٍ عِبْءَ السِّنِينَ,وَاقْذِفِي بِالهَمِّ فِي وَجْهِ الثَّرَى,Modern,ramal_complete,ramal_complete
1413,Ahmed Chawqui,Akhathat Na3chaki Misrou,22,لَيْسَ بِالمُخْطِئِ يَوْمُ الشَّامِتِينَ,وَاسْخَرِي مِنْ شَانِئٍ أَوْ شَامِتٍ,Modern,ramal_complete,ramal_complete
1414,Ahmed Chawqui,Akhathat Na3chaki Misrou,23,لَمْ تَدُمْ فِي وَلَدٍ أَوْ فِي قَرِينِ,وَتَعَزِّي عَنْ عَوَادِي دَوْلَةٍ,Modern,ramal_complete,ramal_complete
1415,Ahmed Chawqui,Akhathat Na3chaki Misrou,24,لَتَغَطَّى وَجْهُهَا بِالدَّارِعَيْنُ,وَازْهَدِي فِي مَوْكِبٍ لَوْ شِئْتِهِ,Modern,ramal_complete,ramal_complete
1416,Ahmed Chawqui,Akhathat Na3chaki Misrou,25,لَيْسَ يُحْيِي مَوْكِبُ الدَّفْنِ الدَّفِينِ,مَا الَّذِي رَدَّ عَلَى أَصْحَابِهِ,Modern,ramal_complete,ramal_complete
1417,Ahmed Chawqui,Akhathat Na3chaki Misrou,26,مَنَعَ الحَوْضَ وَلَا حَاطَ العَرِينِ,رُبَّ مَحْمُولٍ عَلَى المِدْفَعِ مَا,Modern,ramal_complete,ramal_complete
1418,Ahmed Chawqui,Akhathat Na3chaki Misrou,27,يَتَحَدَّوْنَ بِهِ الحَقَّ المُبِينِ,بَاطِلٌ مِنْ أُمَمٍ مَخْدُوعَةٍ,Modern,ramal_complete,ramal_complete
1419,Ahmed Chawqui,Akhathat Na3chaki Misrou,28,ذَرَفَتْ آمَاقَهَا فِيهِ العُيُونُ,فِي فَرُوقٍ وَرُبَاهَا مَأْتَمٌ,Modern,ramal_complete,ramal_complete
1420,Ahmed Chawqui,Akhathat Na3chaki Misrou,29,مَلَأٌ بُدِّلْنَ مِنْ عِزٍّ بِهَوْنِ,قَامَ فِيهَا مِنْ عَقِيلَاتِ الحِمَى,Modern,ramal_complete,ramal_complete
1421,Ahmed Chawqui,Akhathat Na3chaki Misrou,30,تَلْقَ إِلَّا عِنْدَكِ الرُّكْنَ الرَّكِينِ,أُسَرٌ مَالَتْ بِهَا الدُّنْيَا فَلَمْ,Modern,ramal_complete,ramal_complete
1422,Ahmed Chawqui,Akhathat Na3chaki Misrou,31,وَمِنَ الكَاسِينَ فِيهِ الطَّاعِمِينَ,قَدْ خَلَا بَيْبَكُ مِنْ حَاتِمِهِ,Modern,ramal_complete,ramal_complete
1423,Ahmed Chawqui,Akhathat Na3chaki Misrou,32,وَانْقَضَى مَا كَانَ مِنْ خَفْضٍ وَلِينِ,طَارَتِ النِّعْمَةُ عَنْ أَيْكَتِهِ,Modern,ramal_complete,ramal_complete
1424,Ahmed Chawqui,Akhathat Na3chaki Misrou,33,وَالمَسَاكِينُ يَمُدُّونَ الرَّنِينِ,اليَتَامَى نُوَّحٌ نَاحِيَةً,Modern,ramal_complete,ramal_complete
1425,Ahmed Chawqui,Akhathat Na3chaki Misrou,34,دُوِّلَتْ نُعْمَاهُ بَيْنَ الأَقْرَبِينَ,دَوْلَةٌ مَالَتْ وَسُلْطَانٌ خَلَا,Modern,ramal_complete,ramal_complete
1426,Ahmed Chawqui,Akhathat Na3chaki Misrou,35,مِنْ بَنِيهِ سَيِّدٌ فِي عَابِدِينَ,مُنْهِضُ الشَّرْقِ عَلِيٌّ لَمْ يَزَلْ,Modern,ramal_complete,ramal_complete
1427,Ahmed Chawqui,Akhathat Na3chaki Misrou,36,فَتَرَاتُ الدَّهْرِ مِنْ دُنْيَا وَدِينِ,يُصْلِحُ اللَّهُ بِهِ مَا أَفْسَدَتْ,Modern,ramal_complete,ramal_complete
1428,Ahmed Chawqui,Akhathat Na3chaki Misrou,37,أُمَّ مِصْرَا مِنْ بَنَاتٍ وَبَنِينِ,أُمَّ عَبَّاسٍ وَمَا لِي لَمْ أَقُلْ,Modern,ramal_complete,ramal_complete
1429,Ahmed Chawqui,Akhathat Na3chaki Misrou,38,دَوْلَةَ الرَّيْحَانِ حِينًا بَعْدَ حِينِ,كُنْتِ كَالوَرْدِ لَهُمْ وَاسْتَقْبَلُوا,Modern,ramal_complete,ramal_complete
1430,Ahmed Chawqui,Akhathat Na3chaki Misrou,39,وَيُقَالُ الحَرَمُ العَالِي المَصُونِ,فَيُقَالُ الأُمُّ فِي مَوْكِبِهَا,Modern,ramal_complete,ramal_complete
1431,Ahmed Chawqui,Akhathat Na3chaki Misrou,40,كَالبَقِيعِ الطُّهْرِ ضَمَّ الطَّاهِرِينَ,العَفِيفِيُّ عَفَافٌ وَهُدًى,Modern,ramal_complete,ramal_complete
1432,Ahmed Chawqui,Akhathat Na3chaki Misrou,41,إِنَّ فِيهَا غُرْفَةً لِلصَّابِرِينَ,أُدْخُلِي الجَنَّةَ مِنْ رَوْضَتِهِ,Modern,ramal_complete,ramal_complete
806,Ahmed Chawqui,Bayna Sam3i Allah,1,أَنْتِ يَا مَحْرُوسَةَ النَّفَرِ,بَيْنَ سَمْعِ اللَّهِ وَالبَصَرِي,Modern,madid_complete,madid_complete
807,Ahmed Chawqui,Bayna Sam3i Allah,2,وَاخْرُجِي فِي ذِمَّةِ القَدَرِ,إِسْتَعِدِّي فِي كَلَاءَتِهِ,Modern,madid_complete,madid_complete
808,Ahmed Chawqui,Bayna Sam3i Allah,3,بِحُجُولِ اليُمْنِ وَالغَرَرِ,وَأَضِيئِي البَحْرَ وَاتَّسِمِي,Modern,madid_complete,madid_complete
809,Ahmed Chawqui,Bayna Sam3i Allah,4,زَاخِرٍ فِي الحَلِّ وَالسَّفَرِ,ضَاقَ بَحْرُ الرُّومِ عَنْ مَلِكٍ,Modern,madid_complete,madid_complete
810,Ahmed Chawqui,Bayna Sam3i Allah,5,شِيمَتِي عُثْمَانُ أَوْ عُمَرُ,يَمْلَأُ الدُّنْيَا هُدَى وَنَدَى,Modern,madid_complete,madid_complete
811,Ahmed Chawqui,Bayna Sam3i Allah,6,لَمْ يُحَارِبْنَا وَلَمْ يَجُرِ,قَدْ أَخَذْنَا الدَّهْرَ مِنْهُ رِضَى,Modern,madid_complete,madid_complete
812,Ahmed Chawqui,Bayna Sam3i Allah,7,فَسَبِقْنَا كُلُّ مُفْتَخِرِ,وَمَشَيْنَا فِي مَنَاقِبِهِ,Modern,madid_complete,madid_complete
813,Ahmed Chawqui,Bayna Sam3i Allah,8,وَسَمَاءُ البَدْوِ وَالحَضَرِ,يَا هِلَالَ الشَّرْقِ حَيْثُ سَرَى,Modern,madid_complete,madid_complete
814,Ahmed Chawqui,Bayna Sam3i Allah,9,وَمُدَاوِي الأَرْضِ مِنْ عَسَرِ,وَابْنُ مُحْيِي الأَرْضَ مِنْ عَدَمٍ,Modern,madid_complete,madid_complete
815,Ahmed Chawqui,Bayna Sam3i Allah,10,وَالسَّلِيمُ الحُلْمُ مِنْ كَدَرِ,النَّقِيُّ الفَضْلُ مِنْ رِيَبٍ,Modern,madid_complete,madid_complete
816,Ahmed Chawqui,Bayna Sam3i Allah,11,بُشِّرَتْ بِالغَيْثِ وَالمَطَرِ,كُلَّمَا يُمِّمْتَ مَنْزِلَةً,Modern,madid_complete,madid_complete
817,Ahmed Chawqui,Bayna Sam3i Allah,12,مَا رَآكَ الغَرْبُ فِي الصِّغَرِ,قَدْ رَآكِ الغَرْبُ فِي كِبَرٍ,Modern,madid_complete,madid_complete
818,Ahmed Chawqui,Bayna Sam3i Allah,13,مَا يَنَالُ النَّاسُ بِالعُمَرِ,نِلْتُ بِالمِيلَادِ مِنْ فِطَنٍ,Modern,madid_complete,madid_complete
819,Ahmed Chawqui,Bayna Sam3i Allah,14,بِوُفُودِ المُلْكِ وَالزُّمَرِ,قَصْرُ رَأْسِ التِّينِ مُزْدَحِمٌ,Modern,madid_complete,madid_complete
820,Ahmed Chawqui,Bayna Sam3i Allah,15,خَطَوَاتِ الشَّمْسِ وَالقَمَرِ,لِوَدَاعٍ بَعْدَهُو لَكُمَا,Modern,madid_complete,madid_complete
821,Ahmed Chawqui,Bayna Sam3i Allah,16,نَبَوِيُّ الفَجْرِ وَالأَثَرِ,إِنَّ يَوْمًا وَدَّعُوكَ بِهِ,Modern,madid_complete,madid_complete
822,Ahmed Chawqui,Bayna Sam3i Allah,17,وَاسْتَبَانَ الرُّشْدُ لِلْبَشَرِ,قَامَ دِينٌ فِي صَبِيحَتِهِ,Modern,madid_complete,madid_complete
823,Ahmed Chawqui,Bayna Sam3i Allah,18,بِمُبِينِ الآيِ وَالسُّوَرِ,وَاسْتَضَاءَ العَالِمُونَ نُهَى,Modern,madid_complete,madid_complete
824,Ahmed Chawqui,Bayna Sam3i Allah,19,فِي النُّهَى الآيَاتِ فِي النَّظَرِ,كَلِمَاتٌ دُونَ بَاهِرِهَا,Modern,madid_complete,madid_complete
825,Ahmed Chawqui,Bayna Sam3i Allah,20,وَنِظَامُ النَّاسِ وَالعُصَرِ,سُلِّمَ الدُّنْيَا وَضُرَّتُهَا,Modern,madid_complete,madid_complete
2022,Ahmed Chawqui,Fachawdato Riwaayaton,1,لِلْمُبْصِرِينَ آيَةٌ,فَشَوْدَةٌ رِوَايَةٌ,Modern,rajaz_partial,rajaz_partial
2023,Ahmed Chawqui,Fachawdato Riwaayaton,2,لِيَهْتَدِي فِي مِصْرِ,قَدْ مُثِّلَتْ فِي العَصْرِ,Modern,rajaz_partial,rajaz_partial
2024,Ahmed Chawqui,Fachawdato Riwaayaton,3,وَلَا دَرَى كُنْهُ الحِيَلْ,فَمَا اهْتَدَى وَلَا عَقَلْ,Modern,rajaz_partial,rajaz_partial
2025,Ahmed Chawqui,Fachawdato Riwaayaton,4,ثُمَّ انْثَنَى بَخِيلَا,بَلْ شَهِدَ التَّمْثِيلَا,Modern,rajaz_partial,rajaz_partial
2026,Ahmed Chawqui,Fachawdato Riwaayaton,5,فِي سَاعَةِ الإِسْعَافِ,مُوَلِّيَ الأَكْتَافِ,Modern,rajaz_partial,rajaz_partial
2027,Ahmed Chawqui,Fachawdato Riwaayaton,6,وَفَضْلَهَا لَا تَنْسَا,فَلَا تَلُمْ فَرَنْسَا,Modern,rajaz_partial,rajaz_partial
2028,Ahmed Chawqui,Fachawdato Riwaayaton,7,شَقَاءُ مِصْرَ قَدْ غَلَبْ,وَقُلْ لِمَنْ رَامَ السَّبَبْ,Modern,rajaz_partial,rajaz_partial
2029,Ahmed Chawqui,Fachawdato Riwaayaton,8,مِنْ بعْدِ مَا عَزَّ اللِّقَا,مُرْشَانُ فِي النِّيلِ الْتَقَى,Modern,rajaz_partial,rajaz_partial
2030,Ahmed Chawqui,Fachawdato Riwaayaton,9,عَلَى الصَّفَا الأَتَمِّ,تَقَابَلَا فِي سُلَّمٍ,Modern,rajaz_partial,rajaz_partial
2031,Ahmed Chawqui,Fachawdato Riwaayaton,10,نَهْرًا بِجَنْبِ نَهْرٍ,حَيْثُ المِيَاهُ تَجْرِي,Modern,rajaz_partial,rajaz_partial
2032,Ahmed Chawqui,Fachawdato Riwaayaton,11,كَمَا دَحَاهَا فِي الأَزَلْ,وَالأَرْضُ بِكْرٌ لَمْ تَزَلْ,Modern,rajaz_partial,rajaz_partial
2033,Ahmed Chawqui,Fachawdato Riwaayaton,12,تُنْبِتُ أَجْنَاسَ الزَّهَرْ,تُخْرِجُ أَصْنَافَ الثَّمَرْ,Modern,rajaz_partial,rajaz_partial
2034,Ahmed Chawqui,Fachawdato Riwaayaton,13,مِنْ عَدَسٍ وَفُولِ,تَفِيضُ بِالمَأْكُولِ,Modern,rajaz_partial,rajaz_partial
2035,Ahmed Chawqui,Fachawdato Riwaayaton,14,وَكَمْ بِهَا مِنْ مَعْدَنِ,تُرَابُهَا التِّبْرُ السَّنِي,Modern,rajaz_partial,rajaz_partial
2036,Ahmed Chawqui,Fachawdato Riwaayaton,15,لِمَرْشَنٍ وَقَوْمِهْ,وَغَرْسَهَا ابْنَ يَوْمِهْ,Modern,rajaz_partial,hazaj_complete
2037,Ahmed Chawqui,Fachawdato Riwaayaton,16,كَأَنَّهُ عُودٌ نَبَتْ,مُرْشَانَ فِيهَا قَدْ ثَبَتْ,Modern,rajaz_partial,rajaz_partial
2038,Ahmed Chawqui,Fachawdato Riwaayaton,17,فَمَا لَهُ مِنْ قَاصِفْ,يَلِينُ لِلْعَوَاصِفْ,Modern,rajaz_partial,rajaz_partial
2039,Ahmed Chawqui,Fachawdato Riwaayaton,18,أُلْعُوبَةً لِلنَّاسِ,أَخْرَجَهُ دِلْكَاسُ,Modern,rajaz_partial,rajaz_partial
2040,Ahmed Chawqui,Fachawdato Riwaayaton,19,قَدْ خَابَ فِيهَا مَنْ رَضَى,أُلْعُوبَةً وَتَنْقَضَى,Modern,rajaz_partial,rajaz_partial
2041,Ahmed Chawqui,Fachawdato Riwaayaton,20,فَإِنَّ مِصْرَ الخَائِبَهْ,وَكَيْفَ كَانَ العَاقِبَهْ,Modern,rajaz_partial,rajaz_partial
2042,Ahmed Chawqui,Fachawdato Riwaayaton,21,مِنْ طَاقَةٍ بِدَلْكَسِي,إِذْ لَمْ يَكُنْ لِبُطْرُسِ,Modern,rajaz_partial,rajaz_partial
2043,Ahmed Chawqui,Fachawdato Riwaayaton,22,يَسْمَعُ سَالِسْبُورَى,وَلَا لَهُ مِنْ بُورَى,Modern,rajaz_partial,rajaz_partial
2044,Ahmed Chawqui,Fachawdato Riwaayaton,23,تُنْجِدُهُ فِي الغُمَّةِ,وَلَا لَهُ مِنْ أُمَّةٍ,Modern,rajaz_partial,rajaz_partial
2045,Ahmed Chawqui,Fachawdato Riwaayaton,24,تَمُدُّهُ بِالصُّولَةِ,وَلَا لَهُ مِنْ دَوْلَةٍ,Modern,rajaz_partial,rajaz_partial
2046,Ahmed Chawqui,Fachawdato Riwaayaton,25,لِلَّهِ مَا أَجَلَّهُ,وَلَا لَهُ وَلَا لَهُ,Modern,rajaz_partial,rajaz_partial
2047,Ahmed Chawqui,Fachawdato Riwaayaton,26,يَا خَالِيَ البَالِ وَعْ,وَبَعْدَ هَذَا فَاسْمَعْ,Modern,rajaz_partial,rajaz_partial
2048,Ahmed Chawqui,Fachawdato Riwaayaton,27,رَأَى المُجُورَ قَائِمَا,النِّيلُ كَانَ نَائِمَا,Modern,rajaz_partial,rajaz_partial
2049,Ahmed Chawqui,Fachawdato Riwaayaton,28,يَحْسِبُهُ فِي رَمْسِهِ,يَضْرِبُهُ فِي رَأْسِهِ,Modern,rajaz_partial,rajaz_partial
2050,Ahmed Chawqui,Fachawdato Riwaayaton,29,يَا أَيُّهَا القَتِيلُ,خَاطِبْهُ يَا نِيلُ,Modern,rajaz_partial,
2051,Ahmed Chawqui,Fachawdato Riwaayaton,30,لِأَفْسَدِ الأَوْلَادِ,يَا تَارِكَ البِلَادِ,Modern,rajaz_partial,rajaz_partial
2052,Ahmed Chawqui,Fachawdato Riwaayaton,31,وَالصِّبْيَةِ الأَحْدَاثِ,يَا ضَائِعَ المِيرَاثِ,Modern,rajaz_partial,rajaz_partial
2053,Ahmed Chawqui,Fachawdato Riwaayaton,32,مِنْ غَادِرٍ مُهِينٍ,ذُبِحْتُ بِالسِّكِينِ,Modern,rajaz_partial,rajaz_partial
2054,Ahmed Chawqui,Fachawdato Riwaayaton,33,وَالحَبْلَ كَانُوا وَاليَدَا,وَكَانَ أَهْلَكَ المَدَى,Modern,rajaz_partial,rajaz_partial
2055,Ahmed Chawqui,Fachawdato Riwaayaton,34,بَلْ قَدْ ذَهَبْتُ فَرْخَهْ,فَمَا صَرَخْتُ صَرْخَهْ,Modern,rajaz_partial,rajaz_partial
2056,Ahmed Chawqui,Fachawdato Riwaayaton,35,أَوْ وَقَعَتْ فِي البَيْرِ,قَدْ سَقَطَتْ فِي زَيْرٍ,Modern,rajaz_partial,rajaz_partial
2057,Ahmed Chawqui,Fachawdato Riwaayaton,36,إِذَا تَعَمَّدْتَ الأَذَى,فَلَا تَلُمْنِي بَعْدَ ذَا,Modern,rajaz_partial,rajaz_partial
2058,Ahmed Chawqui,Fachawdato Riwaayaton,37,عَنْكَ لَدَى الأَنَامِ,إِنِّى أَنَا المُحَامِي,Modern,rajaz_partial,rajaz_partial
2059,Ahmed Chawqui,Fachawdato Riwaayaton,38,قَبْلَ ضَيَاعِ الفُرْصَةِ,لَا بُدَّ لِي مِنْ حِصَّةٍ,Modern,rajaz_partial,rajaz_partial
2060,Ahmed Chawqui,Fachawdato Riwaayaton,39,أَنْ تُحْفَظَ القَضِيَّهْ,إِذْ قَدْ غَدَا فِي النِّيَّهْ,Modern,rajaz_partial,rajaz_partial
2061,Ahmed Chawqui,Fachawdato Riwaayaton,40,مِنْ نَوْمِهِ الطَّوِيلِ,فَهَبَّ دَاعِيَ النِّيلِ,Modern,rajaz_partial,rajaz_partial
2062,Ahmed Chawqui,Fachawdato Riwaayaton,41,يَا أَيُّهَا الشَّيْطَانُ,يَقُولُ مَا مُرْشَانُ,Modern,rajaz_partial,rajaz_partial
2063,Ahmed Chawqui,Fachawdato Riwaayaton,42,يَا حَيَّةَ البَرَارِي,يَا أَسَدَ القِفَارِ,Modern,rajaz_partial,rajaz_partial
2064,Ahmed Chawqui,Fachawdato Riwaayaton,43,يَا طَائِرًا حَوَّامَا,يَا سَمَكًا عَوَّامَا,Modern,rajaz_partial,rajaz_partial
2065,Ahmed Chawqui,Fachawdato Riwaayaton,44,يَا بَلَّةً فِي الطِّينِ,يَا لَبْكَةَ العَجِينِ,Modern,rajaz_partial,rajaz_partial
2066,Ahmed Chawqui,Fachawdato Riwaayaton,45,عَلَى طَرِيقِ الغُولِ,يَا ضَجَّةَ الطُّبُولِ,Modern,rajaz_partial,rajaz_partial
2067,Ahmed Chawqui,Fachawdato Riwaayaton,46,يَا حَادِثًا مِنْ لُعَبِهْ,يَا خَارِجًا مِنْ عُلَبِهْ,Modern,rajaz_partial,rajaz_partial
2068,Ahmed Chawqui,Fachawdato Riwaayaton,47,وَمُشْكِلَيْنِ إِنْ رَحَلْ,يَا مُشْكِلًا لَمَّا نَزَلْ,Modern,rajaz_partial,rajaz_partial
2069,Ahmed Chawqui,Fachawdato Riwaayaton,48,فَأَنْتَ خَيْرٌ عِنْدِي,وَإِنْ أَرَدْتَ جِدِّي,Modern,rajaz_partial,rajaz_partial
2070,Ahmed Chawqui,Fachawdato Riwaayaton,49,لِجَنَّةِ الأَرْضِ وَصَلْ,مِنْ كُلِّ ذِي قَلْبٍ بَطَلْ,Modern,rajaz_partial,rajaz_partial
2071,Ahmed Chawqui,Fachawdato Riwaayaton,50,يَكْفِي لَهَا طَابُورُ,مَا كَانَتِ الشُّهُورُ,Modern,rajaz_partial,rajaz_partial
2072,Ahmed Chawqui,Fachawdato Riwaayaton,51,يَعْصِمُ مِنْهُ زَوْرَقْ,وَلَا الحَمَامُ الأَزْرَقْ,Modern,rajaz_partial,rajaz_partial
2073,Ahmed Chawqui,Fachawdato Riwaayaton,52,يَصُدُّهَا بَارُودُ,وَلَا الأُسُودُ السُّودُ,Modern,rajaz_partial,rajaz_partial
2074,Ahmed Chawqui,Fachawdato Riwaayaton,53,تُطْوَى كَمَا تُطْوَى القُرَى,وَلَا مَجَاهِلَ الثَّرَى,Modern,rajaz_partial,rajaz_partial
2075,Ahmed Chawqui,Fachawdato Riwaayaton,54,أَبِيَّةَ المَجَازِ,سَلَكْتَهَا يَا غَازِي,Modern,rajaz_partial,rajaz_partial
2076,Ahmed Chawqui,Fachawdato Riwaayaton,55,بَحْرَ الغَزَالِ طُرَّا,حَتَّى مَلَكْتَ مَجْرَى,Modern,rajaz_partial,rajaz_partial
2077,Ahmed Chawqui,Fachawdato Riwaayaton,56,بِرَايَةٍ وَعَسْكَرِي,تَبِيعُهُ وَتَشْتَرِي,Modern,rajaz_partial,hazaj_complete
2078,Ahmed Chawqui,Fachawdato Riwaayaton,57,وَلَا تَكُنْ مُضِلِّي,لَكِنْ تَعَالَ قُلْ لِي,Modern,rajaz_partial,rajaz_partial
2079,Ahmed Chawqui,Fachawdato Riwaayaton,58,مَنْ ذَا حَبَاكَ المَغْنَمَا,مَنْ ذَا أَبَاحَكَ الحِمَى,Modern,rajaz_partial,rajaz_partial
2080,Ahmed Chawqui,Fachawdato Riwaayaton,59,مَنْ ذَا عَلَيْهِ جَرَّا,مَنْ ذَا لِهَذَا جَرَّا,Modern,rajaz_partial,rajaz_partial
2081,Ahmed Chawqui,Fachawdato Riwaayaton,60,كَيْفَ يَزُولُ عَنِّي,بَحْرُ الغَزَالِ مِنِّي,Modern,rajaz_partial,rajaz_partial
2082,Ahmed Chawqui,Fachawdato Riwaayaton,61,رَبِيبَتِي المَعْهُودَهْ,وَهَذِهِ فَشَوْدَهْ,Modern,rajaz_partial,rajaz_partial
2083,Ahmed Chawqui,Fachawdato Riwaayaton,62,وَكَيْفَ تَقْتَنِيهَا,كَيْفَ أَسَاءَ فِيهَا,Modern,rajaz_partial,rajaz_partial
2084,Ahmed Chawqui,Fachawdato Riwaayaton,63,بِسِحْرِهِ يَدُورُ,فَانْدَفَعَ المَاجُورُ,Modern,rajaz_partial,rajaz_partial
2085,Ahmed Chawqui,Fachawdato Riwaayaton,64,أَثْبَتَ فِيهِ مَا ادَّعَى,وَقَالَ قَوْلًا مُقْنِعَا,Modern,rajaz_partial,rajaz_partial
2086,Ahmed Chawqui,Fachawdato Riwaayaton,65,وَمَالِكَ الدِّيَارِ,يَا سَيِّدَ الأَنْهَارِ,Modern,rajaz_partial,rajaz_partial
2087,Ahmed Chawqui,Fachawdato Riwaayaton,66,مِنْ بَعْدِ مَا الرَّأْسُ سَقَطْ,مَاذَا يَهُمُّكَ السَّقَطْ,Modern,rajaz_partial,rajaz_partial
2088,Ahmed Chawqui,Fachawdato Riwaayaton,67,لِمِصْرَ فِي سُرُورِ,وَجَاءَ سَالِسْبُورِي,Modern,rajaz_partial,rajaz_partial
2089,Ahmed Chawqui,Fachawdato Riwaayaton,68,يَخْدَعُهَا فَتَنْخَدِعْ,يَقُولُ وَهْيَ تَسْتَمِعْ,Modern,rajaz_partial,rajaz_partial
2090,Ahmed Chawqui,Fachawdato Riwaayaton,69,يَا زِينَةَ البَنَاتِ,يَا مِصْرَ يَا فَتَاتِي,Modern,rajaz_partial,rajaz_partial
2091,Ahmed Chawqui,Fachawdato Riwaayaton,70,يَا بِنْتَ أُخْتِ لِنْدِرَهْ,يَا مُشْتَهَى إِنْكِلْتِرَهْ,Modern,rajaz_partial,rajaz_partial
2092,Ahmed Chawqui,Fachawdato Riwaayaton,71,وَالوَطَنِ العَزِيزْ,يَا مُنْيَةَ التَّامِيزْ,Modern,rajaz_partial,rajaz_partial
2093,Ahmed Chawqui,Fachawdato Riwaayaton,72,يَا أَلْفَ أَلْفَ سِكَّهْ,بَلْ يَا أَتَانَ المَلِكَهْ,Modern,rajaz_partial,rajaz_partial
2094,Ahmed Chawqui,Fachawdato Riwaayaton,73,وَجَيْشِهِ الجَرَّارِ,يَا نَاقَةَ السِّرْدَارِ,Modern,rajaz_partial,rajaz_partial
2095,Ahmed Chawqui,Fachawdato Riwaayaton,74,مِنْ ثَرْوَةٍ وَمِنْ تَعَبْ,يَا أَصْلَ مَا قَدْ إِكْتَسَبْ,Modern,rajaz_partial,rajaz_partial
2096,Ahmed Chawqui,Fachawdato Riwaayaton,75,ذُو نَاظِرٍ يَبْكِيهِ,يَا بَلَدًا مَا فِيهِ,Modern,rajaz_partial,rajaz_partial
2097,Ahmed Chawqui,Fachawdato Riwaayaton,76,يَا مَنْزِلًا لِمَنْ سَكَنْ,يَا أُمَّةً وَلَا وَطَنْ,Modern,rajaz_partial,rajaz_partial
2098,Ahmed Chawqui,Fachawdato Riwaayaton,77,يَا فِتْنَةَ الأَقْوَامِ,يَا مَوْطِئَ الأَقْدَامِ,Modern,rajaz_partial,rajaz_partial
2099,Ahmed Chawqui,Fachawdato Riwaayaton,78,يَخْتَلِسُ الخُلْخَالَا,إِنِّي أَرَى النَّشَّالَا,Modern,rajaz_partial,rajaz_partial
2100,Ahmed Chawqui,Fachawdato Riwaayaton,79,وَنُشْهِدُ الخَلَائِقَا,هَيَّا نَصِيحُ السَّارِقَا,Modern,rajaz_partial,rajaz_partial
2101,Ahmed Chawqui,Fachawdato Riwaayaton,80,يُحَرِّرُونَ المَحْضَرَا,وَبُطْرُسُ الوُزَرَّا,Modern,rajaz_partial,hazaj_complete
2102,Ahmed Chawqui,Fachawdato Riwaayaton,81,تُهْمَةَ سَارِقِيهِ,وَيُثْبِتُونَ فِيهِ,Modern,rajaz_partial,rajaz_partial
2103,Ahmed Chawqui,Fachawdato Riwaayaton,82,نُقِيمُ نَحْنُ الدَّعْوَى,وَبَعْدَ عَرْشِ الشَّكْوَى,Modern,rajaz_partial,rajaz_partial
2104,Ahmed Chawqui,Fachawdato Riwaayaton,83,وَنَطْرُدُ اللُّصُوصَا,وَنُظْهِرُ النُّصُوصَا,Modern,rajaz_partial,hazaj_complete
2105,Ahmed Chawqui,Fachawdato Riwaayaton,84,وَلَا سَبِيلَ لِلْعَمَلْ,أَوْلَا فَقَدْ خَابَ الأَمَلْ,Modern,rajaz_partial,rajaz_partial
2106,Ahmed Chawqui,Fachawdato Riwaayaton,85,أَنْ ضَحِكَتْ مِصْرَ لَهُ,فَمَا أَتَمَّ قَوْلَهُ,Modern,rajaz_partial,rajaz_partial
2107,Ahmed Chawqui,Fachawdato Riwaayaton,86,يَا أَيُّهَا المَأْمُولُ,وَأَقْبَلَتْ تَقُولُ,Modern,rajaz_partial,rajaz_partial
2108,Ahmed Chawqui,Fachawdato Riwaayaton,87,يَا عُدَّتِي لِشِدَّتِي,يَا سَنَدِي وَعُمْدَتِي,Modern,rajaz_partial,rajaz_partial
2109,Ahmed Chawqui,Fachawdato Riwaayaton,88,وَالكُلُّ مِنْ جُنُودِكَا,بُطْرُسُ مِنْ عَبِيدِكَا,Modern,rajaz_partial,rajaz_partial
2110,Ahmed Chawqui,Fachawdato Riwaayaton,89,لَا يُنْقَضُ القَضَاءُ,فَاقْضِ بِمَا تَشَاءُ,Modern,rajaz_partial,rajaz_partial
2111,Ahmed Chawqui,Fachawdato Riwaayaton,90,بِالعُنْفِ إِذْ أَحْرَجْتَهُمْ,تَاللَّهِ مَا أَخْرَجْتَهُمْ,Modern,rajaz_partial,rajaz_partial
2112,Ahmed Chawqui,Fachawdato Riwaayaton,91,وَلِلْجَمِيعِ كِدْتُ,لَكِنَّنِي أَرَدْتُ,Modern,rajaz_partial,rajaz_partial
2113,Ahmed Chawqui,Fachawdato Riwaayaton,92,عَنِّي رَوَى النِّسَاءُ,إِنِّ أَنَا الدَّهَاءُ,Modern,rajaz_partial,rajaz_partial
2114,Ahmed Chawqui,Fachawdato Riwaayaton,93,لُورِينَ وَالأَلْزَاسَا,وَسَوْفَ أُنْسِي النَّاسَا,Modern,rajaz_partial,rajaz_partial
2115,Ahmed Chawqui,Fachawdato Riwaayaton,94,أَيُّ لِوَاءٍ يُزْدَرَى,هَلْ عَلِمَتْ إِنْكِلْتِرَا,Modern,rajaz_partial,rajaz_partial
2116,Ahmed Chawqui,Fachawdato Riwaayaton,95,أَيُّ قَدِيرٍ وَدَنَا,أَيُّ عَزِيزٍ هَانَا,Modern,rajaz_partial,ramal_partial
2117,Ahmed Chawqui,Fachawdato Riwaayaton,96,أَيُّ اللُّيُوثِ تُجْرَحْ,أَيُّ الشُّعُوبِ تُفْضَحْ,Modern,rajaz_partial,rajaz_partial
2118,Ahmed Chawqui,Fachawdato Riwaayaton,97,وَلْتَرْقَبِ السَّاعَاتُ,فَلْتَجْتَنِ الثَّأْرَاتُ,Modern,rajaz_partial,rajaz_partial
2119,Ahmed Chawqui,Fachawdato Riwaayaton,98,نَادِرَةً فِي المَجْلِسْ,إِلَيْكُمُ عَنْ بُطْرُسْ,Modern,rajaz_partial,rajaz_partial
2120,Ahmed Chawqui,Fachawdato Riwaayaton,99,يَا مَنْ لَهُ الفَخَارُ,إِذْ قَالَتِ النِّظَارُ,Modern,rajaz_partial,rajaz_partial
2121,Ahmed Chawqui,Fachawdato Riwaayaton,100,يَا صَاحِبَ المَهَارَهْ,يَا أَكْفَأَ الوِزَارَهْ,Modern,rajaz_partial,rajaz_partial
2122,Ahmed Chawqui,Fachawdato Riwaayaton,101,ذِئْبٌ يَعُضُّ ذِئْبَا,نَرَى المَجَالَ صَعْبَا,Modern,rajaz_partial,rajaz_partial
2123,Ahmed Chawqui,Fachawdato Riwaayaton,102,كَيْفَ خَرَجْتَ مِنْهُ,فَهَاتِ حَدِّثْ عَنْهُ,Modern,rajaz_partial,rajaz_partial
2124,Ahmed Chawqui,Fachawdato Riwaayaton,103,يَقُولُ مَا قَالَ جُحَا,فَقَامَ فِيهِمْ مُفْصِحَا,Modern,rajaz_partial,rajaz_partial
2125,Ahmed Chawqui,Fachawdato Riwaayaton,104,مِثْلَ اسْمَهَا فَشُوشُ,فَشَوْدَةٌ تَعِيشُوا,Modern,rajaz_partial,rajaz_partial
2126,Ahmed Chawqui,Fachawdato Riwaayaton,105,إِلَا عَلَى اللِّحَافِ,مَا الخَلْفُ وَالتِّجَّافِي,Modern,rajaz_partial,rajaz_partial
2127,Ahmed Chawqui,Fachawdato Riwaayaton,106,وَبِتُّ تَحْتَ جِلْدِي,دَفَعْتُهُ لِلْوَرْدِ,Modern,rajaz_partial,rajaz_partial
23,Ahmed Chawqui,Modnaka,1,وَبَكَاهُ وَرَحَّمَ عَوَّدُهُ,مُضْنَاكَ جَفَاهُو مَرْقَدُهُ,Modern,motadaarak_complete,motadaarak_complete
452,Ahmed Chawqui,Modnaka,2,مَقْرُوحُ الجَفْنِ مُسَهَّدُهُ,حَيْرَانُ القَلْبِ مُعَذَّبُهُ,Modern,motadaarak_complete,motadaarak_complete
453,Ahmed Chawqui,Modnaka,3,يُبْقِيهِ عَلَيْكَ وَتُنْفِدُهُ,أَوْدَى حَرْفًا إِلَّا رَمَقًا,Modern,motadaarak_complete,motadaarak_complete
454,Ahmed Chawqui,Modnaka,4,وَيُذِيبُ الصَّخْرَ تَنَهُّدُهُ,يَسْتَهْوِي الوُرْقَ تَأَوُّهُهُ,Modern,motadaarak_complete,motadaarak_complete
455,Ahmed Chawqui,Modnaka,5,وَيُقِيمُ اللَّيْلَ وَيُقْعِدُهُ,وَيُنَاجِي النَّجْمَ وَيُتْعِبُهُ,Modern,motadaarak_complete,motadaarak_complete
456,Ahmed Chawqui,Modnaka,6,شَجَنًا فِي الدَّوْحِ تُرَدِّدُهُ,وَيُعَلِّمُ كُلَّ مُطَوَّقَةٍ,Modern,motadaarak_complete,motadaarak_complete
457,Ahmed Chawqui,Modnaka,7,وَتَأَدَّبَ لَا يَتَصَيَّدُهُ,كَمْ مَدَّ لِطَيْفِكَ مِنْ شَرَكٍ,Modern,motadaarak_complete,motadaarak_complete
458,Ahmed Chawqui,Modnaka,8,وَلَعَلَّ خَيَالَكَ مُسْعِدُهُ,فَعَسَاكَ بِغُمْضٍ مُسْعِفُهُ,Modern,motadaarak_complete,motadaarak_complete
459,Ahmed Chawqui,Modnaka,9,وَالسُّورَةِ إِنَّكِ مُفْرَدُهُ,الحُسْنُ حَلَفْتُ بِيُوسُفِهِ,Modern,motadaarak_complete,motadaarak_complete
460,Ahmed Chawqui,Modnaka,10,حَوْرَاءُ الخُلْدِ وَأَمْرَدُهُ,قَدْ وَدَّ جَمَالَكَ أَوْ قَبَسًا,Modern,motadaarak_complete,motadaarak_complete
461,Ahmed Chawqui,Modnaka,11,يَدَهَا لَوْ تُبْعَثُ تَشْهَدُهُ,وَتَمَنَّتْ كُلُّ مُقَطِّعَةٍ,Modern,motadaarak_complete,motadaarak_complete
462,Ahmed Chawqui,Modnaka,12,أَكَذَلِكَ خَدُّكَ يَجْحَدُهُ,جَحَدَتْ عَيْنَاكَ زَكِيَّ دَمِي,Modern,motadaarak_complete,motadaarak_complete
463,Ahmed Chawqui,Modnaka,13,فَأَشَرْتُ لِخَدِّكَ أُشْهِدُهُ,قَدْ عَزَّ شُهُودِي إِذْ رَمَتَا,Modern,motadaarak_complete,motadaarak_complete
464,Ahmed Chawqui,Modnaka,14,فَأَبَى وَاسْتَكْبَرَ أَصْيَدُهُ,وَهَمَمْتُ بِجِيدِكَ أَشْرِكُهُ,Modern,motadaarak_complete,motadaarak_complete
465,Ahmed Chawqui,Modnaka,15,فَنَبَا وَتَمَنَّعَ أَمْلَدُهُ,وَهَزَزْتُ قَوَامَكَ أَعْطِفُهُ,Modern,motadaarak_complete,motadaarak_complete
466,Ahmed Chawqui,Modnaka,16,مَا بَالُ الخَصْرِ يُعَقِّدُهُ,سَبَبٌ لِرِضَاكَ أُمَهِّدُهُ,Modern,motadaarak_complete,motadaarak_complete
467,Ahmed Chawqui,Modnaka,17,لَا يَقْدِرُ وَاشٍ يُفْسِدُهُ,بَيْنِي فِي الحُبِّ وَبَيْنَكَ مَا,Modern,motadaarak_complete,motadaarak_complete
468,Ahmed Chawqui,Modnaka,18,بَابَ السُّلْوَانِ وَأَوْصِدُهُ,مَا بَالُ العَازِلِ يَفْتَحُ لِي,Modern,motadaarak_complete,motadaarak_complete
469,Ahmed Chawqui,Modnaka,19,فَأَقُولُ وَأُوشِكُ أَعْبَدُهُ,وَيَقُولُ تَكَادُ تُجَنُّ بِهِ,Modern,motadaarak_complete,motadaarak_complete
470,Ahmed Chawqui,Modnaka,20,قَدْ ضَيَّعَهَا سَلِمَتْ يَدُهُ,مَوْلَايَ وَرُوحِي فِي يَدِهِ,Modern,motadaarak_complete,motadaarak_complete
471,Ahmed Chawqui,Modnaka,21,وَحَنَايَا الأَضْلُعِ مَعْبَدُهُ,نَاقُوسُ القَلْبِ يُدَقُّ لَهُ,Modern,motadaarak_complete,motadaarak_complete
472,Ahmed Chawqui,Modnaka,22,قَسَمَ اليَاقُوتِ مُنَضَّدُهُ,قَسَمًا بِثَنَايَا لُؤْلُؤِهَا,Modern,motadaarak_complete,motadaarak_complete
473,Ahmed Chawqui,Modnaka,23,مَقْتُولُ العِشْقِ وَمُشْهَدُهُ,وَرَضَابٍ يُوعَدُ كَوْثَرُهُ,Modern,motadaarak_complete,motadaarak_complete
474,Ahmed Chawqui,Modnaka,24,لَوْ كَانَ يُقَبَّلُ أَسْوَدُهُ,وَبِخَالٍ كَادَ يُحَجُّ لَهُ,Modern,motadaarak_complete,motadaarak_complete
475,Ahmed Chawqui,Modnaka,25,نَسَبًا وَالرُّمْحُ يُفَنِّدُهُ,وَقَوَامٍ يَرْوِي الغُصْنُ لَهُ,Modern,motadaarak_complete,motadaarak_complete
476,Ahmed Chawqui,Modnaka,26,وَعَوَادِي الهَجْرِ تُبَدِّدُهُ,وَبِخُصْرٍ أَوْهَنُ مِنْ جَلَدِي,Modern,motadaarak_complete,motadaarak_complete
477,Ahmed Chawqui,Modnaka,27,سَلْوَى بِالقَلْبِ تُبَرِّدُهُ,مَا خُنْتُ هَوَاكِ وَلَا خَطَرَتْ,Modern,motadaarak_complete,motadaarak_complete
1755,Ahmed Chawqui,Yabna Zaydoun Marhaba,1,قَدْ أَطَلْتَ التَّغَيُّبَا,يَا ابْنَ زَيْدُونَ مَرْحَبَا,Modern,khafif_partial,khafif_partial
1756,Ahmed Chawqui,Yabna Zaydoun Marhaba,2,ظَلَّ سِرًّا مُحَجَّبَا,إِنَّ دِيوَانَكَ الَّذِي,Modern,khafif_partial,khafif_partial
1757,Ahmed Chawqui,Yabna Zaydoun Marhaba,3,وَيُقَاسِي التَّغَرُّبَا,يَشْتَكِي اليُتْمَ دُرُّهُ,Modern,khafif_partial,khafif_partial
1758,Ahmed Chawqui,Yabna Zaydoun Marhaba,4,لِلْأَلِبَّاءِ مَطْلَبَا,صَارَ فِي كُلِّ بَلْدَةٍ,Modern,khafif_partial,khafif_partial
1759,Ahmed Chawqui,Yabna Zaydoun Marhaba,5,عَرَبِيًّا مُهَذَّبَا,جَاءَنَا كَامِلٌ بِهِ,Modern,khafif_partial,khafif_partial
1760,Ahmed Chawqui,Yabna Zaydoun Marhaba,6,وَتَرَى الشَّرْحَ أَعْجَبَا,تَجِدُ النَّصَّ مُعْجِبَا,Modern,khafif_partial,khafif_partial
1761,Ahmed Chawqui,Yabna Zaydoun Marhaba,7,أَجْمَلُ النَّاسِ مَذْهَبَا,أَنْتَ فِي القَوْلِ كُلِّهِ,Modern,khafif_partial,khafif_partial
1762,Ahmed Chawqui,Yabna Zaydoun Marhaba,8,مِنْ فُنُونٍ مُرَكَّبَا,بِأَبِي أَنْتَ هَيْكَلًا,Modern,khafif_partial,khafif_partial
1763,Ahmed Chawqui,Yabna Zaydoun Marhaba,9,كُنْتَ أَمْ كُنْتَ مُطْرِبَا,شَاعِرًا أَمْ مُصَوِّرًا,Modern,khafif_partial,khafif_partial
1764,Ahmed Chawqui,Yabna Zaydoun Marhaba,10,مُبْدِعًا فِيهِ مُغْرِبَا,نُرْسِلُ اللَّحْنَ كُلَّهُ,Modern,khafif_partial,khafif_partial
1765,Ahmed Chawqui,Yabna Zaydoun Marhaba,11,بِالغَوَانِي مُشَبِّبَا,أَحْسَنَ النَّاسَ هَاتِفًا,Modern,khafif_partial,khafif_partial
1766,Ahmed Chawqui,Yabna Zaydoun Marhaba,12,نَ النَّدِيمَ المُقَرَّبَا,وَنَزِيلَ المُتَوَّجِي,Modern,khafif_partial,khafif_partial
1767,Ahmed Chawqui,Yabna Zaydoun Marhaba,13,مِدْحَةً أَوْ تَعَتُّبَا,كَمْ سَقَاهُمْ بِشِعْرِهِ,Modern,khafif_partial,khafif_partial
1768,Ahmed Chawqui,Yabna Zaydoun Marhaba,14,وَأَذَاعَ المَنَاقِبَا,وَمِنَ المَدْحِ مَا جَزَى,Modern,khafif_partial,khafif_partial
1769,Ahmed Chawqui,Yabna Zaydoun Marhaba,15,لِمُعَانَاتِهِ أَبَى,وَإِذَا الهَجْوُ هَاجَهُ,Modern,khafif_partial,khafif_partial
1770,Ahmed Chawqui,Yabna Zaydoun Marhaba,16,لَا تُمَاشِي التَّأَدُّبَا,وَرَآهُ رَذِيلَةً,Modern,khafif_partial,khafif_partial
1771,Ahmed Chawqui,Yabna Zaydoun Marhaba,17,فَاضِلَ الخُلْقِ طَيِّبَا,مَا رَأَى النَّاسُ شَاعِرًا,Modern,khafif_partial,khafif_partial
1772,Ahmed Chawqui,Yabna Zaydoun Marhaba,18,زَنْبَقِ الشِّعْرِ عَقْرَبَا,دَسَّ لِلنَّاشِقِينَ فِي,Modern,khafif_partial,khafif_partial
1773,Ahmed Chawqui,Yabna Zaydoun Marhaba,19,هَلْ عَنِ الخُلْدِ مِنْ نَبَا,جُلْتَ فِي الخُلْدِ جَوْلَةً,Modern,khafif_partial,khafif_partial
1774,Ahmed Chawqui,Yabna Zaydoun Marhaba,20,مِنْ عُيُونٍ وَمِنْ رُبَى,صِفْ لَنَا مَا وَرَاءَهُ,Modern,khafif_partial,khafif_partial
1775,Ahmed Chawqui,Yabna Zaydoun Marhaba,21,وَظِلَالٍ مِنَ الصِّبَا,وَنَعِيمٍ وَنَضْرَةٍ,Modern,khafif_partial,khafif_partial
1776,Ahmed Chawqui,Yabna Zaydoun Marhaba,22,وَإِذَا شِئْتَ مُطْنِبَا,وَصِفِ الحُورَ مُوجَزًا,Modern,khafif_partial,khafif_partial
1777,Ahmed Chawqui,Yabna Zaydoun Marhaba,23,كُنْتُمُو أَمْسِ مَلْعَبَا,قُمْ تَرَى الأَرْضَ مِثْلَمَا,Modern,khafif_partial,khafif_partial
1778,Ahmed Chawqui,Yabna Zaydoun Marhaba,24,لِبَنِي المَوْتِ مَأْرَبَا,وَتَرَى العَيْشَ لَمْ يَزَلْ,Modern,khafif_partial,khafif_partial
1779,Ahmed Chawqui,Yabna Zaydoun Marhaba,25,عِنْدَ هَذَا مُعَذَّبَا,وَتَرَى ذَاكَ بِالَّذِي,Modern,khafif_partial,khafif_partial
1780,Ahmed Chawqui,Yabna Zaydoun Marhaba,26,يَصْنَعُونَ العَجَائِبَا,إِنَّ مَرْوَانَ عُصْبَةٌ,Modern,khafif_partial,khafif_partial
1781,Ahmed Chawqui,Yabna Zaydoun Marhaba,27,بِالأَيَادِي وَمَغْرِبَا,طَوَّفُوا الأَرْضَ مَشْرِقًا,Modern,khafif_partial,khafif_partial
1782,Ahmed Chawqui,Yabna Zaydoun Marhaba,28,ذِرْوَةِ المَجْدِ كَوْكَبَا,هَالَةٌ أَطْلَعَتْكَ فِي,Modern,khafif_partial,khafif_partial
1783,Ahmed Chawqui,Yabna Zaydoun Marhaba,29,وَكَفَى الفَتْحُ مَنْصِبَا,أَنْتَ لِلْفَتْحِ تَنْتَمِي,Modern,khafif_partial,khafif_partial
1784,Ahmed Chawqui,Yabna Zaydoun Marhaba,30,لَكَ جَدًّا وَلَا أَبَا,لَسْتُ أَرْضَى بِغَيْرِهِ,Modern,khafif_partial,khafif_partial
3668,Ahmed Rami,Ila Um Kolthoum,1,بَعْدَ الَّذِي صُغْتُ مِنْ أَشْجَى أَغَانِيهَا,مَا جَالَ فِي خَاطِرِي أَنِّي سَأُرْثِيهَا,Modern,bassit_complete,bassit_complete
3669,Ahmed Rami,Ila Um Kolthoum,2,وَاليَوْمَ أَسْمَعُنِي أَبْكِي وَأَبْكِيهَا,قَدْ كُنْتُ أَسْمَعُهَا تَشْدُو فَتُطْرِبُنِي,Modern,bassit_complete,bassit_complete
3670,Ahmed Rami,Ila Um Kolthoum,3,أَدِفُّ شَهْدَ المَعَانِي ثُمَّ أَهْدِيهَا,صَحِبْتُهَا مِنْ ضُحَى عُمْرِي وَعِشْتُ لَهَا,Modern,bassit_complete,bassit_complete
3671,Ahmed Rami,Ila Um Kolthoum,4,تُدِيرُهَا حَوْلَ أَرْوَاحٍ تُنَاجِيهَا,سُلَافَةً مِنْ جُنَى فِكْرِي وَعَاطِفَتِي,Modern,bassit_complete,bassit_complete
3672,Ahmed Rami,Ila Um Kolthoum,5,بِمَا حَوَى مِنْ جَمَالٍ فِي تَغَنِّيهَا,لَحْنًا يَدِبُّ إِلَى الأَسْمَاعِ يَبْهَرُهَا,Modern,bassit_complete,bassit_complete
3673,Ahmed Rami,Ila Um Kolthoum,6,إِلَى قُلُوبِ مُحِبِّيهَا فَتَسْبِيهَا,وَمَنْطِقًا سَاحِرًا تَسْرِي هَوَاتِفُهُ,Modern,bassit_complete,bassit_complete
3674,Ahmed Rami,Ila Um Kolthoum,7,مَا قَدْ نَسِيتُ بِهِ الدُّنْيَا وَمَا فِيهَا,وَبِي مِنَ الشَّجْوِ مِنْ تَغْرِيدِ مَلْهَمَتِي,Modern,bassit_complete,bassit_complete
3675,Ahmed Rami,Ila Um Kolthoum,8,أَنِّي سَأَسْهَرُ فِي ذِكْرَى لَيَالِيهَا,وَمَا ظَنَنْتُ وَأَحْلَامِي تُسَامِرُنِي,Modern,bassit_complete,bassit_complete
3676,Ahmed Rami,Ila Um Kolthoum,9,سُبْحَانَ رَبِّي َبِديعِ الكَوْنِ بَارِيهَا,يَا دُرّةََ الفَنِّ يَا أَبْهَى لَآلِئِهِ,Modern,bassit_complete,bassit_complete
3677,Ahmed Rami,Ila Um Kolthoum,10,لَا يَسْتَطِيعُ لَهَا وَصْفًا وَتَشْبِيهَا,مَهْمَا أَرَادَ بَيَانِي أَنْ يُصَوِّرَهَا,Modern,bassit_complete,bassit_complete
3678,Ahmed Rami,Ila Um Kolthoum,11,عَلَى بَرَايَاهُ تُرْوِيحًا وَتَرْفِيهَا,فَرِيدَةٌ مِنْ عَطَايَاهُ يَجُودُ بِهَا,Modern,bassit_complete,bassit_complete
3679,Ahmed Rami,Ila Um Kolthoum,12,إِلَّا عَلَى نَادِرٍ مِنْ مُسْتَحِقِّيهَا,وَآيَةٌ مِنْ لَدُنْهُ لَا يَمَنُّ بِهَا,Modern,bassit_complete,bassit_complete
3680,Ahmed Rami,Ila Um Kolthoum,13,بِهِ مِنَ النَّبَرَاتِ الغُرِّ صَافِيهَا,صَوْتٌ بَعِيدُ المَدَى رَيَّا مَنِاهِلَهُ,Modern,bassit_complete,bassit_complete
3681,Ahmed Rami,Ila Um Kolthoum,14,إِلَى جِرَاحِ ذَوِي الشَّكْوَى فَتَشْفِيهَا,وَآهَةٌ مِنْ صَمِيمِ القَلْبِ تُرْسِلُهَا,Modern,bassit_complete,bassit_complete
3682,Ahmed Rami,Ila Um Kolthoum,15,تَجْلُو بِتَرْنِيمِهَا أَسْرَارَ خَافِيهَا,وَفِطْنَةٌ لِمَعَانِي مَا تَرَدَّدَهُ,Modern,bassit_complete,bassit_complete
3683,Ahmed Rami,Ila Um Kolthoum,16,وَتَسْتَبِينُ جَمَالَ اللَّحْنِ مَنْ فِيهَا,تَشْدُو فَتَسْمَعُ نَجْوَى رُوحِ قَائِلِهَا,Modern,bassit_complete,bassit_complete
3684,Ahmed Rami,Ila Um Kolthoum,17,شِعْرًا وَوَاضِعِهَا لَحْنًا لِشَادِيهَا,كَأَنَّمَا جَمَعَتْ إِبْدَاعَ نَاظِمِهَا,Modern,bassit_complete,bassit_complete
3685,Ahmed Rami,Ila Um Kolthoum,18,قَدَّمْتِ أَغْلَى الَّذِي يُهْدَى لِوَادِيهَا,يَا بِنْتَ مِصْرٍ وَيَا رَمْزَ الوَفَاءِ لَهَا,Modern,bassit_complete,bassit_complete
3686,Ahmed Rami,Ila Um Kolthoum,19,وَكُنْتِ أَصْدَقَ بَاكٍ فِي مَآسِيهَا,كُنْتِ الأَنِيسَ لَهَا أَيَّامَ بَهْجَتِهَا,Modern,bassit_complete,bassit_complete
3687,Ahmed Rami,Ila Um Kolthoum,20,وَتَبْعَثِينَ الشَّجَا فِي رُوحِ أَهْلِيهَا,أَخَذْتِ مُنْذُ الصِّبَا تَطْوِينَ شَقَّتَهَا,Modern,bassit_complete,bassit_complete
3688,Ahmed Rami,Ila Um Kolthoum,21,يَرِفُّ بِاسْمِكِ فِي أَعْلَى رَوَابِيهَا,حَتَّى رَفَعْتِ عَلَى أَرْجَائِهَا عَلَمًا,Modern,bassit_complete,bassit_complete
3689,Ahmed Rami,Ila Um Kolthoum,22,عَلَيْكِ أَفْيَاءَهَا شَرٌّ يُعَنِّيهَا,وَحِينَ أَحْدَقَ بِالأَرْضِ الَّتِي نَشَرَتْ,Modern,bassit_complete,bassit_complete
3690,Ahmed Rami,Ila Um Kolthoum,23,بِالمَالِ وَالجُهْدِ إِحْيَاءً لِمَاضِيهَا,أَهَبْتِ بِالشَّعْبِ أَنْ يَسْعَى لِنَجْدَتِهَا,Modern,bassit_complete,bassit_complete
3691,Ahmed Rami,Ila Um Kolthoum,24,وَالمُسْتَعَانَ عَلَى إِقْصَاءِ عَادِيهَا,وَطُفْتِ بِالعُرْبِ تَبْغِينَ النَّصِيرَ لَهَا,Modern,bassit_complete,bassit_complete
3692,Ahmed Rami,Ila Um Kolthoum,25,وَجَاءَهَا النَّصْرُ وَانْجَابَتْ غَوَاشِيهَا,حَتَّى إِذَا صَدَقَتْ فِي العَوْنِ هِمَّتُهُمْ,Modern,bassit_complete,bassit_complete
3693,Ahmed Rami,Ila Um Kolthoum,26,بَعْدَ القَضَاءِ عَلَى مَا كَانَ يُضْنِيهَا,عَادَ الصَّفَاءُ لَهَا وَارْتَاحَ خَاطِرُهَا,Modern,bassit_complete,bassit_complete
3694,Ahmed Rami,Ila Um Kolthoum,27,لِمَا رَأَى مِنْ طُمُوحٍ فِي أَمَانِيهَا,وَأَقْبَلَ الغَرْبُ يَسْعَى فِي مَوَدَّتِهَا,Modern,bassit_complete,bassit_complete
3695,Ahmed Rami,Ila Um Kolthoum,28,لَا تَجْزَعُوا فَلَهَا ذِكْرٌ سَيُبْقِيهَا,يَا مَنْ أَسِيتُمْ عَلَيْهَا بَعْدَ غِيبَتِهَا,Modern,bassit_complete,bassit_complete
3696,Ahmed Rami,Ila Um Kolthoum,29,يَرِنُّ فِي مَسْمَعِ الدُّنْيَا وَيُشْجِيهَا,وَكَيْفَ تُنْسَى وَهَذَا صَوْتُهَا غَرِدٌ,Modern,bassit_complete,bassit_complete
3697,Ahmed Rami,Ila Um Kolthoum,30,وَظَلَّ مِنْ مَنْهَلِ الرِّضْوَانِ يَسْقِيهَا,أَضْفَى إِلَاهِي عَلَيْهَا ظِلَّ رَحْمَتِهِ,Modern,bassit_complete,bassit_complete
3698,Ahmed Rami,Ila Um Kolthoum,31,حَتَّى تُرَدَّ إِلَيْهَا يَوْمَ يُحْيِيهَا,تَبْلَى العِظَامُ وَتَبْقَى الرُّوحُ خَالِدَةً,Modern,bassit_complete,bassit_complete
3817,Ahmed Rami,Robaa3ayaat Al Khayyam,1,نَادَى مِنَ الغَيْبِ غُفَاةَ البَشَرْ,سَمِعْتُ صَوْتًا هَاتِفًا فِي السَّحَرْ,Modern,sarii_complete,sarii_complete
3818,Ahmed Rami,Robaa3ayaat Al Khayyam,2,قَبْلَ أَنْ تَمْلَأَ كَأْسَ العُمْرِ كَفُّ القَدَرْ,هُبُّوا امْلَأُوا كَأْسَ المُنَى,Modern,sarii_complete,sarii_complete
3819,Ahmed Rami,Robaa3ayaat Al Khayyam,3,وَلَا بِآتِ العَيْشِ قَبْلَ الأَوَانْ,لَا تَشْغَلِ البَالَ بِمَاضِي الزَّمَانْ,Modern,sarii_complete,sarii_complete
3820,Ahmed Rami,Robaa3ayaat Al Khayyam,4,فَلَيْسَ فِي طَبْعِ اللَّيَالِي الأَمَانْ,وَاغْنَمْ مِنَ الحَاضِرِ لَذَّاتِهِ,Modern,sarii_complete,sarii_complete
3821,Ahmed Rami,Robaa3ayaat Al Khayyam,5,وَكَمْ يَخِيبُ الظَّنُّ فِي المُقْبِلِ,غَدٌ بِظَهْرِ الغَيْبِ وَاليَوْمُ لِي,Modern,sarii_complete,sarii_complete
3822,Ahmed Rami,Robaa3ayaat Al Khayyam,6,جَمَالَ دُنْيَايَ وَلَا أَجْتَلِي,وَلَسْتُ بِالغَافِلِ حَتَّى أَرَى,Modern,sarii_complete,sarii_complete
3823,Ahmed Rami,Robaa3ayaat Al Khayyam,7,وَالصَّدْرُ قَدْ ضَاقَ بِمَا لَا يُقَالْ,القَلْبُ قَدْ أَضْنَاهُ عِشْقُ الجَمَالْ,Modern,sarii_complete,sarii_complete
3824,Ahmed Rami,Robaa3ayaat Al Khayyam,8,وَالمَاءُ يَنْسَابُ أَمَامِي الزُّلَالْ,يَا رَبِّ هَلْ يُرْضِيكَ هَذَا الظَّمَأْ,Modern,sarii_complete,sarii_complete
3825,Ahmed Rami,Robaa3ayaat Al Khayyam,9,وَفِي ضِرَامِ الحُبِّ أَنْ يُحْرَقَا,أَوْلَى بِهَذَا القَلْبِ أَنْ يَخْفِقَا,Modern,sarii_complete,sarii_complete
3826,Ahmed Rami,Robaa3ayaat Al Khayyam,10,مِنْ غَيْرِ أَنْ أَهْوَى وَأَنْ أَعْشَقَا,مَا أَضْيَعَ اليَوْمَ الَّذِي مَرَّ بِي,Modern,sarii_complete,sarii_complete
3827,Ahmed Rami,Robaa3ayaat Al Khayyam,11,نَادَى دَعِ النَّوْمَ وَنَاغِ الوَتَرْ,أَفِقْ خَفِيفَ الظِّلِّ هَذَا السَّحَرْ,Modern,sarii_complete,sarii_complete
3828,Ahmed Rami,Robaa3ayaat Al Khayyam,12,وَلَا قَصَّرَ فِي الأَعْمَارِ طُولُ السَّهَرْ,فَمَا أَطَالَ النَّوْمُ عُمْرًا,Modern,sarii_complete,sarii_complete
3829,Ahmed Rami,Robaa3ayaat Al Khayyam,13,وَطَالَ بِالأَنْجُمِ هَذَا المَدَارْ,فَكَمْ تَوَالَى اللَّيْلُ بَعْدَ النَّهَارْ,Modern,sarii_complete,sarii_complete
3830,Ahmed Rami,Robaa3ayaat Al Khayyam,14,مِنْ أَعْيُنٍ سَاحِرَةِ الإِحْوِرَارْ,فَامْشِ الهُوَيْنَا إِنَّ هَذَا الثَّرَى,Modern,sarii_complete,sarii_complete
3831,Ahmed Rami,Robaa3ayaat Al Khayyam,15,وَمَاضٍ مِنْ أُلُوفِ السِّنِينْ,فَقَدْ تَسَاوَى فِي الثَّرَى رَاحِلٌ غَدًا,Modern,sarii_complete,sarii_complete
3832,Ahmed Rami,Robaa3ayaat Al Khayyam,16,فَإِنَّمَا الأَيَّامَ مِثْلَ السَّحَابْ,أَطْفِئْ لَظَى القَلْبِ بِشَهْدِ الرِّضَابْ,Modern,sarii_complete,sarii_complete
3833,Ahmed Rami,Robaa3ayaat Al Khayyam,17,حَظَّكَ مِنْهُ قَبْلَ فَوْتِ الشَّبَابْ,وَعَيْشُنَا طَيْفُ خَيَالٍ فَنَلْ,Modern,sarii_complete,sarii_complete
3834,Ahmed Rami,Robaa3ayaat Al Khayyam,18,وَحِرْتُ فِيهِ بَيْنَ شَتَّى الفِكَرْ,لَبِسْتُ ثَوْبَ العَيْشِ لَمْ أُسْتَشَرْ,Modern,sarii_complete,sarii_complete
3835,Ahmed Rami,Robaa3ayaat Al Khayyam,19,أُدْرِكْ لِمَاذَا جِئْتُ أَيْنَ المَفَرّْ,وَسَوْفَ أَنْضُو الثَّوْبَ عَنِّي وَلَمْ,Modern,sarii_complete,sarii_complete
3836,Ahmed Rami,Robaa3ayaat Al Khayyam,20,وَتَطْلُبُ النَّفْسُ حِمَى طَاعَتِكْ,يَا مَنْ يَحَارُ الفَهْمُ فِي قُدْرَتِكْ,Modern,sarii_complete,sarii_complete
3837,Ahmed Rami,Robaa3ayaat Al Khayyam,21,صَحَوْتُ بِالآمَالِ فِي رَحْمَتِكْ,أَسْكَرَنِي الإِثْمُ وَلَكِنَّنِي,Modern,sarii_complete,sarii_complete
3838,Ahmed Rami,Robaa3ayaat Al Khayyam,22,فَإِنَّنِي أَطْمَعُ فِي رَحْمَتِكْ,إِنْ لَمْ أَكُنْ أَخْلَصْتُ فِي طَاعَتِكْ,Modern,sarii_complete,sarii_complete
3839,Ahmed Rami,Robaa3ayaat Al Khayyam,23,قَدْ عِشْتُ لَا أُشْرِكُ فِي وَحْدَتِكْ,وَإِنَّمَا يَشْفَعُ لِي أَنَّنِي,Modern,sarii_complete,sarii_complete
3840,Ahmed Rami,Robaa3ayaat Al Khayyam,24,وَكُلُّ مَا فِي الكَوْنِ مِنْ صَنْعَتِكْ,تُخْفِي عَنِ النَّاسِ سَنَا طَلْعَتِكْ,Modern,sarii_complete,sarii_complete
3841,Ahmed Rami,Robaa3ayaat Al Khayyam,25,تَرَى بَدِيعَ الصُّنْعِ فِي آيَتِكْ,فَأَنْتَ مَجْلَاهُ وَأَنْتَ الَّذِي,Modern,sarii_complete,sarii_complete
3842,Ahmed Rami,Robaa3ayaat Al Khayyam,26,فَفِي مَدَاهُ مُنْتَهَى أَمْرِهَا,إِنْ تُفْصَلِ القَطْرَةُ مِنْ بَحْرِهَا,Modern,sarii_complete,sarii_complete
3843,Ahmed Rami,Robaa3ayaat Al Khayyam,27,مَسَافَةُ البُعْدِ عَلَى قَدْرِهَا,تَقَارَبَتْ يَا رَبُّ مَا بَيْنَنَا,Modern,sarii_complete,sarii_complete
3844,Ahmed Rami,Robaa3ayaat Al Khayyam,28,وَكَاشِفَ الضُّرِّ عَنِ البَائِسِينْ,يَا عَالِمَ الأَسْرَارِ عِلْمَ اليَقِينْ,Modern,sarii_complete,sarii_complete
3845,Ahmed Rami,Robaa3ayaat Al Khayyam,29,ظِلِّكَ فَاقْبَلْ تَوْبَةَ التَّائِبِينْ,يَا قَابِلَ الأَعْذَارِ عُدْنَا إِلَى,Modern,sarii_complete,sarii_complete
19,Al Aacha,Moallaqa,1,وَهَلْ تُطِيقُ وَدَاعًا أَيُّهَا الرَّجُلُ,وَدِّعْ هُرَيْرَةَ إِنَّ الرَّكْبَ مُرْتَحِلُ,Before Islam: VIth century,bassit_complete,bassit_complete
859,Al Aacha,Moallaqa,2,تَمْشِي الهُوَيْنَا كَمَا يَمْشِي الوَجِي الوَحِلُ,غَرَّاءُ فَرْعَاءُ مَصْقُولٌ عَوَارِضُهَا,Before Islam: VIth century,bassit_complete,bassit_complete
860,Al Aacha,Moallaqa,3,مَرُّ السَّحَابَةِ لَا رَيْثٌ وَلَا عَجَلُ,كَأَنَّ مِشْيَتَهَا مِنْ بَيْتِ جَارَتِهَا,Before Islam: VIth century,bassit_complete,bassit_complete
861,Al Aacha,Moallaqa,4,كَمَا اسْتَعَانَ بِرِيحٍ عِشْرِقٌ زَجِلُ,تَسْمَعُ لِلْحَلْيِ وَسْوَاسًا إِذَا انْصَرَفَتْ,Before Islam: VIth century,bassit_complete,bassit_complete
862,Al Aacha,Moallaqa,5,وَلَا تَرَاهَا لِسِرِّ الجَارِ تَخْتَتِلُ,لَيْسَتْ كَمَنْ يَكْرَهُ الجِيرَانُ طَلْعَتَهَا,Before Islam: VIth century,bassit_complete,bassit_complete
863,Al Aacha,Moallaqa,6,إِذَا تَقُومُ إِلَى جَارَاتِهَا الكَسَلُ,يَكَادُ يَصْرَعُهَا لَوْلَا تَشَدُّدُهَا,Before Islam: VIth century,bassit_complete,bassit_complete
864,Al Aacha,Moallaqa,7,وَاهْتَزَّ مِنْهَا ذَنُوبُ المَتْنِ وَالكَفَلُ,إِذَا تُعَالِجُ قِرْنًا سَاعَةً فَتَرَتْ,Before Islam: VIth century,bassit_complete,bassit_complete
865,Al Aacha,Moallaqa,8,إِذَا تَأَتَّى يَكَادُ الخَصْرُ يَنْخَزِلُ,مِلْءُ الوِشَاحِ وَصِفْرُ الدِّرْعِ بَهْكَنَةٌ,Before Islam: VIth century,bassit_complete,bassit_complete
866,Al Aacha,Moallaqa,9,جَهْلًا بِأُمِّ خُلَيْدٍ حَبْلَ مَنْ تَصِلُ,صَدَّتْ هُرَيْرَةُ عَنَّا مَا تُكَلِّمُنَا,Before Islam: VIth century,bassit_complete,bassit_complete
867,Al Aacha,Moallaqa,10,رَيْبُ المَنُونِ وَدَهْرٌ مُفْنِدٌ خَبِلُ,أَأَنْ رَأَتْ رَجُلًا أَعْشَى أَضَرَّ بِهِ,Before Islam: VIth century,bassit_complete,bassit_complete
868,Al Aacha,Moallaqa,11,لِلَذَّةِ المَرْءِ لَا جَافٍ وَلَا تَفِلُ,نِعْمَ الضَّجِيعُ غَدَاةَ الدَّجْنِ يَصْرَعُهَا,Before Islam: VIth century,bassit_complete,bassit_complete
869,Al Aacha,Moallaqa,12,كَأَنَّ أَخْمَصَهَا بِالشَّوْكِ مُنْتَعِلُ,هِرْكَولَةٌ فُنُقٌ دُرْمٌ مَرَافِقُهَا,Before Islam: VIth century,bassit_complete,bassit_complete
870,Al Aacha,Moallaqa,13,وَالزِّنْبَقُ الوَرْدُ مِنْ أَرْدَانِهَا شَمِلُ,إِذَا تَقُومُ يَضُوعُ المِسْكُ أَصْوِرَةً,Before Islam: VIth century,bassit_complete,bassit_complete
871,Al Aacha,Moallaqa,14,خَضْرَاءُ جَادَ عَلَيْهَا مُسْبِلٌ هَطِلُ,مَا رَوْضَةٌ مِنْ رِيَاضِ الحُزْنِ مُعْشَبَةٌ,Before Islam: VIth century,bassit_complete,bassit_complete
872,Al Aacha,Moallaqa,15,مُؤَزَّرٌ بِعَمِيمِ النَّبْتِ مُكْتَهِلُ,يُضَاحِكُ الشَّمْسَ مِنْهَا كَوْكَبٌ شَرِقٌ,Before Islam: VIth century,bassit_complete,bassit_complete
873,Al Aacha,Moallaqa,16,وَلَا بِأَحْسَنَ مِنْهَا إِذْ دَنَا الأُصُلُ,يَوْمًا بِأَطْيَبَ مِنْهَا نَشْرَ رَائِحَةٍ,Before Islam: VIth century,bassit_complete,bassit_complete
874,Al Aacha,Moallaqa,17,غَيْرِي وَعَلَّقَ أُخْرَى غَيْرَهَا الرَّجُلُ,عَلَّقْتُهَا عَرَضًا وَعَلَّقَتْ رَجُلًا,Before Islam: VIth century,bassit_complete,bassit_complete
875,Al Aacha,Moallaqa,18,مِنْ أَهْلِهَا مَيِّتٌ يَهْذِي بِهَا وَهِلُ,وَعَلَّقَتْهُ فَتَاةٌ مَا يُحَاوِلُهَا,Before Islam: VIth century,bassit_complete,bassit_complete
876,Al Aacha,Moallaqa,19,فَاجْتَمَّعَا الحُبُّ حُبًّا كُلُّهُو تَبِلُ,وَعُلِّقَتْنِي أُخَيْرَى مَا تُلَائِمُنِي,Before Islam: VIth century,bassit_complete,bassit_complete
877,Al Aacha,Moallaqa,20,نَاءٍ وَدَانٍ وَمَحْبُولٌ وَمُحْتَبِلُ,فَكُلُّنَا مُغْرَمٌ يَهْذِي بِصَاحِبِهِ,Before Islam: VIth century,bassit_complete,bassit_complete
878,Al Aacha,Moallaqa,21,وَيْلِي عَلَيْكَ وَوَيْلِي مِنْكَ يَا رَجُلُ,قَالَتْ هُرَيْرَةُ لَمَّا جِئْتُ زَائِرَهَا,Before Islam: VIth century,bassit_complete,bassit_complete
879,Al Aacha,Moallaqa,22,كَأَنَّمَا البَرْقُ فِي حَافَاتِهِ الشُّعَلُ,يَا مَنْ يَرَى عَارِضًا قَدْ بِتُّ أَرْقُبُهُ,Before Islam: VIth century,bassit_complete,bassit_complete
880,Al Aacha,Moallaqa,23,مُنَطَّقٌ بِسِجَالِ المَاءِ مُتَّصِلُ,لَهُ رِدَافٌ وَجَوْزٌ مُفْأَمٌ عَمِلٌ,Before Islam: VIth century,bassit_complete,bassit_complete
881,Al Aacha,Moallaqa,24,وَلَا اللَّذَاذَةُ مِنْ كَأْسٍ وَلَا الكَسَلُ,لَمْ يُلْهِنِي اللَّهْوُ عَنْهُ حِينَ أَرْقُبُهُ,Before Islam: VIth century,bassit_complete,bassit_complete
882,Al Aacha,Moallaqa,25,شِيمُوا وَكَيْفَ يَشِيمُ الشَّارِبُ الثَّمِلُ,فَقُلْتُ لِلشُّرْبِ فِي دُرْنَى وَقَدْ ثَمِلُوا,Before Islam: VIth century,bassit_complete,bassit_complete
883,Al Aacha,Moallaqa,26,وَبِالخَبِيَّةِ مِنْهُ عَارِضٌ هَطِلُ,بَرْقًا يُضِيءُ عَلَى أَجْزَاعِ مَسْقِطِهِ,Before Islam: VIth century,bassit_complete,bassit_complete
884,Al Aacha,Moallaqa,27,فَالعَسْجَدِيَّةُ فَالأَبْلَاءُ فَالرِّجَلُ,قَالُوا نِمَارٌ فَبَطْنُ الخَالِ جَادَهُمَا,Before Islam: VIth century,bassit_complete,bassit_complete
885,Al Aacha,Moallaqa,28,حَتَّى تَدَافَعَ مِنْهُ الرَّبْوُ فَالجَبَلُ,فَالسَّفْحُ يَجْرِي فَخِنْزِيرٌ فَبُرْقَتُهُ,Before Islam: VIth century,bassit_complete,bassit_complete
886,Al Aacha,Moallaqa,29,رَوْضُ القَطَا فَكَثِيبُ الغَيْنَةِ السَّهِلُ,حَتَّى تَحَمَّلَ مِنْهُ المَاءُ تَكْلِفَةً,Before Islam: VIth century,bassit_complete,bassit_complete
887,Al Aacha,Moallaqa,30,زُورًا تَجَانَفَ عَنْهَا القَوْدُ وَالرَّسَلُ,يَسْقِي دِيَارًا لَهَا قَدْ أَصْبَحَتْ عُزُبًا,Before Islam: VIth century,bassit_complete,bassit_complete
888,Al Aacha,Moallaqa,31,لِلْجِنِّ بِاللَّيْلِ فِي حَافَاتِهَا زَجَلُ,وَبَلْدَةً مِثْلِ ظَهْرِ التُّرْسِ مُوحِشَةٍ,Before Islam: VIth century,bassit_complete,bassit_complete
889,Al Aacha,Moallaqa,32,إِلَّا الَّذِينَ لَهُمْ فِيمَا أَتَوا مَهَلُ,لَا يَتَنَمَّى لَهَا بِالقَيْظِ يَرْكَبُهَا,Before Islam: VIth century,bassit_complete,bassit_complete
890,Al Aacha,Moallaqa,33,فِي مِرْفَقَيْهَا إِذَا اسْتَعْرَضْتَهَا فَتَلُ,جَاوَزْتُهَا بِطَلِيحٍ جَسْرَةٍ سُرُحٍ,Before Islam: VIth century,bassit_complete,bassit_complete
891,Al Aacha,Moallaqa,34,إِنَّا كَذَلِكَ مَا نَحْفَى وَنَنْتَعِلُ,إِمَّا تَرَيْنَا حُفَاةً لَا نِعَالَ لَنَا,Before Islam: VIth century,bassit_complete,bassit_complete
892,Al Aacha,Moallaqa,35,وَقَدْ يُحَاذِرُ مِنِّي ثُمَّ مَا يَئِلُ,فَقَدْ أُخَالِسُ رَبَّ البَيْتِ غَفْلَتَهُ,Before Islam: VIth century,bassit_complete,bassit_complete
893,Al Aacha,Moallaqa,36,وَقَدْ يُصَاحِبُنِي ذُو الشِّرَّةِ الغَزِلُ,وَقَدْ أَقُودُ الصَّبَى يَوْمًا فَيَتْبَعُنِي,Before Islam: VIth century,bassit_complete,bassit_complete
894,Al Aacha,Moallaqa,37,شَاوٍ مِشَلٌّ شَلُولٌ شُلْشُلٌ شَوِلُ,وَقَدْ غَدَوْتُ إِلَى الحَانُوتِ يَتْبَعُنِي,Before Islam: VIth century,bassit_complete,bassit_complete
895,Al Aacha,Moallaqa,38,أَنْ لَيْسَ يَدْفَعُ عَنْ ذِي الحِيلَةِ الحِيَلُ,فِي فِتْيَةٍ كَسُيُوفِ الهِنْدِ قَدْ عَلِمُوا,Before Islam: VIth century,bassit_complete,bassit_complete
896,Al Aacha,Moallaqa,39,وَقَهْوَةً مُزَّةٌ رَاوُوقُهَا خَضِلُ,نَازَعْتُهُمْ قُضُبَ الرَّيْحَانِ مُتَّكِئًا,Before Islam: VIth century,bassit_complete,bassit_complete
897,Al Aacha,Moallaqa,40,إِلَّا بِهَاتِ وَإِنْ عَلُّوا وَإِنْ نَهِلُوا,لَا يَسْتَفِيقُونَ مِنْهَا وَهْيَ رَاهِنَةٌ,Before Islam: VIth century,bassit_complete,bassit_complete
898,Al Aacha,Moallaqa,41,مُقَلِّصٌ أَسْفَلَ السِّرْبَالِ مُعْتَمِلُ,يَسْعَى بِهَا ذُو زُجَاجَاتٍ لَهُ نُطَفٌ,Before Islam: VIth century,bassit_complete,bassit_complete
899,Al Aacha,Moallaqa,42,إِذَا تُرَجِّعُ فِيهِ القَيْنَةُ الفُضُلُ,وَمُسْتَجِيبٍ تَخَالُ الصَّنْجَ يَسْمَعُهُ,Before Islam: VIth century,bassit_complete,bassit_complete
900,Al Aacha,Moallaqa,43,وَفِي التَّجَارِبِ طُولُ اللَّهْوِ وَالغَزَلُ,مِنْ كُلِّ ذَلِكَ يَوْمٌ قَدْ لَهَوْتُ بِهِ,Before Islam: VIth century,bassit_complete,bassit_complete
901,Al Aacha,Moallaqa,44,وَالرَّافِلَاتُ عَلَى أَعْجَازِهَا العِجَلُ,وَالسَّاحِبَاتُ ذُيُولَ الخَزِّ آوِنَةً,Before Islam: VIth century,bassit_complete,bassit_complete
902,Al Aacha,Moallaqa,45,أَبَا ثُبَيْتٍ أَمَا تَنْفَكُّ تَأْتَكِلُ,أَبْلِغْ يَزِيدَ بَنِي شَيْبَانَ مَأْلُكَةً,Before Islam: VIth century,bassit_complete,bassit_complete
903,Al Aacha,Moallaqa,46,وَلَسْتَ ضَائِرَهَا مَا أَطَّتِ الإِبِلُ,أَلَسْتَ مُنْتَهِيًا عَنْ نَحْتِ أَثْلَتِنَا,Before Islam: VIth century,bassit_complete,bassit_complete
904,Al Aacha,Moallaqa,47,عِنْدَ اللِّقَاءِ فَتُرْدِي ثُمَّ تَعْتَزِلُ,تُغْرِي بِنَا رَهْطَ مَسْعُودٍ وَإِخْوَتِهِ,Before Islam: VIth century,bassit_complete,bassit_complete
905,Al Aacha,Moallaqa,48,وَشُبَّتِ الحَرْبُ بِالطُّوَّافِ وَاحْتَمَلُوا,لَأَعْرِفَنَّكَ إِنْ جَدَّ النَّفِيرُ بِنَا,Before Islam: VIth century,bassit_complete,bassit_complete
906,Al Aacha,Moallaqa,49,فَلَمْ يَضِرْهَا وَأَوْهَى قَرْنَهُ الوَعِلُ,كَنَاطِحٍ صَخْرَةً يَوْمًا لِيَفْلِقَهَا,Before Islam: VIth century,bassit_complete,bassit_complete
907,Al Aacha,Moallaqa,50,وَالْتُمِسَ النَّصْرُ مِنْكُمْ عَوْضُ تُحْتَمَلُ,لَأَعْرِفَنَّكَ إِنْ جَدَّتْ عَدَاوَتُنَا,Before Islam: VIth century,bassit_complete,bassit_complete
908,Al Aacha,Moallaqa,51,عِنْدَ اللِّقَاءِ فَتُرْدِيهِمْ وَتَعْتَزِلُ,تُلْزِمُ أَرْمَاحَ ذِي الجَدَّيْنِ سَوْرَتَنَا,Before Islam: VIth century,bassit_complete,bassit_complete
909,Al Aacha,Moallaqa,52,تَعُوذُ مِنْ شَرِّهَا يَوْمًا وَتَبْتَهِلُ,لَا تَقْعُدَنَّ وَقَدْ أَكَّلْتَهَا حَطَبًا,Before Islam: VIth century,bassit_complete,bassit_complete
910,Al Aacha,Moallaqa,53,وَالجَاشِرِيَّةِ مَنْ يَسْعَى وَيَنْتَضِلُ,قَدْ كَانَ فِي أَهْلِ كَهْفٍ إِنْ هُمُ قَعَدُوا,Before Islam: VIth century,bassit_complete,bassit_complete
911,Al Aacha,Moallaqa,54,أَنْ سَوْفَ يَأْتِيكَ مِنْ أَنْبَائِنَا شَكَلُ,سَائِلْ بَنِي أَسَدٍ عَنَّا فَقَدْ عَلِمُوا,Before Islam: VIth century,bassit_complete,bassit_complete
912,Al Aacha,Moallaqa,55,وَاسْأَلْ رَبِيعَةَ عَنَّا كَيْفَ نَفْتَعِلُ,وَاسْأَلْ قُشَيْرًا وَعَبْدَ اللَّهِ كُلُّهُمُ,Before Islam: VIth century,bassit_complete,bassit_complete
913,Al Aacha,Moallaqa,56,عِنْدَ اللِّقَاءِ وَهُمْ جَارُوا وَهُمْ جَهِلُوا,إِنَّا نُقَاتِلُهُمْ ثُمَّتَ نَقْتُلُهُمْ,Before Islam: VIth century,bassit_complete,bassit_complete
914,Al Aacha,Moallaqa,57,إِنَّا لِأَمْثَالِكُمْ يَا قَوْمَنَا قُتُلُ,كَلَّا زَعَمْتُمْ بِأَنَّا لَا نُقَاتِلُكُمْ,Before Islam: VIth century,bassit_complete,bassit_complete
915,Al Aacha,Moallaqa,58,يَدْفَعُ بِالرَّاحِ عَنْهُو نِسْوَةٌ عُجُلُ,حَتَّى يَظَلَّ عَمِيدُ القَوْمِ مُتَّكِئًا,Before Islam: VIth century,bassit_complete,bassit_complete
916,Al Aacha,Moallaqa,59,أَوْ ذَابِلٌ مِنْ رِمَاحِ الخَطِّ مُعْتَدِلُ,أَصَابَهُ هِنْدُوَانِيٌّ فَأَقْصَدَهُ,Before Islam: VIth century,bassit_complete,bassit_complete
917,Al Aacha,Moallaqa,60,وَقَدْ يَشِيطُ عَلَى أَرْمَاحِنَا البَطَلُ,قَدْ نَطْعَنُ العِيرَ فِي مَكْنُونِ فَائِلِهِ,Before Islam: VIth century,bassit_complete,bassit_complete
918,Al Aacha,Moallaqa,61,كَالطَّعْنِ يَذْهَبُ فِيهِ الزَّيْتُ وَالفُتُلُ,هَلْ تَنْتَهُونَ وَلَا يَنْهَى ذَوِي شَطَطٍ,Before Islam: VIth century,bassit_complete,bassit_complete
919,Al Aacha,Moallaqa,62,لَهُو وَسِيقَ إِلَيْهِ البَاقِرُ الغُيُلُ,إِنِّي لَعَمْرُ الَّذِي خَطَّتْ مَنَاسِمُهَا,Before Islam: VIth century,bassit_complete,bassit_complete
920,Al Aacha,Moallaqa,63,لَنَقْتُلَنْ مِثْلَهُ مِنْكُمْ فَنَمْتَثِلُ,لَئِنْ قَتَلْتُمْ عَمِيدًا لَمْ يَكُنْ صَدَدًا,Before Islam: VIth century,bassit_complete,bassit_complete
921,Al Aacha,Moallaqa,64,لَمْ تُلْفِنَا مِنْ دِمَاءِ القَوْمِ نَنْتَفِلُ,لَئِنْ مُنِيتَ بِنَا عَنْ غِبِّ مَعْرَكَةٍ,Before Islam: VIth century,bassit_complete,bassit_complete
922,Al Aacha,Moallaqa,65,جَنْبِي فُطَيْمَةَ لَا مَيْلٌ وَلَا عُزُلُ,نَحْنُ الفَوَارِسُ يَوْمَ الحِنْوِ ضَاحِيَةً,Before Islam: VIth century,bassit_complete,bassit_complete
923,Al Aacha,Moallaqa,66,أَوْ تَنْزِلُونَ فَإِنَّا مَعْشَرٌ نُزُلُ,قَالُوا الرُّكُوبَ فَقُلْنَا تِلْكَ عَادَتُنَا,Before Islam: VIth century,bassit_complete,bassit_complete
994,Al Akhtal,Kad Gharrahom,1,,قَدْ غَرَّهُمْ مِنِّي لَئِيمٌ جَنْبَا,Amawi: VIIth - VIIIth,rajaz_machtour,rajaz_machtour
995,Al Akhtal,Kad Gharrahom,2,,أَلْأَمُ خَلْقِ اللَّهِ طُرًّا عُصْبَا,Amawi: VIIth - VIIIth,rajaz_machtour,rajaz_machtour
996,Al Akhtal,Kad Gharrahom,3,,وَلَيْسَ فِي دَارٍ يَحُلُّ الأَشْبَا,Amawi: VIIth - VIIIth,rajaz_machtour,rajaz_machtour
997,Al Akhtal,Kad Gharrahom,4,,وَلَا يَذُبُّ المُصْمَئِلَّ الشَّوْذَبَا,Amawi: VIIth - VIIIth,rajaz_machtour,rajaz_machtour
998,Al Akhtal,Kad Gharrahom,5,,إِنِّي وَجَدْتُ مِنْ سَوَادٍ ثَعْلَبَا,Amawi: VIIth - VIIIth,rajaz_machtour,rajaz_machtour
999,Al Akhtal,Kad Gharrahom,6,,كَانَ لِعَمْرُ بْنِ قُعَيْنٍ تَوْلَبَا,Amawi: VIIth - VIIIth,rajaz_machtour,rajaz_machtour
1000,Al Akhtal,Kad Gharrahom,7,,كَانَ إِذَا قَرَّبَ جَحْشًا قَرَّبَا,Amawi: VIIth - VIIIth,rajaz_machtour,rajaz_machtour
1001,Al Akhtal,Kad Gharrahom,8,,كَفَى بِمَا عُدَّ عَلَيْهِمْ ثَلْبَا,Amawi: VIIth - VIIIth,rajaz_machtour,rajaz_machtour
1002,Al Akhtal,Kad Gharrahom,9,,قَبِيلَةٌ مَا يُرْفِدُونَ حَلْبَا,Amawi: VIIth - VIIIth,rajaz_machtour,rajaz_machtour
1003,Al Akhtal,Kad Gharrahom,10,,لَمْ يَتِرُوا العُجْمَ وَمَنْ تَعَرْبَا,Amawi: VIIth - VIIIth,rajaz_machtour,rajaz_machtour
1004,Al Akhtal,Kad Gharrahom,11,,أَبْنَاءَ عَبْدٍ كَانَ قِنًّا تُرْتَبَا,Amawi: VIIth - VIIIth,rajaz_machtour,rajaz_machtour
1310,Al Bohtori,Maa Lilkabiiri Min Ghawaani,1,مَاتَ الهَوَى فَلَا جَوًى وَلَا طَرَبْ,مَا لِلْكَبِيرِ فِي الغَوَانِي مِنْ أَرَبْ,Abbassi: VIIIth - XVIth,rajaz_complete,rajaz_complete
1311,Al Bohtori,Maa Lilkabiiri Min Ghawaani,2,فَإِنْ أَبَيْتِ فَاتْلَفِي مِنَ الغَضَبْ,يَا رَبَّةَ الخِدْرِي قَرِي رَاضِيَةً,Abbassi: VIIIth - XVIth,rajaz_complete,rajaz_complete
1312,Al Bohtori,Maa Lilkabiiri Min Ghawaani,3,وَلَا يُرَى دَمْعِي لِشَوْقٍ يَنْسَكِبْ,هَيْهَاتِ لَا آسَى عَلَى فَقْدِ الصِّبَا,Abbassi: VIIIth - XVIth,rajaz_complete,rajaz_complete
1313,Al Bohtori,Maa Lilkabiiri Min Ghawaani,4,وَقَلَّمَا يَعُودُ شَيْءٌ قَدْ ذَهَبْ,كَانَ الهَوَى خِدْنِي فَقَدْ وَدَّعْتُهُ,Abbassi: VIIIth - XVIth,rajaz_complete,rajaz_complete
1314,Al Bohtori,Maa Lilkabiiri Min Ghawaani,5,بِفَاتِرِ الطَّرْفِي خَلُوبٍ مُخْتَلَبْ,وَرُبَّ يَوْمٍ قَصَّرَتْهُو خَلْوَتِي,Abbassi: VIIIth - XVIth,rajaz_complete,rajaz_complete
1315,Al Bohtori,Maa Lilkabiiri Min Ghawaani,6,وَهْوَ مِنَ الإِعْجَابِ بِي كَالمُسْتَلَبْ,يَسْلُبُنِي عَقْلِي بِحُسْنِ وَجْهِهِ,Abbassi: VIIIth - XVIth,rajaz_complete,rajaz_complete
1316,Al Bohtori,Maa Lilkabiiri Min Ghawaani,7,يُنْصِفُ إِنْ شَاءَ وَإِنْ شَاءَ غَصَبْ,كَأَنَّمَا هَارُوتُ فِي أَجْفَانِهِ,Abbassi: VIIIth - XVIth,rajaz_complete,rajaz_complete
1317,Al Bohtori,Maa Lilkabiiri Min Ghawaani,8,كَمَا زَفَتْ رِيحٌ بِآجَامِي قَصَبْ,مُهَفْهَفٌ يَرْتَجُّ فِي أَقْطَارِهِ,Abbassi: VIIIth - XVIth,rajaz_complete,rajaz_complete
1318,Al Bohtori,Maa Lilkabiiri Min Ghawaani,9,أَمِ الَّتِي يَدْعُونَهَا بِنْتُ العِنَبْ,لَمْ أَدْرِ مَا أَسْكَرَنِي أَطَرْفُهُ,Abbassi: VIIIth - XVIth,rajaz_complete,rajaz_complete
1319,Al Bohtori,Maa Lilkabiiri Min Ghawaani,10,وَجِسْمُهُو أَحْسَنُ مِنْ مَاءِ الذَّهَبْ,كَأَنَّمَا الدُّرَّةُ مَاءُ وَجْهِهِ,Abbassi: VIIIth - XVIth,rajaz_complete,rajaz_complete
1320,Al Bohtori,Maa Lilkabiiri Min Ghawaani,11,أَوْ قَبَسًا أُلْهِبَ عَمْدًا فَالْتَهَبْ,تَحْسِبُهَا فِي كَأْسِهَا يَاقُوتَةً,Abbassi: VIIIth - XVIth,rajaz_complete,rajaz_complete
1321,Al Bohtori,Maa Lilkabiiri Min Ghawaani,12,وَزَهْرَةُ الدُّنْيَا وَيَنْبُوعُ الأَدَبْ,هَذَا لِذَا وَالفَتْحُ مِفْتَاحُ النَّدَى,Abbassi: VIIIth - XVIth,rajaz_complete,rajaz_complete
1322,Al Bohtori,Maa Lilkabiiri Min Ghawaani,13,وَيَغْضَبُ المَوْتُ إِذَا الفَتْحُ غَضِبْ,يَرْضَى فَيَرْمِي بِاللُّهَى سَمَاحَةً,Abbassi: VIIIth - XVIth,rajaz_complete,rajaz_complete
1323,Al Bohtori,Maa Lilkabiiri Min Ghawaani,14,تَنْظُرْ إِلَى آثَارِ غَيْثٍ فِي عُشُبْ,أُنْظُرْ إِلَى آثَارِهِ عِنْدَ اللُّهَى,Abbassi: VIIIth - XVIth,rajaz_complete,rajaz_complete
1324,Al Bohtori,Maa Lilkabiiri Min Ghawaani,15,لَمْ تُلْفِهِ إِلَّا إِلَيْهِ يَنْتَسِبْ,لَوْ قِيلَ لِلْمَجْدِ انْتَسِبْ إِلَى امْرِئٍ,Abbassi: VIIIth - XVIth,rajaz_complete,rajaz_complete
1325,Al Bohtori,Maa Lilkabiiri Min Ghawaani,16,كَفَّاهُ بِالأَمْوَالِ تَحْبُو وَتَهَبْ,لَيْثٌ وَغَيْزٌ وَجَوَادٌ مَاجِدٌ,Abbassi: VIIIth - XVIth,rajaz_complete,rajaz_complete
1326,Al Bohtori,Maa Lilkabiiri Min Ghawaani,17,وَقُلْ لِمَنْ عَادَى تَأَهَّبْ لِلْعَطَبْ,طُوبَى لِمَنْ وَالَى أَبُو مُحَمَّدٍ,Abbassi: VIIIth - XVIth,rajaz_complete,rajaz_complete
1327,Al Bohtori,Maa Lilkabiiri Min Ghawaani,18,كُنْتَ بِعِصْيَانِكَ لِلنَّارِ حَطَبْ,طَاعَاتُهُو فَرْضٌ فَإِنْ عَصَيْتَهُ,Abbassi: VIIIth - XVIth,rajaz_complete,rajaz_complete
1328,Al Bohtori,Maa Lilkabiiri Min Ghawaani,19,لَسْتَ امْرَأً خَابَ وَلَا مُثْنٍ كَذَبْ,يَا مَادِحَ الفَتْحِ وَيَا آمِلَهُ,Abbassi: VIIIth - XVIth,rajaz_complete,rajaz_complete
1329,Al Bohtori,Maa Lilkabiiri Min Ghawaani,20,فَكِسْوَتِي إِيَاهُ مَدْحٌ مُنْتَخَبْ,إِذَا كَسَانِي الفَتْحُ أَثْوَابَ الغِنَى,Abbassi: VIIIth - XVIth,rajaz_complete,rajaz_complete
1330,Al Bohtori,Maa Lilkabiiri Min Ghawaani,21,وَلَذَّةُ النَّفْسِ مِنَ العَيْشِ الطَّرَبْ,قَصَائِدٌ يَطْرَبُ مَنْ تُهْدَى لَهُ,Abbassi: VIIIth - XVIth,rajaz_complete,rajaz_complete
1331,Al Bohtori,Maa Lilkabiiri Min Ghawaani,22,أَغَرْتُ حِينَ قُلْتُهَا عَلَى الكُتُبْ,لَمْ أَسْتَعِرْ حِلْيَتَهَا يَوْمًا وَلَا,Abbassi: VIIIth - XVIth,rajaz_complete,rajaz_complete
1332,Al Bohtori,Maa Lilkabiiri Min Ghawaani,23,فِي جِيدِ خَوْدٍ أَوْ كَعِقْيَانِ الذَّهَبْ,جَاءَتْ كَدُرٍّ فِي سِمَاطِ لُؤْلُؤٍ,Abbassi: VIIIth - XVIth,rajaz_complete,rajaz_complete
1333,Al Bohtori,Maa Lilkabiiri Min Ghawaani,24,إِلَّا لِتَعْلُو رُتْبَتِي عَلَى الرُّتَبْ,سِحْرٌ حَلَالٌ لَمْ أُؤَلِّفْ عِقْدَهُ,Abbassi: VIIIth - XVIth,rajaz_complete,rajaz_complete
1334,Al Bohtori,Maa Lilkabiiri Min Ghawaani,25,وَأَنْتَ رَأْسُ المَجْدِ وَالنَّاسُ ذَنَبْ,وَكَيْفَ لَا يَأْمُلُ رَاجِيكَ الغِنَى,Abbassi: VIIIth - XVIth,rajaz_complete,rajaz_complete
2309,Al Boussiri,Al Borda,1,مَزَجْتَ دَمْعًا جَرَى مِنْ مُقْلَةٍ بِدَمِ,أَمِنْ تَذَكِّرِ جِيرَانٍ بِذِي سَلَمٍ,Mamlouki: XIIIth - XVIth,bassit_complete,bassit_complete
2310,Al Boussiri,Al Borda,2,وَأَوْمَضَ البَرْقُ فِي الظَّلْمَاءِ مِنْ إِضَمِ,أَمْ هَبَّتِ الرِّيحُ مِنْ تِلْقَاءِ كَاظِمَةٍ,Mamlouki: XIIIth - XVIth,bassit_complete,bassit_complete
2311,Al Boussiri,Al Borda,3,وَمَا لِقَلْبِكَ إِنْ قُلْتَ اسْتَفِقْ يَهِمِ,فَمَا لِعَيْنَيْكَ إِنْ قُلْتَ اكْفُفَا هَمَتَا,Mamlouki: XIIIth - XVIth,bassit_complete,bassit_complete
2312,Al Boussiri,Al Borda,4,مَا بَيْنَ مُنْسَجِمٍ مِنْهُ وَمُضْطَرِمِ,أَيَحْسَبُ الصُّبُّ أَنَّ الحُبُّ مُنْكَتِمٌ,Mamlouki: XIIIth - XVIth,bassit_complete,bassit_complete
2313,Al Boussiri,Al Borda,5,وَلَا أَرَقْتَ لِذِكْرِ البَانِ وَالعَلَمِ,لَوْلَا الهَوَى لَمْ تُرِقْ دَمْعًا عَلَى طَلَلٍ,Mamlouki: XIIIth - XVIth,bassit_complete,bassit_complete
2314,Al Boussiri,Al Borda,6,بِهِ عَلَيْكَ عُدُولُ الدَّمْعِ وَالسَّقَمِ,فَكَيْفَ تُنْكِرُ حُبًّا بَعْدَ مَا شَهِدَتْ,Mamlouki: XIIIth - XVIth,bassit_complete,bassit_complete
2315,Al Boussiri,Al Borda,7,مِثْلَ البَهَارِ عَلَى خَدَّيْكَ وَالعَنَمِ,وَأَثْبَتَ الوَجْدُ خَطَّيْ عَبْرَةٍ وَضَنًى,Mamlouki: XIIIth - XVIth,bassit_complete,bassit_complete
2316,Al Boussiri,Al Borda,8,وَالحُبُّ يَعْتَرِضُ اللَّذَاتِ بِالأَلَمِ,نَعَمْ سَرَى طَيْفُ مَنْ أَهْوَى فَأَرَّقَنِي,Mamlouki: XIIIth - XVIth,bassit_complete,bassit_complete
2317,Al Boussiri,Al Borda,9,مِنِّي إِلَيْكَ وَلَوْ أَنْصَفْتَ لَمْ تَلُمِ,يَا لَائِمِي فِي الهَوَى العُذْرِيِّ مَعْذِرَةً,Mamlouki: XIIIth - XVIth,bassit_complete,bassit_complete
2318,Al Boussiri,Al Borda,10,عَنِ الوُشَاةِ وَلَا دَائِي بِمُنْحَسِمِ,عَدَتْكَ حَالِيَ لَا سِرِّي بِمُسْتَتِرٍ,Mamlouki: XIIIth - XVIth,bassit_complete,bassit_complete
2319,Al Boussiri,Al Borda,11,إِنَّ المُحِبَّ عَنِ العُذَّالِ فِي صَمَمِ,مَحَّضْتَنِي النُّصْحَ لَكِنْ لَسْتُ أَسْمَعُهُ,Mamlouki: XIIIth - XVIth,bassit_complete,bassit_complete
2320,Al Boussiri,Al Borda,12,وَالشَّيْبُ أَبْعَدُ فِي نُصْحٍ عَنِ التُّهَمِ,إِنِّي اتَّهَمْتُ نَصِيحَ الشَّيْبِ فِي عَذَلٍ,Mamlouki: XIIIth - XVIth,bassit_complete,bassit_complete
2321,Al Boussiri,Al Borda,13,مِنْ جَهْلِهَا بِنَذِيرِ الشَّيْبِ وَالهَرَمِ,فَإِنَّ أَمَّارَتِي بِالسُّوءِ مَا اتَّعَظَتْ,Mamlouki: XIIIth - XVIth,bassit_complete,bassit_complete
2322,Al Boussiri,Al Borda,14,ضَيْفٍ أَلَمَّ بِرَأْسِي غَيْرَ مُحْتَشِمِ,وَلَا أَعَدَّتْ مِنْ الفِعْلِ الجَمِيلِ قُرَى,Mamlouki: XIIIth - XVIth,bassit_complete,bassit_complete
2323,Al Boussiri,Al Borda,15,كَتَمْتُ سِرًّا بَدَا لِي مِنْهُ بِالكَتَمِ,لَوْ كُنْتُ أَعْلَمُ أَنِّي مَا أُوَقِّرُهُ,Mamlouki: XIIIth - XVIth,bassit_complete,bassit_complete
2324,Al Boussiri,Al Borda,16,كَمَا يُرَدُّ جِمَاحُ الخَيْلِ بِاللُّجُمِ,مَنْ لِي بِرَدِّ جِمَاحٍ مِنْ غَوَايَتِهَا,Mamlouki: XIIIth - XVIth,bassit_complete,bassit_complete
2325,Al Boussiri,Al Borda,17,إِنَّ الطَّعَامَ يُقَوِّي شَهْوَةَ النَّهِمِ,فَلَا تَرِمْ بِالمَعَاصِي كَسْرَ شَهْوَتِهَا,Mamlouki: XIIIth - XVIth,bassit_complete,bassit_complete
2326,Al Boussiri,Al Borda,18,حُبِّ الرَّضَاعِ وَإِنْ تُفْطِمْهُ يَنْفَطِمِ,وَالنَّفْسُ كَالطِّفْلِ إِنْ تُهْمِلْهُ شَبَّ عَلَى,Mamlouki: XIIIth - XVIth,bassit_complete,bassit_complete
2327,Al Boussiri,Al Borda,19,وَإِنْ هِيَ اسْتَحْلَتِ المَرْعَى فَلَا تَسُمِ,وَرَاعِهَا وَهْيَ فِي الأَعْمَالِ سَائِمَةٌ,Mamlouki: XIIIth - XVIth,bassit_complete,bassit_complete
2328,Al Boussiri,Al Borda,20,مِنْ حَيْثُ لَمْ يَدْرِ أَنَّ السُّمَّ فِي الدَّسَمِ,كَمْ حَسَّنَتْ لَذَّةً لِلْمَرْءِ قَاتِلَةً,Mamlouki: XIIIth - XVIth,bassit_complete,bassit_complete
2329,Al Boussiri,Al Borda,21,فَرُبَّ مُخْمِصَةٍ شَرٌّ مِنَ التُّخَمِ,وَاخْشَ الدَّسَائِسَ مِنْ جُوعٍ وَمِنْ شِبَعٍ,Mamlouki: XIIIth - XVIth,bassit_complete,bassit_complete
2330,Al Boussiri,Al Borda,22,مِنَ المَحَارِمِ وَالْزَمْ حِمْيَةَ النَّدَمِ,وَاسْتَفْرِغِ الدَّمْعَ مِنْ عَيْنٍ قَدِ امْتَلَأَتْ,Mamlouki: XIIIth - XVIth,bassit_complete,bassit_complete
2331,Al Boussiri,Al Borda,23,وَإِنْ هُمَا مَحَّضَاكَ النُّصْحَ فَاتَّهِمِ,وَخَالِفِ النَّفْسَ وَالشَّيْطَانَ وَاعْصِهِمَا,Mamlouki: XIIIth - XVIth,bassit_complete,bassit_complete
2332,Al Boussiri,Al Borda,24,فَأَنْتَ تَعْرِفُ كَيْدَ الخَصْمِ وَالحَكَمِ,وَلَا تُطِعْ مِنْهُمَا خَصْمًا وَلَا حَكَمًا,Mamlouki: XIIIth - XVIth,bassit_complete,bassit_complete
2333,Al Boussiri,Al Borda,25,لَقَدْ نُسِبْتُ بِهِ نَسْلًا لِذِي عُقُمِ,أَسْتَغْفِرُ اللَّهَ مِنْ قَوْلٍ بِلَا عَمَلٍ,Mamlouki: XIIIth - XVIth,bassit_complete,bassit_complete
2334,Al Boussiri,Al Borda,26,وَمَا اسْتَقَمْتُ فَمَا قَوْلِي لَكَ اسْتَقِمِ,أَمَرْتُكَ الخَيْرَ لَكِنْ مَا ائْتَمَرْتَ بِهِ,Mamlouki: XIIIth - XVIth,bassit_complete,bassit_complete
2335,Al Boussiri,Al Borda,27,وَلَمْ أُصَلِّ سِوَى فَرْضٍ وَلَمْ أَصُمِ,وَلَا تَزَوَّدْتُ قَبْلَ المَوْتِ نَافِلَةً,Mamlouki: XIIIth - XVIth,bassit_complete,bassit_complete
2336,Al Boussiri,Al Borda,28,إِنِ اشْتَكَتْ قَدَمَاهُ الضَّرَ مِنْ وَرَمِ,ظَلَمْتُ سُنَّةَ مَنْ أَحْيَا الظَّلَامَ إِلَى,Mamlouki: XIIIth - XVIth,bassit_complete,bassit_complete
2337,Al Boussiri,Al Borda,29,تَحْتَ الحِجَارَةِ كَشْحًا مُتْرَفِ الأَدَمِ,وَشَدَّ مِنْ سَغَبٍ أَحْشَاءَهُ وَطَوَى,Mamlouki: XIIIth - XVIth,bassit_complete,bassit_complete
2338,Al Boussiri,Al Borda,30,عَنْ نَفْسِهِ فَأَرَاهَا أَيَّمَا شِمَمِ,وَرَاوَدَتْهُ الجِبَالُ الشَّمُّ مِنْ ذَهَبٍ,Mamlouki: XIIIth - XVIth,bassit_complete,bassit_complete
2339,Al Boussiri,Al Borda,31,إِنَّ الضَّرُورَةُ لَا تَعْدُو عَلَى العِصَمِ,وَأَكَّدَتْ زُهْدَهُ فِيهَا ضَرُورَتُهُ,Mamlouki: XIIIth - XVIth,bassit_complete,bassit_complete
2340,Al Boussiri,Al Borda,32,لَوْلَاهُ لَمْ تُخْرَجِ الدُّنْيَا مِنَ العَدَمِ,وَكَيْفَ تَدْعُو إِلَى الدُّنْيَا ضَرُورَةُ مَنْ,Mamlouki: XIIIth - XVIth,bassit_complete,bassit_complete
2341,Al Boussiri,Al Borda,33,وَالفَرِيقَيْنِ مِنْ عُرْبٍ وَمِنْ عَجَمِ,مُحَمَّدٌ سَيِّدُ الكَوْنَيْنِ وَالثَّقَلَيْنِ,Mamlouki: XIIIth - XVIth,bassit_complete,bassit_complete
2342,Al Boussiri,Al Borda,34,أَبَرَّ فِي قَوْلِ لَا مِنْهُ وَلَا نَعَمِ,نَبِيُّنَا الآمِرُ النَّاهِي فَلَا أَحَدٌ,Mamlouki: XIIIth - XVIth,bassit_complete,bassit_complete
2343,Al Boussiri,Al Borda,35,لِكُلِّ هَوْلٍ مِنَ الأَهْوَالِ مُقْتَحِمِ,هُوَ الحَبِيبُ الَّذِي تُرْجَى شَفَاعَتُهُ,Mamlouki: XIIIth - XVIth,bassit_complete,bassit_complete
2344,Al Boussiri,Al Borda,36,مُسْتَمْسِكُونَ بِحَبْلٍ غَيْرَ مُنْفَصِمِ,دَعَا إِلَى اللَّهِ فَالمُسْتَمْسِكُونَ بِهِ,Mamlouki: XIIIth - XVIth,bassit_complete,bassit_complete
2345,Al Boussiri,Al Borda,37,وَلَمْ يُدَانُوهُ فِي عِلْمٍ وَلَا كَرَمِ,فَاقَ النَّبِيِّينَ فِي خَلْقٍ وَفِي خُلُقٍ,Mamlouki: XIIIth - XVIth,bassit_complete,bassit_complete
2346,Al Boussiri,Al Borda,38,غَرْفًا مِنَ البَحْرِ أَوْ رَشْفًا مِنَ الدِّيَمِ,وَكُلُّهُمْ مِنْ رَسُولِ اللَّهِ مُلْتَمِسٌ,Mamlouki: XIIIth - XVIth,bassit_complete,bassit_complete
2347,Al Boussiri,Al Borda,39,مِنْ نُقْطَةِ العِلْمِ أَوْ مِنْ شَكْلَةِ الحَكَمِ,وَوَاقِفُونَ لَدَيْهِ عِنْدَ حَدِّهِمُ,Mamlouki: XIIIth - XVIth,bassit_complete,bassit_complete
2348,Al Boussiri,Al Borda,40,ثُمَّ اصْطَفَاهُ حَبِيبًا بَارِئُ النَّسَمِ,فَهْوَ الَّذِي تَمَّ مَعْنَاهُ وَصُورَتَهُ,Mamlouki: XIIIth - XVIth,bassit_complete,bassit_complete
3432,Al Charif Al Mortada,Ilaa Kam Aqoudo Qawman,1,بِطَاءً إِلَى وِدَادِي,إِلَى كَمْ أَقُودُ قَوْمًا,Mamlouki: XIIIth - XVIth,modarii_complete,modarii_complete
3433,Al Charif Al Mortada,Ilaa Kam Aqoudo Qawman,2,وَيَهْوَوْنَ لِي بِعَادِي,وَأَهْوَى لَهُمْ دُنُوًّا,Mamlouki: XIIIth - XVIth,modarii_complete,modarii_complete
3434,Al Charif Al Mortada,Ilaa Kam Aqoudo Qawman,3,وَمَا هُمْ سِوَى أُعَادِ,وَأُضْحِي لَهُمْ صَدِيقًا,Mamlouki: XIIIth - XVIth,modarii_complete,modarii_complete
3435,Al Charif Al Mortada,Ilaa Kam Aqoudo Qawman,4,بِمَنْ هَمُّهُ فَسَادِي,وَأَبْغِي صَلَاحَ شَأْنِي,Mamlouki: XIIIth - XVIth,modarii_complete,modarii_complete
3436,Al Charif Al Mortada,Ilaa Kam Aqoudo Qawman,5,لِمَنْ لَيْسَ بِالجَوَادِ,وَكَمْ ذَا أَجُودُ دَهْرِي,Mamlouki: XIIIth - XVIth,modarii_complete,modarii_complete
3437,Al Charif Al Mortada,Ilaa Kam Aqoudo Qawman,6,لِأَنْ كُنْتُ ذَا تِلَادِ,أَرَى مَعْشَرًا غِضَابًا,Mamlouki: XIIIth - XVIth,modarii_complete,modarii_complete
3438,Al Charif Al Mortada,Ilaa Kam Aqoudo Qawman,7,وَكَانُوا ثَرَى الوِهَادِ,وَأَنْ كُنْتُ فِي الثُّرَيَّا,Mamlouki: XIIIth - XVIth,modarii_complete,modarii_complete
3439,Al Charif Al Mortada,Ilaa Kam Aqoudo Qawman,8,جُثُومِي عَلَى الوِسَادِ,أَلَا طَالَمَا رَأَيْتُمْ,Mamlouki: XIIIth - XVIth,modarii_complete,modarii_complete
3440,Al Charif Al Mortada,Ilaa Kam Aqoudo Qawman,9,إِلَى رَاحَتِي مُرَادِي,أَنَالُ الهَوَى وَيُلْقَى,Mamlouki: XIIIth - XVIth,modarii_complete,modarii_complete
3441,Al Charif Al Mortada,Ilaa Kam Aqoudo Qawman,10,أَبِيٍّ عَلَى القِيَادِ,وَأُعْطِي مَقَادَ قَرْمٍ,Mamlouki: XIIIth - XVIth,modarii_complete,modarii_complete
3442,Al Charif Al Mortada,Ilaa Kam Aqoudo Qawman,11,فَلَا تَلْتَوِي جِيَادِي,وَتَجْرِي إِلَى الأَمَانِي,Mamlouki: XIIIth - XVIth,modarii_complete,modarii_complete
3443,Al Charif Al Mortada,Ilaa Kam Aqoudo Qawman,12,مَكِينٌ مِنَ الفُؤَادِ,وَلِي مَنْزِلٌ حَصِينٌ,Mamlouki: XIIIth - XVIth,modarii_complete,modarii_complete
3444,Al Charif Al Mortada,Ilaa Kam Aqoudo Qawman,13,فَلِي مِنْهُ أَلْفُ فَادِ,إِذَا هَمَّ لِي بَلَاءٌ,Mamlouki: XIIIth - XVIth,modarii_complete,modarii_complete
3445,Al Charif Al Mortada,Ilaa Kam Aqoudo Qawman,14,مُطَارٍ بِخَبْتِ وَادِ,وَأَنْتُمْ جُفَاءُ سَيْلٍ,Mamlouki: XIIIth - XVIth,modarii_complete,modarii_complete
924,Al Harith Ibn Hiliza,A 3amrou,1,صَرَمْتَ الحِبَالَ وَلَمْ تُصْرَمِ,أَعَمْرُو ابْنَ فَرَّاشَةِ الأَشْيَمِ,Before Islam: VIth century,motaqaarib_complete,motaqaarib_complete
925,Al Harith Ibn Hiliza,A 3amrou,2,بَنِي يَشْكُرَ الصَّيْدَ بِالمَلْهَمِ,وَأَفْسَدْتَ قَوْمَكَ بَعْدَ الصَّلَاحِ,Before Islam: VIth century,motaqaarib_complete,motaqaarib_complete
926,Al Harith Ibn Hiliza,A 3amrou,3,وَذَاكَ العُقُوقُ مِنَ المَأْثَمِ,دَعَوْتَ أَبَاكَ إِلَى غَيْرِهِ,Before Islam: VIth century,motaqaarib_complete,motaqaarib_complete
927,Al Harith Ibn Hiliza,A 3amrou,4,إِلَى مُلْتَقَى الحَجِّ بِالمَوْسِمِ,كَفَى شَاهِدًا بِمُبَاحِ الصَّفَا,Before Islam: VIth century,motaqaarib_complete,motaqaarib_complete
928,Al Harith Ibn Hiliza,A 3amrou,5,كَسَعْيِ ابْنِ مَارِيَةَ الأَقْصَمِ,فَهَلَّا سَعَيْتَ لِصُلْحِ الصَّدِيقِ,Before Islam: VIth century,motaqaarib_complete,motaqaarib_complete
929,Al Harith Ibn Hiliza,A 3amrou,6,وَتَغْلِبَ مِنْ شَرِّهَا الأَعْظَمِ,وَقَيْسٌ تَدَارَكَ بَكْرَ العِرَاقِ,Before Islam: VIth century,motaqaarib_complete,motaqaarib_complete
930,Al Harith Ibn Hiliza,A 3amrou,7,وَذَلِكَ فِعْلُ الفَتَى الأَكْرَمِ,وَأَصْلَحَ مَا أَفْسَدُوا بَيْنَهُمْ,Before Islam: VIth century,motaqaarib_complete,motaqaarib_complete
931,Al Harith Ibn Hiliza,A 3amrou,8,مَكَانَ الثُّرَيَّا مِنَ الأَنْجُمِ,وَبَيْتُ شَرَاحِيلَ مِنْ وَائِلٍ,Before Islam: VIth century,motaqaarib_complete,motaqaarib_complete
37,Al Harith Ibn Hiliza,Moallaqa,1,رُبَّ ثَاوٍ يُمَلُّ مِنْهُ الثَّوَاءُ,آذَنَتْنَا بِبَيْنِهَا أَسِمَاءُ,Before Islam: VIth century,khafif_complete,khafif_complete
364,Al Harith Ibn Hiliza,Moallaqa,2,لَيْتَ شِعْرِي مَتَى يَكُونُ اللِّقَاءُ,آذَنَتْنَا بِبَيْنِهَا ثُمَّ وَلَّتْ,Before Islam: VIth century,khafif_complete,khafif_complete
365,Al Harith Ibn Hiliza,Moallaqa,3,فَأَدْنَى دِيَارِهَا الخَلْصَاءُ,بَعْدَ عَهْدٍ لَنَا بِبُرْقَةِ شَمَّاءَ,Before Islam: VIth century,khafif_complete,khafif_complete
366,Al Harith Ibn Hiliza,Moallaqa,4,قُ فِتَاقٍ فَعَاذِبٌ فَالوَفَاءُ,فَالمُحَيَّاةُ فَالصِّفَاحُ فَأَعْنَا,Before Islam: VIth century,khafif_complete,khafif_complete
367,Al Harith Ibn Hiliza,Moallaqa,5,بُبِ فَالشُّعْبَتَانِ فَالأَبْلَاءُ,فَرِيَاضُ القِطَا فَأَوْدِيَةُ الشُّرْ,Before Islam: VIth century,khafif_complete,khafif_complete
368,Al Harith Ibn Hiliza,Moallaqa,6,يَوْمَ دَلْهًا وَمَا يَحِيرُ البُكَاءُ,لَا أَرَى مَنْ عَهِدْتُ فِيهَا فَأَبْكِي الْ,Before Islam: VIth century,khafif_complete,khafif_complete
369,Al Harith Ibn Hiliza,Moallaqa,7,رَ أَخِيرًا تُلْوِي بِهَا العَلْيَاءُ,وَبِعَيْنَيْكَ أَوْقَدَتْ هِنْدٌ النَّا,Before Islam: VIth century,khafif_complete,khafif_complete
370,Al Harith Ibn Hiliza,Moallaqa,8,نِ بِعُودٍ كَمَا يَلُوحُ الضِّيَاءُ,أَوْقَدَتْهَا بَيْنَ العَقِيقِ فَشَخْصَيْ,Before Islam: VIth century,khafif_complete,khafif_complete
371,Al Harith Ibn Hiliza,Moallaqa,9,بِخَزَارٍ هَيْهَاتَ مِنْكَ الصَّلَاءُ,فَتَنَوَّرْتُ نَارَهَا مِنْ بَعِيدٍ,Before Islam: VIth century,khafif_complete,khafif_complete
372,Al Harith Ibn Hiliza,Moallaqa,10,إِذَا خَفَّ بِالثَّوِيِّ النَّجَاءُ,غَيْرَ أَنِّي قَدْ أَسْتَعِينُ عَلَى الهَمِّ,Before Islam: VIth century,khafif_complete,khafif_complete
373,Al Harith Ibn Hiliza,Moallaqa,11,مُّ رِئَالٍ دَوِّيَّةٌ سَقْفَاءُ,بِزَفُوفٍ كَأَنَّهَا هِقْلَةٌ أُ,Before Islam: VIth century,khafif_complete,khafif_complete
374,Al Harith Ibn Hiliza,Moallaqa,12,نَّاصُ عَصْرًا وَقَدْ دَنَا الإِمْسَاءُ,آنَسَتْ نَبْأَةً وَأَفْزَعَهَا القُ,Before Islam: VIth century,khafif_complete,khafif_complete
375,Al Harith Ibn Hiliza,Moallaqa,13,عِ مَنِينًا كَأَنَّهُ إِهْبَاءُ,فَتَرَى خَلْفَهَا مِنَ الرَّجْعِ وَالوَقْ,Before Islam: VIth century,khafif_complete,khafif_complete
376,Al Harith Ibn Hiliza,Moallaqa,14,سَاقِطَاتٌ أَلْوَتْ بِهَا الصَّحْرَاءُ,وَطِرَاقًا مِنْ خَلْفِهِنَّ طِرَاقٌ,Before Islam: VIth century,khafif_complete,khafif_complete
377,Al Harith Ibn Hiliza,Moallaqa,15,نِ هَمٍّ بَلِيَّةٌ عَمْيَاءُ,أَتَلَهَّى بِهَا الهَوَاجِرَ إِذْ كُلُّ ابْ,Before Islam: VIth century,khafif_complete,khafif_complete
378,Al Harith Ibn Hiliza,Moallaqa,16,ءِ خَطْبٌ نُعْنَى بِهِ وَنُسَاءُ,وَأَتَانَا مِنَ الحَوَادِثِ وَالأَنْبَا,Before Islam: VIth century,khafif_complete,khafif_complete
379,Al Harith Ibn Hiliza,Moallaqa,17,نَ عَلَيْنَا فِي قِيلِهِمْ إِحْفَاءُ,إِنَّ إِخْوَانَنَا الأَرَاقِمَ يَغْلُو,Before Islam: VIth century,khafif_complete,khafif_complete
380,Al Harith Ibn Hiliza,Moallaqa,18,بِ وَلَا يَنْفَعُ الخَلِيَّ الخَلاءُ,يَخْلِطُونَ البَرِيءَ مِنَّا بِذِي الذَّنْ,Before Islam: VIth century,khafif_complete,khafif_complete
381,Al Harith Ibn Hiliza,Moallaqa,19,رَ مُوَالٍ لَنَا وَأَنَّا الوَلَاءُ,زَعَمُوا أَنَّ كُلَّ مَنْ ضَرَبَ العَيْ,Before Islam: VIth century,khafif_complete,khafif_complete
382,Al Harith Ibn Hiliza,Moallaqa,20,أَصْبَحُوا أَصْبَحَتْ لَهُمْ ضَوْضَاءُ,أَجْمَعُوا أَمْرَهُمْ عِشَاءً فَلَمَّا,Before Islam: VIth century,khafif_complete,khafif_complete
383,Al Harith Ibn Hiliza,Moallaqa,21,هَالِ خَيْلٍ خِلَالَ ذَاكَ رُغَاءُ,مِنْ مُنَادٍ وَمِنْ مُجِيبٍ وَمِنْ تَصْ,Before Islam: VIth century,khafif_complete,khafif_complete
385,Al Harith Ibn Hiliza,Moallaqa,22,قَبْلُ مَا قَدْ وَشَى بِنَا الأَعْدَاءُ,لَا تَخَلْنَا عَلَى غَرَاتِكَ إِنَّا,Before Islam: VIth century,khafif_complete,khafif_complete
386,Al Harith Ibn Hiliza,Moallaqa,23,نَا حُصُونٌ وَعِزَّةٌ قَعْسَاءُ,فَبَقِينَا عَلَى الشَّنَاءَةِ تَنْمِي,Before Islam: VIth century,khafif_complete,khafif_complete
387,Al Harith Ibn Hiliza,Moallaqa,24,اسِ فِيهَا تَغَيُّظٌ وَإِبَاءُ,قَبْلَ مَا اليَوْمِ بَيَّضَتْ بِعُيُونِ النَّ,Before Islam: VIth century,khafif_complete,khafif_complete
388,Al Harith Ibn Hiliza,Moallaqa,25,عَنَ جَوْنًا يَنْجَابُ عَنْهُ العَمَاءُ,وَكَأَنَّ الْمَنُونَ تَرْدِي بِنَا أَرْ,Before Islam: VIth century,khafif_complete,khafif_complete
389,Al Harith Ibn Hiliza,Moallaqa,26,تُوهُ لِلدَّهْرِ مُؤْيِدٌ صَمَّاءُ,مُكْفَهِرًّا عَلَى الحَوَادِثِ لَا تَرْ,Before Islam: VIth century,khafif_complete,khafif_complete
392,Al Harith Ibn Hiliza,Moallaqa,27,ا إِلَيْنَا تُشْفَى بِهَا الأَمْلَاءُ,أَيُّمَا خُطَّةٍ أَرَدْتُمْ فَأَدُّوهَ,Before Islam: VIth century,khafif_complete,khafif_complete
393,Al Harith Ibn Hiliza,Moallaqa,28,قِبِ فِيهِ الأَمْوَاتُ وَالأَحْيَاءُ,إِنْ نَبَشْتُمْ مَا بَيْنَ مِلْحَةَ فَالصَّا,Before Islam: VIth century,khafif_complete,khafif_complete
394,Al Harith Ibn Hiliza,Moallaqa,29,سُ وَفِيهِ الإِسْقَامُ وَالإِبْرَاءُ,أَوْ نَقَشْتُمْ فَالنَّقْشُ يَجْشِمُهُ النَّا,Before Islam: VIth century,khafif_complete,khafif_complete
395,Al Harith Ibn Hiliza,Moallaqa,30,مَضَ عَيْنًا فِي جَفْنِهَا الأَقْذَاءُ,أَوْ سَكَتُّمْ عَنَّا فَكُنَّا كَمَنْ أَغْ,Before Islam: VIth century,khafif_complete,khafif_complete
396,Al Harith Ibn Hiliza,Moallaqa,31,دِثْتُمُوهُ لَهُ عَلَيْنَا العَلَاءُ,أَوْ مَنَعْتُمْ مَا تُسْأَلُونَ فَمَنْ حُدْ,Before Islam: VIth century,khafif_complete,khafif_complete
397,Al Harith Ibn Hiliza,Moallaqa,32,سُ غِوَارًا لِكُلِّ حَيِّ عُوَاءُ,هَلْ عَلِمْتُمْ أَيَّامَ يُنْتَهَبُ النَّا,Before Islam: VIth century,khafif_complete,khafif_complete
398,Al Harith Ibn Hiliza,Moallaqa,33,رَيْنِ سَيْرًا حَتَّى نَهَاهَا الحِسَاءُ,إِذْ رَفَعْنَا الجِمَالَ مِنْ سَعَفِ البَحْ,Before Islam: VIth century,khafif_complete,khafif_complete
399,Al Harith Ibn Hiliza,Moallaqa,34,نَا وَفِينَا بَنَاتُ قَوْمٍ إِمَاءُ,ثُمَّ مِلْنَا عَلَى تَمِيمٍ فَأَحْرَمْ,Before Islam: VIth century,khafif_complete,khafif_complete
400,Al Harith Ibn Hiliza,Moallaqa,35,لِ وَلَا يَنْفَعُ الذَّلِيلَ النَّجَاءُ,لَا يُقِيمُ العَزِيزُ بِالبَلَدِ السَّهْ,Before Islam: VIth century,khafif_complete,khafif_complete
500,Al Harith Ibn Hiliza,Moallaqa,36,رَأْسُ طَوْدٍ وَحَرَّةٌ رَجْلَاءُ,لَيْسَ يُنْجَى مُوَائِلًا مِنْ حِذَارِي,Before Islam: VIth century,khafif_complete,khafif_complete
2588,Al Harith Ibn Hiliza,Moallaqa,37,مَلَكَ المُنْذِرُ بْنُ مَاءِ السَّمَاءِ,فَمَلَكْنَا بِذَلِكَ النَّاسَ حَتَّى,Before Islam: VIth century,khafif_complete,khafif_complete
2589,Al Harith Ibn Hiliza,Moallaqa,38,مِ الحَيَارَيْنِ وَالبَلَاءُ بَلَاءُ,وَهُوَ الرَّبُّ وَالشَّهِيدُ عَلى يَوْ,Before Islam: VIth century,khafif_complete,khafif_complete
501,Al Harith Ibn Hiliza,Moallaqa,39,فِيهَا لِمَا لَدَيْهِ كِفَاءُ,مَلِكٌ أَضْلَعَ البَرِيَّةِ لَا يُوجَدُ,Before Islam: VIth century,khafif_complete,khafif_complete
2590,Al Harith Ibn Hiliza,Moallaqa,40,تَتَعَاشُوا فَفِي التَّعَاشِيَ الدَّاءُ,فَاتْرُكُوا البَغْيَ وَالتَّعَدِّي وَإِمَّا,Before Islam: VIth century,khafif_complete,khafif_complete
2591,Al Harith Ibn Hiliza,Moallaqa,41,دِّمَ فِيهِ العُهُودُ وَالكُفَلَاءُ,وَاذْكُرُوا حِلْفَ ذِي المَجَازِ وَمَا قُ,Before Islam: VIth century,khafif_complete,khafif_complete
2592,Al Harith Ibn Hiliza,Moallaqa,42,قُضُ مَا فِي المَهَارِقِ الأَهْوَاءُ,حَذَرَ الخَوْنِ وَالتَّعَدِّي وَهَلْ يَنْ,Before Islam: VIth century,khafif_complete,khafif_complete
2593,Al Harith Ibn Hiliza,Moallaqa,43,مَا اشْتَرَطْنَا يَوْمَ اخْتَلَفْنَا سَوَاءُ,وَاعْلَمُوا أَنَّنَا وَإِيَّاكُمْ فِي,Before Islam: VIth century,khafif_complete,khafif_complete
2594,Al Harith Ibn Hiliza,Moallaqa,44,نَمَ غَازِيهُمُ وَمِنَّا الجَزَاءُ,أَعَلَيْنَا جُنَاحُ كِنْدَةَ أَنْ يَغْ,Before Islam: VIth century,khafif_complete,khafif_complete
2595,Al Harith Ibn Hiliza,Moallaqa,45,جَمَّعَتْ مِنْ مُحَارِبٍ غَبْرَاءُ,أَمْ عَلَيْنَا جُرَّى حَنِيفَةَ أَوْ مَا,Before Islam: VIth century,khafif_complete,khafif_complete
2596,Al Harith Ibn Hiliza,Moallaqa,46,دِرْ فَإِنَّا مِنْ حَرْبِهِمْ بُرَّاءُ,أَمْ جَنَايَا بَنِي عَتِيقٍ فَمَنْ يَغْ,Before Islam: VIth century,khafif_complete,khafif_complete
2597,Al Harith Ibn Hiliza,Moallaqa,47,طَ بِجَوْزِ المُحَمَّلِ الأَعْبَاءُ,أَمْ عَلَيْنَا جَرَّى العِبَادُ كَمَا نِي,Before Islam: VIth century,khafif_complete,khafif_complete
2598,Al Harith Ibn Hiliza,Moallaqa,48,سَ عَلَيْنَا مِمَّا جَنُوا أَنْدَاءُ,أَمْ عَلَيْنَا جَرَّى قُضَاعَةَ أَمْ لَيْ,Before Islam: VIth century,khafif_complete,khafif_complete
2599,Al Harith Ibn Hiliza,Moallaqa,49,سٌ وَلَا جَنْدَلٌ وَلَا الحَدَّاءُ,لَيْسَ مِنَّا المُضَرَّبُونَ وَلَا قَيْ,Before Islam: VIth century,khafif_complete,khafif_complete
2600,Al Harith Ibn Hiliza,Moallaqa,50,لَ لِطَسْمٍ أَخُوكُمُ الأَبَّاءُ,أَمْ عَلَيْنَا جَرَّى إِيَادٍ كَمَا قِي,Before Islam: VIth century,khafif_complete,khafif_complete
2601,Al Harith Ibn Hiliza,Moallaqa,51,تَرُ عَنْ حَجْرَةِ الرَّبِيضِ الظِّبَاءُ,غَنَنًا بَاطِلًا وَظُلْمًا كَمَا تُعْ,Before Islam: VIth century,khafif_complete,khafif_complete
2602,Al Harith Ibn Hiliza,Moallaqa,52,هِمْ رِمَاحٌ صُدُورُهُنَّ القَضَاءُ,وَثَمَانُونَ مِنْ تَمِيمٍ بِأَيْدِي,Before Islam: VIth century,khafif_complete,khafif_complete
2603,Al Harith Ibn Hiliza,Moallaqa,53,ءِ نِطَاعٍ لَهُمْ عَلَيْهِمْ دُعَاءُ,لَمْ يُخَلُّوا بَنِي رِزَاحٍ بِبَرْقَا,Before Islam: VIth century,khafif_complete,khafif_complete
2604,Al Harith Ibn Hiliza,Moallaqa,54,بِنِهَابٍ يَصَمُّ فِيهِ الحُدَاءُ,تَرَكُوهُمْ مُلَحَّبِينَ فَآبُوا,Before Islam: VIth century,khafif_complete,khafif_complete
2605,Al Harith Ibn Hiliza,Moallaqa,55,جِعْ لَهُمْ شَامَةٌ وَلَا زَهْرَاءُ,وَأَتَوْهُمْ يَسْتَرْجِعُونَ فَلَمْ تَرْ,Before Islam: VIth century,khafif_complete,khafif_complete
2606,Al Harith Ibn Hiliza,Moallaqa,56,ظَهْرِ وَلَا يُبْرِدُ الغَلِيلَ المَاءُ,ثُمَّ فَاءُوا مِنْهُمْ بِقَاصِمَةِ الظْ,Before Islam: VIth century,khafif_complete,khafif_complete
2607,Al Harith Ibn Hiliza,Moallaqa,57,لَّاقِ لَا رَأْفَةٌ وَلَا إِبْقَاءُ,ثُمَّ خَيْلٌ مِنْ بَعْدِ ذَاكَ مَعَ الغَ,Before Islam: VIth century,khafif_complete,khafif_complete
503,Al Harith Ibn Hiliza,Moallaqa,58,وَعَلَيْهِ إِذَا أُصِيبَ العَفَاءُ,مَا أَصَابُوا مِنْ تَغْلِبِي فَمْطَلُولٌ,Before Islam: VIth century,khafif_complete,khafif_complete
502,Al Harith Ibn Hiliza,Moallaqa,59,هَلْ نَحْنُ لِابْنِ هِنْدٍ رِعَاءُ,كَتَكَالِيفِ قَوْمِنَا إِذْ غَزَا المُنْذِرُ,Before Islam: VIth century,khafif_complete,khafif_complete
504,Al Harith Ibn Hiliza,Moallaqa,60,فَأَدْنَى دِيَارِهَا العَوْصَاءُ,إِذْ أَحَلَّ العَلَاةَ قُبَّةَ مَيْسُونَ,Before Islam: VIth century,khafif_complete,khafif_complete
505,Al Harith Ibn Hiliza,Moallaqa,61,كُلِّ حَيٍّ كَأَنَّهُمْ أَلْقَاءُ,فَتَأَوَّتْ لَهُو قَرَاضِبَةٌ مِنْ,Before Islam: VIth century,khafif_complete,khafif_complete
506,Al Harith Ibn Hiliza,Moallaqa,62,بَالِغْ تَشْقَى بِهِ الأَشْقِيَاءُ,فَهَدَاهُمْ بِالأَسْوَدَيْنِ وَأَمْرُ اللَّهِ,Before Islam: VIth century,khafif_complete,khafif_complete
507,Al Harith Ibn Hiliza,Moallaqa,63,إِلَيْكُمْ أُمْنِيَّةٌ أَشْرَاءُ,إِذْ تَمَنَّوْنَهُمْ غُرُورًا فَسَاقَتْهُمْ,Before Islam: VIth century,khafif_complete,khafif_complete
508,Al Harith Ibn Hiliza,Moallaqa,64,رَفَعَ الآلُ شَخْصَهُمْ وَالضَّحَاءُ,لَمْ يَغُرُّوكُمُ غُرُورًا وَلَكِنْ,Before Islam: VIth century,khafif_complete,khafif_complete
509,Al Harith Ibn Hiliza,Moallaqa,65,عِنْدَ عَمْرٍ وَهَلْ لِذَاكَ انْتِهَاءُ,أَيُّهَا الشَّانِئُ المُبَلِّغُ عَنَّا,Before Islam: VIth century,khafif_complete,khafif_complete
391,Al Harith Ibn Hiliza,Moallaqa,66,شِي وَمِنْ دُونِ مَا لَدَيْهِ الثَّنَاءُ,مَلِكٌ مُقْسِطٌ وَأَفْضَلُ مَنْ يَمْ,Before Islam: VIth century,khafif_complete,khafif_complete
390,Al Harith Ibn Hiliza,Moallaqa,67,لُ وَتَأْبَى لِخَصْمِهَا الإِجْلَاءُ,إِرَمِيٌّ بِمِثْلِهِ جَالَتِ الخَيْ,Before Islam: VIth century,khafif_complete,khafif_complete
510,Al Harith Ibn Hiliza,Moallaqa,68,آيَاتٌ ثَلَاثٌ فِي كُلِّهِنَّ القَضَاءُ,مَنْ لَنَا عِنْدَهُ مِنَ الخَيْرِ,Before Islam: VIth century,khafif_complete,khafif_complete
511,Al Harith Ibn Hiliza,Moallaqa,69,مَعَدٌّ لِكُلِّ حَيٍّ لِوَاءُ,آيَةٌ شَارِقُ الشَّقِيقَةِ إِذْ جَاءَتْ,Before Islam: VIth century,khafif_complete,khafif_complete
512,Al Harith Ibn Hiliza,Moallaqa,70,قَرَظِيٍّ كَأَنَّهُوعَبْلَاءُ,حَوْلَ قَيْسٍ مُسْتَلْئِمِينَ بِكَبْشٍ,Before Islam: VIth century,khafif_complete,khafif_complete
513,Al Harith Ibn Hiliza,Moallaqa,71,إِلَّا مُبْيَضَّةٌ رَعْلَاءُ,وَصَتِيتٍ مِنَ العَوَاتِكِ لَا تَنْهَاهُ,Before Islam: VIth century,khafif_complete,khafif_complete
514,Al Harith Ibn Hiliza,Moallaqa,72,مِنْ خُرْبَةِ المَزَادِ المَاءُ,فَجَبَهْنَاهُمُ بِضَرْبٍ كَمَا يَخْرُجُ,Before Islam: VIth century,khafif_complete,khafif_complete
515,Al Harith Ibn Hiliza,Moallaqa,73,شِلَالًا وَدُمِّيَ الأَنْسَاءُ,وَحَمَلْنَاهُمُ عَلَى حَزْمِ ثَهْلَانِ,Before Islam: VIth century,khafif_complete,khafif_complete
517,Al Harith Ibn Hiliza,Moallaqa,74,وَمَا أَنْ لِلْحَائِنِينَ دِمَاءُ,وَفَعَلْنَا بِهِمْ كَمَا عَلِمَ اللَّهُ,Before Islam: VIth century,khafif_complete,khafif_complete
518,Al Harith Ibn Hiliza,Moallaqa,75,وَلَهُو فَارِسِيَّةٌ خَضْرَاءُ,ثُمَّ حُجْرًا أَعْنِي ابْنَ أُمِّ قَطَامٍ,Before Islam: VIth century,khafif_complete,khafif_complete
519,Al Harith Ibn Hiliza,Moallaqa,76,وَرَبِيعٌ إِنْ شَمَّرَتْ غَبْرَاءُ,أَسَدٌ فِي اللِّقَاءِ وَرْدٌ هَمُوسٌ,Before Islam: VIth century,khafif_complete,khafif_complete
516,Al Harith Ibn Hiliza,Moallaqa,77,فِي جَمَّةِ الطَّوِيِّ الدِّلَاءُ,فَرَدَدْنَاهُمُ بِطَعْنٍ كَمَا تُنْهَزُ,Before Islam: VIth century,khafif_complete,khafif_complete
520,Al Harith Ibn Hiliza,Moallaqa,78,بَعْدَ مَا طَالَ حَبْسُهُو وَالعَنَاءُ,وَفَكَكْنَا غُلَّ امْرِءِ القَيْسِ عَنْهُ,Before Islam: VIth century,khafif_complete,khafif_complete
523,Al Harith Ibn Hiliza,Moallaqa,79,كَرْهًا إِذْ لَا تُكَالُ الدِّمَاءُ,وَأَقَدْنَاهُ رَبَّ غَسَّانَ بِالمُنْذِرِ,Before Islam: VIth century,khafif_complete,khafif_complete
524,Al Harith Ibn Hiliza,Moallaqa,80,كٍ نَدَامَى أَسْلَابُهُمْ أَغْلَاءُ,وَفَدَيْنَاهُمُ بِتِسْعَةِ أَمْلَا,Before Islam: VIth century,khafif_complete,khafif_complete
521,Al Harith Ibn Hiliza,Moallaqa,81,عَتُودٌ كَأَنَّهَا دَفْوَاءُ,وَمَعَ الجَوْنِ جَوْنِ آلِ بَنِي الأَوْسِ,Before Islam: VIth century,khafif_complete,khafif_complete
522,Al Harith Ibn Hiliza,Moallaqa,82,شِلَالًا وَإِذْ تَلَظَّى الصِّلَاءُ,مَا جَزِعْنَا تَحْتَ العَجَاجَةِ إِذْ وَلُّوا,Before Islam: VIth century,khafif_complete,khafif_complete
525,Al Harith Ibn Hiliza,Moallaqa,83,مِنْ قَرِيبٍ لَمَّا أَتَانَا الحِبَاءُ,وَوَلَدْنَا عَمْرُو ابْنِ أُمِّ أَنَاسٍ,Before Islam: VIth century,khafif_complete,khafif_complete
526,Al Harith Ibn Hiliza,Moallaqa,84,فَلَاةٌ مِنْ دُونِهَا أَفْلَاءُ,مِثْلُهَا تُخْرِجُ النَّصِيحَةَ لِلْقَوْمِ,Before Islam: VIth century,khafif_complete,khafif_complete
527,Al Harith Ibn Hiliza,Moallaqa,85,تَتَعَاشُوا فَفِي التَّعَاشِي الدَّاءُ,فَاتْرُكُوا الطَّيْخَ وَالتَّعَاشِي وَإِمَّا,Before Islam: VIth century,khafif_complete,khafif_complete
528,Al Harith Ibn Hiliza,Moallaqa,86,قُدِّمَ فِيهِ العُهُودُ وَالكُفَلَاءُ,وَاذْكُرُوا حِلْفَ ذِي المَجَازِ وَمَا,Before Islam: VIth century,khafif_complete,khafif_complete
529,Al Harith Ibn Hiliza,Moallaqa,87,مَا فِي المَهَارِقِ الأَهْوَاءُ,حَذَرَ الجَوْرِ وَالتَّعَدِّي وَهَلْ يَنْقُضُ,Before Islam: VIth century,khafif_complete,khafif_complete
530,Al Harith Ibn Hiliza,Moallaqa,88,اشْتَرَطْنَا يَوْمَ اخْتَلَفْنَا سَوَاءُ,وَاعْلَمُوا أَنَّنَا وَإِيَّاكُمُ فِي مَا,Before Islam: VIth century,khafif_complete,khafif_complete
531,Al Harith Ibn Hiliza,Moallaqa,89,عَنْ حَجْرَةِ الرَّبِيضِ الظَّبَاءُ,عَنَنًا بَاطِلًا وَظُلْمًا كَمَا تُعْتَرُ,Before Islam: VIth century,khafif_complete,khafif_complete
532,Al Harith Ibn Hiliza,Moallaqa,90,غَازِيهُمُ وَمِنَّا الجَزَاءُ,أَعَلَيْنَا جُنَاحُ كِنْدَةَ أَنْ يَغْنَمَ,Before Islam: VIth century,khafif_complete,khafif_complete
533,Al Harith Ibn Hiliza,Moallaqa,91,بِجَوْزِ المُحَمَّلِ الأَعْبَاءُ,أَمْ عَلَيْنَا جَرَّى إِيَادٍ كَمَا نِيطَ,Before Islam: VIth century,khafif_complete,khafif_complete
534,Al Harith Ibn Hiliza,Moallaqa,92,وَلَا جَنْدَلٌ وَلَا الحَذَّاءُ,لَيْسَ مِنَّا المُضَرَّبُونَ وَلَا قَيْسٌ,Before Islam: VIth century,khafif_complete,khafif_complete
535,Al Harith Ibn Hiliza,Moallaqa,93,مِنْكُمُ إِنْ غَدَرْتُمُ بُرَآءُ,أَمْ جَنَايَا بَنِي عَتِيقٍ فَإِنَّا,Before Islam: VIth century,khafif_complete,khafif_complete
536,Al Harith Ibn Hiliza,Moallaqa,94,رِمَاحٌ صُدُورُهُنَّ القَضَاءُ,وَثَمَانُونَ مِنْ تَمِيمٍ بِأَيْدِيهِمْ,Before Islam: VIth century,khafif_complete,khafif_complete
540,Al Harith Ibn Hiliza,Moallaqa,95,جِعْ لَهُمْ شَامَةٌ وَلَا زَهْرَاءُ,وَأَتَوْهُمْ يَسْتَرْجِعُونَ فَلَمْ تَرْ,Before Islam: VIth century,khafif_complete,khafif_complete
542,Al Harith Ibn Hiliza,Moallaqa,96,وَلَا يُبْرِدُ الغَلِيلَ المَاءُ,ثُمَّ فَاؤُوا مِنْهُمْ بِقَاصِمَةِ الظَّهْرِ,Before Islam: VIth century,khafif_complete,khafif_complete
543,Al Harith Ibn Hiliza,Moallaqa,97,لَا رَأْفَةٌ وَلَا إِبْقَاءُ,ثُمَّ خَيْلٌ مِنْ بَعْدِ ذَاكَ مَعَ الغَلَّاقِ,Before Islam: VIth century,khafif_complete,khafif_complete
541,Al Harith Ibn Hiliza,Moallaqa,98,نِطَاعٍ لَهُمْ عَلَيْهِمْ دُعَاءُ,لَمْ يُخَلُّوا بَنِي رِزَاحٍ بِبَرْقَاءِ,Before Islam: VIth century,khafif_complete,khafif_complete
538,Al Harith Ibn Hiliza,Moallaqa,99,جَمَّعَتْ مِنْ مُحَارِبٍ غَبْرَاءُ,أَمْ عَلَيْنَا جَرَّى حَنِيفَةَ أَمَّا,Before Islam: VIth century,khafif_complete,khafif_complete
544,Al Harith Ibn Hiliza,Moallaqa,100,الحَيَارَيْنِ وَالبَلَاءُ بَلَاءُ,وَهُوَ الرَّبُّ وَالشَّهِيدُ عَلَى يَوْمِ,Before Islam: VIth century,khafif_complete,khafif_complete
537,Al Harith Ibn Hiliza,Moallaqa,101,بِنَهَابٍ يَصَمُّ مِنْهَا الحُدَاءُ,تَرَكُوهُمْ مُلَحَّبِينَ فَآبُوا,Before Islam: VIth century,khafif_complete,khafif_complete
401,Al Hays Bays,Wa Bilqasri Arihi,1,بِهِ يَمْنَعُ الذِّمَارُ,وَبِالقَصْرِ أَرْيِحِيٌّ,Ayoubi: XIIth - XIIIth,modarii_complete,modarii_complete
402,Al Hays Bays,Wa Bilqasri Arihi,2,وَإِنْ صَالَ فَهْوَ نَارُ,إِذَا جَادَ فَهْوَ غَيْثٌ,Ayoubi: XIIth - XIIIth,modarii_complete,modarii_complete
403,Al Hays Bays,Wa Bilqasri Arihi,3,ظُبَى البِيضِ وَالقُطَارُ,حَسُودَاهُ فِي عُلَاهُ,Ayoubi: XIIth - XIIIth,modarii_complete,modarii_complete
404,Al Hays Bays,Wa Bilqasri Arihi,4,وَعَنْ عَارِهَا نَوَارُ,أَنِيسٌ إِلَى المَعَالِي,Ayoubi: XIIth - XIIIth,modarii_complete,modarii_complete
405,Al Hays Bays,Wa Bilqasri Arihi,5,لِطُرَّاقِهِ نَهَارُ,سَنَا البِشْرِ فِي دُجَاهُ,Ayoubi: XIIth - XIIIth,modarii_complete,modarii_complete
406,Al Hays Bays,Wa Bilqasri Arihi,6,كَمَا خَافَتِ العِشَارُ,تَخَافُ الكُمَاةُ مِنْهُ,Ayoubi: XIIth - XIIIth,modarii_complete,modarii_complete
407,Al Hays Bays,Wa Bilqasri Arihi,7,وَمِنْ كُومِهِ الشِّفَارُ,فَتَرْوَى مِنَ الكُمَاتِي,Ayoubi: XIIth - XIIIth,modarii_complete,modarii_complete
408,Al Hays Bays,Wa Bilqasri Arihi,8,إِذَا عُدِّدَ الفَخَارُ,جَمَالُ الوَرَى المُشَارُ,Ayoubi: XIIth - XIIIth,modarii_complete,modarii_complete
409,Al Hays Bays,Wa Bilqasri Arihi,9,وَفِي عِطْفِهِ وَقَارُ,عَلَى عَزْمِهِ مَضَاؤُ,Ayoubi: XIIth - XIIIth,modarii_complete,modarii_complete
410,Al Hays Bays,Wa Bilqasri Arihi,10,لِزَانَئْيِهِ عِثَارُ,فَفِي السَّلْمِ طُودُ حُلْمٍ,Ayoubi: XIIth - XIIIth,modarii_complete,modarii_complete
411,Al Hays Bays,Wa Bilqasri Arihi,11,جَرِيٌّ بِهِ سُعَارُ,وَفِي الحَرْبِ لَيْثُ غَابٍ,Ayoubi: XIIth - XIIIth,modarii_complete,modarii_complete
412,Al Hays Bays,Wa Bilqasri Arihi,12,إِلَى السَّائِلِ اعْتِذَارُ,وَفِي الجُودِ وَهْوَ جَمٌّ,Ayoubi: XIIth - XIIIth,modarii_complete,modarii_complete
413,Al Hays Bays,Wa Bilqasri Arihi,13,وَمَسْعَاتِهِ عِطَارُ,عَلَى الجَوِّ مِنْ نَدَاهُ,Ayoubi: XIIth - XIIIth,modarii_complete,modarii_complete
414,Al Hays Bays,Wa Bilqasri Arihi,14,ضْلِ وَالصَّاحِبِ المُشَارِ,رَضِيُّ الاِمَامِ ذُو الفَ,Ayoubi: XIIth - XIIIth,modarii_complete,modarii_complete
415,Al Hays Bays,Wa Bilqasri Arihi,15,إِذَا أُسْلِمَ الجِوَارُ,مُجِيرُ الأَنَامِ يَحْمِي,Ayoubi: XIIth - XIIIth,modarii_complete,modarii_complete
416,Al Hays Bays,Wa Bilqasri Arihi,16,فَتِ وَالمُرْتَضَى اخْتِيَارُ,فَيَا مُرْتَضَى الخِلَا,Ayoubi: XIIth - XIIIth,modarii_complete,modarii_complete
418,Al Hays Bays,Wa Bilqasri Arihi,17,مُ كَرَّارَةً تُدَارُ,هَنِيئًا لَكَ المَوَاسِ,Ayoubi: XIIth - XIIIth,modarii_complete,modarii_complete
419,Al Hays Bays,Wa Bilqasri Arihi,18,وَفِيهَا بِكَ افْتِخَارُ,عَلَيْهَا بِكَ اغْتِبَاطُ,Ayoubi: XIIth - XIIIth,modarii_complete,modarii_complete
420,Al Hays Bays,Wa Bilqasri Arihi,19,لِمَا تَأْمُرُ ائْتِمَارُ,وَعُمِّرْتَ أَلْفَ عِيدٍ,Ayoubi: XIIth - XIIIth,modarii_complete,modarii_complete
421,Al Hays Bays,Wa Bilqasri Arihi,20,فِي قُطْبِهَا شِعَارُ,مُطَاعًا لَكَ السَّعَادَةُ,Ayoubi: XIIth - XIIIth,modarii_complete,modarii_complete
478,Al Hosari Al Qayrawani,Ya Laylo Al Sabbo,1,أَقِيَامُ السَّاعَةِ مَوْعِدُهُ,يَا لَيْلُ الصَّبُّ مَتَى غَدُهُ,Andaloussi: VIIIth - XVIth,motadaarak_complete,motadaarak_complete
479,Al Hosari Al Qayrawani,Ya Laylo Al Sabbo,2,أَسَفٌ لِلْبَيْنِ يُرَدِّدُهُ,رَقَدَ السُّمَّارُ فَأَرَّقَهُ,Andaloussi: VIIIth - XVIth,motadaarak_complete,motadaarak_complete
480,Al Hosari Al Qayrawani,Ya Laylo Al Sabbo,3,مِمَّا يَرْعَاهُ وَيَرْصُدُهُ,فَبَكَاهُ النَّجْمُ وَرَقَّ لَهُ,Andaloussi: VIIIth - XVIth,motadaarak_complete,motadaarak_complete
481,Al Hosari Al Qayrawani,Ya Laylo Al Sabbo,4,خَوْفُ الوَاشِينَ يُشَرِّدُهُ,كَلِفٌ بِغَزَالٍ ذِي هَيَفٍ,Andaloussi: VIIIth - XVIth,motadaarak_complete,motadaarak_complete
482,Al Hosari Al Qayrawani,Ya Laylo Al Sabbo,5,فِي النَّوْمِ فَعَزَّ تَصَيُّدُهُ,نَصَبَتْ عَيْنَايَ لَهُو شَرَكًا,Andaloussi: VIIIth - XVIth,motadaarak_complete,motadaarak_complete
483,Al Hosari Al Qayrawani,Ya Laylo Al Sabbo,6,لِلسِّرْبِ سَبَانِي أَغْيَدُهُ,وَكَفَى عَجَبًا أَنِّي قَنَصٌ,Andaloussi: VIIIth - XVIth,motadaarak_complete,motadaarak_complete
484,Al Hosari Al Qayrawani,Ya Laylo Al Sabbo,7,أَهْوَاهُ وَلَا أَتَعَبَّدُهُ,صَنَمٌ لِلْفِتْنَةِ مُنْتَصِبٌ,Andaloussi: VIIIth - XVIth,motadaarak_complete,motadaarak_complete
485,Al Hosari Al Qayrawani,Ya Laylo Al Sabbo,8,سَكْرَانُ اللَّحْظِ مُعَرْبِدُهُ,صَاحٍ وَالخَمْرُ جَنَى فَمِهِ,Andaloussi: VIIIth - XVIth,motadaarak_complete,motadaarak_complete
486,Al Hosari Al Qayrawani,Ya Laylo Al Sabbo,9,وَكَأَنَّ نُعَاسًا يُغْمِدُهُ,يَنْضُو مِنْ مُقْلَتِهِ سَيْفًا,Andaloussi: VIIIth - XVIth,motadaarak_complete,motadaarak_complete
487,Al Hosari Al Qayrawani,Ya Laylo Al Sabbo,10,وَالوَيْلُ لِمَنْ يَتَقَلَّدُهُ,فَيُرِيقُ دَمَ العُشَّاقِ بِهِ,Andaloussi: VIIIth - XVIth,motadaarak_complete,motadaarak_complete
488,Al Hosari Al Qayrawani,Ya Laylo Al Sabbo,11,عَيْنَاهُ وَلَمْ تَقْتُلْ يَدَهُ,كَلَّا لَا ذَنْبَ لِمَنْ قَتَلَتْ,Andaloussi: VIIIth - XVIth,motadaarak_complete,motadaarak_complete
489,Al Hosari Al Qayrawani,Ya Laylo Al Sabbo,12,وَعَلَى خَدَّيْهِ تَوَرُّدُهُ,يَا مَنْ جَحَدَتْ عَيْنَاهُ دَمِي,Andaloussi: VIIIth - XVIth,motadaarak_complete,motadaarak_complete
490,Al Hosari Al Qayrawani,Ya Laylo Al Sabbo,13,فَعَلَامَ جُفُونُكَ تَجْحَدُهُ,خَدَّاكَ قَدِ اعْتَرَفَا بِدَمِي,Andaloussi: VIIIth - XVIth,motadaarak_complete,motadaarak_complete
491,Al Hosari Al Qayrawani,Ya Laylo Al Sabbo,14,وَأَظُنُّكَ لَا تَتَعَمَّدُهُ,إِنِّي لَأُعِيذُكَ مِنْ قَتْلِي,Andaloussi: VIIIth - XVIth,motadaarak_complete,motadaarak_complete
492,Al Hosari Al Qayrawani,Ya Laylo Al Sabbo,15,فَلَعَلَّ خَيَالَكَ يُسْعِدُهُ,بِاللَّهِ هَبِ المُشْتَاقَ كَرَى,Andaloussi: VIIIth - XVIth,motadaarak_complete,motadaarak_complete
493,Al Hosari Al Qayrawani,Ya Laylo Al Sabbo,16,صَبٍّ يُدْنِيكَ وَتُبْعِدُهُ,مَا ضَرَّكَ لَوْ دَاوَيْتَ ضَنَى,Andaloussi: VIIIth - XVIth,motadaarak_complete,motadaarak_complete
494,Al Hosari Al Qayrawani,Ya Laylo Al Sabbo,17,فَلْيَبْكِ عَلَيْهِ عَوَّدُهُ,لَمْ يُبْقِ هَوَاكَ لَهُو رَمَقًا,Andaloussi: VIIIth - XVIth,motadaarak_complete,motadaarak_complete
495,Al Hosari Al Qayrawani,Ya Laylo Al Sabbo,18,هَلْ مِنْ نَظَرٍ يَتَزَوَّدُهُ,وَغَدًا يَقْضِي أَوْ بَعْدَ غَدٍ,Andaloussi: VIIIth - XVIth,motadaarak_complete,motadaarak_complete
496,Al Hosari Al Qayrawani,Ya Laylo Al Sabbo,19,بِالدَّمْعِ يَفِيضُو مَوْرِدُهُ,يَا أَهْلَ الشَّوْقِ لَنَا شَرَقٌ,Andaloussi: VIIIth - XVIth,motadaarak_complete,motadaarak_complete
497,Al Hosari Al Qayrawani,Ya Laylo Al Sabbo,20,وَظُرُوفُ الدَّهْرِ تُبَعِّدُهُ,يَهْوِى المُشْتَاقُ لِقَاءَكُمُ,Andaloussi: VIIIth - XVIth,motadaarak_complete,motadaarak_complete
498,Al Hosari Al Qayrawani,Ya Laylo Al Sabbo,21,لَوْلَا الأَيَّامُ تُنَكِّدُهُ,مَا أَحْلَى الوَصْلَ وَأَعْذَبَهُ,Andaloussi: VIIIth - XVIth,motadaarak_complete,motadaarak_complete
499,Al Hosari Al Qayrawani,Ya Laylo Al Sabbo,22,لِفُؤَادِي كَيْفَ تَجَلُّدُهُ,بِالبَيْنِ وَبِالهِجْرَانِ فَيَا,Andaloussi: VIIIth - XVIth,motadaarak_complete,motadaarak_complete
1227,Al Khansae,Alaa Abki 3laa Sakhr,1,إِذَا الحَرْبُ هَرَّتْ وَاسْتَمَرَّ مَرِيرُهَا,أَلَا ابْكِي عَلَى صَخْرٍ وَصَخْرٌ ثِمَالُنَا,Before Islam: VIth century,tawil_complete,tawil_complete
1228,Al Khansae,Alaa Abki 3laa Sakhr,2,عَلَى صَعْبِهَا حَتَّى اسْتَقَامَ عَسِيرُهَا,أَقَامَ جَنَاحَيْ رَبْعِهَا وَتَرَافَدُوا,Before Islam: VIth century,tawil_complete,tawil_complete
1229,Al Khansae,Alaa Abki 3laa Sakhr,3,مَنَاكِبُهَا مَسْمُومَةٌ وَنُحُورُهَا,بِبَارِقَةٍ لِلْمَوْتِ فِيهَا عَجَاجَةٌ,Before Islam: VIth century,tawil_complete,tawil_complete
1230,Al Khansae,Alaa Abki 3laa Sakhr,4,هَمَاهِمُ أَبْطَالٍ قَلِيلٌ فُتُورُهَا,أَهَلَّ بِهَا وَكْفُ الدِّمَاءِ وَرَعْدُهَا,Before Islam: VIth century,tawil_complete,tawil_complete
1231,Al Khansae,Alaa Abki 3laa Sakhr,5,وَصَخْرٌ إِذَا خَانَ الرِّجَالُ يُطِيرُهَا,فَصَخْرٌ لَدَيْهَا مِدْرَهُ الحَرْبِ كُلَّهَا,Before Islam: VIth century,tawil_complete,tawil_complete
1232,Al Khansae,Alaa Abki 3laa Sakhr,6,صَفَاهَا وَمَا إِنْ كَالصُّخُورِ صُخُورُهَا,مِنَ الهَضْبَةِ العُلْيَا الَّتِي لَيْسَ كَالصَّفَا,Before Islam: VIth century,tawil_complete,tawil_complete
1233,Al Khansae,Alaa Abki 3laa Sakhr,7,مَنِيعُ الذَّرَى عَالٍ عَلَى مَنْ يُثِيرُهَا,لَهَا شَرَفَاتٌ لَا تُنَالُ وَمَنْكِبٌ,Before Islam: VIth century,tawil_complete,tawil_complete
1234,Al Khansae,Alaa Abki 3laa Sakhr,8,وَأُخْرَى بِأَطْرَافِ القَنَاةِ شُقُورُهَا,لَهُ بَسْطَتَا مَجْدٍ فَكَفٌّ مُفِيدَةٌ,Before Islam: VIth century,tawil_complete,tawil_complete
1235,Al Khansae,Alaa Abki 3laa Sakhr,9,إِذَا مَلَّ عَنْهَا ذَاتَ يَوْمٍ ضَجُورُهَا,مَنِ الحَرْبُ رَبَّتْهُ فَلَيْسَ بِسَائِمٍ,Before Islam: VIth century,tawil_complete,tawil_complete
1236,Al Khansae,Alaa Abki 3laa Sakhr,10,بِهِ عَنْ حِيَالٍ مُلْقِحٍ مَنْ يَبُورُهَا,إِذَا مَا اقْمَطَرَّتْ لِلْمَغَارِ وَأَيْقَنَتْ,Before Islam: VIth century,tawil_complete,tawil_complete
1373,Al Khansae,Marahat 3ayni,1,بَعْدَ صَخْرٍ عَطِفَهْ,مَرِهَتْ عَيْنِي فَعَيْنِي,Before Islam: VIth century,ramal_partial,ramal_partial
1374,Al Khansae,Marahat 3ayni,2,فَوْقَ خَدِّي وَكِفَهْ,فَدُمُوعُ العَيْنِ مِنِّي,Before Islam: VIth century,ramal_partial,ramal_partial
1375,Al Khansae,Marahat 3ayni,3,بِعَكِيكٍ ذَرِفَهْ,طَرَفَتْ حُنْدُرَ عَيْنِي,Before Islam: VIth century,ramal_partial,ramal_partial
1376,Al Khansae,Marahat 3ayni,4,بِالرَّدَى مُعْتَرِفَهْ,إِنَّ نَفْسِي بَعْدَ صَخْرٍ,Before Islam: VIth century,ramal_partial,ramal_partial
1377,Al Khansae,Marahat 3ayni,5,لَيْسَ يُحْكَى بِالصِفَهْ,وَبِهَا مِنْ صَخْرَ شَيْءٌ,Before Islam: VIth century,ramal_partial,ramal_partial
1378,Al Khansae,Marahat 3ayni,6,فَهْيَ حَرَّى أَسِفَهْ,وَبِنَفْسِي لَهُمُومٌ,Before Islam: VIth century,ramal_partial,ramal_partial
1379,Al Khansae,Marahat 3ayni,7,كُلَّ يَوْمٍ كَلِفَهْ,وَبِذِكْرَى صَخْرَ نَفْسِي,Before Islam: VIth century,ramal_partial,ramal_partial
1380,Al Khansae,Marahat 3ayni,8,وَرُبًى لِلنُّطَفَهْ,إِنَّ صَخْرًا كَانَ حِصْنًا,Before Islam: VIth century,ramal_partial,ramal_partial
1381,Al Khansae,Marahat 3ayni,9,لِلْعَجُوزِ الخَرِفَهْ,وَغِيَاثًا وَرَبِيعًا,Before Islam: VIth century,ramal_partial,ramal_partial
1382,Al Khansae,Marahat 3ayni,10,أَوْ جَنُوبٌ عَصِفَهْ,وَإِذَا هَبَّتْ شَمَالٌ,Before Islam: VIth century,ramal_partial,ramal_partial
1383,Al Khansae,Marahat 3ayni,11,وَالبِكَارَ الخَلِفَهْ,نَحَرَ الكُومَ الصَّفَايَا,Before Islam: VIth century,ramal_partial,ramal_partial
1384,Al Khansae,Marahat 3ayni,12,فَتَرَاهَا سَدِفَهْ,يَمْلَأُ الجَفْنَةَ شَحْمًا,Before Islam: VIth century,ramal_partial,ramal_partial
1385,Al Khansae,Marahat 3ayni,13,نَحْوَهَا مُزْدَلِفَهْ,وَتَرَى الهُلَّاكَ شَبْعَى,Before Islam: VIth century,ramal_partial,ramal_partial
1386,Al Khansae,Marahat 3ayni,14,دَسِمَاتٍ غَدِفَهْ,وَتَرَى الأَيْدِيَ فِيهَا,Before Islam: VIth century,ramal_partial,ramal_partial
1387,Al Khansae,Marahat 3ayni,15,كَقَطًا مُخْتَلِفَهْ,وَارِدَاتٍ صَادِرَاتٍ,Before Islam: VIth century,ramal_partial,ramal_partial
1388,Al Khansae,Marahat 3ayni,16,فِي حِيَاضٍ لَقِفَهْ,كَدَبُورٍ وَشَمَالٍ,Before Islam: VIth century,ramal_partial,ramal_partial
1389,Al Khansae,Marahat 3ayni,17,وَلَهُو مُؤْتَلِفَهْ,يَتَفَرَّقْنَ شُعُوبًا,Before Islam: VIth century,ramal_partial,ramal_partial
1390,Al Khansae,Marahat 3ayni,18,أَصْبَحَتْ لِي ظَلِفَهْ,فَلَئِنْ أَجْرُعُ صَخْرٍ,Before Islam: VIth century,ramal_partial,ramal_partial
1391,Al Khansae,Marahat 3ayni,19,رَوْضَةً مُؤْتَنِفَهْ,إِنَّهَا كَانَتْ زَمَانًا,Before Islam: VIth century,ramal_partial,ramal_partial
2608,Al Manfalouti,Ayyoha Al Fatiko Al Athiimo,1,كُلَّ يَوْمٍ تَكِيدُ لِلتَّاجِ كَيْدَا,أَيُّهَا الفَاتِكُ الأَثِيمُ رُوَيْدًا,Modern,khafif_complete,khafif_complete
2609,Al Manfalouti,Ayyoha Al Fatiko Al Athiimo,2,فَلَكًا دَائِرًا وَأَخْذًا وَرَدَّا,لَا أَرَى التَّاجَ فِي البَرِيَّةِ إِلَّا,Modern,khafif_complete,khafif_complete
2610,Al Manfalouti,Ayyoha Al Fatiko Al Athiimo,3,مَاشِيًا فِي العُصُورِ عَهْدًا فَعَهْدَا,يَتَخَطَّى الرُّءُوسَ رَأْسًا فَرَأْسَا,Modern,khafif_complete,khafif_complete
2611,Al Manfalouti,Ayyoha Al Fatiko Al Athiimo,4,أَعْجَزَ الدَّهْرَ بَأْسَهُ أَنْ يُهَدَّا,فَمُحَالٌ أَنْ يَهْدِمَ المَرْءُ صَرْحًا,Modern,khafif_complete,khafif_complete
2612,Al Manfalouti,Ayyoha Al Fatiko Al Athiimo,5,لَكَ فِيهِمْ لَوْ كُنْتَ تَحْمِلُ حِقْدَا,عَبَثًا تُقْتَلُ المُلُوكُ وَعُذْراً,Modern,khafif_complete,khafif_complete
2613,Al Manfalouti,Ayyoha Al Fatiko Al Athiimo,6,وَيَرَى الخُطَّةَ الدَّنِيئَةَ حَمْدَا,آفَةُ العَقْلِ أَنْ يَرَى الحَمْدَ ذَمًّا,Modern,khafif_complete,khafif_complete
2614,Al Manfalouti,Ayyoha Al Fatiko Al Athiimo,7,تَ وَمَنْ لَا يَرَى مِنَ المَوْتِ بُدَّا,لَا يُبَالِي بِالمَوْتِ مَنْ عَرَفَ المَوْ,Modern,khafif_complete,khafif_complete
2615,Al Manfalouti,Ayyoha Al Fatiko Al Athiimo,8,كُلُّ حَيٍّ تَرَاهُ يَطْلُبُ حَدَّا,غَيْرَ أَنَّ الآجَالَ فِينَا حُدُودٌ,Modern,khafif_complete,khafif_complete
2616,Al Manfalouti,Ayyoha Al Fatiko Al Athiimo,9,كَانَ لَوْلَاكَ فِي السَّمَاكِينَ بُعْدَا,أَيُّ جَفْنٍ أَجْرَيْتَ مِنْهُ دُمُوعًا,Modern,khafif_complete,khafif_complete
2617,Al Manfalouti,Ayyoha Al Fatiko Al Athiimo,10,كَانَ فِي فَادِحِ الحَوَادِثِ جَلْدَا,أَيُّ رَوْعٍ أَسْكَنْتَهُ فِي فُؤَادٍ,Modern,khafif_complete,khafif_complete
2618,Al Manfalouti,Ayyoha Al Fatiko Al Athiimo,11,وَدُمُوعُ الغَرَامِ أَشْرَفُ قَصْدَا,مَا بَكَى الفُوْنَسْ خِشْيَةً بَلْ غَرَامًا,Modern,khafif_complete,khafif_complete
2619,Al Manfalouti,Ayyoha Al Fatiko Al Athiimo,12,غَيْرَ قَلْبِ المُحِبِّ يَخْفُقُ وَجْدَا,إِنَّ قَلْبَ الجَبَانِ يَخْفِقُ رُعْبًا,Modern,khafif_complete,khafif_complete
2620,Al Manfalouti,Ayyoha Al Fatiko Al Athiimo,13,بُدِّلَ النَّحْسُ فِي مَجَارِيهِ سَعْدَا,كَانَ بَيْنَ الحَيَاةِ وَالمَوْتِ شِبْرٌ,Modern,khafif_complete,khafif_complete
2621,Al Manfalouti,Ayyoha Al Fatiko Al Athiimo,14,وَغَرِيمَ القَتِيلِ يَعْمُرُ لَحْدَا,فَرَأَيْنَا القَتِيلَ يَعْمُرُ قَصْرًا,Modern,khafif_complete,khafif_complete
2622,Al Manfalouti,Ayyoha Al Fatiko Al Athiimo,15,فِي البَرَايَا وَاللَّهُ أَكْبَرُ أَيْدَا,أَنْتَ تَقْضَى وَاللَّهُ يَقْضَى بِعَدْلٍ,Modern,khafif_complete,khafif_complete
2623,Al Manfalouti,Ayyoha Al Fatiko Al Athiimo,16,فَغَدَا جَمْرُهَا سَلَامًا وَبَرْدَا,جَمْرَةٌ أَطْفَأَ القَضَاءُ لَظَاهَا,Modern,khafif_complete,khafif_complete
2624,Al Manfalouti,Ayyoha Al Fatiko Al Athiimo,17,وَقَفَتْ بَيْنَهُ وَبَيْنَكَ سَدَّا,إِنَّ لِلْمَالِكِ الكَرِيمِ قُلُوبًا,Modern,khafif_complete,khafif_complete
2625,Al Manfalouti,Ayyoha Al Fatiko Al Athiimo,18,لِمَلِيكٍ وَكَانَ نِعْمَ المُفَدَّى,فَافْتَدَتْهُ فَكُنَّ خَيْرَ فِدَاءٍ,Modern,khafif_complete,khafif_complete
320,Al Motanabbi,A haqon 3afa bidam3ika,1,أَحْدَثُ شَيْءٍ عَهْدًا بِهَا القِدَمُ,أَحَقُّ عَافٍ بِدَمْعِكَ الهِمَمُ,Abbassi: VIIIth - XVIth,monsarih_complete,monsarih_complete
321,Al Motanabbi,A haqon 3afa bidam3ika,2,تُفْلِحُ عُرْبٌ مُلُوكُهَا عَجَمُ,وَإِنَّمَا النَّاسُ بِالمُلُوكِ وَمَا,Abbassi: VIIIth - XVIth,monsarih_complete,monsarih_complete
322,Al Motanabbi,A haqon 3afa bidam3ika,3,وَلَا عُهُودٌ لَهُمْ وَلَا ذِمَمُ,لَا أَدَبٌ عِنْدَهُمْ وَلَا حَسَبٌ,Abbassi: VIIIth - XVIth,monsarih_complete,monsarih_complete
323,Al Motanabbi,A haqon 3afa bidam3ika,4,تُرْعَى بِعَبْدٍ كَأَنَّهَا غَنَمُ,بِكُلِّ أَرْضٍ وَطِئْتُهَا أُمَمٌ,Abbassi: VIIIth - XVIth,monsarih_complete,monsarih_complete
324,Al Motanabbi,A haqon 3afa bidam3ika,5,وَكَانَ يُبْرَى بِظُفْرِهِ القَلَمُ,يَسْتَخْشِنُ الخَزَّ حِينَ يَلْمُسُهُ,Abbassi: VIIIth - XVIth,monsarih_complete,monsarih_complete
325,Al Motanabbi,A haqon 3afa bidam3ika,6,أُنْكِرُ أَنِّي عُقُوبَةٌ لَهُمُ,إِنِّي وَإِنْ لُمْتُ حَاسِدِيَّ فَمَا,Abbassi: VIIIth - XVIth,monsarih_complete,monsarih_complete
326,Al Motanabbi,A haqon 3afa bidam3ika,7,لَهُو عَلَى كُلِّ هَامَةٍ قَدَمُ,وَكَيْفَ لَا يُحْسَدُ امْرُؤٌ عَلَمٌ,Abbassi: VIIIth - XVIth,monsarih_complete,monsarih_complete
327,Al Motanabbi,A haqon 3afa bidam3ika,8,وَتَتَّقِي حَدَّ سَيْفِهِ البُهَمُ,يَهَابُهُ أَبْسَأُ الرِّجَالِ بِهِ,Abbassi: VIIIth - XVIth,monsarih_complete,monsarih_complete
328,Al Motanabbi,A haqon 3afa bidam3ika,9,أَكْرَمُ مَالٍ مَلَكْتُهُو الكَرَمُ,كَفَانِيَ الذَّمَّ أَنَّنِي رَجُلٌ,Abbassi: VIIIth - XVIth,monsarih_complete,monsarih_complete
329,Al Motanabbi,A haqon 3afa bidam3ika,10,مَا لَيْسَ يَجْنِي عَلَيْهِمِ العُدُمُ,يَجْنِي الغِنَى لِلِّئَامِ لَوْ عَقَلُوا,Abbassi: VIIIth - XVIth,monsarih_complete,monsarih_complete
330,Al Motanabbi,A haqon 3afa bidam3ika,11,وَالعَارُ يَبْقَى وَالجُرْحُ يَلْتَئِمُ,هُمُ لِأَمْوَالِهِمْ وَلَسْنَ لَهُمْ,Abbassi: VIIIth - XVIth,monsarih_complete,monsarih_complete
331,Al Motanabbi,A haqon 3afa bidam3ika,12,يِنْ يَهَبُ الأَلْفَ وَهْوَ يَبْتَسِمُ,مَنْ طَلَبَ المَجْدَ فَلْيَكُنْ كَعَلِيْ,Abbassi: VIIIth - XVIth,monsarih_complete,monsarih_complete
332,Al Motanabbi,A haqon 3afa bidam3ika,13,لَيْسَ لَهَا مِنْ وَحَائِهَا أَلَمُ,وَيَطْعَنُ الخَيْلَ كُلَّ نَافِذَةٍ,Abbassi: VIIIth - XVIth,monsarih_complete,monsarih_complete
333,Al Motanabbi,A haqon 3afa bidam3ika,14,فَمَا لَهُ بَعْدَ فِعْلِهِ نَدَمُ,وَيَعْرِفُ الأَمْرَ قَبْلَ مَوْقِعِهِ,Abbassi: VIIIth - XVIth,monsarih_complete,monsarih_complete
334,Al Motanabbi,A haqon 3afa bidam3ika,15,بِيضُ لَهُ وَالعَبِيدُ وَالحَشَمُ,وَالأَمْرُ وَالنَّهْيُ وَالسَّلَاهِبُ وَال,Abbassi: VIIIth - XVIth,monsarih_complete,monsarih_complete
335,Al Motanabbi,A haqon 3afa bidam3ika,16,تَكَادُ مِنْهَا الجِبَالُ تَنْقَصِمُ,وَالسَّطَوَاتُ الَّتِي سَمِعْتَ بِهَا,Abbassi: VIIIth - XVIth,monsarih_complete,monsarih_complete
336,Al Motanabbi,A haqon 3afa bidam3ika,17,دَاعِي وَفِيهِ عَنِ الخَنَى صَمَمُ,يُرْعِيكَ سَمْعًا فِيهِ اسْتِمَاعٌ إِلَى الدْ,Abbassi: VIIIth - XVIth,monsarih_complete,monsarih_complete
337,Al Motanabbi,A haqon 3afa bidam3ika,18,فِي مَجْدِهِ كَيْفَ تُخْلَقُ النِّسَمُ,يُرِيكَ مِنْ خَلْقِهِ غَرَائِبَهُ,Abbassi: VIIIth - XVIth,monsarih_complete,monsarih_complete
338,Al Motanabbi,A haqon 3afa bidam3ika,19,إِنْ كُنْتُمَا السَّائِلَيْنِ يَنْقَسِمُ,مِلْتُ إِلَى مَنْ يَكَادُ بَيْنَكُمَا,Abbassi: VIIIth - XVIth,monsarih_complete,monsarih_complete
339,Al Motanabbi,A haqon 3afa bidam3ika,20,لِمَنْ أُحِبُّ الشُّنُوفُ وَالخَدَمُ,مِنْ بَعْدِ مَا صِيغَ مِنْ مَوَاهِبِهِ,Abbassi: VIIIth - XVIth,monsarih_complete,monsarih_complete
340,Al Motanabbi,A haqon 3afa bidam3ika,21,وَلَا تَهَدَّى لِمَا يَقُولُ فَمُ,مَا بَذَلَتْ مَا بِهِ يَجُودُ يَدٌ,Abbassi: VIIIth - XVIth,monsarih_complete,monsarih_complete
341,Al Motanabbi,A haqon 3afa bidam3ika,22,أُسْدُ وَلَكِنْ رِمَاحُهَا الأَجَمُ,بَنُو العَفَرْنَى مَحَطَّةَ الأَسَدِ الْ,Abbassi: VIIIth - XVIth,monsarih_complete,monsarih_complete
342,Al Motanabbi,A haqon 3afa bidam3ika,23,طَعْنُ نُحُورِ الكُمَاةِ لَا الحُلُمُ,قَوْمٌ بُلُوغُ الغُلَامِ عِنْدَهُمُ,Abbassi: VIIIth - XVIth,monsarih_complete,monsarih_complete
343,Al Motanabbi,A haqon 3afa bidam3ika,24,لَا صِغَرٌ عَاذِرٌ وَلَا هَرَمُ,كَأَنَّمَا يُولَدُ النَّدَى مَعَهُمْ,Abbassi: VIIIth - XVIth,monsarih_complete,monsarih_complete
344,Al Motanabbi,A haqon 3afa bidam3ika,25,وَإِنْ تَوَلُّوا صَنِيعَةً كَتَمُوا,إِذَا تَوَلُّوا عَدَاوَةً كَشَفُوا,Abbassi: VIIIth - XVIth,monsarih_complete,monsarih_complete
345,Al Motanabbi,A haqon 3afa bidam3ika,26,أَنَّهُمُ أَنْعَمُوا وَمَا عَلِمُوا,تَظُنُّ مِنْ فَقْدِكَ اعْتِدَادَهُمُ,Abbassi: VIIIth - XVIth,monsarih_complete,monsarih_complete
346,Al Motanabbi,A haqon 3afa bidam3ika,27,أَوْ نَطَقُوا فَالصَّوَابُ وَالحِكَمُ,إِنْ بَرَقُوا فَالحُتُوفُ حَاضِرَةٌ,Abbassi: VIIIth - XVIth,monsarih_complete,monsarih_complete
347,Al Motanabbi,A haqon 3afa bidam3ika,28,فَقَوْلُهُمْ خَابَ سَائِلِي القَسَمُ,أَوْ حَلَفُوا بِالغَمُوسِ وَاجْتَهَدُوا,Abbassi: VIIIth - XVIth,monsarih_complete,monsarih_complete
348,Al Motanabbi,A haqon 3afa bidam3ika,29,فَإِنَّ أَفْخَاذَهُمْ لَهَا حُزُمُ,أَوْ رَكِبُوا الخَيْلَ غَيْرَ مُسْرَجَةٍ,Abbassi: VIIIth - XVIth,monsarih_complete,monsarih_complete
349,Al Motanabbi,A haqon 3afa bidam3ika,30,مِنْ مُهَجِ الدَّارِعِينَ مَا احْتَكَمُوا,أَوْ شَهِدُوا الحَرْبَ لَاقِحًا أَخَذُوا,Abbassi: VIIIth - XVIth,monsarih_complete,monsarih_complete
350,Al Motanabbi,A haqon 3afa bidam3ika,31,كَأَنَّهَا فِي نُفُوسِهِمْ شِيَمُ,تُشْرِقُ أَعْرَاضُهُمْ وَأَوْجُهُهُمْ,Abbassi: VIIIth - XVIth,monsarih_complete,monsarih_complete
351,Al Motanabbi,A haqon 3afa bidam3ika,32,غَوْرُ دَفِيءٌ وَمَاؤُهَا شَبِمُ,لَوْلَاكَ لَمْ أَتْرُكِ البُحَيْرَةَ وَال,Abbassi: VIIIth - XVIth,monsarih_complete,monsarih_complete
352,Al Motanabbi,A haqon 3afa bidam3ika,33,غَوْرُ دَفِيءٌ وَمَاؤُهَا شَبِمُ,وَالمَوْجُ مِثْلُ الفُحُولِ مُزْبَدَةً,Abbassi: VIIIth - XVIth,monsarih_complete,monsarih_complete
353,Al Motanabbi,A haqon 3afa bidam3ika,34,فُرْسَانَ بُلْقٍ تَخُونُهَا اللُّجُمُ,وَالطَّيْرُ فَوْقَ الحَبَابِ تَحْسَبُهَا,Abbassi: VIIIth - XVIth,monsarih_complete,monsarih_complete
354,Al Motanabbi,A haqon 3afa bidam3ika,35,جَيْشًا وَغًى هَازِمٌ وَمُنْهَزِمُ,كَأَنَّهَا وَالرِّيَاحُ تَضْرِبُهَا,Abbassi: VIIIth - XVIth,monsarih_complete,monsarih_complete
355,Al Motanabbi,A haqon 3afa bidam3ika,36,حَفَّ بِهِ مِنْ جِنَانِهَا ظُلَمُ,كَأَنَّهَا فِي نَهَارِهَا قَمَرٌ,Abbassi: VIIIth - XVIth,monsarih_complete,monsarih_complete
362,Al Motanabbi,A haqon 3afa bidam3ika,37,لَهَا بَنَاتٌ وَمَا لَهَا رَحِمُ,نَاعِمَةُ الجِسْمِ لَا عِظَامَ لَهَا,Abbassi: VIIIth - XVIth,monsarih_complete,monsarih_complete
363,Al Motanabbi,A haqon 3afa bidam3ika,38,وَمَا تَشَكَّى وَمَا يَسِيلُ دَمُ,يُبْقِرُ عَنْهُنَّ بَطْنُهَا أَبَدًا,Abbassi: VIIIth - XVIth,monsarih_complete,monsarih_complete
356,Al Motanabbi,A haqon 3afa bidam3ika,39,وَجَادَتِ الأَرْضُ حَوْلَهَا الدِّيَمُ,تَغَنَّتِ الطَّيْرُ فِي جَوَانِبِهَا,Abbassi: VIIIth - XVIth,monsarih_complete,monsarih_complete
357,Al Motanabbi,A haqon 3afa bidam3ika,40,جُرِّدَ عَنْهَا غِشَاؤُهَا الأَدَمُ,فَهْيَ كَمَاوِيَّةٍ مُطَوَّقَةٍ,Abbassi: VIIIth - XVIth,monsarih_complete,monsarih_complete
358,Al Motanabbi,A haqon 3afa bidam3ika,41,تَشِينُهُو الأَدْعِيَاءُ وَالقَزَمُ,يَشِينُهَا جَرْيُهَا عَلَى بَلَدٍ,Abbassi: VIIIth - XVIth,monsarih_complete,monsarih_complete
359,Al Motanabbi,A haqon 3afa bidam3ika,42,بِالفِعْلِ قَبْلَ الكَلَامِ مُنْتَظِمُ,أَبَا الحُسَيْنِ اسْتَمِعْ فَمَدْحُكُمُ,Abbassi: VIIIth - XVIth,monsarih_complete,monsarih_complete
360,Al Motanabbi,A haqon 3afa bidam3ika,43,وَجَادَتِ المَطْرَةُ الَّتِي تَسِمُ,وَقَدْ تَوَالَى العِهَادُ مِنْهُ لَكُمْ,Abbassi: VIIIth - XVIth,monsarih_complete,monsarih_complete
361,Al Motanabbi,A haqon 3afa bidam3ika,44,فَإِنَّهُو فِي الكِرَامِ مُتَّهَمُ,أُعِيذُكُمْ مِنْ صُرُوفِ دَهْرِكُمُ,Abbassi: VIIIth - XVIth,monsarih_complete,monsarih_complete
24,Al Motanabbi,Aid,1,بِمَا مَضَى أَمْ بِأَمْرٍ فِيكَ تَجْدِيدُ,عِيدٌ بِأَيَّةِ حَالٍ عُدْتَ يَا عِيدُ,Abbassi: VIIIth - XVIth,bassit_complete,bassit_complete
1585,Al Motanabbi,Aid,2,فَلَيْتَ دُونَكَ بَيْدًا دُونَهَا بَيْدُ,أَمَّا الأَحِبَّةُ فَالبَيْدَاءُ دُونَهُمُ,Abbassi: VIIIth - XVIth,bassit_complete,bassit_complete
1586,Al Motanabbi,Aid,3,وَجْنَاءُ حَرْفٌ وَلَا جَرْدَاءُ قَيْدُودُ,لَوْلَا العُلَى لَمْ تَجُبْ بِي مَا أَجُوبُ بِهَا,Abbassi: VIIIth - XVIth,bassit_complete,bassit_complete
1587,Al Motanabbi,Aid,4,أَشْبَاهُ رَوْنَقِهِ الغِيدُ الأَمَالِيدُ,وَكَانَ أَطْيَبَ مِنْ سَيْفِي مُضَاجَعَةً,Abbassi: VIIIth - XVIth,bassit_complete,bassit_complete
1588,Al Motanabbi,Aid,5,شَيْءً تُتَيِّمُهُ عَيْنٌ وَلَا جِيدُ,لَمْ يَتْرُكِ الدَّهْرُ مِنْ قَلْبِي وَلَا كَبِدِي,Abbassi: VIIIth - XVIth,bassit_complete,bassit_complete
1589,Al Motanabbi,Aid,6,أَمْ فِي كُؤُوسِكُمَا هَمٌّ وَتَسْهِيدُ,يَا سَاقِيَيَّ أَخَمْرٌ فِي كُؤُوسِكُمَا,Abbassi: VIIIth - XVIth,bassit_complete,bassit_complete
1590,Al Motanabbi,Aid,7,هَذِي المُدَامُ وَلَا هَذِي الأَغَارِيدُ,أَصَخْرَةٌ أَنَا مَالِي لَا تُحَرِّكُنِي,Abbassi: VIIIth - XVIth,bassit_complete,bassit_complete
1591,Al Motanabbi,Aid,8,وَجَدْتُهَا وَحَبِيبُ النَّفْسِ مَفْقُودُ,إِذَا أَرَدْتُ كُمَيْتَ اللَّوْنِ صَافِيَةً,Abbassi: VIIIth - XVIth,bassit_complete,bassit_complete
1592,Al Motanabbi,Aid,9,أَنِّي بِمَا أَنَا بَاكٍ مِنْهُ مَحْسُودُ,مَاذَا لَقَيْتُ مِنَ الدُّنْيَا وَأَعْجَبُهُ,Abbassi: VIIIth - XVIth,bassit_complete,bassit_complete
1593,Al Motanabbi,Aid,10,أَنَا الغَنِيُّ وَأَمْوَالِي المَوَاعِيدُ,أَمْسَيْتُ أَرْوَحَ مُثْرٍ خَازِنًا وَيَدًا,Abbassi: VIIIth - XVIth,bassit_complete,bassit_complete
1594,Al Motanabbi,Aid,11,عَنِ القِرَى وَعَنِ التِّرْحَالِ مَحْدُودُ,إِنِّي نَزَلْتُ بِكَذَّابِينَ ضَيْفُهُمُ,Abbassi: VIIIth - XVIth,bassit_complete,bassit_complete
1595,Al Motanabbi,Aid,12,مِنَ اللِّسَانِ فَلَا كَانُوا وَلَا الجُودُ,جُودُ الرِّجَالِ مِنَ الأَيْدِي وَجُودُهُمُ,Abbassi: VIIIth - XVIth,bassit_complete,bassit_complete
1596,Al Motanabbi,Aid,13,إِلَّا وَفِي يَدِهِ مِنْ نَتْنِهَا عُودُ,مَا يَقْبِضُ المَوْتُ نَفْسًا مِنْ نُفُوسِهِمُ,Abbassi: VIIIth - XVIth,bassit_complete,bassit_complete
1597,Al Motanabbi,Aid,14,لَا فِي الرِّحَالِ وَلَا النِّسْوَانِ مَعْدُودُ,مِنْ كُلِّ رِخْوِ وِكَاءِ البَطْنِ مُنْفَتِقٍ,Abbassi: VIIIth - XVIth,bassit_complete,bassit_complete
1598,Al Motanabbi,Aid,15,أَوْ خَانَهُ فَلَهُ فِي مِصْرَ تَمْهِيدُ,أَكُلَّمَا اغْتَالَ عَبْدُ السُّوءِ سَيِّدَهُ,Abbassi: VIIIth - XVIth,bassit_complete,bassit_complete
1599,Al Motanabbi,Aid,16,فَالحُرُّ مُسْتَعْبَدٌ وَالعَبْدُ مَعْبُودُ,صَارَ الخَصِيُّ إِمَامَ الآبِقِينَ بِهَا,Abbassi: VIIIth - XVIth,bassit_complete,bassit_complete
1600,Al Motanabbi,Aid,17,فَقَدْ بَشِمْنَ وَمَا تَفْنَى العَنَاقِيدُ,نَامَتْ نَوَاطِيرُ مِصْرٍ عَنْ ثَعَالِبِهَا,Abbassi: VIIIth - XVIth,bassit_complete,bassit_complete
1601,Al Motanabbi,Aid,18,لَوْ أَنَّهُ فِي ثِيَابِ الحُرِّ مَوْلُودُ,العَبْدُ لَيْسَ لِحُرٍّ صَالِحٍ بِأَخٍ,Abbassi: VIIIth - XVIth,bassit_complete,bassit_complete
1602,Al Motanabbi,Aid,19,إِنَّ العَبِيدَ لَأَنْجَاسٌ مَنَاكِيدُ,لَا تَشْتَرِ العَبْدَ إِلَّا وَالعَصَا مَعَهُ,Abbassi: VIIIth - XVIth,bassit_complete,bassit_complete
1603,Al Motanabbi,Aid,20,يُسِيءُ بِي فِيهِ كَلْبٌ وَهْوَ مَحْمُودُ,مَا كُنْتُ أَحْسَبُنِي أَحْيَا إِلَى زَمَنٍ,Abbassi: VIIIth - XVIth,bassit_complete,bassit_complete
1604,Al Motanabbi,Aid,21,وَأَنَّ مِثْلَ أَبِي البَيْضَاءِ مَوْجُودُ,وَلَا تَوَهَّمْتُ أَنَّ النَّاسَ قَدْ فُقِدُوا,Abbassi: VIIIth - XVIth,bassit_complete,bassit_complete
1605,Al Motanabbi,Aid,22,تُطِيعُهُ ذِي العَضَارِيطُ الرَّعَادِيدُ,وَأَنَّ ذَا الأَسْوَدَ المَثْقُوبَ مِشْفَرُهُ,Abbassi: VIIIth - XVIth,bassit_complete,bassit_complete
1606,Al Motanabbi,Aid,23,لِكَيْ يُقَالَ عَظِيمُ القَدْرِ مَقْصُودُ,جَوْعَانُ يَأْكُلُ مِنْ زَادِي وَيُمْسِكُنِي,Abbassi: VIIIth - XVIth,bassit_complete,bassit_complete
1607,Al Motanabbi,Aid,24,لَمُسْتَضَامٌ سَخِينُ العَيْنِ مَفْؤُودُ,إِنَّ امْرَءً أَمَةٌ حُبْلَى تُدَبِّرُهُ,Abbassi: VIIIth - XVIth,bassit_complete,bassit_complete
1608,Al Motanabbi,Aid,25,لِمِثْلِهَا خُلِقَ المَهْرِيَّةُ القُودُ,وَيْلُمِّهَا خُطَّةً وَيْلُمِّ قَابِلِهَا,Abbassi: VIIIth - XVIth,bassit_complete,bassit_complete
1609,Al Motanabbi,Aid,26,إِنَّ المَنِيَّةَ عِنْدَ الذُّلِّ قِنْدِيدُ,وَعِنْدَهَا لَذَّ طَعْمَ المَوْتِ شَارِبُهُ,Abbassi: VIIIth - XVIth,bassit_complete,bassit_complete
1610,Al Motanabbi,Aid,27,أَقَوْمُهُ البِيضُ أَمْ آبَائُهُ الصِّيدُ,مَنْ عَلَّمَ الأَسْوَدَ المَخْصِيَّ مَكْرُمَةً,Abbassi: VIIIth - XVIth,bassit_complete,bassit_complete
1611,Al Motanabbi,Aid,28,أَمْ قَدْرُهُ وَهْوَ بِالفَلْسَيْنِ مَرْدُودُ,أَمْ أُذْنُهُ فِي يَدِ النَّخَّاسِ دَامِيَةً,Abbassi: VIIIth - XVIth,bassit_complete,bassit_complete
1612,Al Motanabbi,Aid,29,فِي كُلِّ لُؤْمٍ وَبَعْضُ العُذْرِ تَفْنِيدُ,أَوْلَى اللِّئَامِ كُوَيْفَيْرٌ بِمَعْذِرَةٍ,Abbassi: VIIIth - XVIth,bassit_complete,bassit_complete
1613,Al Motanabbi,Aid,30,عَنِ الجَمِيلِ فَكَيْفَ الخِصْيَةُ السُّودُ,وَذَاكَ أَنَّ الفُحُولَ البِيضَ عَاجِزَةٌ,Abbassi: VIIIth - XVIth,bassit_complete,bassit_complete
15,Al Motanabbi,Lahawa Alnofouss,1,عَرَضًا نَظَرْتُ وَخِلْتُ أَنِّيَ أَسْلَمُ,لَهَوَى النُّفُوسِ سَرِيرَةٌ لَا تُعْلَمُ,Abbassi: VIIIth - XVIth,kamil_complete,kamil_complete
16,Al Motanabbi,Lahawa Alnofouss,2,لَأَخُوكِ ثَمَّ أَرَقُّ مِنْكِ وَأَرْحَمُ,يَا أُخْتَ مُعْتَنِقِ الفَوَارِسِ فِي الوَغَى,Abbassi: VIIIth - XVIth,kamil_complete,kamil_complete
18,Al Motanabbi,Lahawa Alnofouss,3,أَنَّ المَجُوسَ تُصِيبُ فِيمَا تَحْكُمُ,يَرْنُو إِلَيْكِ مَعَ العَفَافِ وَعِنْدَهُ,Abbassi: VIIIth - XVIth,kamil_complete,kamil_complete
17,Al Motanabbi,Lahawa Alnofouss,4,وَلَوِ انَّهَا الأُولَى لَرَاعَ الأَسْحَمُ,رَاعَتْكِ رَائِعَةُ البَيَاضِ بِعَارِضِي,Abbassi: VIIIth - XVIth,kamil_complete,kamil_complete
1638,Al Motanabbi,Lahawa Alnofouss,5,فَالشَّيْبُ مِنْ قَبْلِ الأَوَانِ تَلَثُّمُ,لَوْ كَانَ يُمْكِنُنِي سَفَرْتُ عَنِ الصِّبَا,Abbassi: VIIIth - XVIth,kamil_complete,kamil_complete
1639,Al Motanabbi,Lahawa Alnofouss,6,يَقَقًا يُمِيتُ وَلَا سَوَادًا يَعْصِمُ,وَلَقَدْ رَأَيْتُ الحَادِثَاتِ فَلَا أَرَى,Abbassi: VIIIth - XVIth,kamil_complete,kamil_complete
1640,Al Motanabbi,Lahawa Alnofouss,7,وَيُشِيبُ نَاصِيَةَ الصَّبِيِّ وَيُهْرِمُ,وَالهَمُّ يَخْتَرِمُ الجَسِيمَ نَحَافَةً,Abbassi: VIIIth - XVIth,kamil_complete,kamil_complete
14,Al Motanabbi,Lahawa Alnofouss,8,وَأَخُو الجَهَالَةِ فِي الشَّقَاوَةِ يَنْعَمِ,ذُو العَقْلِ يَشْقَى فِي النَّعِيمِ بِعَقْلِهِ,Abbassi: VIIIth - XVIth,kamil_complete,kamil_complete
1641,Al Motanabbi,Lahawa Alnofouss,9,يَنْسَى الَّذِي يُولَى وَعَافٍ يَنْدَمُ,وَالنَّاسُ قَدْ نَبَذُوا الحِفَاظَ فَمُطْلَقٌ,Abbassi: VIIIth - XVIth,kamil_complete,kamil_complete
1642,Al Motanabbi,Lahawa Alnofouss,10,وَارْحَمْ شَبَابَكَ مِنْ عَدُوٍّ تَرْحَمُ,لَا يَخْدَعَنَّكَ مِنْ عَدُوٍّ دَمْعُهُ,Abbassi: VIIIth - XVIth,kamil_complete,kamil_complete
1643,Al Motanabbi,Lahawa Alnofouss,11,حَتَّى يُرَاقَ عَلَى جَوَانِبِهِ الدَّمُ,لَا يَسْلَمُ الشَّرَفُ الرَّفِيعُ مِنَ الأَذَى,Abbassi: VIIIth - XVIth,kamil_complete,kamil_complete
1644,Al Motanabbi,Lahawa Alnofouss,12,مَنْ لَا يَقِلُّ كَمَا يَقِلُّ وَيَلْؤُمُ,يُؤْذِي القَلِيلُ مِنَ اللِّئَامِ بِطَبْعِهِ,Abbassi: VIIIth - XVIth,kamil_complete,kamil_complete
1645,Al Motanabbi,Lahawa Alnofouss,13,ذَا عِفَّةٍ فَلِعِلَّةٍ لَا يَظْلِمُ,الظُّلْمُ مِنْ شِيَمِ النُّفُوسِ فَإِنْ تَجِدْ,Abbassi: VIIIth - XVIth,kamil_complete,kamil_complete
1646,Al Motanabbi,Lahawa Alnofouss,14,مَا بَيْنَ رِجْلَيْهَا الطَّرِيقُ الأَعْظَمُ,يَحْمِي ابْنَ كَيْغَلَغَ الطَّرِيقَ وَعِرْسُهُ,Abbassi: VIIIth - XVIth,kamil_complete,kamil_complete
1647,Al Motanabbi,Lahawa Alnofouss,15,إِنَّ المَنِيَّ بِحَلْقَتَيْهَا خِضْرِمُ,أَقِمِ المَسَالِحَ فَوْقَ شُفْرِ سُكَيْنَةٍ,Abbassi: VIIIth - XVIth,kamil_complete,kamil_complete
1648,Al Motanabbi,Lahawa Alnofouss,16,وَاسْتُرْ أَبَاكَ فَإِنَّ أَصْلَكَ مُظْلِمُ,وَارْفُقْ بِنَفْسِكَ إِنَّ خَلْقَكَ نَاقِصٌ,Abbassi: VIIIth - XVIth,kamil_complete,kamil_complete
1649,Al Motanabbi,Lahawa Alnofouss,17,وَرِضَاكَ فَيْشَلَةٌ وَرَبُّكَ دِرْهَمُ,وَغِنَاكَ مَسْأَلَةٌ وَطَيْشُكَ نَفْخَةٌ,Abbassi: VIIIth - XVIth,kamil_complete,kamil_complete
1650,Al Motanabbi,Lahawa Alnofouss,18,تَقْوَى عَلَى كَمَرِ العَبِيدِ وَتُقْدِمُ,وَاحْذَرْ مُنَاوَاةَ الرِّجَالِ فَإِنَّمَا,Abbassi: VIIIth - XVIth,kamil_complete,kamil_complete
1651,Al Motanabbi,Lahawa Alnofouss,19,عَنْ غَيِّهِ وَخِطَابُ مَنْ لَا يَفْهَمُ,وَمِنَ البَلِيَّةِ عَذْلُ مَنْ لَا يَرْعَوِي,Abbassi: VIIIth - XVIth,kamil_complete,kamil_complete
1652,Al Motanabbi,Lahawa Alnofouss,20,تَحْتَ العُلُوجِ وَمِنْ وَرَاءٍ يُلْجَمُ,يَمْشِي بِأَرْبَعَةٍ عَلَى أَعْقَابِهِ,Abbassi: VIIIth - XVIth,kamil_complete,kamil_complete
1653,Al Motanabbi,Lahawa Alnofouss,21,مَطْرُوفَةٌ أَوْ فُتَّ فِيهَا حِصْرِمُ,وَجُفُونُهُ مَا تَسْتَقِرُّ كَأَنَّهَا,Abbassi: VIIIth - XVIth,kamil_complete,kamil_complete
1654,Al Motanabbi,Lahawa Alnofouss,22,قِرْدٌ يُقَهْقِهُ أَوْ عَجُوزٌ تَلْطِمُ,وَإِذَا أَشَارَ مُحَدِّثًا فَكَأَنَّهُ,Abbassi: VIIIth - XVIth,kamil_complete,kamil_complete
1655,Al Motanabbi,Lahawa Alnofouss,23,حَتَّى يَكَادَ عَلَى يَدٍ يَتَعَمَّمُ,يَقْلِي مُفَارَقَةَ الأَكُفِّ قَذَالُهُ,Abbassi: VIIIth - XVIth,kamil_complete,kamil_complete
1656,Al Motanabbi,Lahawa Alnofouss,24,وَيَكُونُ أَكْذَبَ مَا يَكُونُ وَيُقْسِمُ,وَتَرَاهُ أَصْغَرَ مَا تَرَاهُ نَاطِقًا,Abbassi: VIIIth - XVIth,kamil_complete,kamil_complete
1657,Al Motanabbi,Lahawa Alnofouss,25,وَأَوَدُّ مِنْهُ لِمَنْ يَوَدُّ الأَرْقَمُ,وَالذُّلُّ يُظْهِرُ فِي الذَّلِيلِ مَوَدَّةً,Abbassi: VIIIth - XVIth,kamil_complete,kamil_complete
1658,Al Motanabbi,Lahawa Alnofouss,26,وَمِنَ الصَّدَاقَةِ مَا يَضُرُّ وَيُؤْلِمُ,وَمِنَ العَدَاوَةِ مَا يَنَالُكَ نَفْعُهُ,Abbassi: VIIIth - XVIth,kamil_complete,kamil_complete
1659,Al Motanabbi,Lahawa Alnofouss,27,صَفْرَاءُ أَضْيَقُ مِنْكَ مَاذَا أَزْعُمُ,أَرْسَلْتَ تَسْأَلُنِي المَدِيحَ سَفَاهَةً,Abbassi: VIIIth - XVIth,kamil_complete,kamil_complete
1660,Al Motanabbi,Lahawa Alnofouss,28,يَا ابْنَ الأُعَيِّرِ وَهْيَ فِيكَ تَكَرُّمُ,أَتُرَى القِيَادَةَ فِي سِوَاكَ تَكَسُّبًا,Abbassi: VIIIth - XVIth,kamil_complete,kamil_complete
1661,Al Motanabbi,Lahawa Alnofouss,29,وَلَشَدَّ مَا قَرُبَتْ عَلَيْكَ الأَنْجُمُ,فَلَشَدَّ مَا جَاوَزْتَ قَدْرَكَ صَاعِدًا,Abbassi: VIIIth - XVIth,kamil_complete,kamil_complete
1662,Al Motanabbi,Lahawa Alnofouss,30,إِنَّ الثَّنَاءَ لِمَنْ يُزَارَ فَيُنْعِمُ,وَأَرَغْتَ مَا لِأَبِي العَشَائِرِ خَالِصًا,Abbassi: VIIIth - XVIth,kamil_complete,kamil_complete
1663,Al Motanabbi,Lahawa Alnofouss,31,تَدْنُو فَيُوجَأُ أَخْدَعَاكَ وَتُنْهَمُ,وَلِمَنْ أَقَمْتَ عَلَى الهَوَانِ بِبَابِهِ,Abbassi: VIIIth - XVIth,kamil_complete,kamil_complete
1664,Al Motanabbi,Lahawa Alnofouss,32,وَلِمَنْ يَجُرُّ الجَيْشَ وَهْوَ عَرَمْرَمُ,وَلِمَنْ يُهِينُ المَالَ وَهْوَ مُكَرَّمٌ,Abbassi: VIIIth - XVIth,kamil_complete,kamil_complete
1665,Al Motanabbi,Lahawa Alnofouss,33,فَنَصِيبُهُ مِنْهَا الكَمِيُّ المُعْلَمُ,وَلِمَنْ إِذَا الْتَقَتِ الكُمَاةُ بِمَازِقٍ,Abbassi: VIIIth - XVIth,kamil_complete,kamil_complete
1666,Al Motanabbi,Lahawa Alnofouss,34,وَثَنَى فَقَوَّمَهَا بِآخَرَ مِنْهُمُ,وَلَرُبَّمَا أَطَرَ القَنَاةَ بِفَارِسٍ,Abbassi: VIIIth - XVIth,kamil_complete,kamil_complete
1667,Al Motanabbi,Lahawa Alnofouss,35,وَالرُّمْحُ أَسْمَرُ وَالحُسَامُ مَصَمِّمُ,وَالوَجْهُ أَزْهَرُ وَالفُؤَادُ مُشَيَّعٌ,Abbassi: VIIIth - XVIth,kamil_complete,kamil_complete
1668,Al Motanabbi,Lahawa Alnofouss,36,وَفَعَالُ مَنْ تَلِدُ الأَعَاجِمُ أَعْجَمُ,أَفْعَالُ مَنْ تَلِدُ الكِرَامُ كَرِيمَةٌ,Abbassi: VIIIth - XVIth,kamil_complete,kamil_complete
1915,Al Motanabbi,Maa Lilmorouji Al khodri,1,,مَا لِلْمُرُوجِ الخُضْرِ وَالحَدَائِقِ,Abbassi: VIIIth - XVIth,rajaz_machtour,rajaz_machtour
1916,Al Motanabbi,Maa Lilmorouji Al khodri,2,,يَشْكُو خَلَاهَا كَثْرَةَ العَوَائِقِ,Abbassi: VIIIth - XVIth,rajaz_machtour,rajaz_machtour
1917,Al Motanabbi,Maa Lilmorouji Al khodri,3,,أَقَامَ فِيهَا الثَّلْجُ كَالمُرَافِقِ,Abbassi: VIIIth - XVIth,rajaz_machtour,rajaz_machtour
1918,Al Motanabbi,Maa Lilmorouji Al khodri,4,,يَعْقِدُ فَوْقَ السِّنِّ رِيقَ البَاصِقِ,Abbassi: VIIIth - XVIth,rajaz_machtour,rajaz_machtour
1919,Al Motanabbi,Maa Lilmorouji Al khodri,5,,ثُمَّ مَضَى لَا عَادَ مِنْ مُفَارِقِ,Abbassi: VIIIth - XVIth,rajaz_machtour,rajaz_machtour
1920,Al Motanabbi,Maa Lilmorouji Al khodri,6,,بِقَائِدٍ مِنْ ذَوْبِهِ وَسَائِقِ,Abbassi: VIIIth - XVIth,rajaz_machtour,rajaz_machtour
1921,Al Motanabbi,Maa Lilmorouji Al khodri,7,,كَأَنَّمَا الطُّخْرُورُ بَاغِي آبِقِ,Abbassi: VIIIth - XVIth,rajaz_machtour,rajaz_machtour
1922,Al Motanabbi,Maa Lilmorouji Al khodri,8,,يَأْكُلُ مِنْ نَبْتٍ قَصِيرِ لَاصِقِ,Abbassi: VIIIth - XVIth,rajaz_machtour,rajaz_machtour
1923,Al Motanabbi,Maa Lilmorouji Al khodri,9,,كَقَشْرِكَ الحِبْرَ عَنِ المَهَارِقِ,Abbassi: VIIIth - XVIth,rajaz_machtour,rajaz_machtour
1924,Al Motanabbi,Maa Lilmorouji Al khodri,10,,أَرُودُهُ مِنْهُ بِكَلْشَوْذَانِقِ,Abbassi: VIIIth - XVIth,rajaz_machtour,rajaz_machtour
1925,Al Motanabbi,Maa Lilmorouji Al khodri,11,,بِمُطْلِقِ اليُمْنَى طَوِيلِ الفَائِقِ,Abbassi: VIIIth - XVIth,rajaz_machtour,rajaz_machtour
1926,Al Motanabbi,Maa Lilmorouji Al khodri,12,,عَبْلِ الشَّوَى مُقَارِبِ المَرَافِقِ,Abbassi: VIIIth - XVIth,rajaz_machtour,rajaz_machtour
1927,Al Motanabbi,Maa Lilmorouji Al khodri,13,,رَحْبِ اللَّبَانِ نَائِهِ الطَّرَائِقِ,Abbassi: VIIIth - XVIth,rajaz_machtour,rajaz_machtour
1928,Al Motanabbi,Maa Lilmorouji Al khodri,14,,ذِي مَنْخِرٍ رَحْبٍ وَإِطْلٍ لَاحِقِ,Abbassi: VIIIth - XVIth,rajaz_machtour,rajaz_machtour
1929,Al Motanabbi,Maa Lilmorouji Al khodri,15,,مُحَجَّلٍ نَهْدٍ كُمَيْتٍ زَاهِقِ,Abbassi: VIIIth - XVIth,rajaz_machtour,rajaz_machtour
1930,Al Motanabbi,Maa Lilmorouji Al khodri,16,,شَادِخَةً غُرَّتُهُ كَالشَّارِقِ,Abbassi: VIIIth - XVIth,rajaz_machtour,rajaz_machtour
1931,Al Motanabbi,Maa Lilmorouji Al khodri,17,,كَأَنَّهَا مِنْ لَوْنِهِ فِي بَارِقِ,Abbassi: VIIIth - XVIth,rajaz_machtour,rajaz_machtour
1932,Al Motanabbi,Maa Lilmorouji Al khodri,18,,بَاقٍ عَلَى البَوْغَاءِ وَالشَّقَائِقِ,Abbassi: VIIIth - XVIth,rajaz_machtour,rajaz_machtour
1933,Al Motanabbi,Maa Lilmorouji Al khodri,19,,وَالأَبْرَدَيْنِ وَالهَجِيرِ المَاحِقِ,Abbassi: VIIIth - XVIth,rajaz_machtour,rajaz_machtour
1934,Al Motanabbi,Maa Lilmorouji Al khodri,20,,لِلْفَارِسِ الرَّاكِضِ مِنْهُ الوَاثِقِ,Abbassi: VIIIth - XVIth,rajaz_machtour,rajaz_machtour
1935,Al Motanabbi,Maa Lilmorouji Al khodri,21,,خَوْفُ الجَبَانِ فِي فُؤَادِ العَاشِقِ,Abbassi: VIIIth - XVIth,rajaz_machtour,rajaz_machtour
1936,Al Motanabbi,Maa Lilmorouji Al khodri,22,,كَأَنَّهُ فِي رَيْدِ طَوْدٍ شَاهِقِ,Abbassi: VIIIth - XVIth,rajaz_machtour,rajaz_machtour
1937,Al Motanabbi,Maa Lilmorouji Al khodri,23,,يَشْأَى إِلَى المِسْمَعِ صَوْتَ النَّاطِقِ,Abbassi: VIIIth - XVIth,rajaz_machtour,rajaz_machtour
1938,Al Motanabbi,Maa Lilmorouji Al khodri,24,,لَوْ سَابَقَ الشَّمْسَ مِنَ المَشَارِقِ,Abbassi: VIIIth - XVIth,rajaz_machtour,rajaz_machtour
1939,Al Motanabbi,Maa Lilmorouji Al khodri,25,,جَاءَ إِلَى الغَرْبِ مَجِيءَ السَّابِقِ,Abbassi: VIIIth - XVIth,rajaz_machtour,rajaz_machtour
1940,Al Motanabbi,Maa Lilmorouji Al khodri,26,,يَتْرُكُ فِي حِجَارَةِ الأَبَارِقِ,Abbassi: VIIIth - XVIth,rajaz_machtour,rajaz_machtour
1941,Al Motanabbi,Maa Lilmorouji Al khodri,27,,آثَارَ قَلْعِ الحَلْيِ فِي المَنَاطِقِ,Abbassi: VIIIth - XVIth,rajaz_machtour,rajaz_machtour
1942,Al Motanabbi,Maa Lilmorouji Al khodri,28,,مَشْيًا وَإِنْ يَعْدُ فَكَالخَنَادِقِ,Abbassi: VIIIth - XVIth,rajaz_machtour,rajaz_machtour
1943,Al Motanabbi,Maa Lilmorouji Al khodri,29,,لَوْ أَوْرِدَتْ غِبَّ سَحَابٍ صَادِقِ,Abbassi: VIIIth - XVIth,rajaz_machtour,rajaz_machtour
1944,Al Motanabbi,Maa Lilmorouji Al khodri,30,,لَأَحْسَبَتْ خَوَامِسَ الأَيَانِقِ,Abbassi: VIIIth - XVIth,rajaz_machtour,rajaz_machtour
1945,Al Motanabbi,Maa Lilmorouji Al khodri,31,,إِذَا اللِّجَامُ جَاءَهُ لِطَارِقِ,Abbassi: VIIIth - XVIth,rajaz_machtour,rajaz_machtour
1946,Al Motanabbi,Maa Lilmorouji Al khodri,32,,شَحَا لَهُ شَحْوَ الغُرَابِ النَّاغِقِ,Abbassi: VIIIth - XVIth,rajaz_machtour,rajaz_machtour
1947,Al Motanabbi,Maa Lilmorouji Al khodri,33,,كَأَنَّمَا الجُلْدُ لِعُرْيِ النَّاهِقِ,Abbassi: VIIIth - XVIth,rajaz_machtour,rajaz_machtour
1948,Al Motanabbi,Maa Lilmorouji Al khodri,34,,مُنْحَدِرٌ عَنْ سِيَتَيْ جُلَاهِقِ,Abbassi: VIIIth - XVIth,rajaz_machtour,rajaz_machtour
1949,Al Motanabbi,Maa Lilmorouji Al khodri,35,,بَزَّ المَذَاكِي وَهْوَ فِي العَقَائِقِ,Abbassi: VIIIth - XVIth,rajaz_machtour,rajaz_machtour
1950,Al Motanabbi,Maa Lilmorouji Al khodri,36,,وَزَادَ فِي السَّاقِ عَلَى النَّقَانِقِ,Abbassi: VIIIth - XVIth,rajaz_machtour,rajaz_machtour
1951,Al Motanabbi,Maa Lilmorouji Al khodri,37,,وَزَادَ فِي الوَقْعِ عَلَى الصَّوَاعِقِ,Abbassi: VIIIth - XVIth,rajaz_machtour,rajaz_machtour
1952,Al Motanabbi,Maa Lilmorouji Al khodri,38,,وَزَادَ فِي الأُذْنِ عَلَى الخَرَانِقِ,Abbassi: VIIIth - XVIth,rajaz_machtour,rajaz_machtour
1953,Al Motanabbi,Maa Lilmorouji Al khodri,39,,وَزَادَ فِي الحِذْرِ عَلَى العَقَاعِقِ,Abbassi: VIIIth - XVIth,rajaz_machtour,rajaz_machtour
1954,Al Motanabbi,Maa Lilmorouji Al khodri,40,,يُمَيِّزُ الهَزْلَ مِنَ الحَقَائِقِ,Abbassi: VIIIth - XVIth,rajaz_machtour,rajaz_machtour
1955,Al Motanabbi,Maa Lilmorouji Al khodri,41,,وَيُنْذِرُ الرَّكْبَ بِكُلِّ سَارِقٍ,Abbassi: VIIIth - XVIth,rajaz_machtour,rajaz_machtour
1956,Al Motanabbi,Maa Lilmorouji Al khodri,42,,يُرِيكَ خُرْقًا وَهْوَ عَيْنُ الحَاذِقِ,Abbassi: VIIIth - XVIth,rajaz_machtour,rajaz_machtour
1957,Al Motanabbi,Maa Lilmorouji Al khodri,43,,يَحُكُّ أَنَّى شَاءَ حَكَّ البَاشِقِ,Abbassi: VIIIth - XVIth,rajaz_machtour,rajaz_machtour
1958,Al Motanabbi,Maa Lilmorouji Al khodri,44,,قُوبِلَ مِنْ آفِقَةٍ وَآفِقِ,Abbassi: VIIIth - XVIth,rajaz_machtour,rajaz_machtour
1959,Al Motanabbi,Maa Lilmorouji Al khodri,45,,بَيْنَ عِتَاقِ الخَيْلِ وَالعَتَائِقِ,Abbassi: VIIIth - XVIth,rajaz_machtour,rajaz_machtour
1960,Al Motanabbi,Maa Lilmorouji Al khodri,46,,فَعُنْقُهُ يُرْبِي عَلَى البَوَاسِقِ,Abbassi: VIIIth - XVIth,rajaz_machtour,rajaz_machtour
1961,Al Motanabbi,Maa Lilmorouji Al khodri,47,,وَحَلْقُهُ يُمْكِنُ فِتْرَ الخَانِقِ,Abbassi: VIIIth - XVIth,rajaz_machtour,rajaz_machtour
1962,Al Motanabbi,Maa Lilmorouji Al khodri,48,,أُعِدُّهُ لِلطَّعْنِ فِي الفَيَالِقِ,Abbassi: VIIIth - XVIth,rajaz_machtour,rajaz_machtour
1963,Al Motanabbi,Maa Lilmorouji Al khodri,49,,وَالضَّرْبِ فِي الأَوْجُهِ وَالمَفَارِقِ,Abbassi: VIIIth - XVIth,rajaz_machtour,rajaz_machtour
1964,Al Motanabbi,Maa Lilmorouji Al khodri,50,,وَالسَّيْرِ فِي ظِلِّ اللِّوَاءِ الخَافِقِ,Abbassi: VIIIth - XVIth,rajaz_machtour,rajaz_machtour
1965,Al Motanabbi,Maa Lilmorouji Al khodri,51,,يَحْمِلُنِي وَالنَّصْلُ ذُو السَّفَاسِقِ,Abbassi: VIIIth - XVIth,rajaz_machtour,rajaz_machtour
1966,Al Motanabbi,Maa Lilmorouji Al khodri,52,,يَقْطُرُ فِي كُمِّي عَلَى البَنَائِقِ,Abbassi: VIIIth - XVIth,rajaz_machtour,rajaz_machtour
1967,Al Motanabbi,Maa Lilmorouji Al khodri,53,,لَا أَلْحَظُ الدُّنْيَا بِعَيْنِي وَامِقِ,Abbassi: VIIIth - XVIth,rajaz_machtour,rajaz_machtour
1968,Al Motanabbi,Maa Lilmorouji Al khodri,54,,وَلَا أُبَالِي قِلَّةَ المُرَافِقِ,Abbassi: VIIIth - XVIth,rajaz_machtour,rajaz_machtour
1969,Al Motanabbi,Maa Lilmorouji Al khodri,55,,أَيْ كَبْتَ كُلِّ حَاسِدٍ مُنَافِقِ,Abbassi: VIIIth - XVIth,rajaz_machtour,rajaz_machtour
1970,Al Motanabbi,Maa Lilmorouji Al khodri,56,,أَنْتَ لَنَا وَكُلُّنَا لِلْخَالِقِ,Abbassi: VIIIth - XVIth,rajaz_machtour,rajaz_machtour
60,Al Motanabbi,unknown,1,وَمَرَارَةُ الدُّنْيَا لِمَنْ عَقِلَا,وَحَلَاوَةُ الدُّنْيَا لِجَاهِلِهَا,Abbassi: VIIIth - XVIth,kamil_complete,kamil_complete
1743,Al Motanabbi,Wa chaamikin mina al jibaali,1,فَرْدٍ كَيَافُوخِ البَعِيرِ الأَصْيَدِ,وَشَامِخٍ مِنَ الجِبَالِ أَقْوَدِ,Abbassi: VIIIth - XVIth,rajaz_complete,rajaz_complete
1744,Al Motanabbi,Wa chaamikin mina al jibaali,2,فِي مِثْلِ مَتْنِ المَسَدِ المُعَقَّدِ,يُسَارُ مِنْ مَضْيِقِهِ وَالجَلْمَدِ,Abbassi: VIIIth - XVIth,rajaz_complete,rajaz_complete
1745,Al Motanabbi,Wa chaamikin mina al jibaali,3,لِلصَّيْدِ وَالنُّزْهَةِ وَالتَمَرُّدِ,زُرْنَاهُ لِلْأَمْرِ الَّذِي لَمْ يُعْهَدِ,Abbassi: VIIIth - XVIth,rajaz_complete,rajaz_complete
1746,Al Motanabbi,Wa chaamikin mina al jibaali,4,مُعَاوِدٍ مُقَوَّدٍ مُقَلَّدِ,بِكُلِّ مَسْقِيِّ الدِّمَاءِ أَسْوَدِ,Abbassi: VIIIth - XVIth,rajaz_complete,rajaz_complete
1747,Al Motanabbi,Wa chaamikin mina al jibaali,5,عَلَى حِفَافَيْ حَنَكٍ كَالمِبْرَدِ,بِكُلِّ نَابٍ ذَرِبٍ مُحَدَّدِ,Abbassi: VIIIth - XVIth,rajaz_complete,rajaz_complete
1748,Al Motanabbi,Wa chaamikin mina al jibaali,6,يَقْتُلُ مَا يَقْتُلُهُ وَلَا يَدِي,كَطَالِبِ الثَّأْرِ وَإِنْ لَمْ يَحْقِدِ,Abbassi: VIIIth - XVIth,rajaz_complete,rajaz_complete
1749,Al Motanabbi,Wa chaamikin mina al jibaali,7,فَثَارَ مِنْ أَخْضَرَ مَمْطُورٍ نَدِي,يَنْشُدُ مِنْ ذَا الخِشْفِ مَا لَمْ يَفْقِدِ,Abbassi: VIIIth - XVIth,rajaz_complete,rajaz_complete
1750,Al Motanabbi,Wa chaamikin mina al jibaali,8,فَلَمْ يَكَدْ إِلَّا لِحَتْفٍ يَهْتَدِي,كَأَنَّهُ بَدْءُ عِذَارِ الأَمْرَدِ,Abbassi: VIIIth - XVIth,rajaz_complete,rajaz_complete
1751,Al Motanabbi,Wa chaamikin mina al jibaali,9,وَلَمْ يَدَعْ لِلشَّاعِرِ المُجَوِّدِ,وَلَمْ يَقَعْ إِلَّا عَلَى بَطْنِ يَدِ,Abbassi: VIIIth - XVIth,rajaz_complete,rajaz_complete
1752,Al Motanabbi,Wa chaamikin mina al jibaali,10,المَلِكِ القَرْمِ أَبِي مُحَمَّدِ,وَصْفًا لَهُ عِنْدَ الأَمِيرِ الأَمْجَدِيْ,Abbassi: VIIIth - XVIth,rajaz_complete,rajaz_complete
1753,Al Motanabbi,Wa chaamikin mina al jibaali,11,ذِي النِّعَمِ الغُرِّ البَوَادِي العُوَّدِ,القَانِصِ الأَبْطَالَ بِالمُهَنَّدِ,Abbassi: VIIIth - XVIth,rajaz_complete,rajaz_complete
1754,Al Motanabbi,Wa chaamikin mina al jibaali,12,وَإِنْ ذَكَرْتُ فَضْلَهُ لَمْ يَنْفَدِ,إِذَا أَرَدْتُ عَدَّهَا لَمْ تُعْدَدِ,Abbassi: VIIIth - XVIth,rajaz_complete,rajaz_complete
3275,Al Naabigha Al Dobiaani,Moallaqa,1,أَقْوَتْ وَطَالَ عَلَيْهَا سَالِفُ الأَبَدِ,يَا دَارَ مَيَّةَ بِالعَلْيَاءِ فَالسَّنَدِ,Before Islam: VIth century,bassit_complete,bassit_complete
3276,Al Naabigha Al Dobiaani,Moallaqa,2,عَيَّتْ جَوَابًا وَمَا بِالرَّبْعِ مِنْ أَحَدِ,وَقَفْتُ فِيهَا أَصِيلًا كَيْ أُسَائِلَهَا,Before Islam: VIth century,bassit_complete,bassit_complete
3277,Al Naabigha Al Dobiaani,Moallaqa,3,وَالنُّؤْيَ كَالحَوْضِ بِالمَظلُومَةِ الجَلَدِ,أَلَّا أَوَارِيَّ لأِْيًا مَا أُبَيِّنُهَا,Before Islam: VIth century,bassit_complete,bassit_complete
3278,Al Naabigha Al Dobiaani,Moallaqa,4,ضَرْبُ الوَلِيدَةِ بِالمِسْحَاةِ فِي الثَّأَدِ,رَدَّتْ عَلَيْهِ أَقَاصِيهِ وَلَبَّدَهُ,Before Islam: VIth century,bassit_complete,bassit_complete
3279,Al Naabigha Al Dobiaani,Moallaqa,5,وَرَفَّعَتْهُ إِلَى السِّجْفَيْنِ فَالنَّضَدِ,خَلَّتْ سَبِيلَ أَتِيٍّ كَانَ يَحْبِسُهُ,Before Islam: VIth century,bassit_complete,bassit_complete
3280,Al Naabigha Al Dobiaani,Moallaqa,6,أَخْنَى عَلَيْهَا الَّذِي أَخْنَى عَلَى لُبَدِ,أَضْحَتْ خَلَاءً وَأَضْحَى أَهْلُهَا احْتَمَلُوا,Before Islam: VIth century,bassit_complete,bassit_complete
3281,Al Naabigha Al Dobiaani,Moallaqa,7,وَانْمِ القُتُودَ عَلَى عَيْرَانَةٍ أُجُدِ,فَعَدِّ عَمَّا تَرَى إِذْ لَا ارْتِجَاعَ لَهُ,Before Islam: VIth century,bassit_complete,bassit_complete
3282,Al Naabigha Al Dobiaani,Moallaqa,8,لَهُ صَرِيفٌ صَرِيفَ القَعْوِ بِالمَسَدِ,مَقْذُوفَةٍ بِدَخِيسِ النَّحْضِ بَازِلُهَا,Before Islam: VIth century,bassit_complete,bassit_complete
3283,Al Naabigha Al Dobiaani,Moallaqa,9,بِذِي الجَلِيلِ عَلَى مُسْتَأْنِسٍ وَحَدِ,كَأَنَّ رَحْلِي وَقَدْ زَالَ النَّهَارُ بِنَا,Before Islam: VIth century,bassit_complete,bassit_complete
3284,Al Naabigha Al Dobiaani,Moallaqa,10,طَاوِي المَصِيرِ كَسَيْفِ الصَّيْقَلِ الفَرَدِ,مِنْ وَحْشِ وَجْرَةَ مَوْشِيٍّ أَكَارِعُهُ,Before Islam: VIth century,bassit_complete,bassit_complete
3285,Al Naabigha Al Dobiaani,Moallaqa,11,تُزْجَي الشَّمَالُ عَلَيْهِ جَامِدَ البَرَدِ,سَرَتْ عَلَيْهِ مِنَ الجَوْزَاءِ سَارِيَةٌ,Before Islam: VIth century,bassit_complete,bassit_complete
3286,Al Naabigha Al Dobiaani,Moallaqa,12,طَوْعُ الشَّوَامِتِ مِنْ خَوْفٍ وَمِنْ صَرَدِ,فَارْتَاعَ مِنْ صَوْتِ كَلَّابٍ فَبَاتَ لَهُ,Before Islam: VIth century,bassit_complete,bassit_complete
3287,Al Naabigha Al Dobiaani,Moallaqa,13,صُمْعُ الكُعُوبِ بَرِيئَاتٌ مِنَ الحَرَدِ,فَبَثَّهُنَّ عَلَيْهِ وَاسْتَمَرَّ بِهِ,Before Islam: VIth century,bassit_complete,bassit_complete
3288,Al Naabigha Al Dobiaani,Moallaqa,14,طَعْنُ المُعَارِكِ عِنْدَ المُجْحَرِ النَّجُدِ,فَهَابَ ضُمْرَانُ مِنْهُ حَيْثُ يُوزِعُهُ,Before Islam: VIth century,bassit_complete,bassit_complete
3289,Al Naabigha Al Dobiaani,Moallaqa,15,شَكَّ المُبَيْطِرِ إِذْ يَشْفِي مِنَ العَضَدِ,شَكَّ الفَرِيصَةَ بِالمِدْرَى فَأَنْفَذَهَا,Before Islam: VIth century,bassit_complete,bassit_complete
3290,Al Naabigha Al Dobiaani,Moallaqa,16,سَفُّودُ شَرْبٍ نَسَوْهُ عِنْدَ مُفْتَأَدِ,كَأَنَّهُ خَارِجًا مِنْ جَنْبِ صَفْحَتِهِ,Before Islam: VIth century,bassit_complete,bassit_complete
3291,Al Naabigha Al Dobiaani,Moallaqa,17,فِي حَالِكِ اللَّوْنِ صَدْقٍ غَيْرِ ذِي أَوَدِ,فَظَلَّ يَعْجُمُ أَعْلَى الرَّوْقِ مُنْقَبِضًا,Before Islam: VIth century,bassit_complete,bassit_complete
3292,Al Naabigha Al Dobiaani,Moallaqa,18,وَلَا سَبِيلَ إِلَى عَقْلٍ وَلَا قَوَدِ,لَمَّا رَأَى وَاشِقٌ إِقْعَاصَ صَاحِبِهِ,Before Islam: VIth century,bassit_complete,bassit_complete
3293,Al Naabigha Al Dobiaani,Moallaqa,19,وَإِنَّ مَوْلَاكَ لَمْ يَسْلَمْ ولَمْ يَصِدِ,قَالَتْ لَهُ النَّفْسُ أَنِّي لَا أَرَى طَمَعًا,Before Islam: VIth century,bassit_complete,bassit_complete
3294,Al Naabigha Al Dobiaani,Moallaqa,20,فَضْلًا عَلَى النَّاسِ فِي الأَدْنَى وَفِي البَعَدِ,فَتِلْكَ تُبْلِغُنِي النُّعْمَانَ إِنَّ لَهُ,Before Islam: VIth century,bassit_complete,bassit_complete
3295,Al Naabigha Al Dobiaani,Moallaqa,21,وَمَا أُحَاشِي مِنَ الأَقْوَامِ مِنْ أَحَدِ,وَلَا أَرَى فَاعِلًا فِي النَّاسِ يُشْبِهُهُ,Before Islam: VIth century,bassit_complete,bassit_complete
3296,Al Naabigha Al Dobiaani,Moallaqa,22,قُمْ فِي البَرِيَّةِ فَاحْدُدْهَا عَنِ الفَنَدِ,إِلَّا سُلَيْمَانَ إِذْ قالَ الإِلَاهُ لَهُ,Before Islam: VIth century,bassit_complete,bassit_complete
3297,Al Naabigha Al Dobiaani,Moallaqa,23,يَبْنُونَ تَدْمُرَ بِالصُّفَّاحِ وَالعُمُدِ,وَخَيِّسِ الجِنَّ إِنِّي قَدْ أَذِنْتُ لَهُمْ,Before Islam: VIth century,bassit_complete,bassit_complete
3298,Al Naabigha Al Dobiaani,Moallaqa,24,كَمَا أَطَاعَكَ وَادْلُلْهُ عَلَى الرَّشَدِ,فَمَنْ أَطَاعَ فَعَاقِبْهُ بِطَاعَتِهِ,Before Islam: VIth century,bassit_complete,bassit_complete
3299,Al Naabigha Al Dobiaani,Moallaqa,25,تَنْهَى الظَّلُومَ وَلَا تَقْعُدْ عَلَى ضَمَدِ,وَمَنْ عَصَاكَ فَعَاقِبْهُ مُعَاقَبَةً,Before Islam: VIth century,bassit_complete,bassit_complete
3300,Al Naabigha Al Dobiaani,Moallaqa,26,سَبْقَ الجَوَادِ إِذَا اسْتَوْلَى عَلَى الأَمَدِ,إِلَّا لِمِثْلِكَ أَوْ مَنْ أَنْتَ سَابِقُهُ,Before Islam: VIth century,bassit_complete,bassit_complete
3301,Al Naabigha Al Dobiaani,Moallaqa,27,إِلَى حَمَامٍ سِرَاعٍ وَارِدِ الثَّمَدِ,وَاحْكُمْ كَحُكْمِ فَتَاةِ الحَيِّ إِذْ نَظَرَتْ,Before Islam: VIth century,bassit_complete,bassit_complete
3302,Al Naabigha Al Dobiaani,Moallaqa,28,إِلَى حَمَامَتِنَا وَنِصْفُهُ فَقَدِ,قَالَتْ أَلَا لَيْتَمَا هَذَا الحَمَامُ لَنَا,Before Islam: VIth century,bassit_complete,bassit_complete
3303,Al Naabigha Al Dobiaani,Moallaqa,29,مِثْلَ الزُّجَاجَةِ لَمْ تُكْحَلْ مِنَ الرَّمَدِ,يَحُفُّهُ جَانِبَا نِيقٍ وَتُتْبِعُهُ,Before Islam: VIth century,bassit_complete,bassit_complete
3304,Al Naabigha Al Dobiaani,Moallaqa,30,تِسْعًا وَتِسْعِينَ لَمْ تَنْقُصْ وَلَمْ تَزِدِ,فَحَسَّبُوهُ فَأَلْفَوْهُ كَمَا حَسَبَتْ,Before Islam: VIth century,bassit_complete,bassit_complete
3305,Al Naabigha Al Dobiaani,Moallaqa,31,وَأَسْرَعَتْ حِسْبَةً فِي ذَلِكَ العَدَدِ,فَكَمَّلَتْ مَائَةً فِيهَا حَمَامَتُهَا,Before Islam: VIth century,bassit_complete,bassit_complete
3306,Al Naabigha Al Dobiaani,Moallaqa,32,مِنَ المَوَاهِبِ لَا تُعْطَى عَلَى نَكَدِ,أَعْطَى لِفَارِهَةٍ حُلْوٍ تَوَابِعُهَا,Before Islam: VIth century,bassit_complete,bassit_complete
3307,Al Naabigha Al Dobiaani,Moallaqa,33,سَعْدَانُ تُوضِحَ فِي أَوْبَارِهَا اللِّبَدِ,الوَاهِبُ المَائَةَ الأَبْكَارَ زَيَّنَهَا,Before Islam: VIth century,bassit_complete,bassit_complete
3308,Al Naabigha Al Dobiaani,Moallaqa,34,بَرْدُ الهَوَاجِرِ كَالغِزْلَانِ بِالجَرَدِ,وَالسَّاحِبَاتِ ذُيُولَ المِرْطِ فَنَّقَهَا,Before Islam: VIth century,bassit_complete,bassit_complete
3309,Al Naabigha Al Dobiaani,Moallaqa,35,كَالطَّيْرِ تَنْجُو مِنَ الشُّؤْبُوبِ ذِي البَرَدِ,وَالخَيْلَ تَمْزَعُ غَرْبًا فِي أَعِنَّتِهَا,Before Islam: VIth century,bassit_complete,bassit_complete
3310,Al Naabigha Al Dobiaani,Moallaqa,36,مَشْدُودَةً بِرِحَالِ الحِيرَةِ الجُدُدِ,وَالأُدْمُ قَدْ خُيِّسَتْ فُتْلًا مَرَافِقُهَا,Before Islam: VIth century,bassit_complete,bassit_complete
3311,Al Naabigha Al Dobiaani,Moallaqa,37,وَمَا هُرِيقَ عَلَى الأَنْصَابِ مِنْ جَسَدِ,فَلَا لَعَمْرُ الَّذِي قَدْ زُرْتُهُ حِجَجًا,Before Islam: VIth century,bassit_complete,bassit_complete
3312,Al Naabigha Al Dobiaani,Moallaqa,38,رُكْبَانُ مَكَّةَ بَيْنَ الغَيْلِ وَالسَّنَدِ,وَالمُؤْمِنِ العَائِذَاتِ الطَّيْرَ يَمْسَحُهَا,Before Islam: VIth century,bassit_complete,bassit_complete
3313,Al Naabigha Al Dobiaani,Moallaqa,39,إِذًا فَلَا رَفَعَتْ سَوْطِي إِلَيَّ يَدِي,مَا إِنْ أَتَيْتُ بِشَيْءٍ أَنْتَ تَكْرَهُهُ,Before Islam: VIth century,bassit_complete,bassit_complete
3314,Al Naabigha Al Dobiaani,Moallaqa,40,قَرَّتْ بِهَا عَيْنُ مَنْ يَأْتِيكَ بِالحَسَدِ,إِذًا فَعَاقَبَنِي رَبِّي مُعَاقَبَةً,Before Islam: VIth century,bassit_complete,bassit_complete
3315,Al Naabigha Al Dobiaani,Moallaqa,41,طَارَت نَوَافِدُهُ حَرًّا عَلَى كَبِديِ,هَذَا لأَِبْرَأَ مِنْ قَوْلٍ قُذِفْتُ بِهِ,Before Islam: VIth century,bassit_complete,bassit_complete
3316,Al Naabigha Al Dobiaani,Moallaqa,42,وَمَا أُثَمِّرُ مِنْ مَالٍ وَمِنْ وَلَدِ,مَهْلًا فِدَاءٌ لَكَ الأَقْوَامُ كُلُّهُمُ,Before Islam: VIth century,bassit_complete,bassit_complete
3317,Al Naabigha Al Dobiaani,Moallaqa,43,وَلَوْ تَأَثَّفَكَ الأَعْدَاءُ بِالرَّفَدِ,لَا تَقْذِفَنِّي بِرُكْنٍ لَا كِفَاءَ لَهُ,Before Islam: VIth century,bassit_complete,bassit_complete
3318,Al Naabigha Al Dobiaani,Moallaqa,44,تَرْمِي أَوَاذِيُّهُ العِبْرَيْنِ بِالزَّبَدِ,فَمَا الفُرَاتُ إِذَا جَاشَتْ غَوَارِبُهُ,Before Islam: VIth century,bassit_complete,bassit_complete
3319,Al Naabigha Al Dobiaani,Moallaqa,45,حُطَامٌ مِنَ اليَنْبُوتِ وَالخَضَدِ,يَمُدُّهُ كُلُّ وَادٍ مُزبِدٍ لَجِبٍ فِيهِ,Before Islam: VIth century,bassit_complete,bassit_complete
3320,Al Naabigha Al Dobiaani,Moallaqa,46,بِالخَيْزُرَانَةِ بَعْدَ الأَيْنِ وَالنَّجَدِ,يَظَلُّ مِنْ خَوفِهِ المَلَّاحُ مُعْتَصِمًا,Before Islam: VIth century,bassit_complete,bassit_complete
3321,Al Naabigha Al Dobiaani,Moallaqa,47,وَلَا يَحُولُ عَطَاءُ اليَوْمِ دُونَ غَدِ,يَومًا بِأَجْوَدَ مِنْهُ سَيْبَ نَافِلَةٍ,Before Islam: VIth century,bassit_complete,bassit_complete
3322,Al Naabigha Al Dobiaani,Moallaqa,48,وَلَا قَرَارَ عَلَى زَأْرٍ مِنَ الأَسَدِ,أُنْبِئْتُ أَنَّ أَبَا قَابُوسَ أَوْعَدَنِي,Before Islam: VIth century,bassit_complete,bassit_complete
3323,Al Naabigha Al Dobiaani,Moallaqa,49,فَمَا عَرَضْتُ أَبَيْتَ اللَّعْنَ بِالصَّفَدِ,هَذَا الثَّنَاءُ فَإِنْ تَسْمَعْ لِقَائِلِهِ,Before Islam: VIth century,bassit_complete,bassit_complete
3324,Al Naabigha Al Dobiaani,Moallaqa,50,فَإِنَّ صَاحِبَهَا قَدْ تَاهِ فِي البَلَدِ,هَا إِنَّ ذِي عِذْرَةٌ إِلَّا تَكُنْ نَفَعَتْ,Before Islam: VIth century,bassit_complete,bassit_complete
3731,Ali Al Jaarem,Al Chariid,1,وَلُفَّتِ الأَسْقَامُ فِي طِمْرِهِ,أَطَلَّتِ الآلَامُ مِنْ جُحْرِهِ,Modern,sarii_complete,sarii_complete
3732,Ali Al Jaarem,Al Chariid,2,وَكِنُّهُ القَيْظُ عَلَى حَرِّهِ,بُرْدَتُهُ اللَّيْلُ عَلَى بَرْدِهِ,Modern,sarii_complete,sarii_complete
3733,Ali Al Jaarem,Al Chariid,3,إِذَا أَوَى الطَّيْرُ إِلَى وَكْرِهِ,مُشَرَّدٌ يَأْوِي إِلَى هَمِّهِ,Modern,sarii_complete,sarii_complete
3734,Ali Al Jaarem,Al Chariid,4,وَلَا حَنَانَ المَسِّ فِي شَعْرِهِ,مَا ذَاقَ حُلْوَ اللَّثْمِ فِي خَدِّهِ,Modern,sarii_complete,sarii_complete
3735,Ali Al Jaarem,Al Chariid,5,وَلَا أَبٌ نَاغَاهُ فِي حِجْرِهِ,وَلَا حَوَتْهُ الأُمُّ فِي صَدْرِهَا,Modern,sarii_complete,sarii_complete
3736,Ali Al Jaarem,Al Chariid,6,وَانْتَظَرَ المَوْعُودَ مِنْ صَبْرِهِ,قَدْ صَبَرَ النَّفْسَ عَلَى مَا بِهَا,Modern,sarii_complete,sarii_complete
3737,Ali Al Jaarem,Al Chariid,7,وَنَامَ أَهْلُ الأَرْضِ عَنْ نَشْرِهِ,البَطْنُ مَهْضُومٌ طَوَاهُ الطَّوَى,Modern,sarii_complete,sarii_complete
3738,Ali Al Jaarem,Al Chariid,8,يَقْذِفُهَا الحِقْدُ عَلَى دَهْرِهِ,وَالوَجْهُ لِلْيَأْسِ بِهِ نَظْرَةٌ,Modern,sarii_complete,sarii_complete
3739,Ali Al Jaarem,Al Chariid,9,تِلْكَ الأَخَادِيدُ وَمِنْ ظُفْرِهِ,جَرَّحَهُ الدَّهْرُ فَمِنْ نَابِهٍ,Modern,sarii_complete,sarii_complete
3740,Ali Al Jaarem,Al Chariid,10,خَطًّا يَبِينُ البُؤْسُ فِي سَطْرِهِ,قَدْ كَتَبَ اللَّهُ عَلَى خَدِّهِ,Modern,sarii_complete,sarii_complete
3741,Ali Al Jaarem,Al Chariid,11,وَفَرَّ لَمْحُ الأُنْسِ مِنْ ثَغْرِهِ,وَغَارَ ضَوْءُ الحِسِّ مِنْ عَيْنِهِ,Modern,sarii_complete,sarii_complete
3742,Ali Al Jaarem,Al Chariid,12,يَا رَحْمَةَ اللَّهِ عَلَى بِشْرِهِ,وَالبِشْرُ أَيْنَ البِشْرُ وَيْحِي لَهُ,Modern,sarii_complete,sarii_complete
3743,Ali Al Jaarem,Al Chariid,13,كَالجُعَلِ المَكْدُودِ مِنْ جَرِّهِ,يَجُرُّ رِجْلَيْهِ بَطِيءَ الخُطَا,Modern,sarii_complete,sarii_complete
3744,Ali Al Jaarem,Al Chariid,14,تَجْمَعُ سَاقَيْهِ إِلَى نَحْرِهِ,إِنْ نَامَ أَبْصَرْتَ بِهِ كُتْلَةً,Modern,sarii_complete,sarii_complete
3745,Ali Al Jaarem,Al Chariid,15,وَاخْتَنَقَتْ وَيْلَاهُ فِي صَدْرِهِ,إِحْتَبَسَتْ أَوَّاهُ فِي قَلْبِهِ,Modern,sarii_complete,sarii_complete
3746,Ali Al Jaarem,Al Chariid,16,مَاذَا أَفَادَ العَيْنَ مِنْ هَمْرِهِ,وَجَفَّ مَاءُ العَيْنِ فِي مُوقِهَا,Modern,sarii_complete,sarii_complete
3747,Ali Al Jaarem,Al Chariid,17,فَعَادَ كَالسَّائِلِ فِي نَهْرِهِ,سَالَتْ بِهِ نَهْرًا عَلَى لُقْمَةٍ,Modern,sarii_complete,sarii_complete
3748,Ali Al Jaarem,Al Chariid,18,أَحَالَهُ الدَّهْرُ عَلَى قَبْرِهِ,لَا يَجِدُ المَأْوَى وَلَوْ رَامَهُ,Modern,sarii_complete,sarii_complete
3749,Ali Al Jaarem,Al Chariid,19,مِنْ شَظَفِ العَيْشِ وَمِنْ وَعْرِهِ,هُنَاكَ يَثْوِي هَادِئًا آمِنًا,Modern,sarii_complete,sarii_complete
3750,Ali Al Jaarem,Al Chariid,20,أَحْنَى مِنَ الدَّهْرِ وَمِنْ نُكْرِهِ,فَكَمْ بِصَدْرِ القَبْرِ مِنْ ضَجْعَةٍ,Modern,sarii_complete,sarii_complete
3751,Ali Al Jaarem,Al Chariid,21,وَشِقْوَةُ الإِنْسَانِ مِنْ فِكْرِهِ,مَتْعَبَةُ الإِنْسَانِ فِي حِسِّهِ,Modern,sarii_complete,sarii_complete
3752,Ali Al Jaarem,Al Chariid,22,الحَمَأُ المَسْنُونُ فِي ذَرِّهِ,كَيْفَ يُرَجَّى الصَّفْوُ مِنْ كَائِنٍ,Modern,sarii_complete,sarii_complete
3753,Ali Al Jaarem,Al Chariid,23,وَلَا هَوَى لِلْوَحْشِ فِي قَفْرِهِ,لَمْ يَسْمُ لِلْأَمْلَاكِ فِي أَوْجِهَا,Modern,sarii_complete,sarii_complete
3754,Ali Al Jaarem,Al Chariid,24,فَلَمْ يَنَلْ مِنْهُ سِوَى قِشْرِهِ,رَامَ اللُّبَابَ المَحْضَ مِنْ سَعْيِهِ,Modern,sarii_complete,sarii_complete
3755,Ali Al Jaarem,Al Chariid,25,سَعَى حَثِيثًا أَمْ إِلَى ضَرِّهِ,يَسْعَى وَمَا يَدْرِي إِلَى نَفْعِهِ,Modern,sarii_complete,sarii_complete
3756,Ali Al Jaarem,Al Chariid,26,أَعْجَزَهُ المَحْجُوبُ مِنْ سِرِّهِ,آمَنْتُ بِاللَّهِ فَكَمْ عَالِمٍ,Modern,sarii_complete,sarii_complete
3757,Ali Al Jaarem,Al Chariid,27,بِأَدْهَمِ الخَطْبِ وَمُغْبَرِّهِ,اللَّهُ فِي طِفْلٍ غَزَاهُ الضَّنَى,Modern,sarii_complete,sarii_complete
3758,Ali Al Jaarem,Al Chariid,28,كَأَنَّهُ ذُو النُّونِ فِي بَحْرِهِ,فِي ظُلُمَاتٍ مَوْجُهَا زَاخِرٌ,Modern,sarii_complete,sarii_complete
3759,Ali Al Jaarem,Al Chariid,29,أَوْ سَاخِرٍ أَمْعَنَ فِي سُخْرِهِ,وَالنَّاسُ بِالشَّاطِئِ مِنْ غَافِلٍ,Modern,sarii_complete,sarii_complete
3760,Ali Al Jaarem,Al Chariid,30,يَسُدُّ أُذْنَ الأُفْقِ مِنْ زَأْرِهِ,وَالمَوْجُ كَالذُّؤْبَانِ حَوْلَ الفَتَى,Modern,sarii_complete,sarii_complete
3761,Ali Al Jaarem,Al Chariid,31,حَتَّى طَوَاهُ اليَمُّ فِي غَمْرِهِ,نَادَى وَمَا نَادَى سِوَى مَرَّةٍ,Modern,sarii_complete,sarii_complete
3762,Ali Al Jaarem,Al Chariid,32,عَيْنَاكَ لَمْ تَعْثُرْ عَلَى عُشْرِهِ,تَظُنُّهُ طِفْلًا فَإِنْ حَقَّقَتْ,Modern,sarii_complete,sarii_complete
3763,Ali Al Jaarem,Al Chariid,33,أَوْ مَا يَرَى النَّائِمُ فِي ذُعْرِهِ,كَأَنَّهُ الشَّكُّ إِذَا مَا مَشَى,Modern,sarii_complete,sarii_complete
3764,Ali Al Jaarem,Al Chariid,34,مَا فَعَلَ الجُوعُ وَفِي نَبْرِهِ,طَغَى بِهِ الجُوعُ فَفِي دَمْعِهِ,Modern,sarii_complete,sarii_complete
3765,Ali Al Jaarem,Al Chariid,35,وَائْتَدَمَتْ بِالبُؤْسِ مِنْ عَفْرِهِ,وَاهًا لِكَفٍّ لَصِقَتْ بِالثَّرَى,Modern,sarii_complete,sarii_complete
3766,Ali Al Jaarem,Al Chariid,36,نَدِيَّةَ الأَطْرَافِ مِنْ بِرِّهِ,مَاذَا عَلَى الإِحْسَانِ لَوْ رَدَّهَا,Modern,sarii_complete,sarii_complete
3767,Ali Al Jaarem,Al Chariid,37,رَطِيبَةَ الأَلْسُنِ مِنْ شُكْرِهِ,مَاذَا عَلَى الإِحْسَانِ لَوْ رَدَّهَا,Modern,sarii_complete,sarii_complete
3768,Ali Al Jaarem,Al Chariid,38,أَزْهَى مِنَ الرَّوْضِ وَمِنْ زَهْرِهِ,كَمْ بَسْمَةٍ أَرْسَلَهَا مُحْسِنٌ,Modern,sarii_complete,sarii_complete
3769,Ali Al Jaarem,Al Chariid,39,رَجَّحَتِ المِيزَانَ فِي حَشْرِهِ,وَلُقْمَةٍ سَدَّتْ فَمَا جَائِعًا,Modern,sarii_complete,sarii_complete
3770,Ali Al Jaarem,Al Chariid,40,طَارَ بِهِ الذَّائِعُ مِنْ ذِكْرِهِ,وَمِنَّةٍ كَانَتْ جَنَاحًا لَهُ,Modern,sarii_complete,sarii_complete
3771,Ali Al Jaarem,Al Chariid,41,أَصْفَى مِنَ المَذْخُورِ مِنْ دُرِّهِ,وَدَمْعَةٍ يُذْرِفُهَا مُشْفِقًا,Modern,sarii_complete,sarii_complete
3772,Ali Al Jaarem,Al Chariid,42,يَسْفَحُهُ البَاكِي عَلَى وِزْرِهِ,لَا تُزْهِرُ الجَنَّةُ إِلَّا بِمَا,Modern,sarii_complete,sarii_complete
3773,Ali Al Jaarem,Al Chariid,43,مَا ضَنَّ بِالنَّفْسِ عَلَى أَجْرِهِ,لَوْ عَرَفَ الإِنْسَانُ مَا أَجْرُهُ,Modern,sarii_complete,sarii_complete
3774,Ali Al Jaarem,Al Chariid,44,وَيَذْهَبُ المَالُ عَلَى كُثْرِهِ,يَبْقَى قَلِيلُ المَالِ مِنْ بَعْدِهِ,Modern,sarii_complete,sarii_complete
3775,Ali Al Jaarem,Al Chariid,45,أَغْلَى مِنَ البِيضِ وَمِنْ صُفْرِهِ,بِيضُ أَيَادِي المَرْءِ فِي قَوْمِهِ,Modern,sarii_complete,sarii_complete
3776,Ali Al Jaarem,Al Chariid,46,حَتَّى يَنَالَ النَّاسُ مِنْ وَفْرِهِ,وَالحُرُّ لَا يَنْعَمُ فِي وَفْرِهِ,Modern,sarii_complete,sarii_complete
3777,Ali Al Jaarem,Al Chariid,47,أَوْ تُنْبِئُ الأَحْدَاثُ عَنْ قَدْرِهِ,وَالمَرْءُ لَا يُعْرَفُ مِقْدَارُهُ,Modern,sarii_complete,sarii_complete
3778,Ali Al Jaarem,Al Chariid,48,وَمِنْ عَمِيقٍ حِرْتُ فِي سَبْرِهِ,وَالنَّاسُ كَالمَاءِ فَمِنْ ضَحْضَحٍ,Modern,sarii_complete,sarii_complete
3779,Ali Al Jaarem,Al Chariid,49,مِثْلَ الَّذِي يُنْفِقُ مِنْ عُسْرِهِ,لَيْسَ الَّذِي يُنْفِقُ مِنْ يُسْرِهِ,Modern,sarii_complete,sarii_complete
3780,Ali Al Jaarem,Al Chariid,50,وَلَمْ يَنَلْ عَفْوًا مَدَى عُمْرِهِ,كَمْ دِرْهَمٍ أُلْقِيَ فِي سِجْنِهِ,Modern,sarii_complete,sarii_complete
3781,Ali Al Jaarem,Al Chariid,51,وَلَا جَمَالَ اللَّيْلِ فِي بَدْرِهِ,لَمْ يَرَ حُسْنَ الصُّبْحِ فِي شَمْسِهِ,Modern,sarii_complete,sarii_complete
3782,Ali Al Jaarem,Al Chariid,52,وَيُرْسِلُ الزَّفْرَاتِ مِنْ هَجْرِهِ,يَطْمَعُ وَخْزُ الجُوعِ فِي وَصْلِهِ,Modern,sarii_complete,sarii_complete
3783,Ali Al Jaarem,Al Chariid,53,ضَاقَتْ فِجَاجُ الأَرْضِ عَنْ شَرِّهِ,وَالمَالُ كَالخَمْرِ إِذَا مَا طَغَى,Modern,sarii_complete,sarii_complete
3784,Ali Al Jaarem,Al Chariid,54,أَوْ يَسْتَفِيقُ المَالَ مِنْ سُكْرِهِ,مَتَى يَهُبُّ العَقْلَ مِنْ نَوْمِهِ,Modern,sarii_complete,sarii_complete
3785,Ali Al Jaarem,Al Chariid,55,مِنْ رِبْقَةِ المَالِ وَمِنْ أَسْرِهِ,مَتَى أَرَى النَّفْسَ وَقَدْ أُطْلِقَتْ,Modern,sarii_complete,sarii_complete
3786,Ali Al Jaarem,Al Chariid,56,كُلُّ امْرِئٍ يَسْبَحُ فِي طُهْرِهِ,مَتَى أَرَى الحُبَّ كَضَوْءِ الضُّحَى,Modern,sarii_complete,sarii_complete
3787,Ali Al Jaarem,Al Chariid,57,عَنْ شَرِّهِ الذِّئْبُ وَعَنْ غَدْرِهِ,مَتَى أَرَى النَّاسَ وَقَدْ نُزِّهُوا,Modern,sarii_complete,sarii_complete
3788,Ali Al Jaarem,Al Chariid,58,وَبَسْمَةُ الزَّهْرِ إِلَى قَطْرِهِ,أُخُوَّةُ الغُصْنِ إِلَى صِنْوِهِ,Modern,sarii_complete,sarii_complete
3789,Ali Al Jaarem,Al Chariid,59,قَلْبًا يُوَارِي النَّارَ فِي صَخْرِهِ,وَرَحْمَةٌ رَفَّافَةٌ لَمْ تَدَعْ,Modern,sarii_complete,sarii_complete
3790,Ali Al Jaarem,Al Chariid,60,أَوْ يُنْهَرُ البُؤْسُ عَلَى فَقْرِهِ,لَا يُحْسَدُ الجَاهُ عَلَى مَالِهِ,Modern,sarii_complete,sarii_complete
3791,Ali Al Jaarem,Al Chariid,61,مِنْ عَدَدٍ يَسْخَرُ مِنْ حَصْرِهِ,كَمْ شَارِدٍ فِي مِصْرَ يَا كُثْرَهُ,Modern,sarii_complete,sarii_complete
3792,Ali Al Jaarem,Al Chariid,62,مَاذَا أَفَادَ النِّيلُ مِنْ ذُخْرِهِ,ذَخِيرَةُ الأُمَّةِ أَبْنَاؤُهَا,Modern,sarii_complete,sarii_complete
3793,Ali Al Jaarem,Al Chariid,63,أَسْرَعَ مِنْ ضِغْثٍ إِلَى كَسْرِهِ,مَاذَا أَفَادَ النِّيلُ مِنْ سَاعِدٍ,Modern,sarii_complete,sarii_complete
3794,Ali Al Jaarem,Al Chariid,64,وَمِنْ نَسِيمِ الصُّبْحِ فِي مَرِّهِ,وَأَرْجُلٍ أَوْهَنَ مِنْ هَمْسَةٍ,Modern,sarii_complete,sarii_complete
3795,Ali Al Jaarem,Al Chariid,65,وَمِنْ غُلَامٍ ضَلَّ فِي فَجْرِهِ,وَمِنْ فَتَاةٍ فَجْرُهَا لَيْلُهَا,Modern,sarii_complete,sarii_complete
3796,Ali Al Jaarem,Al Chariid,66,فَصَالَ يَبْغِي الثَّارَ مِنْ مِصْرِهِ,أَلْقَتْهُ مِصْرٌ هَمَلًا ضَائِعًا,Modern,sarii_complete,sarii_complete
3797,Ali Al Jaarem,Al Chariid,67,يَكْرَعُ مِلْءَ الفَمِ مِنْ مُرِّهِ,غَاصَ مِنَ الآثَامِ فِي آسِنٍ,Modern,sarii_complete,sarii_complete
3798,Ali Al Jaarem,Al Chariid,68,مِنْ عَبَثِ اللَّيْلِ وَمِنْ مَكْرِهِ,أَسْرَى مِنَ اللَّيْلِ وَأَمْضَى يَدًا,Modern,sarii_complete,sarii_complete
3799,Ali Al Jaarem,Al Chariid,69,وَضَاقَ بِالسُّخْطِ عَلَى عَصْرِهِ,كَمْ ضَاقَ مِنْ شِقْوَتِهِ عَصْرُهُ,Modern,sarii_complete,sarii_complete
3800,Ali Al Jaarem,Al Chariid,70,وَشَوْكَةٌ كَالنَّصْلِ فِي ظَهْرِهِ,شَجًا بِحَلْقِ الوَطَنِ المُفْتَدَى,Modern,sarii_complete,sarii_complete
3801,Ali Al Jaarem,Al Chariid,71,أَسَّسَهَا الشَّيْطَانُ فِي جُحْرِهِ,مَدْرَسَةُ النَّشْلِ وَسَلِّ المُدَى,Modern,sarii_complete,sarii_complete
3802,Ali Al Jaarem,Al Chariid,72,فَكُلُّ شَيْءٍ ضَاعَ فِي إِثْرِهِ,إِذَا هَوَى الخُلْقُ وَضَاعَ الحِجَا,Modern,sarii_complete,sarii_complete
3803,Ali Al Jaarem,Al Chariid,73,مَا دَمَّرَ الإِفْسَادُ فِي قُطْرِهِ,مَنْ يُصْلِحِ الأُسْرَةَ يُصْلِحْ بِهَا,Modern,sarii_complete,sarii_complete
3804,Ali Al Jaarem,Al Chariid,74,فِي عُسْرِهِ إِنْ كَانَ أَوْ يُسْرِهِ,جِنَايَةُ الوَالِدِ نَبْذُ ابْنِهِ,Modern,sarii_complete,sarii_complete
3805,Ali Al Jaarem,Al Chariid,75,وَلَا يَغِيبُ الكَلْبُ عَنْ وَجْرِهِ,لَا تَتْرُكُ الذِّئْبَةُ أَجْرَاءَهَا,Modern,sarii_complete,sarii_complete
3806,Ali Al Jaarem,Al Chariid,76,طُفُولَةً تَمْرَحُ فِي كِسْرِهِ,البَيْتُ صَحْرَاءُ إِذَا لَمْ تَجِدْ,Modern,sarii_complete,sarii_complete
3807,Ali Al Jaarem,Al Chariid,77,لَا بُدَّ لِلسَّادِرِ مِنْ زَجْرِهِ,فَعَاقِبُوا الآبَاءَ إِنْ قَصَّرُوا,Modern,sarii_complete,sarii_complete
3808,Ali Al Jaarem,Al Chariid,78,إِنْ جَمَحَ الوَالِدُ فِي خُسْرِهِ,وَأَنْقِذُوا الطِّفْلَ فَمَا ذَنْبُهُ,Modern,sarii_complete,sarii_complete
3809,Ali Al Jaarem,Al Chariid,79,لَا يَيْأَسُ الزَّارِعُ مِنْ بَذْرِهِ,رَبُّوهُ يَنْمُو ثَمَرًا طُيِّبًا,Modern,sarii_complete,sarii_complete
3810,Ali Al Jaarem,Al Chariid,80,يَشُدُّ إِنْ كَافَحَ مِنْ أَزْرِهِ,وَعَلِّمُوهُ عَمَلًا صَالِحًا,Modern,sarii_complete,sarii_complete
3811,Ali Al Jaarem,Al Chariid,81,تُصْلِحُ مَا أَعْضَلَ مِنْ أَمْرِهِ,رَبُّوهُ فِي الرِّيفِ لَعَلَّ القُرَى,Modern,sarii_complete,sarii_complete
3812,Ali Al Jaarem,Al Chariid,82,يَطِيبُ أَوْ يَخْبُثُ مِنْ جِذْرِهِ,النَّفْسُ مِرْآةٌ وَغُصْنُ النُّقَا,Modern,sarii_complete,sarii_complete
3813,Ali Al Jaarem,Al Chariid,83,يُنْسِيهِ مَا أَضْمَرَ مِنْ ثَأْرِهِ,لَعَلَّ هَمْسَ الغُصْنِ فِي أُذْنِهِ,Modern,sarii_complete,sarii_complete
3814,Ali Al Jaarem,Al Chariid,84,فِي صَدْرِهِ تُبْرِدُ مِنْ جَمْرِهِ,لَعَلَّ أَنْفَاسَ نَسِيمِ الرُّبَا,Modern,sarii_complete,sarii_complete
3815,Ali Al Jaarem,Al Chariid,85,فَأَسْرِعُوا الخَطْوَ إِلَى نَصْرِهِ,النِّيلُ يَسْتَنْجِدُ مُسْتَنْصِرًا,Modern,sarii_complete,sarii_complete
3816,Ali Al Jaarem,Al Chariid,86,وَلَا يَكُفُّ المِسْكُ عَنْ نَشْرِهِ,لَا يَذْهَبُ المَعْرُوفُ فِي لُجَّةٍ,Modern,sarii_complete,sarii_complete
1079,Ali Ibn Abi Taleb,Fala Tashab Akha Aljahl,1,وَإِيَّاكَ وَإِيَّاهُ,فَلَا تَصْحَبْ أَخَا الجَهْلِ,Just before and aftrer Islam: VIIth - VIIIth,hazaj_complete,hazaj_complete
1080,Ali Ibn Abi Taleb,Fala Tashab Akha Aljahl,2,حَلِيمًا حِينَ آخَاهُ,فَكَمْ مِنْ جَاهِلٍ أَرْدَى,Just before and aftrer Islam: VIIth - VIIIth,hazaj_complete,hazaj_complete
1081,Ali Ibn Abi Taleb,Fala Tashab Akha Aljahl,3,إِذَا مَا هُوَ مَا شَاهُ,يُقَاسُ المَرْءُ بِالمَرْءِ,Just before and aftrer Islam: VIIth - VIIIth,hazaj_complete,hazaj_complete
1082,Ali Ibn Abi Taleb,Fala Tashab Akha Aljahl,4,إِذَا مَا النَّعْلُ حَاذَاهُ,كَحَذْوِ النَّعْلِ بِالنَّعْلِ,Just before and aftrer Islam: VIIth - VIIIth,hazaj_complete,hazaj_complete
1083,Ali Ibn Abi Taleb,Fala Tashab Akha Aljahl,5,دَلِيلٌ حِينَ يَلْقَاهُ,وَلِلْقَلْبِ عَلَى القَلْبِ,Just before and aftrer Islam: VIIth - VIIIth,hazaj_complete,hazaj_complete
1084,Ali Ibn Abi Taleb,Fala Tashab Akha Aljahl,6,مَقَايِيسٌ وَأَشْبَاهُ,وَلِلشَّيْءِ مِنَ الشَّيْءِ,Just before and aftrer Islam: VIIth - VIIIth,hazaj_complete,hazaj_complete
1085,Ali Ibn Abi Taleb,Fala Tashab Akha Aljahl,7,نِ إِنْ تَنْطِقْ وَأَفْوَاهُ,وَفِي العَيْنِ غِنًى لِلْعَيْ,Just before and aftrer Islam: VIIth - VIIIth,hazaj_complete,hazaj_complete
1086,Ali Ibn Abi Taleb,Fala Tashab Akha Aljahl,8,إِنْ تَجَزَّتْ فَقَلَّ مَا يُجْزِيهَا,الغِنَى فِي النُّفُوسِ وَالفَقْرُ فِيهَا,Just before and aftrer Islam: VIIth - VIIIth,hazaj_complete,khafif_complete
1087,Ali Ibn Abi Taleb,Fala Tashab Akha Aljahl,9,طَلَبَتْ مِنْكَ فَوْقَ مَا يَكْفِيهَا,عَلِّلِ النَّفْسَ بِالقَنُوعِ وَإِلَّا,Just before and aftrer Islam: VIIth - VIIIth,hazaj_complete,khafif_complete
1088,Ali Ibn Abi Taleb,Fala Tashab Akha Aljahl,10,يَأْتِ مِنْ لَذَّةٍ لِمُسْتَحِلَيْهَا,لَيْسَ فِيمَا مَضَى وَلَا فِي الَّذِي لَمْ,Just before and aftrer Islam: VIIth - VIIIth,hazaj_complete,khafif_complete
1089,Ali Ibn Abi Taleb,Fala Tashab Akha Aljahl,11,مَرْتَ بِالسَّاعَةِ الَّتِي أَنْتَ فِيهَا,إِنَّمَا أَنْتَ ظَلَّ عُمْرَكَ مَا عَمْ,Just before and aftrer Islam: VIIth - VIIIth,hazaj_complete,khafif_complete
1026,Amr Ibn Kolthoum,Bakarat Ta3tholoni,1,سَفَهًا بِنْتُ ثُوَيْرِ بْنِ هِلَالِ,بَكَرَتْ تَعْذُلُنِي وَسْطَ الحِلَالِي,Before Islam: VIth century,ramal_complete,ramal_complete
1027,Amr Ibn Kolthoum,Bakarat Ta3tholoni,2,إِبِلِي نَهْبًا لِشَرْبٍ وَفِضَالِ,بَكَرَتْ تَعْذُلُنِي فِي أَنْ رَأَتْ,Before Islam: VIth century,ramal_complete,ramal_complete
1028,Amr Ibn Kolthoum,Bakarat Ta3tholoni,3,كُلَّ مَا تَحْوِي يَمِينِي وَشِمَالِي,لَا تَلُومِينِي فَإِنِّي مُتْلِفٌ,Before Islam: VIth century,ramal_complete,ramal_complete
1029,Amr Ibn Kolthoum,Bakarat Ta3tholoni,4,وَإِذَا أَتْلَفْتُهُو لَسْتُ أُبَالِي,لَسْتُ إِنْ أَطْرَفْتُ مَالًا فَرِحًا,Before Islam: VIth century,ramal_complete,ramal_complete
1030,Amr Ibn Kolthoum,Bakarat Ta3tholoni,5,كَرِّيَ المُهْرَ عَلَى الحَيِّ الحِلَالِ,يُخْلِقُ المَالُ فَلَا تَسْتَيْئِسِي,Before Islam: VIth century,ramal_complete,ramal_complete
1031,Amr Ibn Kolthoum,Bakarat Ta3tholoni,6,وَطِرَادِي فَوْقَ مُهْرِي وَنِزَالِي,وَابْتِذَالِي النَّفْسَ فِي يَوْمِ الوَغَى,Before Islam: VIth century,ramal_complete,ramal_complete
1032,Amr Ibn Kolthoum,Bakarat Ta3tholoni,7,نَحْوَ أَعْدَائِي بِحَلِّي وَارْتِحَالِي,وَسُمُوِّي بِخَمِيسٍ جَحْفَلٍ,Before Islam: VIth century,ramal_complete,ramal_complete
20,Amr Ibn Kolthoum,Moallaqa,1,وَلَا تُبْقِي خُمُورَ الأَنْدَرِينَا,أَلَا هُبِّي بِصَحْنِكِ فَاصْبَحِينَا,Before Islam: VIth century,wafir_complete,wafir_complete
35,Amr Ibn Kolthoum,Moallaqa,2,إِذَا مَا المَاءَ خَالَطَهَا سَخِينَا,مُشَعْشَعَةً كَأَنَّ الحُصَّ فِيهَا,Before Islam: VIth century,wafir_complete,wafir_complete
36,Amr Ibn Kolthoum,Moallaqa,3,إِذَا مَا ذَاقَهَا حَتَّى يَلِينَا,تَجُورُ بِذِي اللَّبَانَةِ عَنْ هَوَاهُو,Before Islam: VIth century,wafir_complete,wafir_complete
33,Amr Ibn Kolthoum,Moallaqa,4,عَلَيْهِ لِمَالِهِ فِيهَا مُهِينَا,تَرَى اللَّحِزَ الشَّحِيحَ إِذَا أُمِرَّتْ,Before Islam: VIth century,wafir_complete,wafir_complete
34,Amr Ibn Kolthoum,Moallaqa,5,وَكَانَ الكَأْسُ مَجْرَاهَا اليَمِينَا,صَبَنْتِ الكَأْسَ عَنَّا أُمَّ عَمْرٍ,Before Islam: VIth century,wafir_complete,wafir_complete
51,Amr Ibn Kolthoum,Moallaqa,6,بِصَاحِبِكِ الذِي لَا تَصْبَحِينَا,وَمَا شَرُّ الثَّلَاثَةِ أُمَّ عَمْرٍ,Before Islam: VIth century,wafir_complete,wafir_complete
52,Amr Ibn Kolthoum,Moallaqa,7,وَأُخْرَى فِي دِمَشْقَ وَقَاصِرِينَا,وَكَأْسٍ قَدْ شَرِبْتُ بِبَعْلَبَكٍّ,Before Islam: VIth century,wafir_complete,wafir_complete
53,Amr Ibn Kolthoum,Moallaqa,8,مُقَدَّرَةً لَنَا وَمُقَدِّرِينَا,وَإِنَّا سَوْفَ تُدْرِكُنَا المَنَايَا,Before Islam: VIth century,wafir_complete,wafir_complete
54,Amr Ibn Kolthoum,Moallaqa,9,نُخَبِّرْكِ اليَقِينَ وَتُخْبِرِينَا,قِفِي قَبْلَ التَّفَرُّقِ يَا ظَعِينَا,Before Islam: VIth century,wafir_complete,wafir_complete
55,Amr Ibn Kolthoum,Moallaqa,10,لِوَشْكِ البَينِ أَمْ خُنْتِ الأَمِينَا,قِفِي نَسْأَلْكِ هَلْ أَحْدَثْتِ صَرْمًا,Before Islam: VIth century,wafir_complete,wafir_complete
56,Amr Ibn Kolthoum,Moallaqa,11,أَقَرَّ بِهِ مَوَالِيكِ العُيُونَا,بِيَوْمِ كَرِيهَةٍ ضَرْبًا وَطَعْنًا,Before Islam: VIth century,wafir_complete,wafir_complete
105,Amr Ibn Kolthoum,Moallaqa,12,وَبَعْدَ غَدٍ بِمَا لَا تَعْلَمِينَا,وَأَنَّ غَدًا وَأَنَّ اليَوْمَ رَهْنٌ,Before Islam: VIth century,wafir_complete,wafir_complete
106,Amr Ibn Kolthoum,Moallaqa,13,وَقَدْ أَمِنَتْ عُيُونَ الكَاشِحِينَا,تُرِيكَ إِذَا دَخَلْتَ عَلَى خَلَاءٍ,Before Islam: VIth century,wafir_complete,wafir_complete
107,Amr Ibn Kolthoum,Moallaqa,14,هِجَانِ اللَّوْنِ لَمْ تَقْرَأْ جَنِينَا,ذِرَاعِي عَيْطَلٍ أَدَمَاءَ بِكْرٍ,Before Islam: VIth century,wafir_complete,wafir_complete
108,Amr Ibn Kolthoum,Moallaqa,15,حَصَانًا مِنْ أُكُفِّ اللَّامِسِينَا,وَثَدْيًا مِثْلَ حُقِّ العَاجِ رَخْصًا,Before Islam: VIth century,wafir_complete,wafir_complete
109,Amr Ibn Kolthoum,Moallaqa,16,رَوَادِفُهَا تَنُوءُ بِمَا وَلِينَا,وَمَتْنَ لَدُنَّةٍ سَمَقَتْ وَطَالَتْ,Before Islam: VIth century,wafir_complete,wafir_complete
110,Amr Ibn Kolthoum,Moallaqa,17,وَكَشْحًا قَدْ جُنِنْتُ بِهِ جُنُونَا,وَمَأْكَمَةً يَضِيقُ البَابُ عَنْهَا,Before Islam: VIth century,wafir_complete,wafir_complete
111,Amr Ibn Kolthoum,Moallaqa,18,يَرِنُّ خَشَاشُ حَلْيِهِمَا رَنِينَا,وَسَارِيَتِي بَلَنْطٍ أَوْ رُخَامٍ,Before Islam: VIth century,wafir_complete,wafir_complete
112,Amr Ibn Kolthoum,Moallaqa,19,أَضَلَّتْهُو فَرَجَّعْتِ الحَنِينَا,فَمَا وَجَدَتْ كَوَجْدِي أُمُّ سَقْبٍ,Before Islam: VIth century,wafir_complete,wafir_complete
113,Amr Ibn Kolthoum,Moallaqa,20,لَهَا مِنْ تِسْعَةٍ إِلَّا جَنِينَا,وَلَا شَمْطَاءُ لَمْ يَتْرُكْ شَقَاهَا,Before Islam: VIth century,wafir_complete,wafir_complete
114,Amr Ibn Kolthoum,Moallaqa,21,رَأَيْتُ حُمُولَهَا أَصُلًا حُدِينَا,تَذَكَّرْتُ الصِّبَا وَاشْتَقْتُ لَمَّا,Before Islam: VIth century,wafir_complete,wafir_complete
115,Amr Ibn Kolthoum,Moallaqa,22,كَأَسْيَافٍ بِأَيْدِي مُصْلِتِينَا,فَأَعْرَضَتِ اليَمَامَةُ وَاشْمَخَرَّتْ,Before Islam: VIth century,wafir_complete,wafir_complete
116,Amr Ibn Kolthoum,Moallaqa,23,وَأَنْظِرْنَا نُخَبِّرْكَ اليَقِينَا,أَبَا هِنْدٍ فَلَا تَعْجَلْ عَلَيْنَا,Before Islam: VIth century,wafir_complete,wafir_complete
117,Amr Ibn Kolthoum,Moallaqa,24,وَنُصْدِرُهُنَّ حُمْرًا قَدْ رُوِينَا,بِأَنَّا نُورِدُ الرَّايَاتِ بِيضًا,Before Islam: VIth century,wafir_complete,wafir_complete
118,Amr Ibn Kolthoum,Moallaqa,25,عَصَيْنَ المُلْكَ فِيهَا أَنْ نَدِينَا,وَأَيَّامٍ لَنَا غُرٍّ طِوَالٍ,Before Islam: VIth century,wafir_complete,wafir_complete
119,Amr Ibn Kolthoum,Moallaqa,26,بِتَاجِ المُلْكِ يَحْمِي المُحْجَرِينَا,وَسَيِّدِ مَعْشَرٍ قَدْ تَوَّجُوهُو,Before Islam: VIth century,wafir_complete,wafir_complete
120,Amr Ibn Kolthoum,Moallaqa,27,مُقَلَّدَةً أَعِنَّتَهَا صُفُونَا,تَرَكْنَ الخَيْلَ عَاكِفَةً عَلَيْهِي,Before Islam: VIth century,wafir_complete,wafir_complete
121,Amr Ibn Kolthoum,Moallaqa,28,إِلَى الشَامَاتِ نَنْفِي المُوعِدِينَا,وَأَنْزَلْنَا البُيُوتَ بِذِي طُلُوحٍ,Before Islam: VIth century,wafir_complete,wafir_complete
122,Amr Ibn Kolthoum,Moallaqa,29,وَشَذَّبْنَا قَتَادَةَ مَنْ يَلِينَا,وَقَدْ هَرَّتْ كِلَابُ الحَيِّ مِنَّا,Before Islam: VIth century,wafir_complete,wafir_complete
123,Amr Ibn Kolthoum,Moallaqa,30,يَكُونُوا فِي اللِّقَاءِ لَهَا طَحِينَا,مَتَى نَنْقُلْ إِلَى قَوْمٍ رَحَانَا,Before Islam: VIth century,wafir_complete,wafir_complete
545,Amr Ibn Kolthoum,Moallaqa,31,وَلُهْوَتُهَا قُضَاعَةَ أَجْمَعِينَا,يَكُونُ ثِقَالُهَا شَرْقِيَّ نَجْدٍ,Before Islam: VIth century,wafir_complete,wafir_complete
546,Amr Ibn Kolthoum,Moallaqa,32,فَأَعْجَلْنَا القِرَى أَنْ تَشْتِمُونَا,نَزَلْتُمْ مَنْزِلَ الأَضْيَافِ مِنَّا,Before Islam: VIth century,wafir_complete,wafir_complete
547,Amr Ibn Kolthoum,Moallaqa,33,قُبَيْلَ الصُّبْحِ مِرْدَاةً طَحُونَا,قَرَيْنَاكُمْ فَعَجَّلْنَا قِرَاكُمْ,Before Islam: VIth century,wafir_complete,wafir_complete
548,Amr Ibn Kolthoum,Moallaqa,34,وَنَحْمِلُ عَنْهُمُ مَا حَمَّلُونَا,نَعُمُّ أُنَاسَنَا وَنَعِفُّ عَنْهُمْ,Before Islam: VIth century,wafir_complete,wafir_complete
549,Amr Ibn Kolthoum,Moallaqa,35,وَنَضْرِبُ بِالسُّيُوفِ إِذَا غُشِينَا,نُطَاعِنُ مَا تَرَاخَى النَّاسُ عَنَّا,Before Islam: VIth century,wafir_complete,wafir_complete
550,Amr Ibn Kolthoum,Moallaqa,36,ذَوَابِلَ أَوْ بِبِيضٍ يَخْتَلِينَا,بِسُمْرٍ مِنْ قِنَا الخِطِّيِّ لُدْنٍ,Before Islam: VIth century,wafir_complete,wafir_complete
551,Amr Ibn Kolthoum,Moallaqa,37,وُسُوقٌ بِالأَمَاعِزِ يَرْتَمِينَا,كَأَنَّ جَمَاجِمَ الأَبْطَالِ فِيهَا,Before Islam: VIth century,wafir_complete,wafir_complete
552,Amr Ibn Kolthoum,Moallaqa,38,وَنَخْتَلِبُ الرِّقَابَ فَتَخْتَلِينَا,نَشُقُّ بِهَا رُؤُوسَ القَوْمِ شَقًّا,Before Islam: VIth century,wafir_complete,wafir_complete
553,Amr Ibn Kolthoum,Moallaqa,39,عَلَيْكَ وَيُخْرِجُ الدَّاءَ الدَّفِينَا,وَإِنَّ الضِّغْنَ بَعْدَ الضِّغْنِ يَبْدُو,Before Islam: VIth century,wafir_complete,wafir_complete
554,Amr Ibn Kolthoum,Moallaqa,40,نُطَاعِنُ دُونَهُو حَتَّى يَبِينَا,وَرِثْنَا المَجْدَ قَدْ عَلِمَتْ مُعَدٌّ,Before Islam: VIth century,wafir_complete,wafir_complete
555,Amr Ibn Kolthoum,Moallaqa,41,عَنِ الأَحْفَاضِ نَمْنَعُ مَنْ يَلِينَا,وَنَحْنُ إِذَا عِمَادُ الحَيِّ خَرَّتْ,Before Islam: VIth century,wafir_complete,wafir_complete
556,Amr Ibn Kolthoum,Moallaqa,42,فَمَا يَدْرُونَ مَاذَا يَتَّقُونَا,نَجُذُّ رُؤُوسَهُمْ فِي غَيْرِ بِرٍّ,Before Islam: VIth century,wafir_complete,wafir_complete
557,Amr Ibn Kolthoum,Moallaqa,43,مَخَارِيقٌ بِأَيْدِي لَاعِبِينَا,كَأَنَّ سُيُوفَنَا مِنَّا وَمِنْهُمْ,Before Islam: VIth century,wafir_complete,wafir_complete
558,Amr Ibn Kolthoum,Moallaqa,44,خُضِبْنَ بِأُرْجُوَانٍ أَوْ طُلِينَا,كَأَنَّ ثِيَابَنَا مِنَّا وَمِنْهُمْ,Before Islam: VIth century,wafir_complete,wafir_complete
559,Amr Ibn Kolthoum,Moallaqa,45,مِنَ الهَوْلِ المُشَبَّهِ أَنْ يَكُونَا,إِذَا مَا عَيَّ بِالإِسْنَافِ حَيٌّ,Before Islam: VIth century,wafir_complete,wafir_complete
560,Amr Ibn Kolthoum,Moallaqa,46,مُحَافَظَةً وَكُنَّا السَّابِقِينَا,نَصَبْنَا مِثْلَ رَهْوَةِ ذَاتِ حَدٍّ,Before Islam: VIth century,wafir_complete,wafir_complete
561,Amr Ibn Kolthoum,Moallaqa,47,وَشِيبٍ فِي الحُرُوبِ مُجَرِّبِينَا,بِشُبَّانٍ يَرَوْنَ القَتْلَ مَجْدًا,Before Islam: VIth century,wafir_complete,wafir_complete
562,Amr Ibn Kolthoum,Moallaqa,48,مُقَارَعَةً بَنِيهِمْ عَنْ بَنِينَا,حُدِيَّا النَّاسِ كُلِّهِمُو جَمِيعًا,Before Islam: VIth century,wafir_complete,wafir_complete
563,Amr Ibn Kolthoum,Moallaqa,49,فَتُصْبِحُ خَيْلُنَا عُصْبًا ثُبِينَا,فَأَمَّا يَوْمَ خَشْيَتِنَا عَلَيْهِمْ,Before Islam: VIth century,wafir_complete,wafir_complete
564,Amr Ibn Kolthoum,Moallaqa,50,فَنُمْعِنُ غَارَةً مُتْلَبِّبِينَا,وَأَمَّا يَوْمَ لَا نَخْشَى عَلَيْهِمْ,Before Islam: VIth century,wafir_complete,wafir_complete
565,Amr Ibn Kolthoum,Moallaqa,51,نَدُقُّ بِهِ السُّهُولَةَ وَالحُزُونَا,بِرَأْسٍ مِنْ بَنِي جُشَمِ بْنِ بَكْرٍ,Before Islam: VIth century,wafir_complete,wafir_complete
566,Amr Ibn Kolthoum,Moallaqa,52,تَضَعْضَعْنَا وَأَنَّا قَدْ وَنِينَا,أَلَا لَا يَعْلَمُ الأَقْوَامُ أَنَّا,Before Islam: VIth century,wafir_complete,wafir_complete
567,Amr Ibn Kolthoum,Moallaqa,53,فَنَجْهَلُ فَوْقَ جَهْلِ الجَاهِلِينَا,أَلَا لَا يَجْهَلَنَّ أَحَدْ عَلَيْنَا,Before Islam: VIth century,wafir_complete,wafir_complete
568,Amr Ibn Kolthoum,Moallaqa,54,نَكُونُ لِقَيْلِكُمْ فِيهَا قَطِينَا,بِأَيِّ مَشِيئَةٍ عَمْرُو بْنُ هِنْدٍ,Before Islam: VIth century,wafir_complete,wafir_complete
569,Amr Ibn Kolthoum,Moallaqa,55,تُطِيعُ بِنَا الوُشَاةَ وَتَزْدَرِينَا,بِأَيِّ مَشِيئَةٍ عَمْرُو بْنُ هِنْدٍ,Before Islam: VIth century,wafir_complete,wafir_complete
570,Amr Ibn Kolthoum,Moallaqa,56,مَتَى كُنَّا لِأُمِّكَ مُقْتَوِينَا,تُهَدِّدُنَا وَتُوعِدُنَا رُوَيْدًا,Before Islam: VIth century,wafir_complete,wafir_complete
571,Amr Ibn Kolthoum,Moallaqa,57,عَلَى الأَعْدَاءِ قَبْلِكَ أَنْ تَلِينَا,فَإِنَّ قَنَاتَنَا يَا عَمْرُو أَعْيَتْ,Before Islam: VIth century,wafir_complete,wafir_complete
572,Amr Ibn Kolthoum,Moallaqa,58,وَوَلَّتْهُمْ عَشَوْزَنَةً زَبُونَا,إِذَا عَضَّ الثِّقَافُ بِهَا اشْمَأَزَّتْ,Before Islam: VIth century,wafir_complete,wafir_complete
573,Amr Ibn Kolthoum,Moallaqa,59,تَشُجُّ قَفَا المُثَقَّفِ وَالجَبِينَا,عَشَوْزَنَةً إِذَا انْقَلَبَتْ أَرَنَّتْ,Before Islam: VIth century,wafir_complete,wafir_complete
574,Amr Ibn Kolthoum,Moallaqa,60,بِنَقْصٍ فِي خُطُوبِ الأَوَّلِينَا,فَهَلْ حُدِّثْتَ فِي جُشَمِ بْنِ بِكْرٍ,Before Islam: VIth century,wafir_complete,wafir_complete
575,Amr Ibn Kolthoum,Moallaqa,61,أَبَاحَ لَنَا حُصُونَ المَجْدِ دِينَا,وَرِثْنَا مَجْدَ عَلْقَمَةَ بْنِ سَيْفٍ,Before Islam: VIth century,wafir_complete,wafir_complete
576,Amr Ibn Kolthoum,Moallaqa,62,زُهَيْرًا نِعْمَ ذُخْرُ الذَّاخِرِينَا,وَرِثْتُ مُهَلْهِلًا وَالخَيْرَ مِنْهُو,Before Islam: VIth century,wafir_complete,wafir_complete
577,Amr Ibn Kolthoum,Moallaqa,63,بِهِمْ نِلْنَا تُرَاثَ الأَكْرَمِينَا,وَعَتَّابًا وَكُلْثُومًا جَمِيعًا,Before Islam: VIth century,wafir_complete,wafir_complete
578,Amr Ibn Kolthoum,Moallaqa,64,بِهِ نُحْمَى وَنَحْمِي المُحْجَرِينَا,وَذَا البُرَةِ الذِي حُدِّثْتَ عَنْهُو,Before Islam: VIth century,wafir_complete,wafir_complete
579,Amr Ibn Kolthoum,Moallaqa,65,فَأَيُّ المَجْدِ إِلَّا قَدْ وَلِينَا,وَمِنَّا قَبْلَهُ السَّاعِي كُلَيْبٌ,Before Islam: VIth century,wafir_complete,wafir_complete
580,Amr Ibn Kolthoum,Moallaqa,66,تَجُذُّ الحَبْلَ أَوْ تَقَصِ القَرِينَا,مَتَى نَعْقِدْ قَرِينَتَنَا بِحَبْلٍ,Before Islam: VIth century,wafir_complete,wafir_complete
581,Amr Ibn Kolthoum,Moallaqa,67,وَأَوْفَاهُمْ إِذَا عَقَدُوا يَمِينَا,وَنُوجَدُ نَحْنُ أَمْنَعَهُمْ ذِمَارًا,Before Islam: VIth century,wafir_complete,wafir_complete
582,Amr Ibn Kolthoum,Moallaqa,68,رَفَدْنَا فَوْقَ رَفْدِ الرَّافِدِينَا,وَنَحْنُ غَدَاةَ أُوقِدَ فِي خَزَازَى,Before Islam: VIth century,wafir_complete,wafir_complete
583,Amr Ibn Kolthoum,Moallaqa,69,تَسَفُّ الجِلَّةُ الخُورُ الدَّرِينَا,وَنَحْنُ الحَابِسُونَ بِذِي أُرَاطَى,Before Islam: VIth century,wafir_complete,wafir_complete
584,Amr Ibn Kolthoum,Moallaqa,70,وَنَحْنُ العَازِمُونَ إِذَا عُصِينَا,وَنَحْنُ الحَاكِمُونَ إِذَا أُطِعْنَا,Before Islam: VIth century,wafir_complete,wafir_complete
585,Amr Ibn Kolthoum,Moallaqa,71,وَنَحْنُ الآخِذُونَ لِمَا رَضِينَا,وَنَحْنُ التَّارِكُونَ لِمَا سَخِطْنَا,Before Islam: VIth century,wafir_complete,wafir_complete
586,Amr Ibn Kolthoum,Moallaqa,72,وَكَانَ الأَيْسَرِينَ بَنُو أَبِينَا,وَكُنَّا الأَيْمَنِينَ إِذَا التَقَيْنَا,Before Islam: VIth century,wafir_complete,wafir_complete
587,Amr Ibn Kolthoum,Moallaqa,73,وَصُلْنَا صَوْلَةً فِيمَنْ يَلِينَا,فَصَالُوا صَوْلَةً فِيمَنْ يَلِيهِمْ,Before Islam: VIth century,wafir_complete,wafir_complete
588,Amr Ibn Kolthoum,Moallaqa,74,وَأُبْنَا بِالمُلُوكِ مُصَفَّدِينَا,فَآبُوا بِالنِّهَابِ وَبِالسَّبَايَا,Before Islam: VIth century,wafir_complete,wafir_complete
589,Amr Ibn Kolthoum,Moallaqa,75,أَلَمَّا تَعْرِفُوا مِنَّا اليَقِينَا,إِلَيْكُمْ يَا بَنِي بَكْرٍ إِلَيْكُمْ,Before Islam: VIth century,wafir_complete,wafir_complete
590,Amr Ibn Kolthoum,Moallaqa,76,كَتَائِبَ يَطَّعِنَّ وَيَرْتَمِينَا,أَلَمَّا تَعْلَمُوا مِنَّا وَمِنْكُمْ,Before Islam: VIth century,wafir_complete,wafir_complete
591,Amr Ibn Kolthoum,Moallaqa,77,وَأَسْيَافٌ يَقُمْنَ وَيَنْحَنِينَا,عَلَيْنَا البَيْضُ وَاليَلَبُ اليَمَانِي,Before Islam: VIth century,wafir_complete,wafir_complete
592,Amr Ibn Kolthoum,Moallaqa,78,تَرَى فَوْقَ النِّجَادِ لَهَا غُضُونَا,عَلَيْنَا كُلُّ سَابِغَةٍ دِلَاصٍ,Before Islam: VIth century,wafir_complete,wafir_complete
593,Amr Ibn Kolthoum,Moallaqa,79,رَأَيْتَ لَهَا جُلُودَ القَوْمِ جُونَا,إِذَا وُضِعَتْ عَنِ الأَبْطَالِ يَوْمًا,Before Islam: VIth century,wafir_complete,wafir_complete
594,Amr Ibn Kolthoum,Moallaqa,80,تُصَفِّقُهَا الرِّيَاحُ إِذَا جَرَيْنَا,كَأَنَّ غُضُونَهُنَّ مُتُونُ غُدْرٍ,Before Islam: VIth century,wafir_complete,wafir_complete
595,Amr Ibn Kolthoum,Moallaqa,81,عُرِفْنَ لَنَا نَقَائِذَ وَافْتُلِينَا,وَتَحْمِلُنَا غَدَاةَ الرَّوْعِ جُرْدٌ,Before Islam: VIth century,wafir_complete,wafir_complete
596,Amr Ibn Kolthoum,Moallaqa,82,كَأَمْثَالِ الرَّصَائِعِ قَدْ بَلِينَا,وَرَدْنَ دَوَارِعًا وَخَرَجْنَ شُعْثًا,Before Islam: VIth century,wafir_complete,wafir_complete
597,Amr Ibn Kolthoum,Moallaqa,83,وَنُورِثُهَا إِذَا مُتْنَا بَنِينَا,وَرِثْنَاهُنَّ عَنْ آبَاءِ صِدْقٍ,Before Islam: VIth century,wafir_complete,wafir_complete
598,Amr Ibn Kolthoum,Moallaqa,84,نُحَاذِرُ أَنْ تُقَسَّمَ أَوْ تَهُونَا,عَلَى آثَارِنَا بِيضٌ حِسَانٌ,Before Islam: VIth century,wafir_complete,wafir_complete
599,Amr Ibn Kolthoum,Moallaqa,85,إِذَا لَاقَوْا فَوَارِسَ مُعْلِمِينَا,أَخَذْنَ عَلَى بُعُولَتِهِنَّ عَهْدًا,Before Islam: VIth century,wafir_complete,wafir_complete
600,Amr Ibn Kolthoum,Moallaqa,86,وَأَسْرَى فِي الحَدِيدِ مُقَرَّنِينَا,لَيَسْتَلِبُنَّ أَفْرَاسًا وَبَيْضًا,Before Islam: VIth century,wafir_complete,wafir_complete
601,Amr Ibn Kolthoum,Moallaqa,87,قَدِ اتَّخَذُوا مَخَافَتَنَا قَرِينَا,تَرَانَا بَارِزِينَ وَكُلُّ حَيٍّ,Before Islam: VIth century,wafir_complete,wafir_complete
602,Amr Ibn Kolthoum,Moallaqa,88,كَمَا اضْطَرَبَتْ مُتُونُ الشَّارِبِينَا,إِذَا مَا رُحْنَ يَمْشِينَ الهُوَيْنَى,Before Islam: VIth century,wafir_complete,wafir_complete
603,Amr Ibn Kolthoum,Moallaqa,89,بُعُولَتَنَا إِذَا لَمْ تَمْنَعُونَا,يَقُتْنَ جِيَادَنَا وَيَقُلْنَ لَسْتُمْ,Before Islam: VIth century,wafir_complete,wafir_complete
604,Amr Ibn Kolthoum,Moallaqa,90,خَلَطْنَ بِمِيسَمٍ حَسَبًا وَدِينَا,ظَعَائِنَ مِنْ بَنِي جُشَمِ بْنِ بَكْرٍ,Before Islam: VIth century,wafir_complete,wafir_complete
605,Amr Ibn Kolthoum,Moallaqa,91,تَرَى مِنْهُ السَّوَاعِدَ كَالقُلِينَا,وَمَا مَنَعَ الظَّعَائِنَ مِثْلُ ضَرْبٍ,Before Islam: VIth century,wafir_complete,wafir_complete
606,Amr Ibn Kolthoum,Moallaqa,92,وَلَدْنَا النَّاسَ طُرًّا أَجْمَعِينَا,كَأَنَّا وَالسُّيُوفُ مُسَلَّلَاتٌ,Before Islam: VIth century,wafir_complete,wafir_complete
607,Amr Ibn Kolthoum,Moallaqa,93,حَزَاوِرَةٌ بِأَبْطَحِهَا الكُرِينَا,يُدَهْدُونَ الرُّؤُوسَ كَمَا تُدَهْدِي,Before Islam: VIth century,wafir_complete,wafir_complete
608,Amr Ibn Kolthoum,Moallaqa,94,إِذَا قُبَبٌ بِأَبْطَحِهَا بُنِينَا,وَقَدْ عَلِمَ القَبَائِلُ مِنْ مَعَدٍّ,Before Islam: VIth century,wafir_complete,wafir_complete
609,Amr Ibn Kolthoum,Moallaqa,95,وَأَنَّا المُهْلِكُونَ إِذَا ابْتُلِينَا,بِأَنَّا المُطْعِمُونَ إِذَا قَدَرْنَا,Before Islam: VIth century,wafir_complete,wafir_complete
610,Amr Ibn Kolthoum,Moallaqa,96,وَأَنَّا النَّازِلُونَ بِحَيْثُ شِينَا,وَأَنَّا المَانِعُونَ لِمَا أَرَدْنَا,Before Islam: VIth century,wafir_complete,wafir_complete
611,Amr Ibn Kolthoum,Moallaqa,97,وَأَنَّا الآخِذُونَ إِذَا رَضِينَا,وَأَنَّا التَّارِكُونَ إِذَا سَخِطْنَا,Before Islam: VIth century,wafir_complete,wafir_complete
612,Amr Ibn Kolthoum,Moallaqa,98,وَأَنَّا العَازِمُونَ إِذَا عُصِينَا,وَأَنَّا العَاصِمُونَ إِذَا أُطِعْنَا,Before Islam: VIth century,wafir_complete,wafir_complete
613,Amr Ibn Kolthoum,Moallaqa,99,وَيَشْرَبُ غَيْرُنَا كَدَرًا وَطِينَا,وَنَشْرَبُ إِنْ وَرَدْنَا المَاءَ صَفْوًا,Before Islam: VIth century,wafir_complete,wafir_complete
614,Amr Ibn Kolthoum,Moallaqa,100,وَدُعْمِيًّا فَكَيْفَ وَجَدْتُمُونَا,أَلَا أَبْلِغْ بَنِي الطَّمَّاحِ عَنَّا,Before Islam: VIth century,wafir_complete,wafir_complete
615,Amr Ibn Kolthoum,Moallaqa,101,أَبَيْنَا أَنْ نُقِرَّ الذُّلَّ فِينَا,إِذَا مَا المَلْكُ سَامَ النَّاسَ خَسْفًا,Before Islam: VIth century,wafir_complete,wafir_complete
616,Amr Ibn Kolthoum,Moallaqa,102,وَمَاءَ البَحْرِ نَمْلَؤُهُو سَفِينَا,مَلَأْنَا البَرَّ حَتَّى ضَاقَ عَنَّا,Before Islam: VIth century,wafir_complete,wafir_complete
617,Amr Ibn Kolthoum,Moallaqa,103,تَخِرُّ لَهُ الجَبَابِرُ سَاجِدِينَا,إِذَا بَلَغَ الفِطَامَ لَنَا صَبِيٌّ,Before Islam: VIth century,wafir_complete,wafir_complete
21,Antara Ibn Chaddad,Moallaqa,1,أَمْ هَلْ عَرَفْتَ الدَّارَ بَعْدَ تَوَهُّمِ,هَلْ غَادَرَ الشُّعَرَاءُ مِنْ مُتَرَدَّمِي,Before Islam: VIth century,kamil_complete,kamil_complete
124,Antara Ibn Chaddad,Moallaqa,2,حَتَّى تَكَلَّمَ كَالأَصَمِّ الأَعْجَمِي,أَعْيَاكَ رَسْمُ الدَّارِ لَمْ يَتَكَلَّمِي,Before Islam: VIth century,kamil_complete,kamil_complete
57,Antara Ibn Chaddad,Moallaqa,3,أَشْكُو إِلَى سُفْعٍ رَوَاكِدِ جِثَّمِي,وَلَقَدْ حَبَسْتُ بِهَا طَوِيلًا نَاقَتِي,Before Islam: VIth century,kamil_complete,kamil_complete
58,Antara Ibn Chaddad,Moallaqa,4,وَعَمِي صَبَاحًا دَارَ عَبْلَةَ وَاسْلَمِي,يَادَارَ عَبْلَةَ بِالجَوَاءِ تَكَلَّمِي,Before Islam: VIth century,kamil_complete,kamil_complete
59,Antara Ibn Chaddad,Moallaqa,5,طَوْعَ العِنَاقِ لَذِيذَةِ المُتَبَسَّمِي,دَارٌ لِآنِسَةٍ غَضِيضٍ طَرْفُهَا,Before Islam: VIth century,kamil_complete,kamil_complete
276,Antara Ibn Chaddad,Moallaqa,6,فَدَنٌ لِأَقْضِيَ حَاجَةَ المُتَلَوِّمِ,فَوَقَفْتُ فِيهَا نَاقَتِي وَكَأَنَّهَا,Before Islam: VIth century,kamil_complete,kamil_complete
277,Antara Ibn Chaddad,Moallaqa,7,بِالحَزْنِ فَالصَّمَّانِ فَالمُتَثَلَّمِ,وَتَحُلُّ عَبْلَةُ بِالجَوَاءِ وَأَهْلُنَا,Before Islam: VIth century,kamil_complete,kamil_complete
278,Antara Ibn Chaddad,Moallaqa,8,أَقْوَى وَأَقْفَرَ بَعْدَ أُمِّ الهَيْثَمِ,حُيِّيتَ مِنْ طَلَلٍ تَقَادَمَ عَهْدُهُ,Before Islam: VIth century,kamil_complete,kamil_complete
279,Antara Ibn Chaddad,Moallaqa,9,عَسِرًا عَلَيَّ طِلَابُكِ ابْنَةَ مَخْرَمِ,حَلَّتْ بِأَرْضِ الزَّائِرِينَ فَأَصْبَحَتْ,Before Islam: VIth century,kamil_complete,kamil_complete
280,Antara Ibn Chaddad,Moallaqa,10,زَعْمًا لَعَمْرُ أَبِيكَ لَيْسَ بِمَزْعَمِ,عُلِّقْتُهَا عَرَضًا وَأَقْتُلُ قَوْمَهَا,Before Islam: VIth century,kamil_complete,kamil_complete
250,Antara Ibn Chaddad,Moallaqa,11,مِنِّي بِمَنْزِلَةِ المُحِبِّ المُكْرَمِ,وَلَقَدْ نَزَلْتِ فَلَا تَظُنِّي غَيْرَهُ,Before Islam: VIth century,kamil_complete,kamil_complete
251,Antara Ibn Chaddad,Moallaqa,12,بِعُنَيْزَتَيْنِ وَأَهْلُنَا بِالغَيْلَمِ,كَيْفَ المَزَارُ وَقَدْ تَرَبَّعَ أَهْلُهَا,Before Islam: VIth century,kamil_complete,kamil_complete
252,Antara Ibn Chaddad,Moallaqa,13,زُمَّتْ رِكَابُكُمُ بِلَيْلٍ مُظْلِمِ,إِنْ كُنْتِ أَزْمَعْتِ الفِرَاقَ فَإِنَّمَا,Before Islam: VIth century,kamil_complete,kamil_complete
253,Antara Ibn Chaddad,Moallaqa,14,وَسْطَ الدِّيَارِ تَسَفُّ حَبَّ الخِمْخِمِ,مَا رَاعَنِي إِلَّا حَمُولَةُ أَهْلِهَا,Before Islam: VIth century,kamil_complete,kamil_complete
254,Antara Ibn Chaddad,Moallaqa,15,سُودًا كَخَافِيَةِ الغُرَابِ الأَسْحَمِ,فِيهَا اثْنَتَانِ وَأَرْبَعُونَ حَلُوبَةً,Before Islam: VIth century,kamil_complete,kamil_complete
255,Antara Ibn Chaddad,Moallaqa,16,عَذْبٍ مُقَبَّلُهُ لَذِيذِ المَطْعَمِ,إِذْ تَسْتَبِيكَ بِذِي غُرُوبٍ وَاضِحٍ,Before Islam: VIth century,kamil_complete,kamil_complete
256,Antara Ibn Chaddad,Moallaqa,17,رَشَأٍ مِنَ الغِزْلَانِ لَيْسَ بِتَوْأَمِي,وَكَأَنَّمَا نَظَرَتْ بِعَيْنَيْ شَادِنٍ,Before Islam: VIth century,kamil_complete,kamil_complete
257,Antara Ibn Chaddad,Moallaqa,18,سَبَقَتْ عَوَارِضَهَا إِلَيْكَ مِنَ الفَمِ,وَكَأَنَّ فَأْرَةَ تَاجِرٍ بِقَسِيمَةٍ,Before Islam: VIth century,kamil_complete,kamil_complete
258,Antara Ibn Chaddad,Moallaqa,19,غَيْثٌ قَلِيلُ الدِّمْنِ لَيْسَ بِمُعْلَمِ,أَوْ رَوْضَةً أُنُفًا تَضَمَّنَ نَبْتَهَا,Before Islam: VIth century,kamil_complete,kamil_complete
259,Antara Ibn Chaddad,Moallaqa,20,فَتَرَكْنَ كُلَّ قَرَارَةٍ كَالدِّرْهَمِ,جَادَتْ عَلَيْهَا كُلُّ بِكْرٍ حُرَّةٍ,Before Islam: VIth century,kamil_complete,kamil_complete
260,Antara Ibn Chaddad,Moallaqa,21,يَجْرِي عَلَيْهَا المَاءُ لَمْ يَتَصَرَّمِ,سَحًّا وَتِسْكَابًا فَكُلُّ عَشِيَّةٍ,Before Islam: VIth century,kamil_complete,kamil_complete
261,Antara Ibn Chaddad,Moallaqa,22,غَرِدًا كَفِعْلِ الشَّارِبِ المُتَرَنِّمِ,وَخَلَا الذُّبَابَ بِهَا فَلَيْسَ بِبَارِحٍ,Before Islam: VIth century,kamil_complete,kamil_complete
262,Antara Ibn Chaddad,Moallaqa,23,قَدْحَ المُكِبِّ عَلَى الزِّنَادِ الأَجْذَمِ,هَزِجًا يَحُكُّ ذِرَاعَهُ بِذِرَاعِهِ,Before Islam: VIth century,kamil_complete,kamil_complete
249,Antara Ibn Chaddad,Moallaqa,24,وَأَبِيتُ فَوْقَ سَرَاةِ أَدْهَمَ مُلْجَمِ,تُمْسِي وَتُصْبِحُ فَوْقَ ظَهْرِ حَشِيَّةٍ,Before Islam: VIth century,kamil_complete,kamil_complete
296,Antara Ibn Chaddad,Moallaqa,25,نَهْدٍ مَرَاكِلُهُ نَبِيلِ المَحْزِمِ,وَحَشِيَّتِي سَرْجٌ عَلَى عَبْلِ الشَّوَى,Before Islam: VIth century,kamil_complete,kamil_complete
297,Antara Ibn Chaddad,Moallaqa,26,لُعِنَتْ بِمَحْرُومِ الشَّرَابِ مُصَرَّمِ,هَلْ تُبْلِغَنِّي دَارَهَا شَدَنِيَّةٌ,Before Islam: VIth century,kamil_complete,kamil_complete
298,Antara Ibn Chaddad,Moallaqa,27,تَطِسُ الإِكَامَ بِذَاتِ خُفٍّ مِيْثَمِ,خَطَّارَةٌ غِبَّ السُّرَى مَوَّارَةٌ,Before Islam: VIth century,kamil_complete,kamil_complete
299,Antara Ibn Chaddad,Moallaqa,28,بِقَرِيبِ بَيْنَ المَنْسِمَيْنِ مُصَلَّمِ,وَكَأَنَّمَا أَقِصَ الإِكَامَ عَشِيَّةً,Before Islam: VIth century,kamil_complete,kamil_complete
300,Antara Ibn Chaddad,Moallaqa,29,حِزَقٌ يَمَانِيَةٌ لِأَعْجَمَ طِمْطِمِ,تَأْوِي لَهُ قُلُصُ النَّعَامِ كَمَا أَوَتْ,Before Islam: VIth century,kamil_complete,kamil_complete
301,Antara Ibn Chaddad,Moallaqa,30,حِدْجٌ عَلَى نَعْشٍ لَهُنَّ مُخَيَّمِ,يَتْبَعْنَ قُلَّةَ رَأْسِهِ وَكَأَنَّهُ,Before Islam: VIth century,kamil_complete,kamil_complete
618,Antara Ibn Chaddad,Moallaqa,31,كَالعَبْدِ ذِي الفَرْوِ الطَّوِيلِ الأَصْلَمِ,صَعْلٍ يَعُودُ بِذِي العُشَيْرَةِ بَيْضَةٌ,Before Islam: VIth century,kamil_complete,kamil_complete
619,Antara Ibn Chaddad,Moallaqa,32,زَوْرَاءَ تَنْفِرُ عَنْ حِيَاضِ الدَّيْلَمِ,شَرَبَتْ بِمَاءِ الدُّحْرُضَيْنِ فَأَصْبَحَتْ,Before Islam: VIth century,kamil_complete,kamil_complete
620,Antara Ibn Chaddad,Moallaqa,33,وَحْشِيِّ مِنْ هَزِجِ العَشِيِّ مُؤَوَّمِ,وَكَأَنَّمَا تَنْأَى بِجَانِبِ دَفِّهَا الْ,Before Islam: VIth century,kamil_complete,kamil_complete
621,Antara Ibn Chaddad,Moallaqa,34,غَضَبِي اتَّقَاهَا بِاليَدَيْنِ وَبِالفَمِ,هِرٍّ جَنِيبٍ كُلَّمَا عَطَفَتْ لَهُ,Before Islam: VIth century,kamil_complete,kamil_complete
622,Antara Ibn Chaddad,Moallaqa,35,سَنَدًا وَمِثْلَ دَعَائِمِ المُتَخَيِّمِ,أَبْقَى لَهَا طُولَ السِّفَارِ مُقَرْمَدًا,Before Islam: VIth century,kamil_complete,kamil_complete
623,Antara Ibn Chaddad,Moallaqa,36,بَرَكَتْ عَلَى قَصَبٍ أَجَشَّ مُهَضَّمِ,بَرَكَتْ عَلَى جَنَبِ الرِّدَاعِ كَأَنَّمَا,Before Islam: VIth century,kamil_complete,kamil_complete
624,Antara Ibn Chaddad,Moallaqa,37,حَشَّ الوَقُودُ بِهِ جَوَانِبَ قُمْقُمِ,وَكَأَنَّ رُبًّا أَوْ كُحَيْلًا مُعْقَدًا,Before Islam: VIth century,kamil_complete,kamil_complete
625,Antara Ibn Chaddad,Moallaqa,38,زَيَّافَةٍ مِثْلَ الفَنِيقِ المُكْدَمِ,يَنْبَاعُ مِنْ ذِفْرَى غَضُوبٍ جَسْرَةٍ,Before Islam: VIth century,kamil_complete,rajaz_complete
626,Antara Ibn Chaddad,Moallaqa,39,طَبٌّ بِأَخْذِ الفَارِسِ المُسْتَلْئِمِ,إِنْ تُغْدِفِي دُونِي القِنَاعَ فَإِنَّنِي,Before Islam: VIth century,kamil_complete,kamil_complete
627,Antara Ibn Chaddad,Moallaqa,40,سَهْلٌ مُخَالَقَتِي إِذَا لَمْ أُظْلَمِ,أَثْنِي عَلَيَّ بِمَا عَلِمْتِ فَإِنَّنِي,Before Islam: VIth century,kamil_complete,kamil_complete
628,Antara Ibn Chaddad,Moallaqa,41,مُرٌّ مَذَاقَتُهُ كَطَعْمِ العَلْقَمِ,وَإِذَا ظُلِمْتُ فَإِنَّ ظُلْمِيَ بَاسِلٌ,Before Islam: VIth century,kamil_complete,kamil_complete
629,Antara Ibn Chaddad,Moallaqa,42,رَكَدَ الهَوَاجِرُ بِالمَشُوفِ المُعْلَمِ,وَلَقَدْ شَرِبْتُ مِنَ المُدَامَةِ بَعْدَمَا,Before Islam: VIth century,kamil_complete,kamil_complete
630,Antara Ibn Chaddad,Moallaqa,43,قُرِنَتْ بِأَزْهَرَ فِي الشَّمَالِ مُفَدَّمِ,بِزُجَاجَةٍ صَفْرَاءَ ذَاتِ أَسِرَّةٍ,Before Islam: VIth century,kamil_complete,kamil_complete
631,Antara Ibn Chaddad,Moallaqa,44,مَالِي وَعِرْضِي وَافِرٌ لَمْ يُكْلَمِ,فَإِذَا شَرَبْتُ فَإِنَّنِي مُسْتَهْلِكٌ,Before Islam: VIth century,kamil_complete,kamil_complete
632,Antara Ibn Chaddad,Moallaqa,45,وَكَمَا عَلِمْتِ شَمَائِلِي وَتَكَرُّمِي,وَإِذَا صَحَوْتُ فَمَا أُقَصِّرُ عَنْ نَدًى,Before Islam: VIth century,kamil_complete,kamil_complete
633,Antara Ibn Chaddad,Moallaqa,46,تَمْكُو فَرِيصَتُهُ كَشِدْقِ الأَعْلَمِ,وَحَلِيلِ غَانِيَةٍ تَرَكْتُ مُجَدَّلًا,Before Islam: VIth century,kamil_complete,kamil_complete
634,Antara Ibn Chaddad,Moallaqa,47,وَرَشَاشِ نَافِذَةٍ كَلَوْنِ العَنْدَمِ,سَبَقَتْ يَدَايَ لَهُ بِعَاجِلِ طَعْنَةٍ,Before Islam: VIth century,kamil_complete,kamil_complete
635,Antara Ibn Chaddad,Moallaqa,48,إِنْ كُنْتِ جَاهِلَةً بِمَا لَمْ تَعْلَمِي,هَلَّا سَأَلْتِ الخَيْلَ يَا ابْنَةَ مَالِكٍ,Before Islam: VIth century,kamil_complete,kamil_complete
636,Antara Ibn Chaddad,Moallaqa,49,نَهْدٍ تَعَاوَرُهُ الكُمَاةُ مُكَلَّمِ,إِذْ لَا أَزَالُ عَلَى رِحَالَةِ سَابِحٍ,Before Islam: VIth century,kamil_complete,kamil_complete
637,Antara Ibn Chaddad,Moallaqa,50,يَأْوِي إِلَى حَصِدِ القِسِيِّ عَرَمْرِمِ,طَوْرًا يُجَرَّدُ لِلطِّعَانِ وَتَارَةً,Before Islam: VIth century,kamil_complete,kamil_complete
638,Antara Ibn Chaddad,Moallaqa,51,أَغْشَى الوَغَى وَأَعِفُّ عِنْدَ المَغْنَمِ,يُخْبِرْكِ مَنْ شَهِدَ الوَقِيعَةَ أَنَّنِي,Before Islam: VIth century,kamil_complete,kamil_complete
639,Antara Ibn Chaddad,Moallaqa,52,مِنِّي وَبِيضُ الهِنْدِ تَقْطُرُ مِنْ دَمِي,وَلَقَدْ ذَكَرْتُكِ وَالرِّمَاحُ نَوَاهِلٌ,Before Islam: VIth century,kamil_complete,kamil_complete
640,Antara Ibn Chaddad,Moallaqa,53,لَمَعَتْ كَبَارِقِ ثَغْرِكِ المُتَبَسِّمِ,فَوَدِدْتُ تَقْبِيلَ السُّيُوفِ لِأَنَّهَا,Before Islam: VIth century,kamil_complete,kamil_complete
641,Antara Ibn Chaddad,Moallaqa,54,لَا مُمْعِنٍ هَرَبًا وَلَا مُسْتَسْلِمِ,وَمُدَجِّجٍ كَرِهَ الكُمَاةُ نِزَالَهُ,Before Islam: VIth century,kamil_complete,kamil_complete
642,Antara Ibn Chaddad,Moallaqa,55,بِمُثَقَّفٍ صَدْقِ الكُعُوبِ مُقَوَّمِ,جَادَتْ لَهُ كَفِّي بِعَاجِلِ طَعْنَةٍ,Before Islam: VIth century,kamil_complete,kamil_complete
643,Antara Ibn Chaddad,Moallaqa,56,بِاللَّيْلِ مُعْتَسَّ الذِّئَابِ الضُّرَّمِ,بِرَحِيبَةِ الفَرْغَيْنِ يَهْدِي جَرْسُهَا,Before Islam: VIth century,kamil_complete,kamil_complete
644,Antara Ibn Chaddad,Moallaqa,57,لَيْسَ الكَرِيمُ عَلَى القَنَا بِمُحَرَّمِ,فَشَكَكْتُ بِالرُّمْحِ الأَصَمِّ ثِيَابَهُ,Before Islam: VIth century,kamil_complete,kamil_complete
645,Antara Ibn Chaddad,Moallaqa,58,يَقْضِمْنَ حُسْنَ بَنَانِهِ وَالمِعْصَمِ,فَتَرَكْتُهُ جَزَرَ السِّبَاعِ يَنُشْنَهُ,Before Islam: VIth century,kamil_complete,kamil_complete
646,Antara Ibn Chaddad,Moallaqa,59,بِالسَّيْفِ عَنْ حَامِي الحَقِيقَةِ مُعْلِمِ,وَمِشَكِّ سَابِغَةٍ هَتَكْتُ فُرُوجَهَا,Before Islam: VIth century,kamil_complete,kamil_complete
647,Antara Ibn Chaddad,Moallaqa,60,هَتَّاكِ غَايَاتِ التِّجَارِ مُلَوَّمِ,رَبِذٍ يَدَاهُ بِالقِدَاحِ إِذَا شَتَا,Before Islam: VIth century,kamil_complete,kamil_complete
648,Antara Ibn Chaddad,Moallaqa,61,أَبْدَى نَوَاجِذَهُ لِغَيْرِ تَبَسُّمِ,لَمَّا رَآنِي قَدْ نَزَلْتُ أُرِيدُهُ,Before Islam: VIth century,kamil_complete,kamil_complete
649,Antara Ibn Chaddad,Moallaqa,62,بِمُهَنَّدٍ صَافِي الحَدِيدَةِ مِخْذَمِ,فَطَعَنْتُهُ بِالرُّمْحِ ثُمَّ عَلَوْتُهُ,Before Islam: VIth century,kamil_complete,kamil_complete
650,Antara Ibn Chaddad,Moallaqa,63,خُضِبَ البَنَانُ وَرَأْسُهُ بِالعِظْلِمِ,عَهْدِي بِهِ مَدَّ النَّهَارِ كَأَنَّمَا,Before Islam: VIth century,kamil_complete,kamil_complete
651,Antara Ibn Chaddad,Moallaqa,64,يُحْذَى نِعَالَ السِّبْتِ لَيْسَ بِتَوْأَمِ,بَطَلٍ كَأَنَّ ثِيَابَهُ فِي سَرْحَةٍ,Before Islam: VIth century,kamil_complete,kamil_complete
652,Antara Ibn Chaddad,Moallaqa,65,حَرُمَتْ عَلَيَّ وَلَيْتَهَا لَمْ تَحْرُمِ,يَا شَاةُ مِنْ قَنْصٍ لِمَنْ حَلَّتْ لَهُ,Before Islam: VIth century,kamil_complete,kamil_complete
653,Antara Ibn Chaddad,Moallaqa,66,فَتَجَسَّسِي أَخْبَارَهَا لِيَ وَاعْلَمِي,فَبَعَثْتُ جَارِيَتِي فَقُلْتُ لَهَا اذْهَبِي,Before Islam: VIth century,kamil_complete,kamil_complete
654,Antara Ibn Chaddad,Moallaqa,67,وَالشَّاةُ مُمْكِنَةٌ لِمَنْ هُوَ مُرْتَمِ,قَالَتْ رَأَيْتُ مِنَ الأَعَادِي غِرَّةً,Before Islam: VIth century,kamil_complete,kamil_complete
655,Antara Ibn Chaddad,Moallaqa,68,رَشَأٍ مِنَ الغِزْلَانِ حُرٍّ أَرْثَمِ,وَكَأَنَّمَا التَفَتَتْ بِجِيدِ جَدَايَةٍ,Before Islam: VIth century,kamil_complete,kamil_complete
656,Antara Ibn Chaddad,Moallaqa,69,وَالكُفْرُ مَخْبَثَةٌ لِنَفْسِ المُنْعِمِ,نُبِّئْتُ عَمْرًا غَيْرَ شَاكِرِ نِعْمَتِي,Before Islam: VIth century,kamil_complete,kamil_complete
657,Antara Ibn Chaddad,Moallaqa,70,إِذْ تَقْلِصُ الشَّفَتَانِ عَنْ وَضَحِ الفَمِ,وَلَقَدْ حَفِظْتُ وَصَاةَ عَمِّي بِالضُّحَى,Before Islam: VIth century,kamil_complete,kamil_complete
658,Antara Ibn Chaddad,Moallaqa,71,غَمَرَاتِهَا الأَبْطَالُ غَيْرَ تَغَمْغُمِ,فِي حَوْمَةِ المَوْتِ التِي لَا تَشْتَكِي,Before Islam: VIth century,kamil_complete,kamil_complete
659,Antara Ibn Chaddad,Moallaqa,72,عَنْهَا وَلَكِنِّي تَضَايَقَ مُقْدَمِي,إِذْ يَتَّقُونَ بِيَ الأَسِنَّةَ لَمْ أَخِمْ,Before Islam: VIth century,kamil_complete,kamil_complete
660,Antara Ibn Chaddad,Moallaqa,73,سَوْدَاءَ حَالِكَةٍ كَلَوْنِ الأَدْلَمِ,وَلَقَدْ هَمَمْتُ بِغَارَةٍ فِي لَيْلَةٍ,Before Islam: VIth century,kamil_complete,kamil_complete
661,Antara Ibn Chaddad,Moallaqa,74,وَابْنَيْ رَبِيعَةَ فِي الغُبَارِ الأَقْتَمِ,لَمَّا سَمِعْتُ نِدَاءَ مُرَّةَ قَدْ عَلَا,Before Islam: VIth century,kamil_complete,kamil_complete
662,Antara Ibn Chaddad,Moallaqa,75,وَالْمَوْتُ تَحْتَ لِوَاءِ آلِ مُحَلِّمِ,وَمُحَلِّمٌ يَسْعَوْنَ تَحْتَ لِوَائِهِمْ,Before Islam: VIth century,kamil_complete,kamil_complete
663,Antara Ibn Chaddad,Moallaqa,76,ضَرْبٌ يُطِيرُ عَنِ الفِرَاخِ الجُثَّمِ,أَيْقَنْتُ أَنْ سَيَكُونُ عِنْدَ لِقَائِهِمْ,Before Islam: VIth century,kamil_complete,kamil_complete
664,Antara Ibn Chaddad,Moallaqa,77,يَتَذَامَرُونَ كَرَرْتُ غَيْرَ مُذَمَّمِ,لَمَّا رَأَيْتُ القَوْمَ أَقْبَلَ جَمْعُهُمْ,Before Islam: VIth century,kamil_complete,kamil_complete
665,Antara Ibn Chaddad,Moallaqa,78,أَشْطَانُ بِئْرٍ فِي لَبَانِ الأَدْهَمِ,يَدْعُونَ عَنْتَرَ وَالرِّمَاحُ كَأَنَّهَا,Before Islam: VIth century,kamil_complete,kamil_complete
666,Antara Ibn Chaddad,Moallaqa,79,وَلَبَانِهِ حَتَّى تَسَرْبَلَ بِالدَّمِ,مَا زِلْتُ أَرْمِيهُمْ بِثُغْرَةِ نَحْرِهِ,Before Islam: VIth century,kamil_complete,kamil_complete
667,Antara Ibn Chaddad,Moallaqa,80,وَشَكَا إِلَيَّ بِعَبْرَةٍ وَتَحَمْحُمِ,فَازْوَرَّ مِنْ وَقْعِ القَنَا بِلَبَانِهِ,Before Islam: VIth century,kamil_complete,kamil_complete
668,Antara Ibn Chaddad,Moallaqa,81,وَلَكَانَ لَوْ عَلِمِ الكَلَامَ مُكَلِّمِي,لَوْ كَانَ يَدْرِي مَا المُحَاوَرَةُ اشْتَكَى,Before Islam: VIth century,kamil_complete,kamil_complete
669,Antara Ibn Chaddad,Moallaqa,82,قِيلُ الفَوَارِسِ وَيْكَ عَنْتَرَ أَقْدِمِ,وَلَقَدْ شَفَى نَفْسِي وَأَبْرَأَ سُقْمَهَا,Before Islam: VIth century,kamil_complete,kamil_complete
670,Antara Ibn Chaddad,Moallaqa,83,مِنْ بَيْنِ شَيْظَمَةٍ وَأَجْرَدَ شَيْظَمِ,وَالخَيْلُ تَقْتَحِمُ الخَبَارَ عَوَابِسًا,Before Islam: VIth century,kamil_complete,kamil_complete
671,Antara Ibn Chaddad,Moallaqa,84,لُبِّي وَأَحْفِزُهُ بِأَمْرٍ مُبْرَمِ,ذُلَلٌ رِكَابِي حَيْثُ شِئْتُ مُشَايِعِي,Before Islam: VIth century,kamil_complete,kamil_complete
672,Antara Ibn Chaddad,Moallaqa,85,مَا قَدْ عَلِمْتُ وَبَعْضُ مَا لَمْ تَعْلَمِي,إِنِّي عَدَانِي أَنْ أَزُورَكِ فَاعْلَمِي,Before Islam: VIth century,kamil_complete,kamil_complete
673,Antara Ibn Chaddad,Moallaqa,86,وَزَوَتْ جَوَانِيَ حَرْبِ مَنْ لَمْ يُجْرِمِ,حَالَتْ رِمَاحُ ابْنَي بَغِيضٍ دُونَكُمْ,Before Islam: VIth century,kamil_complete,kamil_complete
674,Antara Ibn Chaddad,Moallaqa,87,لِلْحَرْبِ دَائِرَةٌ عَلَى ابْنَي ضَمْضَمِ,وَلَقَدْ خَشَيْتُ بِأَنْ أَمُوتَ وَلَمْ تَدُرْ,Before Islam: VIth century,kamil_complete,kamil_complete
675,Antara Ibn Chaddad,Moallaqa,88,وَالنَّاذِرَيْنِ إِذَا لَمِ القَهُمَا دَمِي,الشَّاتِمَيْ عِرْضِي وَلَمْ أَشْتِمْهُمَا,Before Islam: VIth century,kamil_complete,kamil_complete
676,Antara Ibn Chaddad,Moallaqa,89,جَزَرَ السِّبَاعِ وَكُلِّ نَسْرٍ قَشْعَمِ,إِنْ يَفْعَلَا فَلَقَدْ تَرَكْتُ أَبَاهُمَا,Before Islam: VIth century,kamil_complete,kamil_complete
838,Antara Ibn Chaddad,Yaa 3ablo Khalli,1,وَاصْغِي إِلَى قَوْلِ المُحِبِّ المُخْبِرِ,يَا عَبْلَ خَلِّي عَنْكِ قَوْلَ المُفْتَرِي,Before Islam: VIth century,kamil_complete,rajaz_complete
839,Antara Ibn Chaddad,Yaa 3ablo Khalli,2,وَمَعَانِيًا رَصَّعْتُهَا بِالجَوْهَرِ,وَخُذِي كَلَامًا صُغْتُهُو مِنْ عَسْجَدٍ,Before Islam: VIth century,kamil_complete,kamil_complete
840,Antara Ibn Chaddad,Yaa 3ablo Khalli,3,وَمُفَاوِزٍ جَاوَزْتُهَا بِالأَبْجَرِ,كَمْ مَهْمَهٍ قَفْرٍ بِنَفْسِي خُضْتُهُ,Before Islam: VIth century,kamil_complete,kamil_complete
841,Antara Ibn Chaddad,Yaa 3ablo Khalli,4,بِمُهَنَّدٍ مَاضٍ وَرُمْحٍ أَسْمَرِ,كَمْ جَحْفَلٍ مِثْلِ الضَّبَابِ هَزَمْتُهُ,Before Islam: VIth century,kamil_complete,kamil_complete
842,Antara Ibn Chaddad,Yaa 3ablo Khalli,5,وَالخَيْلُ تَعْثُرُ بِالقَنَا المُتَكَسِّرِ,كَمْ فَارِسٍ بَيْنَ الصُّفُوفِ أَخَذْتُهُ,Before Islam: VIth century,kamil_complete,kamil_complete
843,Antara Ibn Chaddad,Yaa 3ablo Khalli,6,إِنْ كَانَ عِنْدَكِ شُبْهَةٌ فِي عَنْتَرِ,يَا عَبْلَ دُونَكِ كُلَّ حَيٍّ فَاسْأَلِي,Before Islam: VIth century,kamil_complete,kamil_complete
844,Antara Ibn Chaddad,Yaa 3ablo Khalli,7,وَلَّيْتُ مُنْهَزِمًا هَزِيمَةَ مُدْبِرِ,يَا عَبْلَ هَلْ بُلِّغْتِ يَوْمًا أَنَّنِي,Before Islam: VIth century,kamil_complete,kamil_complete
845,Antara Ibn Chaddad,Yaa 3ablo Khalli,8,ضَارِي الذِّئَابِ وَكَاسِرَاتُ الأَنْسُرِ,كَمْ فَارِسٍ غَادَرْتُ يَأْكُلُ لَحْمَهُ,Before Islam: VIth century,kamil_complete,kamil_complete
846,Antara Ibn Chaddad,Yaa 3ablo Khalli,9,وَالسَّابِغَاتِ بِكُلِّ ضَرْبٍ مُنْكَرِ,أَفْرِي الصُّدُورَ بِكُلِّ طَعْنٍ هَائِلٍ,Before Islam: VIth century,kamil_complete,kamil_complete
847,Antara Ibn Chaddad,Yaa 3ablo Khalli,10,رَكَضِ الخُيُولِ وَكُلَّ قُطْرٍ مُوعِرِ,وَإِذَا رَكِبْتُ تَرَى الجِبَالَ تَضِجُّ مِنْ,Before Islam: VIth century,kamil_complete,kamil_complete
848,Antara Ibn Chaddad,Yaa 3ablo Khalli,11,حَوْلِي فَتَطْعُمُ كَبْدَ كُلِّ غَضَنْفَرِ,وَإِذَا غَزَوْتُ تَحُومُ عِقْبَانُ الفَلِي,Before Islam: VIth century,kamil_complete,kamil_complete
849,Antara Ibn Chaddad,Yaa 3ablo Khalli,12,فِي الحَرْبِ وَهْوَ بِنَفْسِهِ لَمْ يَشْعُرِ,وَلَكَمْ خَطِفْتُ مُدَرَّعًا مِنْ سَرْجِهِ,Before Islam: VIth century,kamil_complete,kamil_complete
850,Antara Ibn Chaddad,Yaa 3ablo Khalli,13,وَصَدَرْتُ عَنْهُ فَكَانَ أَعْظَمَ مَصْدَرِ,وَلَكَمْ وَرَدْتُ المَوْتَ أَعْظَمَ مَوْرِدٍ,Before Islam: VIth century,kamil_complete,kamil_complete
851,Antara Ibn Chaddad,Yaa 3ablo Khalli,14,مِنْ كُلِّ شِلْوٍ بِالتُّرَابِ مُعَفَّرِ,يَا عَبْلَ لَوْ عَايَنْتِ فِعْلِي فِي العَدِي,Before Islam: VIth century,kamil_complete,kamil_complete
852,Antara Ibn Chaddad,Yaa 3ablo Khalli,15,نَحْوِي كَمِثْلِ العَارِضِ المُتَفَجِّرِ,وَالخَيْلُ فِي وَسَطِ المَضِيقِ تَبَادَرَتْ,Before Islam: VIth century,kamil_complete,kamil_complete
853,Antara Ibn Chaddad,Yaa 3ablo Khalli,16,أَوْ أَشْهَبٍ عَالِي المَطَا أَوْ أَشْقَرِ,مِنْ كُلِّ أَدْهَمَ كَالرِّيَاحِ إِذَا جَرَى,Before Islam: VIth century,kamil_complete,kamil_complete
854,Antara Ibn Chaddad,Yaa 3ablo Khalli,17,كَالرَّعْدِ تَدْوِي فِي قُلُوبِ العَسْكَرِ,فَصَرَخْتُ فِيهِمْ صَرْخَةً عَبَسِيَّةً,Before Islam: VIth century,kamil_complete,kamil_complete
855,Antara Ibn Chaddad,Yaa 3ablo Khalli,18,وَصَدَمْتُ مَوْكِبَهُمْ بِصَدْرِ الأَبْجَرِ,وَعَطَفْتُ نَحْوَهُمُ وَصُلْتُ عَلَيْهِمُو,Before Islam: VIth century,kamil_complete,kamil_complete
856,Antara Ibn Chaddad,Yaa 3ablo Khalli,19,أَعْجَازُ نَخْلٍ فِي حَضِيضِ المَحْجَرِ,وَطَرَحْتُهُمْ فَوْقَ الصَّعِيدِ كَأَنَّهُمْ,Before Islam: VIth century,kamil_complete,kamil_complete
857,Antara Ibn Chaddad,Yaa 3ablo Khalli,20,مِنْهَا فَصَارَتْ كَالعَقِيقِ الأَحْمَرِ,وَدِمَاؤُهُمْ فَوْقَ الدُّرُوعِ تَخَضَّبَتْ,Before Islam: VIth century,kamil_complete,kamil_complete
858,Antara Ibn Chaddad,Yaa 3ablo Khalli,21,وَيَخَالُ أَنَّ جَوَادَهُو لَمْ يَعْثُرِ,وَلَرُبَّمَا عَثَرَ الجَوَادُ بِفَارِسٍ,Before Islam: VIth century,kamil_complete,kamil_complete
2662,Assilkato Ommo Al Saliik,Taafa yabghi najwatan,1,مِنْ هَلَاكٍ فَهَلَكْ,طَافَ يَبْغِي نَجْوَةً,Before Islam: VIth century,madid_partial,ramal_partial
2663,Assilkato Ommo Al Saliik,Taafa yabghi najwatan,2,أَيُّ شَيْءٍ قَتَلَكْ,لَيْتَ شِعْرِي ضِلَّةً,Before Islam: VIth century,madid_partial,ramal_partial
2664,Assilkato Ommo Al Saliik,Taafa yabghi najwatan,3,أَمْ عَدُوٌّ خَتَلَكْ,أَمَرِيضٌ لَمْ تُعَدْ,Before Islam: VIth century,madid_partial,ramal_partial
2665,Assilkato Ommo Al Saliik,Taafa yabghi najwatan,4,غَالَ فِي الدَّهْرِ السُّلَكْ,أَمْ تَوَلَّى بِكَ مَا,Before Islam: VIth century,madid_partial,ramal_partial
2666,Assilkato Ommo Al Saliik,Taafa yabghi najwatan,5,لِلْفَتَى حَيْثُ سَلَكْ,وَالمَنَايَا رَصَدٌ,Before Islam: VIth century,madid_partial,ramal_partial
2667,Assilkato Ommo Al Saliik,Taafa yabghi najwatan,6,لِلْفَتَى لَمْ يَكُ لَكْ,أَيُّ شَيْءٍ حَسَنٍ,Before Islam: VIth century,madid_partial,ramal_partial
2668,Assilkato Ommo Al Saliik,Taafa yabghi najwatan,7,حِينَ تَلْقَى أَجَلَكْ,كُلُّ شَيْءٍ قَاتِلٌ,Before Islam: VIth century,madid_partial,ramal_partial
2669,Assilkato Ommo Al Saliik,Taafa yabghi najwatan,8,غَيْرِ كَدٍّ أَمَلَكْ,طَالَ مَا قَدْ نِلْتَ فِي,Before Islam: VIth century,madid_partial,ramal_partial
2670,Assilkato Ommo Al Saliik,Taafa yabghi najwatan,9,عَنْ جَوَابِي شَغَلَكْ,إِنَّ أَمْرًا فَادِحًا,Before Islam: VIth century,madid_partial,ramal_partial
2671,Assilkato Ommo Al Saliik,Taafa yabghi najwatan,10,لَمْ تُجِبْ مَنْ سَأَلَكْ,سَأُعَزِّي النَّفْسَ إِذْ,Before Islam: VIth century,madid_partial,ramal_partial
2672,Assilkato Ommo Al Saliik,Taafa yabghi najwatan,11,صَبْرُهُ عَنْكَ مَلَكْ,لَيْتَ قَلْبِي سَاعَةً,Before Islam: VIth century,madid_partial,ramal_partial
2673,Assilkato Ommo Al Saliik,Taafa yabghi najwatan,12,لِلْمَنَايَا بَدَلَكْ,لَيْتَ نَفْسِي قُدِّمَتْ,Before Islam: VIth century,madid_partial,ramal_partial
1189,Aws Ibn Hajr,Alam Taksifi Achamso,1,كَوَاكِبُ لِلْجَبَلِ الوَاجِبِ,أَلَمْ تُكْسَفِ الشَّمْسُ وَالبَدْرُ وَالْ,Before Islam: VIth century,motaqaarib_complete,motaqaarib_complete
1190,Aws Ibn Hajr,Alam Taksifi Achamso,2,فُقُودُ وَلَا خَلَّةُ الذَّاهِبِ,لِفَقْدِ فَضَالَةَ لَا تَسْتَوِي الْ,Before Islam: VIth century,motaqaarib_complete,motaqaarib_complete
1191,Aws Ibn Hajr,Alam Taksifi Achamso,3,عَلَى الجَابِرِ العَظْمِ وَالحَارِبِ,أَلَهْفًا عَلَى حُسْنِ أَخْلَاقِهِ,Before Islam: VIth century,motaqaarib_complete,motaqaarib_complete
1192,Aws Ibn Hajr,Alam Taksifi Achamso,4,يَقُومُ عَلَى ذِرْوَةِ الصَّاقِبِ,عَلَى الأَرْوَعِ السَّقْبِ لَوْ أَنَّهُ,Before Islam: VIth century,motaqaarib_complete,motaqaarib_complete
1193,Aws Ibn Hajr,Alam Taksifi Achamso,5,كَمَتْنِ النَّبِيِّ مِنَ الكَاثِبِ,لَأَصْبَحَ رَتْمًا دُقَاقَ الحَصَى,Before Islam: VIth century,motaqaarib_complete,motaqaarib_complete
1194,Aws Ibn Hajr,Alam Taksifi Achamso,6,كِ بَيْنَ السُّرَادِقِ وَالحَاجِبِ,وَرَقْبَتِهِ حَتَمَاتِ المُلُو,Before Islam: VIth century,motaqaarib_complete,motaqaarib_complete
1195,Aws Ibn Hajr,Alam Taksifi Achamso,7,لِ غَيْرَ مَعِيبٍ وَلَا عَائِبِ,وَيَكْفِي المَقَالَةَ أَهْلَ الرِّجَا,Before Islam: VIth century,motaqaarib_complete,motaqaarib_complete
1196,Aws Ibn Hajr,Alam Taksifi Achamso,8,ءِ غَيْرَ مُكِبٍّ وَلَا قَاطِبِ,وَيَحْبُو الخَلِيلَ بِخَيْرِ الحِبَا,Before Islam: VIth century,motaqaarib_complete,motaqaarib_complete
1197,Aws Ibn Hajr,Alam Taksifi Achamso,9,وَلِيدَةِ كَالجُؤْذُرِ الكَاعِبِ,بِرَأْسِ النَّجِيبَةِ وَالعَبْدِ وَالْ,Before Islam: VIth century,motaqaarib_complete,motaqaarib_complete
1198,Aws Ibn Hajr,Alam Taksifi Achamso,10,لُ وَبِالشَّوْلِ فِي الفَلَقِ العَاشِبِ,وَبِالأُدْمِ تُحْدَى عَلَيْهَا الرِّحَا,Before Islam: VIth century,motaqaarib_complete,motaqaarib_complete
1199,Aws Ibn Hajr,Alam Taksifi Achamso,11,فَضَالَةَ فِي أَثَرٍ لَاحِبِ,فَمَنْ يَكُ ذَا نَائِلٍ يَسْعَ مِنْ,Before Islam: VIth century,motaqaarib_complete,motaqaarib_complete
1200,Aws Ibn Hajr,Alam Taksifi Achamso,12,سِ وَالمُتَعَلِّي عَلَى الوَاهِبِ,هُوَ الوَاهِبُ العِلْقَ عَيْنَ النَّفِي,Before Islam: VIth century,motaqaarib_complete,motaqaarib_complete
1201,Aws Ibn Hajr,Alam Taksifi Achamso,13,نِقَابٌ يُحَدِّثُ بِالغَائِبِ,نَجِيحٌ مَلِيحٌ أَخُو مَأْقِطٍ,Before Islam: VIth century,motaqaarib_complete,motaqaarib_complete
1202,Aws Ibn Hajr,Alam Taksifi Achamso,14,يُعَاشِرُ سَعْيَكَ مِنْ طَالِبِ,فَأَبْرَحْتَ فِي كُلِّ خَيْرٍ فَمُ,Before Islam: VIth century,motaqaarib_complete,motaqaarib_complete
49,Bachar Ibn Bord,Rababa,1,تَصُبُّ الخَلَّ فِي الزَّيْتِي,رَبَابَةُ رَبَّةُ البَيْتِي,Before Islam: VIth century,wafir_partial,wafir_partial
50,Bachar Ibn Bord,Rababa,2,وَدِيكٌ حَسَنُ الصَّوْتِي,لَهَا عَشْرُ دَجَاجَاتٍ,Before Islam: VIth century,wafir_partial,hazaj_complete
234,Bachar Ibn Bord,Taala Fi Hind,1,وَاشْتِيَاقِي وَطَلَابِ,طَالَ فِي هِنْدٍ عِتَابِي,Before Islam: VIth century,ramal_partial,ramal_partial
235,Bachar Ibn Bord,Taala Fi Hind,2,بِمَوَاعِيدَ كِذَابِ,وَاخْتِلَافِي كُلَّ يَوْمٍ,Before Islam: VIth century,ramal_partial,ramal_partial
236,Bachar Ibn Bord,Taala Fi Hind,3,كَانَ مُمْسَى فِي تَبَابِ,وَاخْتِلَافِي كُلَّ يَوْمٍ,Before Islam: VIth century,ramal_partial,ramal_partial
237,Bachar Ibn Bord,Taala Fi Hind,4,مِثْلَ إِخْلَافِ السَّرَابِ,أَخْلَفَتْ حِينَا أُرِيدَتْ,Before Islam: VIth century,ramal_partial,ramal_partial
238,Bachar Ibn Bord,Taala Fi Hind,5,وَجَفَا دُونَ صِحَابِ,لَامَنِي فِيهَا يَزِيدٌ,Before Islam: VIth century,ramal_partial,ramal_partial
239,Bachar Ibn Bord,Taala Fi Hind,6,غَصَّ مِنْهَا بِالشَّرَابِ,قُلْتُ لِلَّائِمِ فِيهَا,Before Islam: VIth century,ramal_partial,ramal_partial
240,Bachar Ibn Bord,Taala Fi Hind,7,قَدْ عَنَانِي بِقَرَابِ,لَا تُطَاعُ الدَّهْرَ فِيمَا,Before Islam: VIth century,ramal_partial,ramal_partial
241,Bachar Ibn Bord,Taala Fi Hind,8,وَرَمَاهُو بِاعْتِيَابِ,لَيْتَ مَنْ لَامَا مُحِبَّا,Before Islam: VIth century,ramal_partial,ramal_partial
242,Bachar Ibn Bord,Taala Fi Hind,9,مَا لِهِنْدٍ مِنْ مَتَابِ,أَرْهَقَتْ هَنْدٌ حَيَاتِي,Before Islam: VIth century,ramal_partial,ramal_partial
243,Bachar Ibn Bord,Taala Fi Hind,10,شَاغِلٍ أَوْ بِعَذَابِ,نَالَهُ اللَّهُ بِسُقْمٍ,Before Islam: VIth century,ramal_partial,ramal_partial
244,Bachar Ibn Bord,Taala Fi Hind,11,وَرَقَاهَا فَالخِلَابِ,حَبَّلَتْنِي بِمُنَاهَا,Before Islam: VIth century,ramal_partial,ramal_partial
245,Bachar Ibn Bord,Taala Fi Hind,12,هَائِمِ القَلْبِ مُصَابِ,كَيْفَ لَا تَأْوِي لِشَخْصٍ,Before Islam: VIth century,ramal_partial,ramal_partial
246,Bachar Ibn Bord,Taala Fi Hind,13,ذِي شُكَاةٍ وَانْتِحَابِ,دَنَفٍ فِي حُبِّ هِنْدٍ,Before Islam: VIth century,ramal_partial,ramal_partial
247,Bachar Ibn Bord,Taala Fi Hind,14,قَلْبَهُو مِنْ كُلِّ بَابِ,دَخَلَ الحُبُّ لِهِنْدٍ,Before Islam: VIth century,ramal_partial,ramal_partial
248,Bachar Ibn Bord,Taala Fi Hind,15,حِينَ تُرْبَا حُبَابِ,لَيْتَ لِي قَوْسًا وَنُبْلًا,Before Islam: VIth century,ramal_partial,ramal_partial
281,Bachar Ibn Bord,Taala Fi Hind,16,بِمُحِدَّاتٍ صِيَابِ,فَأُصِيبَ الْقَلْبُ مِنْهَا,Before Islam: VIth century,ramal_partial,ramal_partial
282,Bachar Ibn Bord,Taala Fi Hind,17,أَشْتَهِيهَا لِلْحِبَابِ,مِنْ سِهَامِ الحُبِّ إِنِّي,Before Islam: VIth century,ramal_partial,ramal_partial
283,Bachar Ibn Bord,Taala Fi Hind,18,بِصُدُودٍ وَاجْتِنَابِ,وَلَقَدْ تَامَتْ فُؤَادِي,Before Islam: VIth century,ramal_partial,ramal_partial
284,Bachar Ibn Bord,Taala Fi Hind,19,بَيْنَ إِتْبٍ وَسِخَابِ,يَوْمَ قَامَتْ تَتَهَادَى,Before Islam: VIth century,ramal_partial,ramal_partial
285,Bachar Ibn Bord,Taala Fi Hind,20,سَافِرًا أَوْ فِي نِقَابِ,أَمْلَحُ النَّاسِ جَمِيعًا,Before Islam: VIth century,ramal_partial,ramal_partial
286,Bachar Ibn Bord,Taala Fi Hind,21,وَجَمَالًا فِي الثِّيَابِ,كَمُلَتْ فِي العَيْنِ حُسْنًا,Before Islam: VIth century,ramal_partial,ramal_partial
287,Bachar Ibn Bord,Taala Fi Hind,22,فِي رُعُودٍ وَسَحَابِ,أُذْكُرِي لَيْلَةَ نَلْهُ,Before Islam: VIth century,ramal_partial,ramal_partial
288,Bachar Ibn Bord,Taala Fi Hind,23,فِي عَفَافٍ وَتُصَابِ,وَحَدِيثًا نَصْطَفِيهِ,Before Islam: VIth century,ramal_partial,ramal_partial
289,Bachar Ibn Bord,Taala Fi Hind,24,فِي هَوَاكُمْ بِالكِتَابِ,وَرَسُولًا بَاتَ يَسْرِي,Before Islam: VIth century,ramal_partial,ramal_partial
290,Bachar Ibn Bord,Taala Fi Hind,25,نَصَبُوا حَدَّ الحِرَابِ,يُنْذِرُ العَاشِقَ حَتَّى,Before Islam: VIth century,ramal_partial,ramal_partial
291,Bachar Ibn Bord,Taala Fi Hind,26,وَبَنِي عَمٍّ غُضَابِ,مِنْ عَدُوٍّ نَتَّقِيهِ,Before Islam: VIth century,ramal_partial,ramal_partial
292,Bachar Ibn Bord,Taala Fi Hind,27,كَادَ يُنْسِينِي مَآبِ,طَرَقَتْ حُبِّي بِهَمٍّ,Before Islam: VIth century,ramal_partial,ramal_partial
293,Bachar Ibn Bord,Taala Fi Hind,28,لِ بِطَاعُونِ الشَّبَابِ,وَاسْتَرَادَتْنِي عَلَى الْهَوْ,Before Islam: VIth century,ramal_partial,ramal_partial
233,Bachar Ibn Bord,Taala Fi Hind,29,نُ عَلَى ذَاتِ الحِجَابِ,كُلَّمَا جِئْتُ لِوَعْدٍ,Before Islam: VIth century,ramal_partial,ramal_partial
294,Bachar Ibn Bord,Taala Fi Hind,30,بَيْنَنَا أَوْ كَغُرَابِ,كُنْ غُرَابًا حِينَ تَأْتِي,Before Islam: VIth century,ramal_partial,ramal_partial
295,Bachar Ibn Bord,Taala Fi Hind,31,لَمْ نَكُنْ أَهْلَ مُعَابِ,حَذَرَ العَيْنِ فَإِنَّا,Before Islam: VIth century,ramal_partial,ramal_partial
263,Bachar Ibn Bord,Taala Fi Hind,32,نَحْوَهَا دُونَ القِرَابِ,فَتَحَضَّرْتُ بِنَفْسِي,Before Islam: VIth century,ramal_partial,ramal_partial
264,Bachar Ibn Bord,Taala Fi Hind,33,مِنْ شَكَاةٍ وَعِتَابِ,فَالْتَقَيْنَا بِحَدِيثٍ,Before Islam: VIth century,ramal_partial,ramal_partial
265,Bachar Ibn Bord,Taala Fi Hind,34,غَيْرَ تَحْقِيقٍ سِبَابِ,مَنْطِقٌ مِنْهَا وَمِنِّي,Before Islam: VIth century,ramal_partial,ramal_partial
266,Bachar Ibn Bord,Taala Fi Hind,35,لَمْ يَكُنْ هَذَا احْتِسَابِ,قُلْتُ لَمَّا بَرِحَتْ بِي,Before Islam: VIth century,ramal_partial,ramal_partial
267,Bachar Ibn Bord,Taala Fi Hind,36,زُورَكُمْ سَوْطَ عَذَابِ,حَيْثُ أَرْجُوكُمْ فَسُمْتُمْ,Before Islam: VIth century,ramal_partial,ramal_partial
268,Bachar Ibn Bord,Taala Fi Hind,37,كُنْتُ فِي بَطْنِ التُّرَابِ,لَيْتَنِي قَبْلَ هَوَاكُمْ,Before Islam: VIth century,ramal_partial,ramal_partial
269,Bachar Ibn Bord,Taala Fi Hind,38,حُبِّ لَا تُنْكِرْ خِطَابِ,فَبَكَتْ هِنْدٌ وَقَالَتْ,Before Islam: VIth century,ramal_partial,ramal_partial
270,Bachar Ibn Bord,Taala Fi Hind,39,بَعْدَهَا لِينُ جَوَابِ,غَلْظَةٌ بَعْدَ التَّلَاقِي,Before Islam: VIth century,ramal_partial,ramal_partial
3636,Bachar Ibn Bord,Tajahaza Taala Fi Al Nasabi,1,وَمُنْتَظَرُ الثَّقِيلِ عَلَيَّ دَاءُ,تَجَهَّزَ طَالَ فِي النَّصَبِ الثَّوَاءُو,Before Islam: VIth century,wafir_complete,wafir_complete
3637,Bachar Ibn Bord,Tajahaza Taala Fi Al Nasabi,2,فَإِنَّ رِيَاضَةَ النَّوْكَى عَيَاءُ,تَرَكْتُ رِيَاضَةَ النَّوْكَى قَدِيمًا,Before Islam: VIth century,wafir_complete,wafir_complete
3638,Bachar Ibn Bord,Tajahaza Taala Fi Al Nasabi,3,أَبِيتُ وَرُبَّمَا نَفَعَ الإِبَاءُ,إِذَا مَا سَامَنِي الخُلَطَاءُ خَسْفًا,Before Islam: VIth century,wafir_complete,wafir_complete
3639,Bachar Ibn Bord,Tajahaza Taala Fi Al Nasabi,4,وَوَجْهُ سَبِيلِهَا رَحْبٌ فَضَاءُ,وَإِغْضَائِي عَلَى البَزْلَاءِ وَهْنٌ,Before Islam: VIth century,wafir_complete,wafir_complete
3640,Bachar Ibn Bord,Tajahaza Taala Fi Al Nasabi,5,وَلِلْحَاجَاتِ وَرْدٌ وَانْقِضَاءُ,قَضَيْتُ لُبَانَةً وَنَسَأْتُ أُخْرَى,Before Islam: VIth century,wafir_complete,wafir_complete
3641,Bachar Ibn Bord,Tajahaza Taala Fi Al Nasabi,6,غِطَاءٌ سَوْفَ يَنْكَشِفُ الغِطَاءُ,عَلَى عَيْنِي أَبِي أَيُّوبَ مِنِّي,Before Islam: VIth century,wafir_complete,wafir_complete
3642,Bachar Ibn Bord,Tajahaza Taala Fi Al Nasabi,7,وَلِلضَّيْفِ الكَرَامَةُ وَالحِبَاءُ,جَفَانِي إِذْ نَزَلْتُ عَلَيْهِ ضَيْفًا,Before Islam: VIth century,wafir_complete,wafir_complete
3643,Bachar Ibn Bord,Tajahaza Taala Fi Al Nasabi,8,أَسُودُ إِذَا غَضِبْتُ وَلَا أُسَاءُ,غَدًا يَتَعَلَّمُ الفَجْفَاجُ أَنِّي,Before Islam: VIth century,wafir_complete,wafir_complete
3644,Bachar Ibn Bord,Tajahaza Taala Fi Al Nasabi,9,وَقَامَتْ دُونَهَا حَكَمٌ وَحَاءُ,نَأَتْ سَلْمَى وَشَطَّ بِهَا التَّنَائِي,Before Islam: VIth century,wafir_complete,wafir_complete
3645,Bachar Ibn Bord,Tajahaza Taala Fi Al Nasabi,10,وَقَدْ نَادَيْتُ لَوْ سُمِعَ النِّدَاءُ,وَأَقْعَدَنِي عَنِ الغُرِّ الغَوَانِي,Before Islam: VIth century,wafir_complete,wafir_complete
3646,Bachar Ibn Bord,Tajahaza Taala Fi Al Nasabi,11,وَعَهْدٌ لَا يَنَامُ بِهِ الوَفَاءُ,وَصِيَّةُ مَنْ أَرَاهُ عَلَيَّ رَبًّا,Before Islam: VIth century,wafir_complete,wafir_complete
3647,Bachar Ibn Bord,Tajahaza Taala Fi Al Nasabi,12,كَمَاءِ العَيْنِ فَقْدُهُمَا سَوَاءُ,هَجَرْتُ الآنِسَاتِ وَهُنَّ عِنْدِي,Before Islam: VIth century,wafir_complete,wafir_complete
3648,Bachar Ibn Bord,Tajahaza Taala Fi Al Nasabi,13,أَعُوذُ بِهِ إِذَا عَرَضَ البَلَاءُ,وَقَدْ عَرَّضْنَ لِي وَاللَّهُ دُونِي,Before Islam: VIth century,wafir_complete,wafir_complete
3649,Bachar Ibn Bord,Tajahaza Taala Fi Al Nasabi,14,حَلَبْتُ لَهُنَّ مَا وَسِعَ الإِنَاءُ,وَلَوْلَا القَائِمُ المَهْدِيُّ فِينَا,Before Islam: VIth century,wafir_complete,wafir_complete
3650,Bachar Ibn Bord,Tajahaza Taala Fi Al Nasabi,15,وَلَيْسَ لِعَهْدِ جَارِيَةٍ بَقَاءُ,وَيَوْمًا بِالجُدَيْدِ وَفَيْتُ عَهْدًا,Before Islam: VIth century,wafir_complete,wafir_complete
3652,Bachar Ibn Bord,Tajahaza Taala Fi Al Nasabi,16,وَقَرْتُ وَحَانَ مِنْ غَزَلِي انْتِهَاءُ,فَقُلْ لِلْغَانِيَاتِ يَقِرْنَ إِنِّي,Before Islam: VIth century,wafir_complete,wafir_complete
3653,Bachar Ibn Bord,Tajahaza Taala Fi Al Nasabi,17,فَثَابَ الحِلْمُ وَانْقَطَعَ العَنَاءُ,نَهَانِي مَالِكُ الأَمْلَاكِ عَنْهَا,Before Islam: VIth century,wafir_complete,wafir_complete
3654,Bachar Ibn Bord,Tajahaza Taala Fi Al Nasabi,18,وَبَيْنَهُمَا إِذَا التَقَيَا صَفَاءُ,وَكَمْ مِنْ هَاجِرٍ لِفَتَاةِ قَوْمٍ,Before Islam: VIth century,wafir_complete,wafir_complete
3655,Bachar Ibn Bord,Tajahaza Taala Fi Al Nasabi,19,عَلَيْهِنَّ السُّمُوطُ لَهَا إِبَاءُ,وَغَضَّاتُ الشَّبَابِ مِنَ العَذَارَى,Before Islam: VIth century,wafir_complete,wafir_complete
3656,Bachar Ibn Bord,Tajahaza Taala Fi Al Nasabi,20,وَتَرْبِيتِي وَلِلْكَلْبِ العُوَاءُ,إِذَا نَبَحَ العِدَى فَلَهُنَّ وِدِّي,Before Islam: VIth century,wafir_complete,wafir_complete
3657,Bachar Ibn Bord,Tajahaza Taala Fi Al Nasabi,21,يَصِرْنَ لَهُ وَإِذْ نَسَمِي شِفَاءُ,لَهَوْتُ بِهِنَّ إِذْ مَلَقِي أَنِيقٌ,Before Islam: VIth century,wafir_complete,wafir_complete
3658,Bachar Ibn Bord,Tajahaza Taala Fi Al Nasabi,22,كَمَا انْطَبَقَتْ عَلَى الأَرْضِ السَّمَاءُ,وَأَطْبَقَ حُبُّهُنَّ عَلَى فُؤَادِي,Before Islam: VIth century,wafir_complete,wafir_complete
3659,Bachar Ibn Bord,Tajahaza Taala Fi Al Nasabi,23,وَأَسْفَرَ عَنِّيَ الدَّاءُ العَيَاءُ,فَلَمَّا أَنْ دُعِيتُ أَصَبْتُ رُشْدِي,Before Islam: VIth century,wafir_complete,wafir_complete
3660,Bachar Ibn Bord,Tajahaza Taala Fi Al Nasabi,24,وَإِنْ صَنَعَ الخَلِيفَةُ مَا يَشَاءُ,عَلَى الغَزْلَى سَلَامُ اللَّهِ مِنِّي,Before Islam: VIth century,wafir_complete,wafir_complete
3661,Bachar Ibn Bord,Tajahaza Taala Fi Al Nasabi,25,وَمِنْ رَاحٍ بِهِ مِسْكٌ وَمَاءُ,فَهَذَا حِينَ تُبْتُ مِنَ الجَوَارِي,Before Islam: VIth century,wafir_complete,wafir_complete
3662,Bachar Ibn Bord,Tajahaza Taala Fi Al Nasabi,26,يَهُزُّ الكَأْسُ رَأْسِي وَالغِنَاءُ,وَإِنْ أَكُ قَدْ صَحَوْتُ فَرُبَّ يَوْمٍ,Before Islam: VIth century,wafir_complete,wafir_complete
3663,Bachar Ibn Bord,Tajahaza Taala Fi Al Nasabi,27,وَتَسْقِينِي بِرِيقَتِهَا النِّسَاءُ,أَرُوحُ عَلَى المَعَازِفِ أَرْبَخِيًّا,Before Islam: VIth century,wafir_complete,wafir_complete
3664,Bachar Ibn Bord,Tajahaza Taala Fi Al Nasabi,28,طَغَى طَرَبِي وَمَالَ بِيَ الفَتَاءُ,وَمَا فَارَقْتُ مِنْ سَرَفٍ وَلَكِنْ,Before Islam: VIth century,wafir_complete,wafir_complete
3665,Bachar Ibn Bord,Tajahaza Taala Fi Al Nasabi,29,وَلَيْسَ لِسَيِّدِ النَّوْكَى دَوَاءُ,أَوَانَ يَقُولُ مُسْلِمَةُ ابْنُ قَيْسٍ,Before Islam: VIth century,wafir_complete,wafir_complete
3666,Bachar Ibn Bord,Tajahaza Taala Fi Al Nasabi,30,وَلِلْمُتَكَلِّفِ الصَّلِفِ العَفَاءُ,رُوَيْدَكَ عَنْ قِصَافَ عَلَيْكَ عَيْنٌ,Before Islam: VIth century,wafir_complete,wafir_complete
3667,Bachar Ibn Bord,Tajahaza Taala Fi Al Nasabi,31,يُعَزِّينِي وَقَدْ غُلِبَ العَزَاءُ,فَلَا لَاقَى مَنَاعِمَهُ بْنُ قَيْسٍ,Before Islam: VIth century,wafir_complete,wafir_complete
1033,Badiie Azzaman Al Hamadani,Lain Ahrazaka Alda3i,1,لَقَدْ أَحْزَنَنِي النَّاعِي,لَئِنْ أَحْرَزَكَ الدَّاعِي,Abbassi: VIIIth - XVIth,hazaj_complete,hazaj_complete
1034,Badiie Azzaman Al Hamadani,Lain Ahrazaka Alda3i,2,لَقَدْ بِتْنَا بِأَوْجَاعِ,وَإِنْ بِتِّ بِجُعْجَاعِي,Abbassi: VIIIth - XVIth,hazaj_complete,hazaj_complete
1035,Badiie Azzaman Al Hamadani,Lain Ahrazaka Alda3i,3,إِلَى عِدَّةِ أَنْوَاعِي,وَقَدْ يَنْقَسِمُ المَوْتُ,Abbassi: VIIIth - XVIth,hazaj_complete,hazaj_complete
1036,Badiie Azzaman Al Hamadani,Lain Ahrazaka Alda3i,4,مَا بَالُكَ بِالقَاعِ,أَرَبَّ القَصْرِ وَالمَنْظَرِ,Abbassi: VIIIth - XVIth,hazaj_complete,hazaj_complete
1037,Badiie Azzaman Al Hamadani,Lain Ahrazaka Alda3i,5,بِنَفْسِي وَبِأَشْيَاعِي,أَيَا مِنْ دُونِهِ المَوْتُ,Abbassi: VIIIth - XVIth,hazaj_complete,hazaj_complete
1038,Badiie Azzaman Al Hamadani,Lain Ahrazaka Alda3i,6,وَيَا مُوحِشَ أَطْمَاعِي,وَيَا مُؤْنِسَ آمَالِي,Abbassi: VIIIth - XVIth,hazaj_complete,hazaj_complete
1039,Badiie Azzaman Al Hamadani,Lain Ahrazaka Alda3i,7,وَيَا حَرْقَةَ أَضْلَاعِي,وَيَا لَوْعَةَ ثَكْلَاهُ,Abbassi: VIIIth - XVIth,hazaj_complete,hazaj_complete
1040,Badiie Azzaman Al Hamadani,Lain Ahrazaka Alda3i,8,لِمَا يَسْعَى لَهُ السَّاعِي,لَقَدْ كُنْتُ أُرَجِّيكَا,Abbassi: VIIIth - XVIth,hazaj_complete,hazaj_complete
1041,Badiie Azzaman Al Hamadani,Lain Ahrazaka Alda3i,9,وَلَا يُدْرِكُهُو بَاعِي,وَمَا تَسْمُو لَهُو نَفْسِي,Abbassi: VIIIth - XVIth,hazaj_complete,hazaj_complete
1042,Badiie Azzaman Al Hamadani,Lain Ahrazaka Alda3i,10,بِأَيَّامِكَ إِينَاعِي,إِذَا لَمْ يُرِدِ اللَّاهُ,Abbassi: VIIIth - XVIth,hazaj_complete,hazaj_complete
1043,Badiie Azzaman Al Hamadani,Lain Ahrazaka Alda3i,11,وَأَيَّامِيَ إِيجَاعِي,فَقَدْ تَيْبَسُ أَنْفَاسِي,Abbassi: VIIIth - XVIth,hazaj_complete,hazaj_complete
1044,Badiie Azzaman Al Hamadani,Lain Ahrazaka Alda3i,12,مَ فِي عَشْرَةِ قَعْقَاعِ,لَكِنَّا مَنْ أَبَى القِسْ,Abbassi: VIIIth - XVIth,hazaj_complete,hazaj_complete
1045,Badiie Azzaman Al Hamadani,Lain Ahrazaka Alda3i,13,نَرَى رُوحَ بْنِ زِنْبَاعِ,وَكُنَّا كُلَّمَا شِئْنَا,Abbassi: VIIIth - XVIth,hazaj_complete,hazaj_complete
1046,Badiie Azzaman Al Hamadani,Lain Ahrazaka Alda3i,14,وَلَا كَانَ بِزَعْزَاعِ,فَتَى كَالغَصَنِ الرَّطْبِي,Abbassi: VIIIth - XVIth,hazaj_complete,hazaj_complete
1047,Badiie Azzaman Al Hamadani,Lain Ahrazaka Alda3i,15,عَلَى أَرْزُقِ نَبَّاعِ,فَتَى كَالسَّيْفِ لَا تَحْرِ,Abbassi: VIIIth - XVIth,hazaj_complete,hazaj_complete
1048,Badiie Azzaman Al Hamadani,Lain Ahrazaka Alda3i,16,وَعَنْ سَبْعَةِ أَسْبَاعِ,سَأُبْكِيكَ عَنِ الدُّنْيَا,Abbassi: VIIIth - XVIth,hazaj_complete,hazaj_complete
1049,Badiie Azzaman Al Hamadani,Lain Ahrazaka Alda3i,17,وَعَنْ نَادِرِ أَسْجَاعِ,وَعَنْ سَائِرِ أَبْيَاتٍ,Abbassi: VIIIth - XVIth,hazaj_complete,hazaj_complete
1050,Badiie Azzaman Al Hamadani,Lain Ahrazaka Alda3i,18,وَصُمَّتْ أُذُنُ الوَاعِي,وَلَمَّا بَكَرَ النَّاعِي,Abbassi: VIIIth - XVIth,hazaj_complete,hazaj_complete
1051,Badiie Azzaman Al Hamadani,Lain Ahrazaka Alda3i,19,بِأَلْحَانٍ وَإِيقَاعِ,لَطَمْنَا وَتَنَاوَحْنَا,Abbassi: VIIIth - XVIth,hazaj_complete,hazaj_complete
1052,Badiie Azzaman Al Hamadani,Lain Ahrazaka Alda3i,20,وَلَا حَمْلَةَ فُقَّاعِ,رَعَيْنَا كَرَمَ العَهْدِ,Abbassi: VIIIth - XVIth,hazaj_complete,hazaj_complete
1053,Badiie Azzaman Al Hamadani,Lain Ahrazaka Alda3i,21,فَغَمَّضْنَا لِتِهْجَاعِ,إِلَى حِينَ نَسَيْنَاكِ,Abbassi: VIIIth - XVIth,hazaj_complete,hazaj_complete
1054,Badiie Azzaman Al Hamadani,Lain Ahrazaka Alda3i,22,وَمَا كُنَّا عَلَى الصَّاعِ,وَأَخْلَدْنَا إِلَى المُدِّ,Abbassi: VIIIth - XVIth,hazaj_complete,hazaj_complete
1055,Badiie Azzaman Al Hamadani,Lain Ahrazaka Alda3i,23,إِلَى جَانِبِ خُدَّاعِ,كَذَاكَ النَّاسُ خُدَّاعٌ,Abbassi: VIIIth - XVIth,hazaj_complete,hazaj_complete
1056,Badiie Azzaman Al Hamadani,Lain Ahrazaka Alda3i,24,وَيَبْكُونَ مَعَ الرَّاعِي,يَعِيشُونَ مَعَ الذِّئْبِ,Abbassi: VIIIth - XVIth,hazaj_complete,hazaj_complete
1057,Badiie Azzaman Al Hamadani,Lain Ahrazaka Alda3i,25,وَلَا الغَيُّ بِإِبْدَاعِ,وَمَا الحِرْصُ بِبَدْع لَا,Abbassi: VIIIth - XVIth,hazaj_complete,hazaj_complete
1058,Badiie Azzaman Al Hamadani,Lain Ahrazaka Alda3i,26,وَكُنَّا شَرُّ أَتْبَاعِ,أَبُونَا نَسِيَ العَهْدَ,Abbassi: VIIIth - XVIth,hazaj_complete,hazaj_complete
1059,Badiie Azzaman Al Hamadani,Salamon Raihon Ghadi,1,عَلَى سَاكِنَةِ الوَادِي,سَلَامٌ رَائِحٌ غَادِ,Abbassi: VIIIth - XVIth,hazaj_complete,hazaj_complete
1060,Badiie Azzaman Al Hamadani,Salamon Raihon Ghadi,2,إِذَا مَا زُرْتُ وَالحَادِي,عَلَى مَنْ حُبَّهَا الهَادِي,Abbassi: VIIIth - XVIth,hazaj_complete,hazaj_complete
1061,Badiie Azzaman Al Hamadani,Salamon Raihon Ghadi,3,غَزَالٍ فِحِمٌ بَادِ,أُحِبُّ البَدْوَ مِنْ أَجْلِ,Abbassi: VIIIth - XVIth,hazaj_complete,hazaj_complete
1062,Badiie Azzaman Al Hamadani,Salamon Raihon Ghadi,4,عَلَى العَاتِقِ وَالهَادِي,أَلَا يَا رَبَّةَ الحَلْيِ,Abbassi: VIIIth - XVIth,hazaj_complete,hazaj_complete
1063,Badiie Azzaman Al Hamadani,Salamon Raihon Ghadi,5,وَقَدْ أَشْمَتِّ حُسَّادِي,لَقَدْ أَبْهَجْتِ أَعْدَائِي,Abbassi: VIIIth - XVIth,hazaj_complete,hazaj_complete
1064,Badiie Azzaman Al Hamadani,Salamon Raihon Ghadi,6,وَأَسْرٍ مَالَهُو فَادِ,بِسُقْمٍ مَالَهُو شَافٍ,Abbassi: VIIIth - XVIth,hazaj_complete,hazaj_complete
1065,Badiie Azzaman Al Hamadani,Salamon Raihon Ghadi,7,وَعُذَّالِي وَعُوَّادِي,فَإِخْوَانِي وَنُدْمَانِي,Abbassi: VIIIth - XVIth,hazaj_complete,hazaj_complete
1066,Badiie Azzaman Al Hamadani,Salamon Raihon Ghadi,8,كِ فِي نَوْمٍ وَتَسْهَادِ,فَمَا أَنْفَكُّ عَنْ ذِكْرَا,Abbassi: VIIIth - XVIth,hazaj_complete,hazaj_complete
1067,Badiie Azzaman Al Hamadani,Salamon Raihon Ghadi,9,وَطَيْفٍ غَيْرِ مُعْتَادِ,بِشَوْقٍ مِنْكِ مُعْتَادِ,Abbassi: VIIIth - XVIth,hazaj_complete,hazaj_complete
1068,Badiie Azzaman Al Hamadani,Salamon Raihon Ghadi,10,لِ حَيِّي ذَلِكَ النَّادِي,أَلَا يَا زَائِرَ المَوْصِ,Abbassi: VIIIth - XVIth,hazaj_complete,hazaj_complete
1069,Badiie Azzaman Al Hamadani,Salamon Raihon Ghadi,11,وَبِالمَوْصِلِ أَعْضَادِي,فَبِالمَوْصِلِ إِخْوَانِي,Abbassi: VIIIth - XVIth,hazaj_complete,hazaj_complete
1070,Badiie Azzaman Al Hamadani,Salamon Raihon Ghadi,12,يَ مِنْ مَثْنًى وَأَفْرَادِ,فَقُلْ لِلْقَوْمِ يَأْتُونِ,Abbassi: VIIIth - XVIth,hazaj_complete,hazaj_complete
1071,Badiie Azzaman Al Hamadani,Salamon Raihon Ghadi,13,وَعِنْدِي رَيُّ وَرَّادِ,فَعِنْدِي خِصْبُ زُوَّارٍ,Abbassi: VIIIth - XVIth,hazaj_complete,hazaj_complete
1072,Badiie Azzaman Al Hamadani,Salamon Raihon Ghadi,14,عَلَى الحَاضِرِ وَالبَادِي,وَعِنْدِي الظِّلَّ مَمْدُودًا,Abbassi: VIIIth - XVIth,hazaj_complete,hazaj_complete
1073,Badiie Azzaman Al Hamadani,Salamon Raihon Ghadi,15,بِكُمْ عَنْ مَنْهَلِ الصَّادِي,أَلَا لَا يَقْعُدِ العَجْزُ,Abbassi: VIIIth - XVIth,hazaj_complete,hazaj_complete
1074,Badiie Azzaman Al Hamadani,Salamon Raihon Ghadi,16,مَعَ النَّاقَةِ وَالزَّادِ,فَإِنَّ الحَجَّ مَفْرُوضٌ,Abbassi: VIIIth - XVIth,hazaj_complete,hazaj_complete
1075,Badiie Azzaman Al Hamadani,Salamon Raihon Ghadi,17,جَوَادٌ نَسْلُ أَجْوَادِ,كَفَانِي سَطْوَةَ الدَّهْرِ,Abbassi: VIIIth - XVIth,hazaj_complete,hazaj_complete
1076,Badiie Azzaman Al Hamadani,Salamon Raihon Ghadi,18,نَمَتْهُمْ خَيْرُ أَجْدَادِ,مَنَاهُو خَيْرُ آبَاءٍ,Abbassi: VIIIth - XVIth,hazaj_complete,hazaj_complete
1077,Badiie Azzaman Al Hamadani,Salamon Raihon Ghadi,19,سِوَى أَرْضِي وَرُوَّادِي,فَمَا يَصْبُو إِلَى أَرْضٍ,Abbassi: VIIIth - XVIth,hazaj_complete,hazaj_complete
1078,Badiie Azzaman Al Hamadani,Salamon Raihon Ghadi,20,شَ شَرَّ الزَّمَنِ العَادِي,وَقَاهُ اللَّهُ فِيمَا عَا,Abbassi: VIIIth - XVIth,hazaj_complete,hazaj_complete
2192,Badiie Azzaman Al Hamadani,Wa chaakiyaton takdibo,1,تَئِنُّ وَلَا تَتْعَبُ,وَشَاكِيَةٌ تَكْذِبُ,Abbassi: VIIIth - XVIth,motaqaarib_partial,motaqaarib_partial
2193,Badiie Azzaman Al Hamadani,Wa chaakiyaton takdibo,2,مُقَدِّمُهَا سِبْسِبُ,مُؤَخِّرُهَا مُحْرِجٌ,Abbassi: VIIIth - XVIth,motaqaarib_partial,motaqaarib_partial
2194,Badiie Azzaman Al Hamadani,Wa chaakiyaton takdibo,3,وَآخِرُهَا عَقْرَبُ,وَأَوَّلُهَا حَيَّةٌ,Abbassi: VIIIth - XVIth,motaqaarib_partial,motaqaarib_partial
2195,Badiie Azzaman Al Hamadani,Wa chaakiyaton takdibo,4,وَسَاعَةَ مَا تَغْضِبُ,تَعُدُّ لِيَوْمِ القُرَى,Abbassi: VIIIth - XVIth,motaqaarib_partial,motaqaarib_partial
2196,Badiie Azzaman Al Hamadani,Wa chaakiyaton takdibo,5,إِلَى رَاحَةٍ تَرْكِبُ,وَتُرْكَبُ لَكِنَّهَا,Abbassi: VIIIth - XVIth,motaqaarib_partial,motaqaarib_partial
2197,Badiie Azzaman Al Hamadani,Wa chaakiyaton takdibo,6,إِلَى الحِينِ لَا تَذْهَبُ,وَتَذْهَبُ لَكِنَّهَا,Abbassi: VIIIth - XVIth,motaqaarib_partial,motaqaarib_partial
2198,Badiie Azzaman Al Hamadani,Wa chaakiyaton takdibo,7,بِلَا قَلَمٍ تَكْتُبُ,وَتَكْتُبُ لَكِنَّهَا,Abbassi: VIIIth - XVIth,motaqaarib_partial,motaqaarib_partial
1831,Chadli Khaznah Daar,Raahato Annoha,1,هَاتِهَا فَلَا عَتَبُ,رَاحَةُ النُّهَى الطَّرَبُو,Modern,moqtadab_complete,moqtadab_complete
1832,Chadli Khaznah Daar,Raahato Annoha,2,وَالخُمُورُ تَتْسَكِبُ,الدِّنَانُ مُتْرَعَةٌ,Modern,moqtadab_complete,moqtadab_complete
1833,Chadli Khaznah Daar,Raahato Annoha,3,طَافَ فَوْقَهَا الحَبَبُ,وَالكُؤُوسُ جَارِيَةٌ,Modern,moqtadab_complete,moqtadab_complete
1834,Chadli Khaznah Daar,Raahato Annoha,4,السَّمَاءُ وَالشُّهُبُ,فَهْيَ وَالحَبَابُ مَعًا,Modern,moqtadab_complete,moqtadab_complete
1835,Chadli Khaznah Daar,Raahato Annoha,5,نِعْمَ ذَلِكَ النَّسَبُ,بِنْتُ كَرْمَةٍ جَلِيَتْ,Modern,moqtadab_complete,moqtadab_complete
1836,Chadli Khaznah Daar,Raahato Annoha,6,زَفَّهَا لَنَا العِنَبُ,رَحِّبُوا بِآنِسَةٍ,Modern,moqtadab_complete,moqtadab_complete
1837,Chadli Khaznah Daar,Raahato Annoha,7,فَهْيَ لِلصَّفَا سَبَبُ,وَابْشِرُوا بِطَلْعَتِهَا,Modern,moqtadab_complete,moqtadab_complete
1838,Chadli Khaznah Daar,Raahato Annoha,8,عَانِسٍ وَلَا عَجَبُ,عُتِقَتْ بِدَسْكَرَةٍ,Modern,moqtadab_complete,moqtadab_complete
1839,Chadli Khaznah Daar,Raahato Annoha,9,كُلُّنَا بِهَا نُخَبُ,كُلُّنَا بِهَا غَزَلٌ,Modern,moqtadab_complete,moqtadab_complete
1840,Chadli Khaznah Daar,Raahato Annoha,10,فَانْجَلَتْ بِهَا الكُرَبُ,دَارَتِ الكُؤُوسُ بِهَا,Modern,moqtadab_complete,moqtadab_complete
1841,Chadli Khaznah Daar,Raahato Annoha,11,وَالذُّيُولُ تَنْسَحِبُ,العُقُولُ ذَاهِلَةٌ,Modern,moqtadab_complete,moqtadab_complete
1842,Chadli Khaznah Daar,Raahato Annoha,12,وَالأَكُفُّ تَضْطَرِبُ,وَالعَقَائِرُ ارْتَفَعَتْ,Modern,moqtadab_complete,moqtadab_complete
1843,Chadli Khaznah Daar,Raahato Annoha,13,وَالقُلُوبُ تَلْتَهِبُ,وَالمَحَاجِرُ اسْتَعَرَتْ,Modern,moqtadab_complete,moqtadab_complete
1844,Chadli Khaznah Daar,Raahato Annoha,14,لُحِّنَتْ كَمَا يَجِبُ,وَالقِيَانُ سَاجِعَةٌ,Modern,moqtadab_complete,moqtadab_complete
1845,Chadli Khaznah Daar,Raahato Annoha,15,تَتْجَلِي وَتَحْتَجِبُ,وَالحِسَانُ حَافِلَةٌ,Modern,moqtadab_complete,moqtadab_complete
1846,Chadli Khaznah Daar,Raahato Annoha,16,خَيْزَرَانَةٌ قَضُبُ,وَالقُدُودُ مَائِسَةٌ,Modern,moqtadab_complete,moqtadab_complete
1847,Chadli Khaznah Daar,Raahato Annoha,17,السَّبَائِكُ الذَّهَبُ,وَالشُّعُورُ مُسْدِلَةٌ,Modern,moqtadab_complete,moqtadab_complete
1848,Chadli Khaznah Daar,Raahato Annoha,18,رَاشَ سَهْمُهَا الهَدَبُ,وَاللَّوَاحِظُ اتَّجَهَتْ,Modern,moqtadab_complete,moqtadab_complete
1849,Chadli Khaznah Daar,Raahato Annoha,19,فَانْجَلَى بِهَا الشَّنَبُ,وَالمَرَاشِفُ انْبَلَجَتْ,Modern,moqtadab_complete,moqtadab_complete
1850,Chadli Khaznah Daar,Raahato Annoha,20,فِي غُضُونِهَا الحِقَبُ,لَيْتَ لَيْلَتِي انْدَمَجَتْ,Modern,moqtadab_complete,moqtadab_complete
1851,Chadli Khaznah Daar,Raahato Annoha,21,تَنْجَلِي بِهَا السُّحُبُ,كُلُّ لَذَّةٍ حُلُمٍ,Modern,moqtadab_complete,moqtadab_complete
1852,Chadli Khaznah Daar,Raahato Annoha,22,كُنْهُهَا هِيَ اللَّعِبُ,وَالحَيَاةُ لَوْ عَلِمُوا,Modern,moqtadab_complete,moqtadab_complete
1853,Chadli Khaznah Daar,Raahato Annoha,23,كُلُّ عَاقِلٍ تَعِبُ,إِطْرَحِ الحَجَا فَبِهِ,Modern,moqtadab_complete,moqtadab_complete
1854,Chadli Khaznah Daar,Raahato Annoha,24,عَقْلِهِ فَيَطَّلِبُ,مَا جَنَى ابْنَ آدَمَ مِنْ,Modern,moqtadab_complete,moqtadab_complete
1855,Chadli Khaznah Daar,Raahato Annoha,25,لْحَيِّ لَوْ دَرَى أَرَبُ,مَا سَوَى اللَّذَائِذَ لِ,Modern,moqtadab_complete,moqtadab_complete
1856,Chadli Khaznah Daar,Raahato Annoha,26,فَهْيَ مِنْهُ تُغْتَصَبُ,فَاغْنَمِ الزَّمَانَ بِهَا,Modern,moqtadab_complete,moqtadab_complete
1857,Chadli Khaznah Daar,Raahato Annoha,27,الأُفْعُوَانِ يَنْسَرِبُ,إِنَّمَا زَمَانَكَ كَ,Modern,moqtadab_complete,moqtadab_complete
1858,Chadli Khaznah Daar,Raahato Annoha,28,رَاغَ عَنْكَ فَالهَرَبُ,وَهْوَ كَالثَّعَالَةِ إِنْ,Modern,moqtadab_complete,moqtadab_complete
1859,Chadli Khaznah Daar,Raahato Annoha,29,فِي الوَرَى وَمُكْتَئِبُ,أُمْرُؤَانِ مُنْبَسِطٌ,Modern,moqtadab_complete,moqtadab_complete
1860,Chadli Khaznah Daar,Raahato Annoha,30,مَا تَرَاهُ يَجْتَنِبُ,وَبْكِ لَيْسَ غَيْرُهُمَا,Modern,moqtadab_complete,moqtadab_complete
1861,Chadli Khaznah Daar,Raahato Annoha,31,رَاحَةَ النُّهَى الطَّرَبُ,فَاخْلَعِ العَذَارَ وَقُلْ,Modern,moqtadab_complete,moqtadab_complete
1799,Chadli Khaznah Daar,Zaana Tarfoha Al Hawaro,1,زَاغَ نَحْوَهَا البَصَرُ,زَانَ طَرْفُهَا الحَوَرُو,Modern,moqtadab_complete,moqtadab_complete
1800,Chadli Khaznah Daar,Zaana Tarfoha Al Hawaro,2,رَاشَ سَهْمُهَا النَّظَرُ,يَالَ أَعْيُنٍ فَتَكَتْ,Modern,moqtadab_complete,moqtadab_complete
1801,Chadli Khaznah Daar,Zaana Tarfoha Al Hawaro,3,وَاللَّوَاحِظُ الوَتَرُ,القِسِي حَوَاجِبُهَا,Modern,moqtadab_complete,moqtadab_complete
1802,Chadli Khaznah Daar,Zaana Tarfoha Al Hawaro,4,الشُّعَاعِ مُنْتَشِرُ,وَالشُّعُورُ مُرْسَلَةٌ,Modern,moqtadab_complete,moqtadab_complete
1803,Chadli Khaznah Daar,Zaana Tarfoha Al Hawaro,5,الشَّقِيقُ وَالزَّهَرُ,وَالشِّفَاهُ إِنْ بَسُمَتْ,Modern,moqtadab_complete,moqtadab_complete
1804,Chadli Khaznah Daar,Zaana Tarfoha Al Hawaro,6,العَقِيقُ وَالدُّرَرُ,أَوْ هُمَا وَلَا شَبَهٌ,Modern,moqtadab_complete,moqtadab_complete
1805,Chadli Khaznah Daar,Zaana Tarfoha Al Hawaro,7,وَالرَّحِيقُ مُعْتَصِرُ,وَاحْمِرَارُ وَجْنَتِهَا,Modern,moqtadab_complete,moqtadab_complete
1806,Chadli Khaznah Daar,Zaana Tarfoha Al Hawaro,8,فِي القَضِيبِ مُنْحَصِرُ,وَاعْتِدَالُ قَامَتِهَا,Modern,moqtadab_complete,moqtadab_complete
1807,Chadli Khaznah Daar,Zaana Tarfoha Al Hawaro,9,حِينَ يَجْتَنِي الثَّمَرُ,تَنْثَنِي بِهِ غَصَنًا,Modern,moqtadab_complete,moqtadab_complete
1808,Chadli Khaznah Daar,Zaana Tarfoha Al Hawaro,10,الجَمَالُ وَالصِّغَرُ,ذَامَهَا وَلَا حَرَجٌ,Modern,moqtadab_complete,moqtadab_complete
1809,Chadli Khaznah Daar,Zaana Tarfoha Al Hawaro,11,الغَزَالُ وَالقَمَرُ,إِنْ رَنَتْ وَإِنْ خَطَرَتْ,Modern,moqtadab_complete,moqtadab_complete
1810,Chadli Khaznah Daar,Zaana Tarfoha Al Hawaro,12,الهَزَارُ وَالوَتَرُ,إِنْ شَدَتْ وَإِنْ رَقَصَتْ,Modern,moqtadab_complete,moqtadab_complete
1811,Chadli Khaznah Daar,Zaana Tarfoha Al Hawaro,13,بِالجَمَالِ قَدْ سَكَرُوا,نَشْوَةُ الرِّجَالِ وَكَمْ,Modern,moqtadab_complete,moqtadab_complete
1812,Chadli Khaznah Daar,Zaana Tarfoha Al Hawaro,14,فُوعَةٌ لَنَا سُرُرُ,نَحْنُ فِي الحَدَاِئقِ مَرْ,Modern,moqtadab_complete,moqtadab_complete
1813,Chadli Khaznah Daar,Zaana Tarfoha Al Hawaro,15,فِي الهَوَى لَهُ وَطَرُ,وَالكَرِيمُ ذُو طَرَبٍ,Modern,moqtadab_complete,moqtadab_complete
1814,Chadli Khaznah Daar,Zaana Tarfoha Al Hawaro,16,فِيهِ بِالجَوَى أَثَرُ,عِنْدَهَا الفُؤَادُ وَلِي,Modern,moqtadab_complete,moqtadab_complete
1815,Chadli Khaznah Daar,Zaana Tarfoha Al Hawaro,17,عَاشَ هَكَذَا العُمَرُ,هَكَذَا النَّعِيمُ لِمَنْ,Modern,moqtadab_complete,moqtadab_complete
3699,Gibran Khalil Gibran,Rabbata Al Dawlati,1,عُدْتِ يَحْدُو رَكْبَكِ الرُّوحُ الأَمِينْ,رَبَّةَ الدَّوْلَةِ وَالجَاهِ المَكِينْ,Modern,ramal_complete,ramal_complete
3700,Gibran Khalil Gibran,Rabbata Al Dawlati,2,بِكِ وَالبَحْرُ ذَلُولٌ مُسْتَكِينْ,عُدْتِ فِي مُنْشَأَةٍ مُعْتَزَّةٍ ,Modern,ramal_complete,ramal_complete
3701,Gibran Khalil Gibran,Rabbata Al Dawlati,3,وَيُحَيِّي عَنْ شِمَالٍ وَيَمِينْ,يَتَلَقَّاهَا بِرِفْقٍ صَدْرُهُ,Modern,ramal_complete,ramal_complete
3702,Gibran Khalil Gibran,Rabbata Al Dawlati,4,وَلَهَا أَعْلَى لِوَاءٍ فِي السَّفِينْ,قُلِّدَتْ مَا قُلِّدَتْ مِنْ شَرَفٍ,Modern,ramal_complete,ramal_complete
3703,Gibran Khalil Gibran,Rabbata Al Dawlati,5,آيَتَا الإِحْسَانِ وَالحُسْنِ المُبِينْ,بَسَمَ الأُفْقَيْنِ فِي آنٍ بَدَتْ,Modern,ramal_complete,ramal_complete
3704,Gibran Khalil Gibran,Rabbata Al Dawlati,6,وَهِلَالُ العِيدِ مِنْ أَنْقَى جَبِينْ,بَزَغَتْ شَمْسُ الضُّحَى مِنْ سِتْرِهَا,Modern,ramal_complete,ramal_complete
3705,Gibran Khalil Gibran,Rabbata Al Dawlati,7,طَلَعَا بِاليُمْنِ لِلْمُرْتَقِبِينْ,مَرْحَبًا بِالفَضْلِ وَالنُّبْلِ مَعًا,Modern,ramal_complete,ramal_complete
3706,Gibran Khalil Gibran,Rabbata Al Dawlati,8,لَكِ مِنْ زِينَتِهَا مَا تَشْهَدِينْ,هَذِهِ جَنَّاتُ مِصْرٍ أَبْرَزَتْ,Modern,ramal_complete,ramal_complete
3707,Gibran Khalil Gibran,Rabbata Al Dawlati,9,أَلْبَسَتْهَا الفَخْرُ بَيْنَ الأَرَضِينْ,لَبِسَتْ سُنْدُسَهَا الأَرْضُ لِمَنْ,Modern,ramal_complete,ramal_complete
3708,Gibran Khalil Gibran,Rabbata Al Dawlati,10,بِرُّهَا مِنْ أُكُلٍ لِلْآكِلِينْ,آتَتِ الأَشْجَارُ مَا اسْتَنْبَتَهَا,Modern,ramal_complete,ramal_complete
3709,Gibran Khalil Gibran,Rabbata Al Dawlati,11,بَعْدَ حَمْدِ اللَّهِ رَبِّ العَالَمِينْ,شَدَتِ الأَطْيَارُ تَتْلُو حَمْدَهَا,Modern,ramal_complete,ramal_complete
3710,Gibran Khalil Gibran,Rabbata Al Dawlati,12,بَعْدَ شَجْوٍ رَدَّدَتْهُو وَأَنِينْ,حَبَّذَا تَغْرِيدُهَا فِي جَذَلٍ,Modern,ramal_complete,ramal_complete
3711,Gibran Khalil Gibran,Rabbata Al Dawlati,13,أُمَّةٍ مُوحِيَةٌ مَا تَسْمَعِينْ,إِنَّ آمَالَ بِلَادٍ وَمُنَى,Modern,ramal_complete,ramal_complete
3712,Gibran Khalil Gibran,Rabbata Al Dawlati,14,يَصْدُقُ الإِنْشَادُ وَالقَلْبُ يَمِينْ,لَيْسَ فِيهِي مِنْ مُدَاجَاةٍ وَهَلْ,Modern,ramal_complete,ramal_complete
3713,Gibran Khalil Gibran,Rabbata Al Dawlati,15,بَاسِطًا أَذْرُعَهُ لِلْمُسْتَقِينْ,فَاضَ مَجْرَى النِّيلِ مِنْ يَنْبُوعِهِ,Modern,ramal_complete,ramal_complete
3714,Gibran Khalil Gibran,Rabbata Al Dawlati,16,غَيْرُ مَا يُهْدِي مِنَ الكَنْزِ الثَّمِينْ,يَحْمِلُ الخِصْبَ وَمَا عُنْصُرُهُ,Modern,ramal_complete,ramal_complete
3715,Gibran Khalil Gibran,Rabbata Al Dawlati,17,جَازَ فِي المَأْلُوفِ أَنْ يُسْمَى بِطِينْ,أَرْخَصَ العَسْجَدَ حَتَّى إِنَّهُ,Modern,ramal_complete,ramal_complete
3716,Gibran Khalil Gibran,Rabbata Al Dawlati,18,وَهْوَ لِلْوُرَّادِ سَلْسَالٌ مَعِينْ,فَهْوَ فَوْقَ التُّرْبِ تِبْرٌ ذَائِبٌ,Modern,ramal_complete,ramal_complete
3717,Gibran Khalil Gibran,Rabbata Al Dawlati,19,وَلِأَهْلِيهِ عَلَى مَرِّ السِّنِينْ,عَوْدُكِ المَحْمُودُ عِيدٌ لِلْحِمَى,Modern,ramal_complete,ramal_complete
3718,Gibran Khalil Gibran,Rabbata Al Dawlati,20,جَمْعُهُمْ أَلْفَيْتِهِمْ مُجْتَمِعِينْ,لَوْ تَسَنَّى فِي مَكَانٍ وَاحِدٍ,Modern,ramal_complete,ramal_complete
3719,Gibran Khalil Gibran,Rabbata Al Dawlati,21,كُلَّ يَوْمٍ سَبَبٌ مِنْكِ مَتِينْ,ذَلِكَ الوُدُّ قَدِيمٌ زَادَهُ,Modern,ramal_complete,ramal_complete
3720,Gibran Khalil Gibran,Rabbata Al Dawlati,22,إِنْ يُرَوَا فِي غَيْرِهَا مُخْتَلِفِينْ,مَكْرُمَاتٌ أَلَّفَتْ بَيْنَهُمُ,Modern,ramal_complete,ramal_complete
3721,Gibran Khalil Gibran,Rabbata Al Dawlati,23,لَكِ بِالشُّكْرِ عَلَى الدَّهْرِ مَدِينْ,كَيْفَ لَا يُصْفِيكِ وُدًّا مَعْشَرٌ,Modern,ramal_complete,ramal_complete
3722,Gibran Khalil Gibran,Rabbata Al Dawlati,24,نِعْمَةَ القُدْوَةُ فِي دُنْيَا وَدِينْ,زِدْتِهِ بِرًّا بِأَنْ كُنْتِ لَهُ,Modern,ramal_complete,ramal_complete
3723,Gibran Khalil Gibran,Rabbata Al Dawlati,25,فَضْلُهَا يَشْمَلُهُ فِي كُلِّ حِينْ,لَا كَبَا جَدُّكِ مِنْ سَيِّدَةٍ,Modern,ramal_complete,ramal_complete
3724,Gibran Khalil Gibran,Rabbata Al Dawlati,26,لَعَدَدْنَاهُمْ أُلُوفًا وَمِئِينْ,لَوْ عَدَدْنَا فِيهِ مَنْ أَسْعَدْتِهِ,Modern,ramal_complete,ramal_complete
3725,Gibran Khalil Gibran,Rabbata Al Dawlati,27,مَوْضِعًا لِلْحُزْنِ فِي قَلْبٍ حَزِينْ,تُخْطِئُ الحَصْرَ أَيَادٍ لَمْ تَدَعْ,Modern,ramal_complete,ramal_complete
3726,Gibran Khalil Gibran,Rabbata Al Dawlati,28,وَاسْتَزَارَتْهَا قُصُورُ المَالِكِينْ,زَارَتِ الدَّهْمَاءَ فِي أَخْصَاضِهَا,Modern,ramal_complete,ramal_complete
3727,Gibran Khalil Gibran,Rabbata Al Dawlati,29,لِلْأَيَامَى وَاليَتَامَى البَائِسِينْ,كَمْ بَنَتْ مَأْوًى وَشَادَتْ مَلْجَأً,Modern,ramal_complete,ramal_complete
3728,Gibran Khalil Gibran,Rabbata Al Dawlati,30,خَيْرَ جِيلٍ مِنْ بَنَاتٍ وَبَنِينْ,وَأَقَامَتْ دَارَ عِلْمٍ نَشَّأَتْ,Modern,ramal_complete,ramal_complete
3729,Gibran Khalil Gibran,Rabbata Al Dawlati,31,خَالِدٌ فِي ذِكْرَيَاتِ الذَّاكِرِينْ,يَا لَهَا مِنْ مَأْثَرَاتٍ كُلُّهَا,Modern,ramal_complete,ramal_complete
3730,Gibran Khalil Gibran,Rabbata Al Dawlati,32,وَأَعَزَّ اللَّهُ أُمَّ المُحْسِنِينْ,دُمْتِ لِلْإِحْسَانِ مَا طَالَ المَدَى,Modern,ramal_complete,ramal_complete
1684,Hafez Ibrahim,Ahlan Biawali moslimin,1,فِي المَشْرِقَيْنِ عَلَا وَطَارَ,أَهْلًا بِأَوَّلِ مُسْلِمٍ,Modern,kamil_partial,kamil_partial
1685,Hafez Ibrahim,Ahlan Biawali moslimin,2,كَ تَجَاذَبَا ذَيْلَ الفَخَارِ,النِّيلُ وَالبُسْفُورُ فِي,Modern,kamil_partial,kamil_partial
1686,Hafez Ibrahim,Ahlan Biawali moslimin,3,مَيْمُونَ وَاجْتَزْتَ القِفَارِ,يَوْمَ امْتَطَيْتَ بُرَاقَكَ الْ,Modern,kamil_partial,kamil_partial
1687,Hafez Ibrahim,Ahlan Biawali moslimin,4,حِ عَلَى المَفَاوِزِ وَالبِحَارِ,تَلْهُو وَتَعْبَثُ بِالرِّيَا,Modern,kamil_partial,kamil_partial
1688,Hafez Ibrahim,Ahlan Biawali moslimin,5,أَفْكَارِ أَدْرَكَهَا العِثَارُ,لَوْ سَابَقَتْكَ سَوَابِقُ الْ,Modern,kamil_partial,kamil_partial
1689,Hafez Ibrahim,Ahlan Biawali moslimin,6,قُ وَغَارَ فِي الأَرْضِ البُخَارُ,حَسَدَتْكَ فِي الأُفُقِ البُرُو,Modern,kamil_partial,kamil_partial
1690,Hafez Ibrahim,Ahlan Biawali moslimin,7,قُ سَبِيلَهَا شَقَّ الإِزَارِ,تَجْرِي بِسَابِحَةٍ تَشُقْ,Modern,kamil_partial,kamil_partial
1691,Hafez Ibrahim,Ahlan Biawali moslimin,8,رِ فَيَسْتَحِيلُ إِلَى شَرَارِ,وَتَكَادُ تَقْدَحُ فِي الأَثِي,Modern,kamil_partial,kamil_partial
1692,Hafez Ibrahim,Ahlan Biawali moslimin,9,آثَارِ عِفْرِيتٍ وَثَارِ,مِثْلَ الشِّهَابِ انْقَضَّ فِي,Modern,kamil_partial,kamil_partial
1693,Hafez Ibrahim,Ahlan Biawali moslimin,10,مُضْطَرِّ تَخْتَرِقُ السِّتَارُ,فَإِذَا عَلَتْ فَكَدَعْوَةِ الْ,Modern,kamil_partial,kamil_partial
1694,Hafez Ibrahim,Ahlan Biawali moslimin,11,أُنْثَى العُقَابِ عَلَى الهَزَازِ,وَإِذَا هَوَتْ فَكَمَا هَوَتْ,Modern,kamil_partial,kamil_partial
1695,Hafez Ibrahim,Ahlan Biawali moslimin,12,وِنَةً يَحِيدُ بِهَا ازْوِرَارُ,وَتُسِفُّ آوِنَةً وَآ,Modern,kamil_partial,kamil_partial
1696,Hafez Ibrahim,Ahlan Biawali moslimin,13,قَرَّتْ وَلَيْسَ بِهَا قَرَارُ,فَيَخَالُهَا الرَّاؤُونَ قَدْ,Modern,kamil_partial,kamil_partial
1697,Hafez Ibrahim,Ahlan Biawali moslimin,14,ثًا مِنْ قُضَاعَةَ أَوْ نِزَارِ,لَعِبَ الجَوَادُ أَقَلَّ لَيْ,Modern,kamil_partial,kamil_partial
1698,Hafez Ibrahim,Ahlan Biawali moslimin,15,ئِمِ فَوْقَ مَلْعَبِهِ اسْتَطَارَ,أَوْ كَاللَّعُوبِ مِنَ الحَمَا,Modern,kamil_partial,kamil_partial
1699,Hafez Ibrahim,Ahlan Biawali moslimin,16,نَ يَمِيلُ مِيزَانُ النَّهَارِ,وَكَأَنَّهَا فِي الأُفْقِ حِي,Modern,kamil_partial,kamil_partial
1700,Hafez Ibrahim,Ahlan Biawali moslimin,17,حُلَلَ احْمِرَارٍ وَاصْفِرَارِ,وَالشَّمْسُ تُلْقِي فَوْقَهَا,Modern,kamil_partial,kamil_partial
1701,Hafez Ibrahim,Ahlan Biawali moslimin,18,سِّيمَا فَيَأْخُذُنَا انْبِهَارِ,مَلِكٌ تُمَثِّلُهُ لَنَا الْ,Modern,kamil_partial,kamil_partial
1702,Hafez Ibrahim,Ahlan Biawali moslimin,19,تَ بِذَلِكَ الفَلَكِ المُدَارِ,فَتَحِي بِرَبِّكَ مَا رَأَيْ,Modern,kamil_partial,kamil_partial
1703,Hafez Ibrahim,Ahlan Biawali moslimin,20,ئِكِ أَوْ دَنَوْتَ مِنَ السِّرَارِ,أَبَلَغْتَ تَسْبِيحَ المَلَا,Modern,kamil_partial,kamil_partial
1704,Hafez Ibrahim,Ahlan Biawali moslimin,21,تِ هُنَاكَ مِنْ شُهُبٍ وَنَارِ,أَمْ خِفْتَ تِلْكَ الرَّاصِدَا,Modern,kamil_partial,kamil_partial
1705,Hafez Ibrahim,Ahlan Biawali moslimin,22,مِ وَأَنْتَ فِي ذَاكَ الجِوَارِ,أَرَأَيْتَ سُكَّانَ النُّجُو,Modern,kamil_partial,kamil_partial
1706,Hafez Ibrahim,Ahlan Biawali moslimin,23,فِي الأَرْضِ مِنْ عِلَلِ الشِّجَارِ,أَهُنَاكَ فِي المِرِّيخِ مَا,Modern,kamil_partial,kamil_partial
1707,Hafez Ibrahim,Ahlan Biawali moslimin,24,فُ عَلَى القَوِيِّ فَلَا يُجَارِ,أَهُنَاكَ يَسْتَعْدِي الضَّعِي,Modern,kamil_partial,kamil_partial
1708,Hafez Ibrahim,Ahlan Biawali moslimin,25,غُلَوَائِهِ فَطَغَى وَجَارَ,مَا لِابْنِ آدَمَ زَادَ فِي,Modern,kamil_partial,kamil_partial
1709,Hafez Ibrahim,Ahlan Biawali moslimin,26,فِي عَالَمِ المَلَكُوتِ ثَارِ,يَا لَيْتَ شِعْرِي هَلْ لَهُ,Modern,kamil_partial,kamil_partial
1710,Hafez Ibrahim,Ahlan Biawali moslimin,27,سِيِّ المُهَيْمِنِ وَاسْتَجَارِ,أَمْ لَاذَ مُعْتَصِمًا بِكُرْ,Modern,kamil_partial,kamil_partial
1711,Hafez Ibrahim,Ahlan Biawali moslimin,28,دِ الصُّلْبِ أَجْنِحَةً وَطَارَ,فَاسْتَلَّ مِنْ قَلْبِ الجَمَا,Modern,kamil_partial,kamil_partial
1712,Hafez Ibrahim,Ahlan Biawali moslimin,29,تَطِيًا عَوَاصِفَهَا وَسَارَ,وَتَسَلَّقَ الأَجْوَاءَ مُمْ,Modern,kamil_partial,kamil_partial
1713,Hafez Ibrahim,Ahlan Biawali moslimin,30,لِمِ وَالمَغَارِمِ وَالدَّمَارِ,يَرْجُو النَّجَاءَ مِنَ المَظَا,Modern,kamil_partial,kamil_partial
1714,Hafez Ibrahim,Ahlan Biawali moslimin,31,فَإِذَا بَلَغْتَ مَدَى المَطَارِ,يَا أَيُّهَا الطَّيَّارُ طِرْ,Modern,kamil_partial,kamil_partial
1715,Hafez Ibrahim,Ahlan Biawali moslimin,32,نِ إِذَا أُتِيحَ لَكَ المَزَارُ,فَزُرِ السُّهَا وَالفَرْقَدَيْ,Modern,kamil_partial,kamil_partial
1716,Hafez Ibrahim,Ahlan Biawali moslimin,33,ةِ فَفِي السُّؤَالِ لَكَ اعْتِبَارِ,وَسَلِ النُّجُومَ عَنِ الحَيَا,Modern,kamil_partial,kamil_partial
1717,Hafez Ibrahim,Ahlan Biawali moslimin,34,لَ الكَائِنَاتِ إِلَى بَوَارِ,هُمْ يُنَبِّئُونَكَ أَنَّ كُلْ,Modern,kamil_partial,kamil_partial
1718,Hafez Ibrahim,Ahlan Biawali moslimin,35,مِ فَإِنْ ظُلِمْتَ فَلَا تُمَارِ,وَالظُّلْمُ مِنْ طَبْعِ النِّظَا,Modern,kamil_partial,kamil_partial
1719,Hafez Ibrahim,Ahlan Biawali moslimin,36,مَ هُوَ الَّذِي بَرَأَ الغُبَارَ,إِنَّ الَّذِي بَرَأَ السَّدِي,Modern,kamil_partial,kamil_partial
1720,Hafez Ibrahim,Ahlan Biawali moslimin,37,سُّفْلِيِّ أَحْكَامٌ تُدَارُ,فِي العَالَمِ العُلْوِيِّ وَالْ,Modern,kamil_partial,kamil_partial
1721,Hafez Ibrahim,Ahlan Biawali moslimin,38,أَقْوَى وَلَيْسَ لَهُ خِيَارُ,خُلِقَ الضَّعِيفُ لِخِدْمَةِ الْ,Modern,kamil_partial,kamil_partial
1722,Hafez Ibrahim,Ahlan Biawali moslimin,39,يُ وَهُنْ يُلَازِمُكَ الصَّغَارُ,فَتَقَوَّ يَرْهَبُكَ القَوِيْ,Modern,kamil_partial,kamil_partial
1723,Hafez Ibrahim,Ahlan Biawali moslimin,40,عِزٍّ وَآمَالٍ كِبَارِ,فِي الأَرْضِ مَا تَبْغُونَ مِنْ,Modern,kamil_partial,kamil_partial
1724,Hafez Ibrahim,Ahlan Biawali moslimin,41,سٌ يَوْمَ يُمْتَهَنُ الذِّمَارُ,فِيهَا الحَدِيدُ وَفِيهِ بَأْ,Modern,kamil_partial,kamil_partial
1725,Hafez Ibrahim,Ahlan Biawali moslimin,42,تُ لِمَنْ تَبَصَّرَ وَاسْتَنَارَ,فِيهَا الكُنُوزُ الحَافِلَا,Modern,kamil_partial,kamil_partial
1726,Hafez Ibrahim,Ahlan Biawali moslimin,43,قَهَرَ المَمَالِكِ وَاسْتَعَارَ,مِنْهَا اسْتَمَدَّ قُوَاهُ مَنْ,Modern,kamil_partial,kamil_partial
1727,Hafez Ibrahim,Ahlan Biawali moslimin,44,فُ الرَّأْيِ غَارَةَ مَنْ أَغَارَ,وَبِمَا احْتَوَتْ رَدَّ الحَصِي,Modern,kamil_partial,kamil_partial
1728,Hafez Ibrahim,Ahlan Biawali moslimin,45,وَارْجِعْ إِلَى تِلْكَ الدِّيَارِ,فِي ذِمَّةِ الآفَاقِ سِرْ,Modern,kamil_partial,kamil_partial
1729,Hafez Ibrahim,Ahlan Biawali moslimin,46,بَلَدٍ بِهِ لِلمُلْكِ دَارُ,وَاجْعَلْ تَحِيَّتَنَا إِلَى,Modern,kamil_partial,kamil_partial
1730,Hafez Ibrahim,Ahlan Biawali moslimin,47,فَةِ وَالهُدَى رُفِعَ المَنَارُ,دَارٌ عَلَيْهَا لِلْخِلَا,Modern,kamil_partial,kamil_partial
1731,Hafez Ibrahim,Ahlan Biawali moslimin,48,نَ الصَّفْوَةِ الغُرِّ الخِيَارِ,دَارُ الغُزَاةِ الفَاتِحِي,Modern,kamil_partial,kamil_partial
1732,Hafez Ibrahim,Ahlan Biawali moslimin,49,غَزْوٌ فَفَتْحٌ فَانْتِصَارِ,فِي كُلِّ حَاضِرَةٍ لَهُمْ,Modern,kamil_partial,kamil_partial
1733,Hafez Ibrahim,Ahlan Biawali moslimin,50,زَتِهِمْ فَلَانَ لَهُمْ فَدَارَ,ضَرَبُوا الزَّمَانَ بِسَوْطِ عِزْ,Modern,kamil_partial,kamil_partial
1734,Hafez Ibrahim,Ahlan Biawali moslimin,51,مَشْيَ المُرَنَّحِ بِالعُقَارِ,يَمْشُونَ فِي غَابِ القَنَا,Modern,kamil_partial,kamil_partial
1735,Hafez Ibrahim,Ahlan Biawali moslimin,52,لَا يَسْتَشِيرُ سِوَى الغِرَارِ,مِنْ كُلِّ أَرْوَعَ فَاتِكٍ,Modern,kamil_partial,kamil_partial
1736,Hafez Ibrahim,Ahlan Biawali moslimin,53,تُ النَّقْعِ لَا ذَاتُ الخِمَارِ,ذِي مِرَّةٍ تُشْجِيهِ ذَا,Modern,kamil_partial,kamil_partial
1737,Hafez Ibrahim,Ahlan Biawali moslimin,54,بِحَيَاتِهِ ضَرْبَ القِمَارِ,يَغْشَى المَعَامِعَ ضَارِبًا,Modern,kamil_partial,kamil_partial
1738,Hafez Ibrahim,Ahlan Biawali moslimin,55,أَجْرَامُ عَنْ فَلَكِ المَدَارِ,لَا يَنْثَنِي أَوْ تَخْرُجَ الْ,Modern,kamil_partial,kamil_partial
1739,Hafez Ibrahim,Ahlan Biawali moslimin,56,وَالعَبْسُ يَعْقُبُهُ افْتِرَارُ,عَبَسَتْ لَهُمْ أَيَّامُهُمْ,Modern,kamil_partial,kamil_partial
1740,Hafez Ibrahim,Ahlan Biawali moslimin,57,دَ يَلِيهِ فِي الدَّهْرِ انْحِدَارِ,مَا عَابَهُمْ أَنَّ الصُّعُو,Modern,kamil_partial,kamil_partial
1741,Hafez Ibrahim,Ahlan Biawali moslimin,58,وَلِكُلِّ وُضَّاءٍ سِرَارِ,فَلِكُلِّ غَادٍ رَوْحَةٌ,Modern,kamil_partial,kamil_partial
1742,Hafez Ibrahim,Ahlan Biawali moslimin,59,وَيَسُودُ ذَيَّاكَ الشِّعَارُ,وَلَسَوْفَ يَعْلُو نَجْمُهُمْ,Modern,kamil_partial,kamil_partial
38,Hafez Ibrahim,Ma Lihatha Annajm,1,قَدْ سَهَا مِنْ شِدَّةِ السَّهَرِي,مَا لِهَذَا النَّجْمِ فِي السَّحَرِي,Modern,madid_complete,madid_complete
39,Hafez Ibrahim,Ma Lihatha Annajm,2,إِنْ جَفَانِي مُؤْنِسُ السَّحَرِي,خِلْتُهُ يَا قَوْمُ يُؤْنِسُنِي,Modern,madid_complete,madid_complete
40,Hafez Ibrahim,Ma Lihatha Annajm,3,أَفْنَتِ الأَيَّامُ مُصْطَبَرِي,يَا لِقَوْمِي إِنَّنِي رَجُلٌ,Modern,madid_complete,madid_complete
41,Hafez Ibrahim,Ma Lihatha Annajm,4,نَامَ حَتَّى هَاتِفُ الشَّجَرِي,أَسْهَرَتْنِي الحَادِثَاتُ وَقَدْ,Modern,madid_complete,madid_complete
42,Hafez Ibrahim,Ma Lihatha Annajm,5,خَطْوَ ذِي عِزٍّ وَذِي خَفَرِي,وَالدُّجَى يَخْطُو عَلَى مَهَلٍ,Modern,madid_complete,madid_complete
43,Hafez Ibrahim,Ma Lihatha Annajm,6,كَحَبِيبٍ آبَ مِنْ سَفَرِي,فِيهِ شَخْصُ اليَأْسِ عَانَقَنِي,Modern,madid_complete,madid_complete
44,Hafez Ibrahim,Ma Lihatha Annajm,7,كَامِنَاتِ الهَمِّ وَالكَدَرِي,وَأَثَارَتْ بِي فَوَادِحُهُ,Modern,madid_complete,madid_complete
45,Hafez Ibrahim,Ma Lihatha Annajm,8,يَنْقَضِي أَوْ يَنْقَضِي عُمُرِي,وَكَأَنَّ اللَّيْلَ أَقْسَمَ لَا,Modern,madid_complete,madid_complete
46,Hafez Ibrahim,Ma Lihatha Annajm,9,تَخْشَ فِينَا خَالِقَ البَشَرِي,أَيُّهَا الزِّنْجِيُّ مَا لَكَ لَمْ,Modern,madid_complete,madid_complete
47,Hafez Ibrahim,Ma Lihatha Annajm,10,صُورَةٌ مِنْ أَبْدَعِ الصُّوَرِي,لِي حَبِيبٌ هَاجِرٌ وَلَهُ,Modern,madid_complete,madid_complete
48,Hafez Ibrahim,Ma Lihatha Annajm,11,كَتَلَاشِي الظِلِّ فَي القَمَرِي,أَتَلَاشَى فِي مَحَبَّتِهِ,Modern,madid_complete,madid_complete
932,Hajib Ibn Habib,Batat Taloumo,1,لِيُشْرَى فَقَدْ جَدَّ عِصْيَانُهَا,وَبَاتَتْ تَلُومُ عَلَى ثَادِقٍ,Before Islam: VIth century,motaqaarib_complete,motaqaarib_complete
933,Hajib Ibn Habib,Batat Taloumo,2,سَوَاءٌ عَلَيَّ وَإِعْلَانُهَا,أَلَا إِنَّ نَجْوَاكِ فِي ثَادِقٍ,Before Islam: VIth century,motaqaarib_complete,motaqaarib_complete
934,Hajib Ibn Habib,Batat Taloumo,3,أَرَى الخَيْلَ قَدْ ثَابَ أَثْمَانُهَا,وَقَالَتْ أَغِثْنَا بِهِ إِنَّنِي,Before Islam: VIth century,motaqaarib_complete,motaqaarib_complete
935,Hajib Ibn Habib,Batat Taloumo,4,كَرِيمُ المَكَبَّةِ مِبْدَانُهَا,فَقُلْتُ أَلَمْ تَعْلَمِي أَنَّهُ,Before Islam: VIth century,motaqaarib_complete,motaqaarib_complete
936,Hajib Ibn Habib,Batat Taloumo,5,طَوِيلُ القَوَائِمِ عُرْيَانُهَا,كُمَيْتٌ أُمِرَّ عَلَى زُفْرَةٍ,Before Islam: VIth century,motaqaarib_complete,motaqaarib_complete
937,Hajib Ibn Habib,Batat Taloumo,6,إِذَا مَا تَقَطَّعَ أَقْرَانُهَا,تَرَاهُ عَلَى الخَيْلِ ذَا جُرْأَةٍ,Before Islam: VIth century,motaqaarib_complete,motaqaarib_complete
938,Hajib Ibn Habib,Batat Taloumo,7,عُمَانَ وَقَدْ سُدَّ مُرَّانُهَا,وَهُنَّ يَرِدْنَ وُرُودَ القَطَا,Before Islam: VIth century,motaqaarib_complete,motaqaarib_complete
939,Hajib Ibn Habib,Batat Taloumo,8,رِ خَاظِي الطَّرِيقَةِ رَيَّانُهَا,طَوِيلُ العِنَانِ قَلِيلُ العِثَا,Before Islam: VIth century,motaqaarib_complete,motaqaarib_complete
940,Hajib Ibn Habib,Batat Taloumo,9,جَمِيلُ الطُّلَالَةِ حُسَّانُهَا,وَقُلْتُ أَلَمْ تَعْلَمِي أَنَّهُ,Before Islam: VIth century,motaqaarib_complete,motaqaarib_complete
941,Hajib Ibn Habib,Batat Taloumo,10,جُمُومًا وَيُبْلَغُ إِمْكَانُهَا,يَجُمُّ عَلَى السَّاقِ بَعْدَ المِتَانِي,Before Islam: VIth century,motaqaarib_complete,motaqaarib_complete
1298,Hassan Ibn Thabit,Onthor Khaliili,1,تُؤْنِسُ دُونَ البَلْقَاءِ مِنْ أَحَدِ,أُنْظُرْ خَلِيلِي بِبَطْنِ جِلِّقَ هَلْ,Just before and aftrer Islam: VIIth - VIIIth,monsarih_complete,monsarih_complete
1299,Hassan Ibn Thabit,Onthor Khaliili,2,مَحْبِسِ بَيْنَ الكُثْبَانِ فَالسَّنَدِ,جِمَالَ شَعْثَاءَ قَدْ هَبَطْنَ مِنَ الْ,Just before and aftrer Islam: VIIth - VIIIth,monsarih_complete,monsarih_complete
1300,Hassan Ibn Thabit,Onthor Khaliili,3,رَيْطِ وَبِيضَ الوُجُوهِ كَالبَرَدِ,يَحْمِلنَ حُوًّا حُورَ المَدَامِعِ فِي الرْ,Just before and aftrer Islam: VIIth - VIIIth,monsarih_complete,monsarih_complete
1301,Hassan Ibn Thabit,Onthor Khaliili,4,جِ عَلَيْهِ السَّحَابُ كَالقِدَدِ,مِنْ دُونِ بُصْرَى وَخَلْفَهَا جَبَلُ الثَّلْ,Just before and aftrer Islam: VIIth - VIIIth,monsarih_complete,monsarih_complete
1302,Hassan Ibn Thabit,Onthor Khaliili,5,يَقْطَعْنَ مِنْ كُلِّ سَرْبَخٍ جَدَدِ,إِنِّي وَرَبِّ المُخَيِّسَاتِ وَمَا,Just before and aftrer Islam: VIIth - VIIIth,monsarih_complete,monsarih_complete
1303,Hassan Ibn Thabit,Onthor Khaliili,6,حِلْفَةَ بَرِّ اليَمِينِ مُجْتَهِدِ,وَالبُدْنِ إِذْ قُرِّبَتْ لِمَنْحَرِهَا,Just before and aftrer Islam: VIIth - VIIIth,monsarih_complete,monsarih_complete
1304,Hassan Ibn Thabit,Onthor Khaliili,7,أَحْبَبْتُ حُبِّي إِيَّاكِ مِنْ أَحَدِ,مَا حُلْتُ عَنْ خَيْرِ مَا عَهِدْتِ وَلَا,Just before and aftrer Islam: VIIth - VIIIth,monsarih_complete,monsarih_complete
1305,Hassan Ibn Thabit,Onthor Khaliili,8,كَأْسِ لَأُلْفَيْتَ مُثْرِيَ العَدَدِ,تَقُولُ شَعْثَاءُ لَوْ تُفِيقُ مِنَ الْ,Just before and aftrer Islam: VIIth - VIIIth,monsarih_complete,monsarih_complete
1306,Hassan Ibn Thabit,Onthor Khaliili,9,صُبْحِ وَصَوْتَ المُسَامِرِ الغَرِدِ,أَشْهَى حَدِيثَ النَّدْمَانِ فِي فَلَقِ الصْ,Just before and aftrer Islam: VIIth - VIIIth,monsarih_complete,monsarih_complete
1307,Hassan Ibn Thabit,Onthor Khaliili,10,مٌ لَمْ يُضَامُوا كَلِبْدَةِ الأَسَدِ,يَأْبَى لِيَ السَّيْفُ وَاللِّسَانُ وَقَوْ,Just before and aftrer Islam: VIIth - VIIIth,monsarih_complete,monsarih_complete
1308,Hassan Ibn Thabit,Onthor Khaliili,11,يَخْشَى جَلِيسِي إِذَا غَضَبْتِ يَدِي,لَا أَخْدِشُ الخَدْشَ بِالنَّدِيمِ وَلَا,Just before and aftrer Islam: VIIth - VIIIth,monsarih_complete,monsarih_complete
1309,Hassan Ibn Thabit,Onthor Khaliili,12,يَخَافُ جَارِي مَا عِشْتُ مِنْ وَبَدِ,وَلَا نَدِيمِي العِضُّ البَخِيلُ وَلَا,Just before and aftrer Islam: VIIth - VIIIth,monsarih_complete,monsarih_complete
1180,Hatim Attaii,Abaa Toolo Laylika,1,فَمَا إِنْ تَبِينُ لِصُبْحٍ عَمُودَا,أَبَى طُولُ لَيْلِكَ إِلَّا سُهُودَ,Before Islam: VIth century,motaqaarib_complete,motaqaarib_complete
1181,Hatim Attaii,Abaa Toolo Laylika,2,وَأُوجِعُ مِنْ سَاعِدَيَّ الحَدِيدَا,أَبِيتُ كَئِيبًا أُرَاعِي النُّجُومَ,Before Islam: VIth century,motaqaarib_complete,motaqaarib_complete
1182,Hatim Attaii,Abaa Toolo Laylika,3,مِنَ النَّاسِ يَجْمَعُ حُزْمًا وَجُودَا,أُرَجِّي فَوَاضِلَ ذِي بَهْجَةٍ,Before Islam: VIth century,motaqaarib_complete,motaqaarib_complete
1183,Hatim Attaii,Abaa Toolo Laylika,4,حَتَّى تَمَهَّلَ سَبْقًا جَدِيدَا,نَمَتْهُ إِمَامَةُ وَالحَارِثَانِ,Before Islam: VIth century,motaqaarib_complete,motaqaarib_complete
1184,Hatim Attaii,Abaa Toolo Laylika,5,أَرَبَّى عَلَى السِّنِّ شَأْوًا مَدِيدَا,كَسَبْقِ الجَوَادِ غَدَاةَ الرِّهَانِ,Before Islam: VIth century,motaqaarib_complete,motaqaarib_complete
1185,Hatim Attaii,Abaa Toolo Laylika,6,لِمَا كُنْتَ فِينَا بِخَيْرٍ مُرِيدَا,فَإِجْمَعْ فِدَاءٌ لَكَ الوَالِدَانِ,Before Islam: VIth century,motaqaarib_complete,motaqaarib_complete
1186,Hatim Attaii,Abaa Toolo Laylika,7,وَتُحْضِرُهَا مِنْ مَعَدٍّ شُهُودَا,فَتَجْمَعُ نُعْمَى عَلَى حَاتِمٍ,Before Islam: VIth century,motaqaarib_complete,motaqaarib_complete
1187,Hatim Attaii,Abaa Toolo Laylika,8,عَلَيَّ جُنَاحًا فَأَخْشَى الوَعِيدَا,أَمِ الهُلْكُ أَدْنَى فَمَا إِنْ عَلِمْتُ,Before Islam: VIth century,motaqaarib_complete,motaqaarib_complete
1188,Hatim Attaii,Abaa Toolo Laylika,9,تُحْيِي جُدُودًا وَتَبْرِي جُدُودَا,فَأَحْسِنْ فَلَا عَارَ فِيمَا صَنَعْتَ,Before Islam: VIth century,motaqaarib_complete,motaqaarib_complete
1158,Ibn Abd Rabbih,Araa Lissibaa,1,وَمَا يَذْكُرُ اجْتِمَاعَا,أَرَى لِلصِّبَا وَدَاعَا,Abbassi: VIIIth - XVIth,modarii_complete,modarii_complete
1159,Ibn Abd Rabbih,Araa Lissibaa,2,بِحِفْظِ الَّذِي أَضَاعَا,كَأَنْ لَمْ يَكُنْ جَدِيرًا,Abbassi: VIIIth - XVIth,modarii_complete,modarii_complete
1160,Ibn Abd Rabbih,Araa Lissibaa,3,وَلَمْ يُلْهِنَا سَمَاعَا,وَلَمْ يُصْبِنَا سُرُورًا,Abbassi: VIIIth - XVIth,modarii_complete,modarii_complete
1161,Ibn Abd Rabbih,Araa Lissibaa,4,مَتَى تَعْصِهِ أَطَاعَا,فَجَدِّدْ وِصَالَ صَبٍّ,Abbassi: VIIIth - XVIth,modarii_complete,modarii_complete
1162,Ibn Abd Rabbih,Araa Lissibaa,5,يُقَرِّبْكَ مِنْهُ بَاعَا,وَإِنْ تَدْنُ مِنْهُ شِبْرًا,Abbassi: VIIIth - XVIth,modarii_complete,modarii_complete
89,Ibn Abd Rabbih,Bayna Al Ahillati,1,قَلْبِي لَهُو سُلَمٌ وَالوَجْهُ مُشْتَرِكُ,بَيْنَ الأَهِلَّةِ بَدْرٌ مَا لَهُو فَلَكُ,Abbassi: VIIIth - XVIth,bassit_complete,bassit_complete
90,Ibn Abd Rabbih,Bayna Al Ahillati,2,وَذَلَّ قَلْبِي لِعَيْنَيْهِ فَيَنْهَتِكُ,إِذَا بَدَا انْتَبَهَتْ عَيْنِي مَحَاسِنَهُ,Abbassi: VIIIth - XVIth,bassit_complete,bassit_complete
91,Ibn Abd Rabbih,Bayna Al Ahillati,3,فَخَانَنِي فَعَلَى مَنْ يَرْجِعُ الدَّرَكُ,إِبْتَعْتُ بِالدِّينِ وَالدُّنْيَا مَوَدَّتَهُ,Abbassi: VIIIth - XVIth,bassit_complete,bassit_complete
92,Ibn Abd Rabbih,Bayna Al Ahillati,4,فَكُلُّهَا لِفُؤَادِي كُلِّهِ شَرَكُ,كُفُّو بَنِي حَارِثٍ أَلْحَاظَ سَيْفِكِمُ,Abbassi: VIIIth - XVIth,bassit_complete,bassit_complete
28,Ibn Abd Rabbih,Kaabato Al Dolli,1,وَنَخْوَةُ العِزِّ فِي جَوَابِ,كَآبَةُ الذُّلِّ فِي كِتَابِي,Abbassi: VIIIth - XVIth,bassit_mokhlaa,bassit_mokhlaa
29,Ibn Abd Rabbih,Kaabato Al Dolli,2,فَكَيْفَ تَنْجُو مِنَ العَذَابِ,قَتَلْتَ نَفْسًا بِغَيْرِ نَفْسٍ,Abbassi: VIIIth - XVIth,bassit_mokhlaa,bassit_mokhlaa
30,Ibn Abd Rabbih,Kaabato Al Dolli,3,إِذْ خُلِقَ النَّاسُ مِنْ تُرَابِ,خُلِقْتَ مِنْ بَهْجَةٍ وَطِيبٍ,Abbassi: VIIIth - XVIth,bassit_mokhlaa,bassit_mokhlaa
31,Ibn Abd Rabbih,Kaabato Al Dolli,4,فَلَهْفَ نَفْسِي عَلَى الشَّبَابِ,وَلَّتْ حُمَيَّا الشَّبَابِ عَنِّي,Abbassi: VIIIth - XVIth,bassit_mokhlaa,bassit_mokhlaa
32,Ibn Abd Rabbih,Kaabato Al Dolli,5,يَدْعُو حَثِيثًا إِلَى الخِضَابِ,أَصْبَحْتُ وَالشِّيبُ قَدْ عَلَانِي,Abbassi: VIIIth - XVIth,bassit_mokhlaa,bassit_mokhlaa
94,Ibn Abd Rabbih,Ya Laylatan,1,إِلَّا وُجُوهًا تُضَاهِيهَا الدَّنَانِيرُ,يَا لَيْلَةً لَيْسَ فِي ظَلْمَائِهَا نُورٌ,Abbassi: VIIIth - XVIth,bassit_complete,bassit_complete
95,Ibn Abd Rabbih,Ya Laylatan,2,مَاذَا سَقَتْنِيهِ تِلْكَ الأَعْيُنُ الحُورُ,حُورٌ سَقَتْنِيَ كَأْسَ المَوْتِ أَعْيُنُهَا,Abbassi: VIIIth - XVIth,bassit_complete,bassit_complete
96,Ibn Abd Rabbih,Ya Laylatan,3,وَإِنْ نَطَقْنَ فَدُرُّ اللَّفْظِ مَنْثُورُ,إِذَا ابْتَسَمْنَ فَدُرُّ الثَّغْرِ مُنْتَظِمٌ,Abbassi: VIIIth - XVIth,bassit_complete,bassit_complete
97,Ibn Abd Rabbih,Ya Laylatan,4,فَإِنَّ خَاتِمَةَ الأَعْمَالِ تَكْفِيرُ,خَلِّ الصِّبَا عَنْكَ وَاخْتِمْ بِالنُّهَى عَمَلًا,Abbassi: VIIIth - XVIth,bassit_complete,bassit_complete
98,Ibn Abd Rabbih,Ya Laylatan,5,فَالخَيْرُ مُتَّبَعٌ وَالشَّرُّ مَحْذُورُ,وَالخَيْرُ وَالشَّرُّ مَقْرُونَانِ فِي قِرَنٍ,Abbassi: VIIIth - XVIth,bassit_complete,bassit_complete
104,Ibn Abd Rabbih,Ya Man Dami,1,وَكُلُّ حُرٍّ لَهُ مَمْلُوكُ,يَا مَنْ دَمِي دُونَهُ مَسْفُوكُ,Abbassi: VIIIth - XVIth,bassit_mokhlaa,bassit_mokhlaa
25,Ibn Abd Rabbih,Ya Man Dami,2,أَوْ ذَهَبٌ خَالِصٌ مَسْبُوكُ,كَأَنَّهُ فِضَّةٌ مَسْبُوكَةٌ,Abbassi: VIIIth - XVIth,bassit_mokhlaa,bassit_partial
26,Ibn Abd Rabbih,Ya Man Dami,3,عَنْ عَاجِلٍ كُلُّهُ مَتْرُوكُ,مَا أَطْيَبَ العَيْشَ لَوْلَا أَنَّهُ,Abbassi: VIIIth - XVIth,bassit_mokhlaa,bassit_partial
27,Ibn Abd Rabbih,Ya Man Dami,4,وَلَا طَرِيقٌ لَهُ مَسْلُوكُ,وَالخَيْرُ مَسْدُودَةٌ أَبْوَابَهُ,Abbassi: VIIIth - XVIth,bassit_mokhlaa,bassit_partial
99,Ibn Abd Rabbih,Ya Taaliban,1,وَسَائِلًا لَمْ يُعَفْ ذُلَّ السُّؤَالْ,يَا طَالِبًا فِي الهَوَى مَا لَا يُنَالْ,Abbassi: VIIIth - XVIth,bassit_partial,bassit_partial
100,Ibn Abd Rabbih,Ya Taaliban,2,لَوْ أَنَّهَا رَجَعَتْ تِلْكَ اللَّيَالْ,وَلَّتْ لَيَالِ الصِّبَا مَحْمُودَةً,Abbassi: VIIIth - XVIth,bassit_partial,bassit_partial
101,Ibn Abd Rabbih,Ya Taaliban,3,بِالهَجْرِ لَمَّا رَأَتْ شَيْبَ القَذَالْ,وَأَعْقَبَتْهَا اللَّتِي وَاصَلْتُهَا,Abbassi: VIIIth - XVIth,bassit_partial,bassit_partial
102,Ibn Abd Rabbih,Ya Taaliban,4,وَلَا تَكُنْ طَالِبًا مَا لَا يُنَالْ,لَا تَلْتَمِسْ وُصْلَةً مِنْ مُخْلِفٍ,Abbassi: VIIIth - XVIth,bassit_partial,bassit_partial
103,Ibn Abd Rabbih,Ya Taaliban,5,كَانَتْ تُمَنِّيكَ مِنْ حُسْنِ الوِصَالْ,يَا صَاحِ قَدْ أَخْلَفَتْ أَسْمَاءُ مَا,Abbassi: VIIIth - XVIth,bassit_partial,bassit_partial
942,Ibn Al Khatib,Mawlaya,1,وَنُخْبَةَ النَّصْرِ وَأَرْبَابِهِ,مَوْلَايَ يَا خَيْرَ مُلُوكِ الوَرَى,Mamlouki: XIIIth - XVIth,sarii_complete,sarii_complete
943,Ibn Al Khatib,Mawlaya,2,فَلْتَأْتِ هَذَا الأَمْرَ مِنْ بَابِهِ,قُمْتَ بِأَمْرِ أَنْتَ أَهْلٌ لَهُ,Mamlouki: XIIIth - XVIth,sarii_complete,sarii_complete
944,Ibn Al Khatib,Mawlaya,3,بِأَنَّهُو فِي النَّاسِ أَوْلَى بِهِ,لَا تُدْنِ مِنْ بَابِكَ شَخْصًا يَرَى,Mamlouki: XIIIth - XVIth,sarii_complete,sarii_complete
945,Ibn Al Khatib,Mawlaya,4,أَيْدٍ تَعَلَّقْنَ بِأَهْدَابِهِ,وَعِنْدَهُو مَالٌ وَمِنْ خَلْفِهِ,Mamlouki: XIIIth - XVIth,sarii_complete,sarii_complete
946,Ibn Al Khatib,Mawlaya,5,وَانْتَفَخَتْ مِنْ تَحْتِ أَثْوَابِهِ,لَا سِيَّمَا مَنْ دَخَلَتْ أُذْنُهُ,Mamlouki: XIIIth - XVIth,sarii_complete,sarii_complete
947,Ibn Al Khatib,Mawlaya,6,وَكَانَ يَنْوِي قَطْعَ أَسْبَابِهِ,وَخَافَ مِنْهُ المُلْكُ فِيمَا مَضَى,Mamlouki: XIIIth - XVIth,sarii_complete,sarii_complete
948,Ibn Al Khatib,Mawlaya,7,فَكَّرْتَهُ اليَوْمَا وَحُسَّابِهِ,قَدْ أَفْسَدَتْ أَقْوَالَ كُهَّانِهِ,Mamlouki: XIIIth - XVIth,sarii_complete,sarii_complete
949,Ibn Al Khatib,Mawlaya,8,بَيْنَ مَوَالِيهِ وَأَحْزَابِهِ,يَنْظُرُ فِي المِرْآةِ مِنْ وَجْهِهِ,Mamlouki: XIIIth - XVIth,sarii_complete,sarii_complete
950,Ibn Al Khatib,Mawlaya,9,فِي عَقْدِهِ أَرْجُلُ خُطَّابِهِ,عَرُوسَ مُلْكٍ طَالَمَا أُعْمِلَتْ,Mamlouki: XIIIth - XVIth,sarii_complete,sarii_complete
951,Ibn Al Khatib,Mawlaya,10,وَفِكْرُهُ اسْتِنْخَابُ كُتَّابِهِ,فَهَمُّهُ اسْتِبْدَالُ قُوَّادِهِ,Mamlouki: XIIIth - XVIth,sarii_complete,sarii_complete
952,Ibn Al Khatib,Mawlaya,11,أَوْ قَامَ كَانَتْ نُصْبَ مِحْرَابِهِ,إِنْ نَامَ كَانَتْ حُلْمَ أَفْكَارِهِ,Mamlouki: XIIIth - XVIth,sarii_complete,sarii_complete
953,Ibn Al Khatib,Mawlaya,12,مَا بَيْنَ أَهْلَيْهِ وَأَصْحَابِهِ,يَنْقُدُكَ الغِيبَةَ مَهْمَا خَلَا,Mamlouki: XIIIth - XVIth,sarii_complete,sarii_complete
954,Ibn Al Khatib,Mawlaya,13,بِخَادِعِ القَوْلِ وَخَلَّابِهِ,وَيَجْذُبُ الجُنْدَ إِلَى نَفْسِهِ,Mamlouki: XIIIth - XVIth,sarii_complete,sarii_complete
955,Ibn Al Khatib,Mawlaya,14,وَالوَفْدُ يَبْغِي إِذْنَ حُجَّابِهِ,كَانَ بِهِ إِنْ لَمْ تَكُنْ حَازِمًا,Mamlouki: XIIIth - XVIth,sarii_complete,sarii_complete
956,Ibn Al Khatib,Mawlaya,15,يَبْدَأُ فَتْكًا غَيْرُ هَيَّابِهِ,وَالآنَ قَدْ هَابَكَ فَاحْذَرْ فَمَا,Mamlouki: XIIIth - XVIth,sarii_complete,sarii_complete
957,Ibn Al Khatib,Mawlaya,16,فَلْتَسْتَعِذْ مِنْ شَرِّ أَوْصَابِهِ,وَقَاطِعُ الدَّوْلَةِ مُسْتَقْبِلٌ,Mamlouki: XIIIth - XVIth,sarii_complete,sarii_complete
958,Ibn Al Khatib,Mawlaya,17,لَا يَسْتَعِينُ العَبْدُ إِلَّا بِهِ,وَاللَّهُ يَكْفِيكَ شُرُورَ العِدَى,Mamlouki: XIIIth - XVIth,sarii_complete,sarii_complete
959,Ibn Al Khatib,Mawlaya,18,وَإِنَّمَا المُلْكُ لِغُلَّابِهِ,وَالمُلْكُ لَمْ يُقْصَرْ عَلَى أُمَّةٍ,Mamlouki: XIIIth - XVIth,sarii_complete,sarii_complete
960,Ibn Al Khatib,Mawlaya,19,فَازَ بَنُو نَصْرٍ بِأَسْلَابِهِ,هَذَا ابْنُ هُودٍ بَعْدَ إِرْثِ العُلَى,Mamlouki: XIIIth - XVIth,sarii_complete,sarii_complete
961,Ibn Al Khatib,Mawlaya,20,حَتَّى يَذُودَ الأَسْدَ عَنْ غَابِهِ,لَا يَسْتَلِذُّ العَيْشَ لَيْثُ الشَّرَى,Mamlouki: XIIIth - XVIth,sarii_complete,sarii_complete
962,Ibn Al Khatib,Mawlaya,21,مِنْ ظُفُرِ الحَيْنِ وَمِنْ نَابِهِ,وَإِنْ أَضَعْتَ الحَزْمَ لَمْ تَنْفَلِتْ,Mamlouki: XIIIth - XVIth,sarii_complete,sarii_complete
963,Ibn Al Khatib,Mawlaya,22,مِنْ حِكَمِ المُلْكِ وَآدَابِهِ,لَا تَتَّهِمْنِي إِنَّنِي مُمْتَلٍ,Mamlouki: XIIIth - XVIth,sarii_complete,sarii_complete
964,Ibn Al Khatib,Mawlaya,23,الأَحْوَالِ وَاشْكُرْ فَضْلَ وَهَّابِهِ,وَعَقْلَكَ المَوْهُوبَ حَكِّمْهُ فِي,Mamlouki: XIIIth - XVIth,sarii_complete,sarii_complete
965,Ibn Al Khatib,Mawlaya,24,عَلِّمْهُ بِالمُلْكِ وَأَلْقَابِهِ,وَكُلُّ مَنْ أَدْلَلْتَهُو قَبْلَهَا,Mamlouki: XIIIth - XVIth,sarii_complete,sarii_complete
966,Ibn Al Khatib,Mawlaya,25,قَامَ لَهُو رَسْمٌ بِأَتْرَابِهِ,لَمْ يُرَ مُلْكٌ فِي زَمَانٍ خَلَا,Mamlouki: XIIIth - XVIth,sarii_complete,sarii_complete
967,Ibn Al Khatib,Mawlaya,26,ثِقْ بِتَعَاطِيهِ وَإِعْجَابِهِ,مَنْ قُلْتَ يَا عَمِّ لَهُو مَرَّةً,Mamlouki: XIIIth - XVIth,sarii_complete,sarii_complete
968,Ibn Al Khatib,Mawlaya,27,حَقًّا لَهُو قُمْتَ بِإِيجَابِهِ,أَوْ سَيِّدِي دَامَ يَرَى سَيِّدِي,Mamlouki: XIIIth - XVIth,sarii_complete,sarii_complete
969,Ibn Al Khatib,Mawlaya,28,يَسْتَتِرُ الخَلْقُ بِجِلْبَابِهِ,وَابْسُطْ عَلَى الخَلْقِي مِنَ العَدْلِ مَا,Mamlouki: XIIIth - XVIth,sarii_complete,sarii_complete
970,Ibn Al Khatib,Mawlaya,29,عُقْدَةَ غِرٍّ ظَاهِرٍ نَابِهِ,وَأَحْكِمِ السِّلْمَ لَهُمْ عَاقِدًا,Mamlouki: XIIIth - XVIth,sarii_complete,sarii_complete
971,Ibn Al Khatib,Mawlaya,30,يُخَلِّفُ المُلْكَ لِأَعْقَابِهِ,وَمَهِّدِ السُّلْطَانَ فِعْلَ امْرِءٍ,Mamlouki: XIIIth - XVIth,sarii_complete,sarii_complete
972,Ibn Al Khatib,Mawlaya,31,مِنْ دَارِ مَوْلَايَ وَمِنْ بَابِهِ,وَبَعْدَ فَرْضِ الحَجِّ لَابُدَّ لِي,Mamlouki: XIIIth - XVIth,sarii_complete,sarii_complete
1862,Ibn Al Moatazz,Jaara haada al dahro,1,وَقَرَاكَ الهَمُّ أَوْصَابَا,جَارَ هَذَا الدَّهْرُ أَوْ آبَا,Abbassi: VIIIth - XVIth,madid_complete,ramal_partial
1863,Ibn Al Moatazz,Jaara haada al dahro,2,لَا تَرَى فِي الغَرْبِ أَبْوَابَا,وَوُفُودُ النَّجْمِ وَاقِفَةٌ,Abbassi: VIIIth - XVIth,madid_complete,madid_complete
1864,Ibn Al Moatazz,Jaara haada al dahro,3,لَيْلَةً قَاسِيَةً هَابَا,وَكَأَنَّ الفَجْرَ حِينَ رَأَى,Abbassi: VIIIth - XVIth,madid_complete,madid_complete
1865,Ibn Al Moatazz,Jaara haada al dahro,4,لَابِسٍ لِلْحُسْنِ جِلْبَابَا,غَضَبُ الإِدْلَالِ مِنْ رَشَإٍ,Abbassi: VIIIth - XVIth,madid_complete,madid_complete
1866,Ibn Al Moatazz,Jaara haada al dahro,5,غَيْرَهُ فِي النَّاسِ أَحْبَابَا,سُحِرَتْ عَيْنِي فَلَسْتُ أَرَى,Abbassi: VIIIth - XVIth,madid_complete,madid_complete
1867,Ibn Al Moatazz,Jaara haada al dahro,6,وَأَرَى لِلْحَيْنِ أَسْبَابَا,وَلِحَيْنِي إِذْ بُلِيتُ بِهِ,Abbassi: VIIIth - XVIth,madid_complete,madid_complete
1868,Ibn Al Moatazz,Jaara haada al dahro,7,رَاكِضًا لِلْوَشْيِ سَحَّابَا,غُصُنٌ يَهْتَزُّ فِي قَمَرٍ,Abbassi: VIIIth - XVIth,madid_complete,madid_complete
1869,Ibn Al Moatazz,Jaara haada al dahro,8,لِجُنَاةِ الحُسْنِ عُنَّابَا,أَثْمَرَتْ أَغْصَانُ رَاحَتِهِ,Abbassi: VIIIth - XVIth,madid_complete,madid_complete
1870,Ibn Al Moatazz,Jaara haada al dahro,9,ذَامَنِي مِنْهُمْ وَكَمْ عَابَا,لَامَهُ فِيَّ الوُشَاةِ وَكَمْ,Abbassi: VIIIth - XVIth,madid_complete,madid_complete
1871,Ibn Al Moatazz,Jaara haada al dahro,10,مُتْعَبًا فِي الحُبِّ إِتْعَابَا,عَذَّبُوا صَبًّا بِعَذْلِهِمُ,Abbassi: VIIIth - XVIth,madid_complete,madid_complete
1872,Ibn Al Moatazz,Jaara haada al dahro,11,وَأُرَاهُ كَانَ كَذَّابَا,فَتَبَرَّا مِنْ مَحَبَّتِنَا,Abbassi: VIIIth - XVIth,madid_complete,madid_complete
1873,Ibn Al Moatazz,Jaara haada al dahro,12,غَزِلٌ فِي الحُبِّ مَا حَابَى,لَا تَرَى عَيْنِي لَهُ شَبَهًا,Abbassi: VIIIth - XVIth,madid_complete,madid_complete
1874,Ibn Al Moatazz,Jaara haada al dahro,13,دُونَ عِلْمِ النَّاسِ حُجَّابَا,وَحَدِيثٍ قَدْ جَعَلْتُ لَهُ,Abbassi: VIIIth - XVIth,madid_complete,madid_complete
1875,Ibn Al Moatazz,Jaara haada al dahro,14,مُفْتَنٌ يُعْجَبُ إِعْجَابَا,لَا يَمَلُّ النَّثْرَ لَافِظُهُ,Abbassi: VIIIth - XVIth,madid_complete,madid_complete
1876,Ibn Al Moatazz,Jaara haada al dahro,15,وَحَوَيْنَا مِنْهُ إِنْهَابَا,قَدْ أَبَحْنَاهُ فَطَابَ لَنَا,Abbassi: VIIIth - XVIth,madid_complete,madid_complete
1877,Ibn Al Moatazz,Jaara haada al dahro,16,وَبِهِ قَدْ كُنْتُ لَعَّابَا,وَشَبَابٍ كَانَ يُعْجِبُنِي,Abbassi: VIIIth - XVIth,madid_complete,madid_complete
1878,Ibn Al Moatazz,Jaara haada al dahro,17,وَشَفِيعٌ قَطُّ مَا خَابَا,جَاهُ حُسْنٍ مَا رُدِدْتُ بِهِ,Abbassi: VIIIth - XVIth,madid_complete,madid_complete
1879,Ibn Al Moatazz,Jaara haada al dahro,18,مُسْبِلٍ فِي الرَّأْسِ أَهْدَابَا,ثُمَّ أَدَّيْنَا إِلَى شَمَطٍ,Abbassi: VIIIth - XVIth,madid_complete,madid_complete
1880,Ibn Al Moatazz,Jaara haada al dahro,19,وَوَرَائِي مِنْهُ مَا طَابَا,فَأَمَامِي المُرُّ مِنْ عُمُرِي,Abbassi: VIIIth - XVIth,madid_complete,madid_complete
1881,Ibn Al Moatazz,Jaara haada al dahro,20,أَخْضِبِي قَلْبِي فَقَدْ شَابَا,خَضَبَتْ رَأْسِي فَقُلْتُ لَهَا,Abbassi: VIIIth - XVIth,madid_complete,madid_complete
1882,Ibn Al Moatazz,Jaara haada al dahro,21,حِينَ عَادَيْنَاهُ إِسْحَابَا,شَرْطُ دَهْرِي كُلُّهُ غِيَرٌ,Abbassi: VIIIth - XVIth,madid_complete,madid_complete
1883,Ibn Al Moatazz,Jaara haada al dahro,22,لَمْ تَشِمْ فِي خُلُقِي عَابَا,وَلَقَدْ غَادَيْتُ مُتْرَعَةً,Abbassi: VIIIth - XVIth,madid_complete,madid_complete
1884,Ibn Al Moatazz,Jaara haada al dahro,23,وَقَضَتْهُ النَّفْسُ أَطْرَابَا,وَحَلَبْتُ الدَّهْرَ أَشْطُرَهُ,Abbassi: VIIIth - XVIth,madid_complete,madid_complete
1885,Ibn Al Moatazz,Jaara haada al dahro,24,يَمْلَأُ الأَرْضَ بِهِ غَابَا,وَخَمِيسُ الأَرْضِ مَالِكُهُ,Abbassi: VIIIth - XVIth,madid_complete,madid_complete
1886,Ibn Al Moatazz,Jaara haada al dahro,25,يَزْجُرُ اللَّيْلَ إِذَا غَابَا,مِثْلُ لُجِّ البَحْرِ مُصْطَخِبًا,Abbassi: VIIIth - XVIth,madid_complete,madid_complete
1887,Ibn Al Moatazz,Jaara haada al dahro,26,تُعْطِبُ الأَحْقَافَ إِعْطَابَا,وَلَقَدْ أَغْزُو بِسَلْهَبَةٍ,Abbassi: VIIIth - XVIth,madid_complete,madid_complete
1888,Ibn Al Moatazz,Jaara haada al dahro,27,وَكَسَاهَا اللَّيْلُ أَثْوَابَا,قَدْ حَذَاهَا الدَّهْرُ جِلْدَتَهُ,Abbassi: VIIIth - XVIth,madid_complete,madid_complete
1889,Ibn Al Moatazz,Jaara haada al dahro,28,بِجُنُوبِ الحَزْنِ أَسْرَابَا,جَاسَ فِيهَا الشَّكُّ حِينَ رَأَتْ,Abbassi: VIIIth - XVIth,madid_complete,madid_complete
1890,Ibn Al Moatazz,Jaara haada al dahro,29,فَقَضَتْ لِلْحِرْصِ آرَابَا,فَرَجَمْنَاهَا بِغُرَّتِهَا,Abbassi: VIIIth - XVIth,madid_complete,madid_complete
1891,Ibn Al Moatazz,Jaara haada al dahro,30,لِدِمَاءِ الوَحْشِ شَرَّابَا,وَرَدَدْنَا الرُّمْحَ مُخْتَضِبًا,Abbassi: VIIIth - XVIth,madid_complete,madid_complete
983,Ibn Al Moatazz,La Ara Fil 3athili,1,فَمَا أَرَى فِي الكَأْسِ مِنْ بَأْسِ,لَا عُذْرَ لِلْعَاذِلِ فِي الكَأْسِي,Abbassi: VIIIth - XVIth,sarii_complete,sarii_complete
984,Ibn Al Moatazz,La Ara Fil 3athili,2,مَا لَقِيَ النَّاسُ مِنَ النَّاسِ,وَيْلِي مِنَ النَّاسِ وَمِنْ لَوْمِهِمْ,Abbassi: VIIIth - XVIth,sarii_complete,sarii_complete
985,Ibn Al Moatazz,La Ara Fil 3athili,3,مُشَوَّقٍ بِالوَعْدِ مَكَّاسِ,مُهَفْهَفِ الخَصْرِ هَضِيمِ الحَشَا,Abbassi: VIIIth - XVIth,sarii_complete,sarii_complete
986,Ibn Al Moatazz,La Ara Fil 3athili,4,يُدِيرُ كَأْسًا بَيْنَ جُلَّاسِ,وَقَامَ فِي العَاتِقِ مَنْدِيلُهُ,Abbassi: VIIIth - XVIth,sarii_complete,sarii_complete
987,Ibn Al Moatazz,La Ara Fil 3athili,5,مِنْ تَحْتِ إِكْلِيلٍ مِنَ الآسِ,وَيَدْخُلُ الآذَانَ مِنْ أَمْسِهِ,Abbassi: VIIIth - XVIth,sarii_complete,sarii_complete
988,Ibn Al Moatazz,La Ara Fil 3athili,6,وَحَثَّنَا بِالرَّطْلِ وَالكَاسِ,وَشَمَّرَ الذَّيْلَ إِلَى خَصْرِهِ,Abbassi: VIIIth - XVIth,sarii_complete,sarii_complete
989,Ibn Al Moatazz,La Ara Fil 3athili,7,وَوَكَّلَ القَلْبَ بِوِسْوَاسِ,وَطَالَمَا عَذَّبَنِي هَجْرُهُ,Abbassi: VIIIth - XVIth,sarii_complete,sarii_complete
990,Ibn Al Moatazz,La Ara Fil 3athili,8,أُنْسِيتُ مَا مَرَّ عَلَى رَأْسِي,لَمَّا أَتَتْنِي رُسْلُهُو بِالرِّضَا,Abbassi: VIIIth - XVIth,sarii_complete,sarii_complete
991,Ibn Al Moatazz,La Ara Fil 3athili,9,مِنْ دُونِ رُقَّابٍ وَحُرَّاسِ,وَلَمْ أَزَلْ وَاللَّيْلُ سُتْرٌ لَنَا,Abbassi: VIIIth - XVIth,sarii_complete,sarii_complete
992,Ibn Al Moatazz,La Ara Fil 3athili,10,قَاسَيْتُهُو مِنْ قَلْبِهِ القَاسِي,أَشْكُو إِلَى غَمْزَةِ عَيْنَيْهِ مَا,Abbassi: VIIIth - XVIth,sarii_complete,sarii_complete
993,Ibn Al Moatazz,La Ara Fil 3athili,11,لَسْتُ لَهَا مَا عِشْتُ بِالنَّاسِي,فِي لَيْلَةٍ مَا مِثْلَهَا لَيْلَةٌ,Abbassi: VIIIth - XVIth,sarii_complete,sarii_complete
2647,Ibn Khafaajah,Marra bina wa howa badro,1,يَسْحَبُ مِنْ ذَيْلِهِ سَحَابَا,مَرَّ بِنَا وَهْوَ بَدْرُ تَمٍّ,Andaloussi: VIIIth - XVIth,bassit_mokhlaa,bassit_mokhlaa
2648,Ibn Khafaajah,Marra bina wa howa badro,2,وَغُرَّةٍ تَلْتَظِي شِهَابَا,بِقَامَةٍ تَنْثَنِي قَضِيبًا,Andaloussi: VIIIth - XVIth,bassit_mokhlaa,bassit_mokhlaa
2649,Ibn Khafaajah,Marra bina wa howa badro,3,لِنُورِ إِجْلَائِهِ كِتَابَا,يَقْرَأُ وَاللَّيْلُ مُدْلَهِمٌّ,Andaloussi: VIIIth - XVIth,bassit_mokhlaa,bassit_mokhlaa
2650,Ibn Khafaajah,Marra bina wa howa badro,4,أَزْجُرُ مِنْ جِنْحِهِ نِكَابَا,وَرُبَّ لَيْلٍ سَهِرْتُ فِيهِي,Andaloussi: VIIIth - XVIth,bassit_mokhlaa,bassit_mokhlaa
2651,Ibn Khafaajah,Marra bina wa howa badro,5,وَشَقَّ سِرْبَالَهُ وَجَابَا,حَتَّى إِذَا اللَّيْلُ مَالَ سُكْرًا,Andaloussi: VIIIth - XVIth,bassit_mokhlaa,bassit_mokhlaa
2652,Ibn Khafaajah,Marra bina wa howa badro,6,طَالَتْ بِهِ سِنُّهُ فَشَابَا,وَحَامَ مِنْ سُدْفِهِ غُرَابٌ,Andaloussi: VIIIth - XVIth,bassit_mokhlaa,bassit_mokhlaa
2653,Ibn Khafaajah,Marra bina wa howa badro,7,فَحَثَّ مِنْ غُلَّتِي شَرَابَا,إِزْدَدْتُ مِنْ لَوْعَتِي خَبَالًا,Andaloussi: VIIIth - XVIth,bassit_mokhlaa,bassit_mokhlaa
2654,Ibn Khafaajah,Marra bina wa howa badro,8,حَتَّى انْثَنَى نَاكِصًا فَآبَا,وَمَا خَطَا قَادِمًا فَوَافَى,Andaloussi: VIIIth - XVIth,bassit_mokhlaa,bassit_mokhlaa
2655,Ibn Khafaajah,Marra bina wa howa badro,9,يَعُبُّ فِي وَجْنَتِي عُبَابَا,وَبَيْنَ جَفْنَيَّ بَحْرُ شَوْقٍ,Andaloussi: VIIIth - XVIth,bassit_mokhlaa,bassit_mokhlaa
2656,Ibn Khafaajah,Marra bina wa howa badro,10,وَشَبَّ عَنْ قَلْبِهِ الْتِهَابَا,قَدْ شَبَّ فِي وَجْهِهِ شُعَاعٌ,Andaloussi: VIIIth - XVIth,bassit_mokhlaa,bassit_mokhlaa
2657,Ibn Khafaajah,Marra bina wa howa badro,11,غَنَّاءَ مُخْضَرَّةٍ جَنَابَا,وَرَوْضَةٍ طَلْقَةٍ حَيَاءً,Andaloussi: VIIIth - XVIth,bassit_mokhlaa,bassit_mokhlaa
2658,Ibn Khafaajah,Marra bina wa howa badro,12,يَحُطُّ عَنْ وَجْهِهِ نِقَابَا,يَنْجَابُ عَنْ نُورِهَا كِمَامٌ,Andaloussi: VIIIth - XVIth,bassit_mokhlaa,bassit_mokhlaa
2659,Ibn Khafaajah,Marra bina wa howa badro,13,يَرْشُفُ مِنْ طَلِّهَا رُضَابَا,بَاتَ بِهَا مِبْسَمُ الأَقَاحِي,Andaloussi: VIIIth - XVIth,bassit_mokhlaa,bassit_mokhlaa
2660,Ibn Khafaajah,Marra bina wa howa badro,14,أَلْوِيَةٌ جُمِّرَتْ خِضَابَا,وَمِنْ خُفُوقِ البُرُوقِ فِيهَا,Andaloussi: VIIIth - XVIth,bassit_mokhlaa,bassit_mokhlaa
2661,Ibn Khafaajah,Marra bina wa howa badro,15,تَحْصُرُ قَطْرَ الحَيَا حِسَابَا,كَأَنَّهَا أَنْمُلٌ وِرَادٌ,Andaloussi: VIIIth - XVIth,bassit_mokhlaa,bassit_mokhlaa
2450,Ibn Nabaatah Al Misri,Afdi Qamar,1,,أَفْدِي قَمَرْ عَقْلِي قَمَرْ,Mamlouki: XIIIth - XVIth,rajaz_manhouk,rajaz_manhouk
2451,Ibn Nabaatah Al Misri,Afdi Qamar,2,,ثُمَّ غَدَرْ لَمَّا قَدَرْ,Mamlouki: XIIIth - XVIth,rajaz_manhouk,rajaz_manhouk
2452,Ibn Nabaatah Al Misri,Afdi Qamar,3,,فَلَا وَزَرْ وَلَا مَفَرْ,Mamlouki: XIIIth - XVIth,rajaz_manhouk,rajaz_manhouk
2453,Ibn Nabaatah Al Misri,Afdi Qamar,4,,يَا مَنْ شَهَرْ سَيْفَ الحَوَرْ,Mamlouki: XIIIth - XVIth,rajaz_manhouk,rajaz_manhouk
2454,Ibn Nabaatah Al Misri,Afdi Qamar,5,,عَلَى البَشَرْ فَمَا فَتَرْ,Mamlouki: XIIIth - XVIth,rajaz_manhouk,rajaz_manhouk
2455,Ibn Nabaatah Al Misri,Afdi Qamar,6,,حَتَّى اسْتَعَرْ وَهْجَ الفِكَرْ,Mamlouki: XIIIth - XVIth,rajaz_manhouk,rajaz_manhouk
2456,Ibn Nabaatah Al Misri,Afdi Qamar,7,,وَلَوْ أَمَرْ ذَاكَ الخَصَرْ,Mamlouki: XIIIth - XVIth,rajaz_manhouk,rajaz_manhouk
2457,Ibn Nabaatah Al Misri,Afdi Qamar,8,,مِنَ الثَّغَرْ أَطْفَى شَرَرْ,Mamlouki: XIIIth - XVIth,rajaz_manhouk,rajaz_manhouk
2458,Ibn Nabaatah Al Misri,Afdi Qamar,9,,لَكِنْ هَجَرْ وَمَا ادَّكَرْ,Mamlouki: XIIIth - XVIth,rajaz_manhouk,rajaz_manhouk
2459,Ibn Nabaatah Al Misri,Afdi Qamar,10,,دَمًا هَدَرْ هَلَّا نَظَرْ,Mamlouki: XIIIth - XVIth,rajaz_manhouk,rajaz_manhouk
2460,Ibn Nabaatah Al Misri,Afdi Qamar,11,,دَمْعِي نَهَرْ عَلَى زَهَرْ,Mamlouki: XIIIth - XVIth,rajaz_manhouk,rajaz_manhouk
2461,Ibn Nabaatah Al Misri,Afdi Qamar,12,,ذَاكَ الخَفَرْ يَحْكِي بَدَرْ,Mamlouki: XIIIth - XVIth,rajaz_manhouk,rajaz_manhouk
2462,Ibn Nabaatah Al Misri,Afdi Qamar,13,,مِلْكٌ عُمَرْ بِمَا نَشَرْ,Mamlouki: XIIIth - XVIth,rajaz_manhouk,rajaz_manhouk
2463,Ibn Nabaatah Al Misri,Afdi Qamar,14,,نَشْرُ الخُبَرْ مِنَ الخَبَرْ,Mamlouki: XIIIth - XVIth,rajaz_manhouk,rajaz_manhouk
2464,Ibn Nabaatah Al Misri,Afdi Qamar,15,,وَالمُخْتَبَرْ لِلَّهِ دَرْ,Mamlouki: XIIIth - XVIth,rajaz_manhouk,rajaz_manhouk
2465,Ibn Nabaatah Al Misri,Afdi Qamar,16,,تِلْكَ السِّيَرْ كَمْ مِنْ غُرَرْ,Mamlouki: XIIIth - XVIth,rajaz_manhouk,rajaz_manhouk
2466,Ibn Nabaatah Al Misri,Afdi Qamar,17,,وَمِنْ دُرَرْ فِيهَا سَمَرْ,Mamlouki: XIIIth - XVIth,rajaz_manhouk,rajaz_manhouk
2467,Ibn Nabaatah Al Misri,Afdi Qamar,18,,إِلَى السَّحَرْ وَلَا ضَجَرْ,Mamlouki: XIIIth - XVIth,rajaz_manhouk,rajaz_manhouk
2468,Ibn Nabaatah Al Misri,Afdi Qamar,19,,وَلَا ضَرَرْ عِلْمٌ مَهَرْ,Mamlouki: XIIIth - XVIth,rajaz_manhouk,rajaz_manhouk
2469,Ibn Nabaatah Al Misri,Afdi Qamar,20,,فَضْلٌ ظَهَرْ ثُمَّ انْتَشَرْ,Mamlouki: XIIIth - XVIth,rajaz_manhouk,rajaz_manhouk
2470,Ibn Nabaatah Al Misri,Afdi Qamar,21,,فَكَمْ غَفَرْ وَكَمْ نَصَرْ,Mamlouki: XIIIth - XVIth,rajaz_manhouk,rajaz_manhouk
2471,Ibn Nabaatah Al Misri,Afdi Qamar,22,,عَلَى الغِيَرْ جِدًّا عَثَرْ,Mamlouki: XIIIth - XVIth,rajaz_manhouk,rajaz_manhouk
2472,Ibn Nabaatah Al Misri,Afdi Qamar,23,,وَكَمْ قَهَرْ مَنْ ذِي أَشَرْ,Mamlouki: XIIIth - XVIth,rajaz_manhouk,rajaz_manhouk
2473,Ibn Nabaatah Al Misri,Afdi Qamar,24,,دَبَّ الخَمَرْ يَا مَنْ سَتَرْ,Mamlouki: XIIIth - XVIth,rajaz_manhouk,rajaz_manhouk
2474,Ibn Nabaatah Al Misri,Afdi Qamar,25,,أَهْلَ الحُصَرْ مِمَّنْ شَكَرْ,Mamlouki: XIIIth - XVIth,rajaz_manhouk,rajaz_manhouk
2475,Ibn Nabaatah Al Misri,Afdi Qamar,26,,ثُمَّ عَذَرْ أَنْتَ المَطَرْ,Mamlouki: XIIIth - XVIth,rajaz_manhouk,rajaz_manhouk
2476,Ibn Nabaatah Al Misri,Afdi Qamar,27,,لَا مَا نَظَرْ عَلَى المَدَرْ,Mamlouki: XIIIth - XVIth,rajaz_manhouk,rajaz_manhouk
2477,Ibn Nabaatah Al Misri,Afdi Qamar,28,,سَدْ مَنْ حَضَرْ وَمَنْ غَبَرْ,Mamlouki: XIIIth - XVIth,rajaz_manhouk,rajaz_manhouk
2478,Ibn Nabaatah Al Misri,Afdi Qamar,29,,وَلَا تَذَرْ لِمَنْ نَذَرْ,Mamlouki: XIIIth - XVIth,rajaz_manhouk,rajaz_manhouk
2479,Ibn Nabaatah Al Misri,Afdi Qamar,30,,مِنْ مُفْتَخِرْ إِلَّا مُضَرْ,Mamlouki: XIIIth - XVIth,rajaz_manhouk,rajaz_manhouk
1335,Ibn Roumi,Dardato Ibrahim,1,كَنَفْخَةِ النَّافِخِ فِي المِنْفَخِ,ضَرْطَةُ إِبْرَاهِيمَ فِي البَرْبَخِي,Abbassi: VIIIth - XVIth,sarii_complete,sarii_complete
1336,Ibn Roumi,Dardato Ibrahim,2,وَأَفْزَعَ الأَمْوَاتَ فِي البَرْزَخِ,رِيعَ لَهَا الأَحْيَاءُ مِنْ هَوْلِهَا,Abbassi: VIIIth - XVIth,sarii_complete,sarii_complete
1337,Ibn Roumi,Dardato Ibrahim,3,بَالأَرْضِ فِي أَجْبَالِهَا الشُّمَّخِ,لَوْلَا دِفَاعُ اللَّهِ قَدْ زُلْزِلَتْ,Abbassi: VIIIth - XVIth,sarii_complete,sarii_complete
1338,Ibn Roumi,Dardato Ibrahim,4,إِذْ سَلُمَتْ مِنْهَا فَلَمْ تُصْمَخِ,قَدْ أَحْسَنَ اللَّهُ بِأَسْمَاعِنَا,Abbassi: VIIIth - XVIth,sarii_complete,sarii_complete
1339,Ibn Roumi,Dardato Ibrahim,5,ضَرْطَةَ إِبْرَاهِيمَ مِنْ فَرْسَخِ,أَنْذَرْتُ مَنْ فِي دِارِهِ مَطْبَخٌ,Abbassi: VIIIth - XVIth,sarii_complete,sarii_complete
1340,Ibn Roumi,Dardato Ibrahim,6,فَلْتُحْذَرِ الرِّيحُ عَلَى المَطْبَخِ,الرِّيحُ وَالنَّارُ هُمَا مَا هُمَا,Abbassi: VIIIth - XVIth,sarii_complete,sarii_complete
1341,Ibn Roumi,Dardato Ibrahim,7,دَارَ الأَمِيرِ السَّيِّد الأَبْلَخِ,أَعَاذَ مِنْ شَرِّهِمَا رَبُّنَا,Abbassi: VIIIth - XVIth,sarii_complete,sarii_complete
1342,Ibn Roumi,Dardato Ibrahim,8,ذِي ضَرْطَةٍ مَرْهُوبَةٍ بَخْ بَخِ,بَخْ بَخْ لِإِبْرَاهِيمَ مِنْ ضَارِطٍ,Abbassi: VIIIth - XVIth,sarii_complete,sarii_complete
1343,Ibn Roumi,Dardato Ibrahim,9,مِنْ صَارِخٍ ذُعْرًا وَمُسْتَصْرِخِ,يَظَلُّ مَنْ يَسْمَعُ أَهْوَالَهَا,Abbassi: VIIIth - XVIth,sarii_complete,sarii_complete
1344,Ibn Roumi,Dardato Ibrahim,10,فَأَنْتَ فِي العِلْمِ مِنَ الرُّسَّخِ,قُلْ لِأَبِي إِسْحَاقَ بَيِّنْ لَنَا,Abbassi: VIIIth - XVIth,sarii_complete,sarii_complete
1345,Ibn Roumi,Dardato Ibrahim,11,لَاكِنَّهُو لَيْسَ بِمُسْتَفْرِخِ,مَا طَائِرٌ ذُو بَيْضَةٍ ضَخْمَةٍ,Abbassi: VIIIth - XVIth,sarii_complete,sarii_complete
1346,Ibn Roumi,Dardato Ibrahim,12,وَالقِرْدُ مَمْسُوخٌ وَلَمْ تُمْسَخِ,وَلِمْ حَكَيْتَ القِرْدَ فِي قُبْحِهِ,Abbassi: VIIIth - XVIth,sarii_complete,sarii_complete
1347,Ibn Roumi,Dardato Ibrahim,13,بِحَشِّكَ الأَبْخَرِ ذِي البَرْبَخِ,وَمَا تَشَاجِيكَ عَلَى شَاعِرٍ,Abbassi: VIIIth - XVIth,sarii_complete,sarii_complete
1348,Ibn Roumi,Dardato Ibrahim,14,عَنْهَا وَعَنْ أَحْجَارِهَا الشُّدَّخِ,لِي مَنْجَنِيقٌ كُنْتَ فِي مَعْزِلٍ,Abbassi: VIIIth - XVIth,sarii_complete,sarii_complete
1349,Ibn Roumi,Dardato Ibrahim,15,وَلِمْ تَلَطَّخْتَ وَلَمْ تُلْطَخِ,فَلِمْ تَعَرَّضْتَ لَهَا طَائِعًا,Abbassi: VIIIth - XVIth,sarii_complete,sarii_complete
1350,Ibn Roumi,Dardato Ibrahim,16,ذَاكَ الأَرَثِّ الأَنْتَنِ الأَوْسَخِ,عِرْضِي كَعِرْضِ البَيْنِ يَا ابْنَ اسْتِهَا,Abbassi: VIIIth - XVIth,sarii_complete,sarii_complete
1351,Ibn Roumi,Dardato Ibrahim,17,وَأَنْتَ مِنْ عِرْضِكَ لَمْ تُسْلخِ,إِنْ رَجَعَ الطَّرْفُ مَتَى رِبْتَنِي,Abbassi: VIIIth - XVIth,sarii_complete,sarii_complete
1561,Ibn Roumi,Ghosnon mina al bani,1,رَكَّبَ فِي مَغْرِسٍ رَدَاحِ,غُصْنٌ مِنَ البَانِ فِي وِشِاحِ,Abbassi: VIIIth - XVIth,bassit_mokhlaa,bassit_mokhlaa
1562,Ibn Roumi,Ghosnon mina al bani,2,وَالغُصْنُ يَهْتَزُّ لِلرِّيَاحِ,يَهْتَزُّ طَوْعًا لِغَيْرِ رِيحٍ,Abbassi: VIIIth - XVIth,bassit_mokhlaa,bassit_mokhlaa
1563,Ibn Roumi,Ghosnon mina al bani,3,بَدِيعَةُ الشَّكْلِ فِي المِلَاحِ,غُصْنٌ وَلَكِنَّهُ فَتَاةٌ,Abbassi: VIIIth - XVIth,bassit_mokhlaa,bassit_mokhlaa
1564,Ibn Roumi,Ghosnon mina al bani,4,يَحْكِي ظَلَامًا عَلَى صَبَاحِ,زِينَتْ بِوَجْهٍ عَلَيْهِ فَرْعٌ,Abbassi: VIIIth - XVIth,bassit_mokhlaa,bassit_mokhlaa
1565,Ibn Roumi,Ghosnon mina al bani,5,غُرْتُهُ أَيَّمَا إِنْفِسَاحِ,يَنْفَسِحُ الطَّرْفُ حِينَ تَبْدُو,Abbassi: VIIIth - XVIth,bassit_mokhlaa,bassit_mokhlaa
1566,Ibn Roumi,Ghosnon mina al bani,6,يَكَادُ يَدْمَى بِلَا جِرَاحِ,يَا حُسْنَ خَدٍّ لَهَا رَقِيقٍ,Abbassi: VIIIth - XVIth,bassit_mokhlaa,bassit_mokhlaa
1567,Ibn Roumi,Ghosnon mina al bani,7,بَيْنَ جُفُونٍ لَهَا صِحَاحِ,تَرْنُو بِطَرْفٍ لَهَا مَرِيضٌ,Abbassi: VIIIth - XVIth,bassit_mokhlaa,bassit_mokhlaa
1568,Ibn Roumi,Ghosnon mina al bani,8,طَارَ اشْتِيَاقًا بِلَا جَنَاحِ,لَمْ يَذَّكِرْهَا المُحِبُّ إِلَّا,Abbassi: VIIIth - XVIth,bassit_mokhlaa,bassit_mokhlaa
1569,Ibn Roumi,Ghosnon mina al bani,9,مِنَ الفُكَاهَاتِ وَالمِزَاحِ,مَثِّلْهُمَا آخِذَيْ نَصِيبٍ,Abbassi: VIIIth - XVIth,bassit_mokhlaa,bassit_mokhlaa
1570,Ibn Roumi,Ghosnon mina al bani,10,وَرَشْفِ رِيقٍ وَشُرْبِ رَاحِ,فِي عَضِّ خَدٍّ وَلَثْمِ ثَغْرٍ,Abbassi: VIIIth - XVIth,bassit_mokhlaa,bassit_mokhlaa
1571,Ibn Roumi,Ghosnon mina al bani,11,وَلَا ضِرَارٍ وَلَا تَلَاحِي,بِلَا نِفَارٍ وَلَا نِقَارٍ,Abbassi: VIIIth - XVIth,bassit_mokhlaa,bassit_mokhlaa
1572,Ibn Roumi,Ghosnon mina al bani,12,وَلَا حِرَانٍ وَلَا جِمَاحِ,وَلَا لِجَاجٍ وَلَا ضِجَاجٍ,Abbassi: VIIIth - XVIth,bassit_mokhlaa,bassit_mokhlaa
1573,Ibn Roumi,Ghosnon mina al bani,13,ذَوِي نَشَاطٍ ذَوِي مَرَاحِ,ذَوِي سُرُورٍ ذَوِي حُبُورٍ,Abbassi: VIIIth - XVIth,bassit_mokhlaa,bassit_mokhlaa
1574,Ibn Roumi,Ghosnon mina al bani,14,غِنَاءُ طُيْرٍ بِهِ فَصَاحِ,بِحَيْثُ لَا لَغْوِ فِيهِ إِلَّا,Abbassi: VIIIth - XVIth,bassit_mokhlaa,bassit_mokhlaa
1575,Ibn Roumi,Ghosnon mina al bani,15,مَهْمَا أَرَادَا بِلَا اقْتِرَاحِ,طَيْرٌ تُغَنِّي إِذَا تَغَنَّتْ,Abbassi: VIIIth - XVIth,bassit_mokhlaa,bassit_mokhlaa
1576,Ibn Roumi,Ghosnon mina al bani,16,أَهْلُ السَّعَادَاتِ وَالفَلَاحِ,مَحَلُّ صِدْقٍ يَحُلُّ فِيهِ,Abbassi: VIIIth - XVIth,bassit_mokhlaa,bassit_mokhlaa
1577,Ibn Roumi,Ghosnon mina al bani,17,وَلَا يُرِيدَانِ مِنْ بَرَاحِ,طَابَ فَمَا يَبْرُحَانِ مِنْهُ,Abbassi: VIIIth - XVIth,bassit_mokhlaa,bassit_mokhlaa
1578,Ibn Roumi,Ghosnon mina al bani,18,أُنْجِحْتَ أَقْصَى مَدَى النَّجَاحِ,يَا حُسْنَ قَوْلِ الفَتَاةِ حِبَّى,Abbassi: VIIIth - XVIth,bassit_mokhlaa,bassit_mokhlaa
1579,Ibn Roumi,Ghosnon mina al bani,19,لَيْسَ عَلَى الصَّبِّ مِنْ جُنَاحِ,تَفْعَلُ مَا تَشْتَهِي هَنِيئًا,Abbassi: VIIIth - XVIth,bassit_mokhlaa,bassit_mokhlaa
1580,Ibn Roumi,Ghosnon mina al bani,20,مَا لَيْسَ مِنِّي بِمُسْتَبَاحِ,حَقُّكَ أَنْ تَسْتَبِيحَ مِنِّي,Abbassi: VIIIth - XVIth,bassit_mokhlaa,bassit_mokhlaa
1581,Ibn Roumi,Ghosnon mina al bani,21,حَلَلْتَ فِي خَيْرِ مُسْتَرَاحِ,مَا زِلْتَ لَا تَسْتَرِيحُ حَتَّى,Abbassi: VIIIth - XVIth,bassit_mokhlaa,bassit_mokhlaa
1582,Ibn Roumi,Ghosnon mina al bani,22,أَخًا غُدُوٌّ أَخًا رَوَاحِ,أَنْتَ الَّذِي كَانَ فِي طَلَابِي,Abbassi: VIIIth - XVIth,bassit_mokhlaa,bassit_mokhlaa
1583,Ibn Roumi,Ghosnon mina al bani,23,مُعُرَّضِ النَّحْرِ لِلرِّمَاحِ,أَنْتَ الَّذِي كَانَ فِي طَلَابِي,Abbassi: VIIIth - XVIth,bassit_mokhlaa,bassit_mokhlaa
1584,Ibn Roumi,Ghosnon mina al bani,24,سَبَيْتَ قَلْبِي بِلَا سِلَاحِ,كَمْ مِنْ سِلَاحٍ حَمَلْتَ حَتَّى,Abbassi: VIIIth - XVIth,bassit_mokhlaa,bassit_mokhlaa
1992,Ibn Roumi,Lakad Raaynaa 3ajaban,1,بَيْنَ جُمَادَى وَجُمَادَى وَرَجَبْ,لَقَدْ رَأَيْنَا عَجَبًا مِنَ العَجَبْ,Abbassi: VIIIth - XVIth,rajaz_complete,rajaz_complete
1993,Ibn Roumi,Lakad Raaynaa 3ajaban,2,فَاجْتَمَعَ الذَّنْبُ عَلَيْهِ وَالذَّنَبْ,مِنْ ذَنَبَانِيٍّ تَعَدَّى طُورَهُ,Abbassi: VIIIth - XVIth,rajaz_complete,rajaz_complete
1994,Ibn Roumi,Lakad Raaynaa 3ajaban,3,وَلَمْ يَكُنْ أَهْلًا لَهَاتِيكَ الرُّتَبْ,عِلْجٌ تَرَقَّى رُتْبَةً فَرُتْبَةً,Abbassi: VIIIth - XVIth,rajaz_complete,rajaz_complete
1995,Ibn Roumi,Lakad Raaynaa 3ajaban,4,أَصْبَحَ مِنْهَا مُشْفِيًا عَلَى العَطَبْ,فَزَلَّ مِنْ تِلْكَ المَرَاقِي زَلَّةً,Abbassi: VIIIth - XVIth,rajaz_complete,rajaz_complete
1996,Ibn Roumi,Lakad Raaynaa 3ajaban,5,قَرِيبُ عَهْدٍ بِارْتِقَاءٍ فِي الكُرَبْ,وَهَكَذَا كُلُّ ارْتِقَاءٍ فِي العُلَا,Abbassi: VIIIth - XVIth,rajaz_complete,rajaz_complete
1997,Ibn Roumi,Lakad Raaynaa 3ajaban,6,وَلَنْ تَرَى شُكْرًا لِمَدْخُولِ النَّسَبْ,خَوَّلَهُ اللَّهُ فَلَمْ يَشْكُرْ لَهُ,Abbassi: VIIIth - XVIth,rajaz_complete,rajaz_complete
1998,Ibn Roumi,Lakad Raaynaa 3ajaban,7,فَكَانَ فِي تَدْمِيرِهِ أَقْوَى سَبَبْ,فَسَلَّطَ اللَّهُ عَلَيْهِ جَهْلَهُ,Abbassi: VIIIth - XVIth,rajaz_complete,rajaz_complete
1999,Ibn Roumi,Lakad Raaynaa 3ajaban,8,فَارْتَاعَ رَوْعًا يَعْتَرِي أَهْلَ الرِّيَبْ,أَقْبَلَ جَيْشٌ لَا يُرِيدُ حَرْبَهُ,Abbassi: VIIIth - XVIth,rajaz_complete,rajaz_complete
2000,Ibn Roumi,Lakad Raaynaa 3ajaban,9,عَهْدًا وَهَلْ يَصْدَأُ مَكْنُونُ الذَّهَبْ,وَسَاءَ ظَنًّا بِوَزِيرٍ لَمْ يَخُنْ,Abbassi: VIIIth - XVIth,rajaz_complete,rajaz_complete
2001,Ibn Roumi,Lakad Raaynaa 3ajaban,10,إِلَّا أَتَاهُ جَاهِدًا ثُمَّ اضْطَرَبْ,فَلَمْ يَدَعْ أَمْرًا يَقُودُ حَتْفَهُ,Abbassi: VIIIth - XVIth,rajaz_complete,rajaz_complete
2002,Ibn Roumi,Lakad Raaynaa 3ajaban,11,فَزَادَ فِيهِ حَطَبًا عَلَى حَطَبْ,كَانَ كَمَنْ خَافَ حَرِيقًا وَاقِعًا,Abbassi: VIIIth - XVIth,rajaz_complete,rajaz_complete
2003,Ibn Roumi,Lakad Raaynaa 3ajaban,12,يَأْتِي عَلَيْهِ لَفْحُهَا دُونَ اللَّهَبْ,أَخْلِقْ بِأَنْ تَغْشَاهُ مِنْهُ قِطْعَةٌ,Abbassi: VIIIth - XVIth,rajaz_complete,rajaz_complete
2004,Ibn Roumi,Lakad Raaynaa 3ajaban,13,فَإِنَّ فِيهِ عَجَبًا مِنَ العَجَبْ,أُنْظُرْ إِلَيْهِ وَإِلَى تَدْبِيرِهِ,Abbassi: VIIIth - XVIth,rajaz_complete,rajaz_complete
2005,Ibn Roumi,Lakad Raaynaa 3ajaban,14,مِنَ المُدَارَاةِ وَلَا أَخْذِ الأُهَبْ,رَوَّعَ طِفْلًا لَمْ يَكُنْ تَرْوِيعُهُ,Abbassi: VIIIth - XVIth,rajaz_complete,rajaz_complete
2006,Ibn Roumi,Lakad Raaynaa 3ajaban,15,تِلْقَاءَهُ سُخْطٌ مِنَ اللَّهِ وَجَبْ,وَأَسْخَطَ السَّادَةَ سُخْطًا سَاقَهُ,Abbassi: VIIIth - XVIth,rajaz_complete,rajaz_complete
2007,Ibn Roumi,Lakad Raaynaa 3ajaban,16,فَأَطْلَقَ الطِّفْلَ وَأَمْسَى فِي رَهَبْ,ثُمَّ رَأَى أَنْ لَمْ يُوَفَّقْ رَأْيُهُ,Abbassi: VIIIth - XVIth,rajaz_complete,rajaz_complete
2008,Ibn Roumi,Lakad Raaynaa 3ajaban,17,مِمَّا أَتَى أَوْ بَيْنَ خَوْفٍ وَحَرَبْ,فَهْوَ مُقِيمٌ بَيْنَ خَوْفٍ وَرَدَى,Abbassi: VIIIth - XVIth,rajaz_complete,rajaz_complete
2009,Ibn Roumi,Lakad Raaynaa 3ajaban,18,مِنْ جَهْلِهِ فِي تَعَبٍ وَفِي نَصَبْ,وَهَكَذَا الجَاهلُ قِدَمًا لَمْ يَزَلْ,Abbassi: VIIIth - XVIth,rajaz_complete,rajaz_complete
2010,Ibn Roumi,Lakad Raaynaa 3ajaban,19,وَقَدْ شَرَى طُولَ هُدُوءٍ بِتَعَبْ,قَدِ اشْتَرَى طُولَ سُهَادٍ بِكَرًى,Abbassi: VIIIth - XVIth,rajaz_complete,rajaz_complete
2011,Ibn Roumi,Lakad Raaynaa 3ajaban,20,قُلِّدَ مِنْ أَمْرٍ بِدَعْوَاهُ العَرَبْ,شَبَّهْتُ دَعْوَاهُ القِيَامُ بِالَّذِي,Abbassi: VIIIth - XVIth,rajaz_complete,rajaz_complete
2012,Ibn Roumi,Lakad Raaynaa 3ajaban,21,وَأَنَّهُ فِي زَفَرَاتٍ وَكُرَبْ,قَدْ قُلْتُ إِذْ خُبِّرْتُ عَنْ تَبْلِيحِهِ,Abbassi: VIIIth - XVIth,rajaz_complete,rajaz_complete
2013,Ibn Roumi,Lakad Raaynaa 3ajaban,22,فِي صَعَدٍ عَالٍ وَأَمْسَى فِي صَبَبْ,بُعْدًا لِمَنْ أَصْبَحَ مِنْ أَحْوَالِهِ,Abbassi: VIIIth - XVIth,rajaz_complete,rajaz_complete
2014,Ibn Roumi,Lakad Raaynaa 3ajaban,23,أَمَا لَدَيْهَا هَرَبٌ وَلَا طَلَبْ,مَا فَعَلَتْ خَيلٌ لَهُ قَدْ ضُمِّرَتْ,Abbassi: VIIIth - XVIth,rajaz_complete,rajaz_complete
2015,Ibn Roumi,Lakad Raaynaa 3ajaban,24,وَحَيْنُهُ يَمْنَعُهُ مِنَ الهَرَبْ,بَلْ جَبْنُهُ يَمْنَعُهَا إِقْدَامَهَا,Abbassi: VIIIth - XVIth,rajaz_complete,rajaz_complete
2016,Ibn Roumi,Lakad Raaynaa 3ajaban,25,وَأَحْسَنَ النَّعْمَاءَ عَنْهُ تُسْتَلَبْ,مَا أَقْبَحَ النَّعْمَاءَ يُكْسَى ثَوْبَهَا,Abbassi: VIIIth - XVIth,rajaz_complete,rajaz_complete
2017,Ibn Roumi,Lakad Raaynaa 3ajaban,26,لَكِنَّهُ فَارَقَهُ بِمَا اكْتَسَبْ,مَا كَانَ مَا أَعْطِيَهُ مِنْ كَسْبِهِ,Abbassi: VIIIth - XVIth,rajaz_complete,rajaz_complete
2018,Ibn Roumi,Lakad Raaynaa 3ajaban,27,قَدْ غَضِبَ اللَّهُ لَهَا كُلَّ الغَضَبْ,يَا غَامِطَ النِّعْمَةِ أَيْقِنْ أَنَّهَا,Abbassi: VIIIth - XVIth,rajaz_complete,rajaz_complete
2019,Ibn Roumi,Lakad Raaynaa 3ajaban,28,عَادَى أَبَا الصَّقْرِ الوَزِيرِ المُنْتَجَبْ,وَلَنْ تَرَى اللَّهَ وَلِيًا لِامْرِئٍ,Abbassi: VIIIth - XVIth,rajaz_complete,rajaz_complete
2020,Ibn Roumi,Lakad Raaynaa 3ajaban,29,فَإِنَّهُ مِنْ أَمْرِهِ فِي وَكَتَبْ,وَكُلُّ مَنْ عَادَى مُحِقًّا مُقْبِلًا,Abbassi: VIIIth - XVIth,rajaz_complete,rajaz_complete
2021,Ibn Roumi,Lakad Raaynaa 3ajaban,30,عَلَى الَّذِي أَبْلَى وَأَوْلَى وَوَهَبْ,وَالحَمْدُ لِلَّهِ العَظِيمِ شَأْنُهُ,Abbassi: VIIIth - XVIth,rajaz_complete,rajaz_complete
432,Ibn Sinae Al Malik,Ayadfa3oni Dahro,1,وَيُكْثِرُ مِنْ لُؤْمِهِ المَطْلَ بِي,أَيَدْفَعُنِي الدَهْرَ عَنْ مَطْلَبِي,Ayoubi: XIIth - XIIIth,motaqaarib_complete,motaqaarib_complete
433,Ibn Sinae Al Malik,Ayadfa3oni Dahro,2,أَرَادَ الوُرُودَ عَلَى مَشْرَبِي,وَيَقْصِدُ صَدِّي إِذَا مَا صَدَايَ,Ayoubi: XIIth - XIIIth,motaqaarib_complete,motaqaarib_complete
434,Ibn Sinae Al Malik,Ayadfa3oni Dahro,3,تَرَاهُو يُصَلِّي عَلَى أَشْعَبِ,وَإِنْ رُمْتُ أَسْهَلَ شَيْءٍ عَلَيْهِ,Ayoubi: XIIth - XIIIth,motaqaarib_complete,motaqaarib_complete
435,Ibn Sinae Al Malik,Ayadfa3oni Dahro,4,فَيُنْشِدُ بَيْتَ أَبِي الطَّيِّبِ,وَأَسْأَلُهُ نَقْلَ أَخْلَاقِهِ,Ayoubi: XIIth - XIIIth,motaqaarib_complete,motaqaarib_complete
436,Ibn Sinae Al Malik,Ayadfa3oni Dahro,5,وَأَنَّ الرَّشِيدَ المُرَجَّى أَبِي,وَلَمْ يَدْرِ أَنِّي كَثِيرُ الإِبَائِي,Ayoubi: XIIth - XIIIth,motaqaarib_complete,motaqaarib_complete
437,Ibn Sinae Al Malik,Ayadfa3oni Dahro,6,بِفَضْلِ النِّصَابِ مَعَ المَنْصِبِ,وَأَنِّي بِهِ قَدْ فَخَرْتُ الأَنَامَ,Ayoubi: XIIth - XIIIth,motaqaarib_complete,motaqaarib_complete
438,Ibn Sinae Al Malik,Ayadfa3oni Dahro,7,لَأَنْعَلْتُ رِجْلَيَّ بِالكَوْكَبِ,وَأَنِّيَ لَوْ شِئْتُ مِنْ سَعْدِهِ,Ayoubi: XIIth - XIIIth,motaqaarib_complete,motaqaarib_complete
439,Ibn Sinae Al Malik,Ayadfa3oni Dahro,8,بِنَهْرِ المَجَرَّةِ كَالمَرْكَبِ,وَلَوْ شِئْتُ كَانَ لَدَيَّ الهِلَالُ,Ayoubi: XIIth - XIIIth,motaqaarib_complete,motaqaarib_complete
440,Ibn Sinae Al Malik,Ayadfa3oni Dahro,9,لَصَيَّرَهُو غَيْرَ مُسْتَصْعَبِ,وَلَكِنَّ لِي أَرَبًا لَوْ أَرَادَ,Ayoubi: XIIth - XIIIth,motaqaarib_complete,motaqaarib_complete
441,Ibn Sinae Al Malik,Ayadfa3oni Dahro,10,وَأَنْ يُقْتَدَى الفَخْرُ مِنْ مَنْصِبِ,رَجَوْتُ بِهِ أَنْ أَنَالَ العُلَى,Ayoubi: XIIth - XIIIth,motaqaarib_complete,motaqaarib_complete
442,Ibn Sinae Al Malik,Ayadfa3oni Dahro,11,وَأَنْ أَطْرَحَ الذُّلَّ عَنْ مَنْكِبِي,وَأَنْ أَلْبِسَ العِزَّ مُسْتَمْتِعًا,Ayoubi: XIIth - XIIIth,motaqaarib_complete,motaqaarib_complete
443,Ibn Sinae Al Malik,Ayadfa3oni Dahro,12,يُرَى وَهْوَ فِي القَوْمِ لَمْ يُنْصَبِ,وَمَنْ لَمْ يَكُنْ فِي العُلَا نَاصِبًا,Ayoubi: XIIth - XIIIth,motaqaarib_complete,motaqaarib_complete
444,Ibn Sinae Al Malik,Ayadfa3oni Dahro,13,بِنُجْحٍ لِقَصْدٍ وَلَا مَطْلَبِي,وَمَنْ لَمْ يَسِرْ نَحْوَهَا لَمْ يَسِرْ,Ayoubi: XIIth - XIIIth,motaqaarib_complete,motaqaarib_complete
445,Ibn Sinae Al Malik,Ayadfa3oni Dahro,14,إِذَا صَارَ فِي حِلْيَةِ الأَشْيَبِ,وَمَنْ لَمْ يَسُدْ فِي الصِّبَا لَمْ يَسُدْ,Ayoubi: XIIth - XIIIth,motaqaarib_complete,motaqaarib_complete
446,Ibn Sinae Al Malik,Ayadfa3oni Dahro,15,عَلَيْكَ وَلَوْ شِئْتَ لَمْ أَعْتِبِ,فَيَا سَيِّدِي إِنَّنِي عَاتِبٌ,Ayoubi: XIIth - XIIIth,motaqaarib_complete,motaqaarib_complete
447,Ibn Sinae Al Malik,Ayadfa3oni Dahro,16,وَأَنْتَ تُحَلِّلُ لِي مَشْرَبِي,لَقَدْ أَسْكَرَتْنِي خُمُورُ الخُمُولِ,Ayoubi: XIIth - XIIIth,motaqaarib_complete,motaqaarib_complete
448,Ibn Sinae Al Malik,Ayadfa3oni Dahro,17,أَفِرُّ إِلَيْهِ مِنَ الغَيْهَبِ,أَيَطْلَعُ فَجْرُ سُعُودِي وَلَا,Ayoubi: XIIth - XIIIth,motaqaarib_complete,motaqaarib_complete
449,Ibn Sinae Al Malik,Ayadfa3oni Dahro,18,وَجَوَّزْتَ فِي تَرْكِهِ مَذْهَبِي,بِحَقِّكَ إِمَّا عَصَيْتَ الحُنُوَّ,Ayoubi: XIIth - XIIIth,motaqaarib_complete,motaqaarib_complete
450,Ibn Sinae Al Malik,Ayadfa3oni Dahro,19,فَمَا هَوَّنَ المَرْءُ لَمْ يَصْعُبِ,وَهَوَّنْتَ أَمْرَ فِرَاقِي عَلَيْكَ,Ayoubi: XIIth - XIIIth,motaqaarib_complete,motaqaarib_complete
451,Ibn Sinae Al Malik,Ayadfa3oni Dahro,20,عَتِبْتُ عَلَيْكَ فَلَا تَعْتِبِ,فَإِنْ قُلْتَ لَا ثُمَّ أَبْصَرْتَنِي,Ayoubi: XIIth - XIIIth,motaqaarib_complete,motaqaarib_complete
2480,Ibn Sinae Al Malik,Laqad Laqayto Nasban,1,وَقَدْ سُقَيْتُ وَصَبَا,لَقَدْ لَقَيْتُ نَصَبًا,Ayoubi: XIIth - XIIIth,rajaz_partial,hazaj_complete
2481,Ibn Sinae Al Malik,Laqad Laqayto Nasban,2,مُبَغَّضًا مُحَبَّبَا,بِجُسَّدٍ لِي قَدْ غَدَا,Ayoubi: XIIth - XIIIth,rajaz_partial,rajaz_partial
2482,Ibn Sinae Al Malik,Laqad Laqayto Nasban,3,عَنَيْتُ حُبَّ زَيْنَبَا,الحُبُّ قَدْ عَنَيْتُ مَا,Ayoubi: XIIth - XIIIth,rajaz_partial,rajaz_partial
2483,Ibn Sinae Al Malik,Laqad Laqayto Nasban,4,أَلْفَ جَرِيبٍ جَرَبَا,أَنْبَتَ لِي الحَبُّ بِهِ,Ayoubi: XIIth - XIIIth,rajaz_partial,rajaz_partial
2484,Ibn Sinae Al Malik,Laqad Laqayto Nasban,5,أَبْصَرْتُ مِنْهُ عَجَبَا,يَا عَجَبًا مِنْ جَرَتٍ,Ayoubi: XIIth - XIIIth,rajaz_partial,rajaz_partial
2485,Ibn Sinae Al Malik,Laqad Laqayto Nasban,6,هِ مِقَةً وَاصْطَحَبَا,إِجْتَمَعَ الضِّدَانِ فِي,Ayoubi: XIIth - XIIIth,rajaz_partial,rajaz_partial
2486,Ibn Sinae Al Malik,Laqad Laqayto Nasban,7,وَالجَمْرُ قَدْ تَلَهَّبَا,المَاءُ مِنْهُ قَدْ جَرَى,Ayoubi: XIIth - XIIIth,rajaz_partial,rajaz_partial
2487,Ibn Sinae Al Malik,Laqad Laqayto Nasban,8,لُ بَلَغَ السَّيْلُ الزُّبَى,تَجْرِي القُيُوحُ أَوْ أَقُو,Ayoubi: XIIth - XIIIth,rajaz_partial,rajaz_partial
2488,Ibn Sinae Al Malik,Laqad Laqayto Nasban,9,لَهَا عِظَامِي حَطَبَا,وَالنَّارُ تُذْكَى أَوْ أَرَى,Ayoubi: XIIth - XIIIth,rajaz_partial,rajaz_partial
2489,Ibn Sinae Al Malik,Laqad Laqayto Nasban,10,أَبْصَرْتُ مِنْهُ رُطْبَا,أَنَامِلِي السَّلَى وَإِنْ,Ayoubi: XIIth - XIIIth,rajaz_partial,rajaz_partial
2490,Ibn Sinae Al Malik,Laqad Laqayto Nasban,11,مِنْ حَصَفٍ وَذَهَّبَا,قَدْ خَتَمُوهَا فِضَّةً,Ayoubi: XIIth - XIIIth,rajaz_partial,rajaz_partial
2491,Ibn Sinae Al Malik,Laqad Laqayto Nasban,12,جَوْهَرَ وَالمَخْشَلَّبَا,تَرَى بِهَا اليَاقُوتُ وَال,Ayoubi: XIIth - XIIIth,rajaz_partial,rajaz_partial
2492,Ibn Sinae Al Malik,Laqad Laqayto Nasban,13,قَدْ أَلْهَبَا وَأَنْهَبَا,مِنْ حَصَفٍ وَجَرَّبٍ,Ayoubi: XIIth - XIIIth,rajaz_partial,rajaz_partial
2493,Ibn Sinae Al Malik,Laqad Laqayto Nasban,14,ذَا الأُفْقِ قَدْ تَكَوْكَبَا,يَقُولُ مَنْ أَبْصَرَنِي,Ayoubi: XIIth - XIIIth,rajaz_partial,rajaz_partial
2494,Ibn Sinae Al Malik,Laqad Laqayto Nasban,15,وَلَيْسَ يَأْتِي مَغْرِبَا,فَكَوْكَبٌ فِي مَشْرِقٍ,Ayoubi: XIIth - XIIIth,rajaz_partial,rajaz_partial
2495,Ibn Sinae Al Malik,Laqad Laqayto Nasban,16,أَبْصَرْتُ فِيهَا كَوْكَبَا,يُظْلَمُ عَيْشِي كُلَّمَا,Ayoubi: XIIth - XIIIth,rajaz_partial,rajaz_partial
2496,Ibn Sinae Al Malik,Laqad Laqayto Nasban,17,إِلَّا رَأَيْتُ عَقْرَبَا,فَمَا رَأَيْتُ حَيَّةً,Ayoubi: XIIth - XIIIth,rajaz_partial,rajaz_partial
2497,Ibn Sinae Al Malik,Laqad Laqayto Nasban,18,أُطْعَنُ فِيهَا بِالشَّبَا,أُنْخَسُ بِالشَّوْكِ وَقَدْ,Ayoubi: XIIth - XIIIth,rajaz_partial,rajaz_partial
2498,Ibn Sinae Al Malik,Laqad Laqayto Nasban,19,أْسِ حَيَاءً وَإِبَا,أَكْتُمُ كَفَّيَّ عَنِ النَّ,Ayoubi: XIIth - XIIIth,rajaz_partial,rajaz_partial
2499,Ibn Sinae Al Malik,Laqad Laqayto Nasban,20,كَفِّيَ عَنْهُمْ وَاخْتَبَا,مَا لَاحَ إِلَّا وَاخْتَفَى,Ayoubi: XIIth - XIIIth,rajaz_partial,rajaz_partial
2500,Ibn Sinae Al Malik,Laqad Laqayto Nasban,21,فِي مَلَكًا مُحَجَّبَا,مِنَ الهَوَانِ عَادَ كَفْ,Ayoubi: XIIth - XIIIth,rajaz_partial,rajaz_partial
2501,Ibn Sinae Al Malik,Laqad Laqayto Nasban,22,مَاءُ ثَوْبِي وَالقَبَا,تُطَرِّزُ القُيُوحُ وَالدِّ,Ayoubi: XIIth - XIIIth,rajaz_partial,rajaz_partial
2502,Ibn Sinae Al Malik,Laqad Laqayto Nasban,23,ثُمَّ أَرَاهُ مُذْهَبَا,أَلْبَسُ ثَوْبًا سَاذِجًا,Ayoubi: XIIth - XIIIth,rajaz_partial,rajaz_partial
2503,Ibn Sinae Al Malik,Laqad Laqayto Nasban,24,تُ حِينَ صِرْتُ أَجْرَبَا,مِنْ جُمْلَةِ الجَمَال صِرْ,Ayoubi: XIIth - XIIIth,rajaz_partial,hazaj_complete
2504,Ibn Sinae Al Malik,Laqad Laqayto Nasban,25,كِبْرِيتُ مِسْكِيُّ الكَبَا,وَأَصْبَحَ القِطْرَانُ وَال,Ayoubi: XIIth - XIIIth,rajaz_partial,rajaz_partial
2505,Ibn Sinae Al Malik,Laqad Laqayto Nasban,26,مِنْ جَرَبِي وَاجَرَبَا,يَا جَرَبًا إِنْ لَمْ أَقُلْ,Ayoubi: XIIth - XIIIth,rajaz_partial,rajaz_partial
2506,Ibn Sinae Al Malik,Laqad Laqayto Nasban,27,شِعْرًا وَلَكِنْ كَرَبَا,أَصْبَحْتُ ذَا القُرُوحِ لَا,Ayoubi: XIIth - XIIIth,rajaz_partial,rajaz_partial
2507,Ibn Sinae Al Malik,Laqad Laqayto Nasban,28,قَ الدَّمِ مَهْجُورَ الخِبَا,مُمَزَّقَ الجِلْدِ مُرَا,Ayoubi: XIIth - XIIIth,rajaz_partial,rajaz_partial
2508,Ibn Sinae Al Malik,Laqad Laqayto Nasban,29,قَدْ صَارَ لِي مُجْتَنِبَا,فَكُلُّ مَنْ يَأْلِفُنِي,Ayoubi: XIIth - XIIIth,rajaz_partial,rajaz_partial
2509,Ibn Sinae Al Malik,Laqad Laqayto Nasban,30,عَدْوَى يَفِرُّو هَرَبَا,وَكُلُّهُمْ خَوْفًا مِنَ الْ,Ayoubi: XIIth - XIIIth,rajaz_partial,rajaz_partial
2510,Ibn Sinae Al Malik,Laqad Laqayto Nasban,31,تَى ثَوْبُهُ كَالثُّؤَبَا,يُعْدِي الوَرَى الأَجْرَبُ حَتْ,Ayoubi: XIIth - XIIIth,rajaz_partial,rajaz_partial
2511,Ibn Sinae Al Malik,Laqad Laqayto Nasban,32,فِي مَنْزِلِي مُغْتَرِبَا,يَا مَرَضًا صِرْتُ بِهِ,Ayoubi: XIIth - XIIIth,rajaz_partial,rajaz_partial
2512,Ibn Sinae Al Malik,Laqad Laqayto Nasban,33,وَعِنْدَهُمْ مُذَبْذَبَا,وَدُونَ أَهْلِي مُفْرَدًا,Ayoubi: XIIth - XIIIth,rajaz_partial,rajaz_partial
2513,Ibn Sinae Al Malik,Laqad Laqayto Nasban,34,أُقْلَى وَكُنْتُ أُجْتَبَى,أُرْمَى وَكُنْتُ أُصْطَفَى,Ayoubi: XIIth - XIIIth,rajaz_partial,rajaz_partial
2514,Ibn Sinae Al Malik,Laqad Laqayto Nasban,35,تُ مِنْ ذُنُوبِي ذَنَبَا,وَالرَّأْسُ كُنْتُ ثَمَّ صِرْ,Ayoubi: XIIth - XIIIth,rajaz_partial,rajaz_partial
2515,Ibn Sinae Al Malik,Laqad Laqayto Nasban,36,قِي أَنْ أَمُوتَا غَضَبَا,غَضِبْتُ مِنْ حَالِي وَحَقْ,Ayoubi: XIIth - XIIIth,rajaz_partial,rajaz_partial
2516,Ibn Sinae Al Malik,Laqad Laqayto Nasban,37,بِالمَوْتِ أَلْفَ مَرْحَبَا,لَا مَرْحَبًا بِالعَيْشِ بَلْ,Ayoubi: XIIth - XIIIth,rajaz_partial,rajaz_partial
2517,Ibn Sinae Al Malik,Laqad Laqayto Nasban,38,تُ المَوْتَ حُلْوًا طَيِّبَا,مَرَّتْ حَيَاتِي فَوَجَدْ,Ayoubi: XIIth - XIIIth,rajaz_partial,rajaz_partial
2518,Ibn Sinae Al Malik,Laqad Laqayto Nasban,39,وَلَا أُسِيغُ مَشْرَبَا,فَمَا أَلَذُّ مَطْعَمًا,Ayoubi: XIIth - XIIIth,rajaz_partial,hazaj_complete
2519,Ibn Sinae Al Malik,Laqad Laqayto Nasban,40,شُ هَكَذَا مُعَذَّبَا,لَا عِشْتُ إِنْ كُنْتُ أَعِي,Ayoubi: XIIth - XIIIth,rajaz_partial,rajaz_partial
2520,Ibn Sinae Al Malik,Laqad Laqayto Nasban,41,سَلَامَتِي أَنْ أُعْطَبَ,قُوتِي حَيَاتِي وَكَذَا,Ayoubi: XIIth - XIIIth,rajaz_partial,rajaz_partial
2521,Ibn Sinae Al Malik,Laqad Laqayto Nasban,42,لُ المَرْءُ فِيهَا مُتْعَبَا,أُفٍّ لِدُنْيَا لَا يَزَا,Ayoubi: XIIth - XIIIth,rajaz_partial,rajaz_partial
2522,Ibn Sinae Al Malik,Laqad Laqayto Nasban,43,يَكْرَهُ شَاءَ أَوْ أَبَى,تَجْرِي المَقَادِيرُ بِمَا,Ayoubi: XIIth - XIIIth,rajaz_partial,rajaz_partial
2523,Ibn Sinae Al Malik,Laqad Laqayto Nasban,44,ءُ وَالشَّقَاءُ وَالوَبَا,هُنَّ السِّقَامُ وَالعَنَا,Ayoubi: XIIth - XIIIth,rajaz_partial,rajaz_partial
2524,Ibn Sinae Al Malik,Laqad Laqayto Nasban,45,وْدِ يَعُودُ كَالهَبَا,وَبَيْنَمَا يَكُونُ كَالطَّ,Ayoubi: XIIth - XIIIth,rajaz_partial,rajaz_partial
2525,Ibn Sinae Al Malik,Laqad Laqayto Nasban,46,إِذَا أَرَادَ مَطْلَبَا,وَكَمْ يُلَاقِي مَهْلَكًا,Ayoubi: XIIth - XIIIth,rajaz_partial,rajaz_partial
2526,Ibn Sinae Al Malik,Laqad Laqayto Nasban,47,أَقُولُ قَطُّ الكَذِبَا,وَالحَقُّ مَا أَقُولُ مَا,Ayoubi: XIIth - XIIIth,rajaz_partial,rajaz_partial
2527,Ibn Sinae Al Malik,Laqad Laqayto Nasban,48,أَوْ مَلَكًا مُقَرَّبَا,كُنْ بَشَرًا أَوْ مَلِكَا,Ayoubi: XIIth - XIIIth,rajaz_partial,rajaz_partial
2528,Ibn Sinae Al Malik,Laqad Laqayto Nasban,49,تَنْفَكُّ تَلْقَى التَّعَبَا,مَا دُمْتَ مَوْجُودًا فَمَا,Ayoubi: XIIth - XIIIth,rajaz_partial,rajaz_partial
1433,Ibn Zaydoun,Ya Ghazalan Asaarani,1,مُوثَقًا فِي يَدِ المِحَنْ,يَا غَزَالًا أَصَارَنِي,Andaloussi: VIIIth - XVIth,khafif_partial,khafif_partial
1434,Ibn Zaydoun,Ya Ghazalan Asaarani,2,لَمْ أَذُقْ لَذَّةَ الوَسَنْ,إِنَّنِي مُذْ هَجَرْتَنِي,Andaloussi: VIIIth - XVIth,khafif_partial,khafif_partial
1435,Ibn Zaydoun,Ya Ghazalan Asaarani,3,مِنْكَ أَوْ لَحْظَةٌ عَنَنْ,لَيْتَ حَظِّي إِشَارَةٌ,Andaloussi: VIIIth - XVIth,khafif_partial,khafif_partial
1436,Ibn Zaydoun,Ya Ghazalan Asaarani,4,فِي الهَوَى وَجْهُكَ الحَسَنْ,شَافِعِي يَا مُعَذِّبِي,Andaloussi: VIIIth - XVIth,khafif_partial,khafif_partial
1437,Ibn Zaydoun,Ya Ghazalan Asaarani,5,فَأَنَا اليَوْمَ مُرْتَهَنْ,كُنْتُ خُلْوًا مِنَ الهَوَى,Andaloussi: VIIIth - XVIth,khafif_partial,khafif_partial
1438,Ibn Zaydoun,Ya Ghazalan Asaarani,6,وَهُوَ الآنَ قَدْ عَلَنْ,كَانَ سِرِّي مُكَتَّمًا,Andaloussi: VIIIth - XVIth,khafif_partial,khafif_partial
1439,Ibn Zaydoun,Ya Ghazalan Asaarani,7,فَكَمَا شِئْتَ لِي فَكُنْ,لَيْسَ لِي عَنْكَ مَذْهَبٌ,Andaloussi: VIIIth - XVIth,khafif_partial,khafif_partial
1971,Ibn Zaydoun,Yaa Dam3i sob maa chiata,1,وَيَا فُؤَادِي آنَ أَنْ تَذُوبَا,يَا دَمْعُ صُبْ مَا شِئْتَ أَنْ تَصُوبَا,Andaloussi: VIIIth - XVIth,rajaz_complete,rajaz_complete
1972,Ibn Zaydoun,Yaa Dam3i sob maa chiata,2,لَمْ أَرَ لِي فِي أَهْلِهَا ضَرِيبَا,إِذِ الرَّزَايَا أَصْبَحَتْ ضُرُوبَا,Andaloussi: VIIIth - XVIth,rajaz_complete,rajaz_complete
1973,Ibn Zaydoun,Yaa Dam3i sob maa chiata,3,فِي الغَرْبِ إِذْ رُحْتُ بِهِ غَرِيبَا,قَدْ مَلَأَ الشَّوْقُ الحَشَا نُدُوبَا,Andaloussi: VIIIth - XVIth,rajaz_complete,rajaz_complete
1974,Ibn Zaydoun,Yaa Dam3i sob maa chiata,4,أَدْنَى الضَّنَى إِذْ أَبْعَدَ الطَّبِيبَا,عَلِيلَ دَهْرٍ سَامَنِي تَعْذِيبَا,Andaloussi: VIIIth - XVIth,rajaz_complete,rajaz_complete
1975,Ibn Zaydoun,Yaa Dam3i sob maa chiata,5,رِيحٌ يَرُوحُ عَهْدُهَا قَرِيبَا,لَيْتَ القَبُولَ أَحْدَثَتْ هُبُوبَا,Andaloussi: VIIIth - XVIth,rajaz_complete,rajaz_complete
1976,Ibn Zaydoun,Yaa Dam3i sob maa chiata,6,تَعَطَّرَتْ مِنْهُ الصَّبَا جُيُوبَا,بِالأُفُقِ المُهْدِي إِلَيْنَا طِيبَا,Andaloussi: VIIIth - XVIth,rajaz_complete,rajaz_complete
1977,Ibn Zaydoun,Yaa Dam3i sob maa chiata,7,يَا مُتْبِعًا إِسَادَهُ التَّأْوِيبَا,يُبْرِدُ حَرَّ الكَبِدِ المَشْبُوبَا,Andaloussi: VIIIth - XVIth,rajaz_complete,rajaz_complete
1978,Ibn Zaydoun,Yaa Dam3i sob maa chiata,8,أَمَا سَمِعْتَ المَثَلَ المَضْرُوبَا,مُشَرِّقًا قَدْ سَئِمَ التَّغْرِيبَا,Andaloussi: VIIIth - XVIth,rajaz_complete,rajaz_complete
1979,Ibn Zaydoun,Yaa Dam3i sob maa chiata,9,إِذَا أَتَيْتَ الوَطَنَ الحَبِيبَا,أَرْسِلْ حَكِيمًا وَاسْتَشِرْ لَبِيبَا,Andaloussi: VIIIth - XVIth,rajaz_complete,rajaz_complete
1980,Ibn Zaydoun,Yaa Dam3i sob maa chiata,10,وَالحَاضِرَ المُنْفَسِحَ الرَّحِيبَا,وَالجَانِبَ المُسْتَوْضَحَ العَجِيبَا,Andaloussi: VIIIth - XVIth,rajaz_complete,rajaz_complete
1981,Ibn Zaydoun,Yaa Dam3i sob maa chiata,11,مَصَانِعٌ تَجْتَذِبُ القُلُوبَا,فَحَيِّ مِنْهُ مَا أَرَى الجَنُوبَا,Andaloussi: VIIIth - XVIth,rajaz_complete,rajaz_complete
1982,Ibn Zaydoun,Yaa Dam3i sob maa chiata,12,مُخَالِفًا فِي وَصْلِهِ الرَّقِيبَا,حَيْثُ أَلِفْتُ الرَّشَأَ الرَّبِيبَا,Andaloussi: VIIIth - XVIth,rajaz_complete,rajaz_complete
1983,Ibn Zaydoun,Yaa Dam3i sob maa chiata,13,لَمَّا انْثَنَى فِي سُكْرِهِ قَضِيبَا,كَمْ بَاتَ يَدْرِي لَيْلَهُ الغِرْبِيبَا,Andaloussi: VIIIth - XVIth,rajaz_complete,rajaz_complete
1984,Ibn Zaydoun,Yaa Dam3i sob maa chiata,14,أَرْشُفُ مِنْهُ المَبْسِمَ الشَّنِيبَا,تَشْدُو حَمَامُ حَلْيِهِ تَطْرِيبَا,Andaloussi: VIIIth - XVIth,rajaz_complete,rajaz_complete
1985,Ibn Zaydoun,Yaa Dam3i sob maa chiata,15,شَبَابُ أُفْقٍ هَمَّ أَنْ يَشِيبَا,حَتَّى إِذَا مَا اعْتَنَّ لِي مُرِيبَا,Andaloussi: VIIIth - XVIth,rajaz_complete,rajaz_complete
1986,Ibn Zaydoun,Yaa Dam3i sob maa chiata,16,هَصَرْتُهُ حُلْوَ الجَنَى رَطِيبَا,بَادَرْتُ سَعْيًا هَلْ رَأَيْتَ الذِّيبَا,Andaloussi: VIIIth - XVIth,rajaz_complete,rajaz_complete
1987,Ibn Zaydoun,Yaa Dam3i sob maa chiata,17,مَنْ لَمْ أُسِغْ مِنْ بَعْدِهِ مَشْرُوبَا,أَهَاجِرِي أَمْ مَوْسِعِي تَأْنِيبَا,Andaloussi: VIIIth - XVIth,rajaz_complete,rajaz_complete
1988,Ibn Zaydoun,Yaa Dam3i sob maa chiata,18,وَلَا مَلَامَ يَلْحَقُ القُلُوبَا,مَا ضَرَّهُ لَوْ قَالَ لَا تَثْرِيبَا,Andaloussi: VIIIth - XVIth,rajaz_complete,rajaz_complete
1989,Ibn Zaydoun,Yaa Dam3i sob maa chiata,19,وَلَمْ يَدَعْ فِي العُذْرِ لِي نَصِيبَا,قَدْ طَالَ مَا تَجَرَّمَ الذُّنُوبَا,Andaloussi: VIIIth - XVIth,rajaz_complete,rajaz_complete
1990,Ibn Zaydoun,Yaa Dam3i sob maa chiata,20,لَمْ آلُ أَنْ أَسْتَرْضِيَ الغَضُوبَا,إِنْ قَرَّتِ العَيْنُ بِأَنْ أَؤُوبَا,Andaloussi: VIIIth - XVIth,rajaz_complete,rajaz_complete
1991,Ibn Zaydoun,Yaa Dam3i sob maa chiata,21,قَدْ يَنْفَعُ المُذْنِبَ أَنْ يَتُوبَا,حَسْبِيَ أَنْ أُحَرِّمَ المَغِيبَا,Andaloussi: VIIIth - XVIth,rajaz_complete,rajaz_complete
1126,Ibrahim Nagui,Qolto Lilbahr,1,كَمْ أَطَلْتُ الوُقُوفَ وَالإِصْغَاءَ,قُلْتُ لِلْبَحْرِ إِذْ وَقَفْتُ مَسَاءَا,Modern,khafif_complete,khafif_complete
1127,Ibrahim Nagui,Qolto Lilbahr,2,وَشَرِبْتُ الظَّلَالَ وَالأَضْوَاءَ,وَجَعَلْتُ النَّسِيمَ زَادًا لِرُوحِي,Modern,khafif_complete,khafif_complete
1128,Ibrahim Nagui,Qolto Lilbahr,3,جَعَلَتْ مِنْكَ رَوْضَةً غَنَّاءَ,لَكَأَنَّ الأَضْوَاءُ مُخْتَلِفَاتٌ,Modern,khafif_complete,khafif_complete
1129,Ibrahim Nagui,Qolto Lilbahr,4,وَسَرَى فِي جَوَانِحِي كَيْفَ شَاءَ,مَرَّ بِي عِطْرُهَا فَأَسْكَرَ نَفْسِي,Modern,khafif_complete,khafif_complete
1130,Ibrahim Nagui,Qolto Lilbahr,5,مِثْلَ مَا كَانَ أَوْ أَشَدَّ عَنَاءَ,نَشْوَةٌ لَمْ تَطُلْ صَحَا القَلْبُ مِنْهَا,Modern,khafif_complete,khafif_complete
1131,Ibrahim Nagui,Qolto Lilbahr,6,أَيُّهَا البَحْرُ نَحْنُ لَسْنَا سَوَاءَ,إِنَّمَا يَفْهَمُ الشَّبِيهُ شَبِيهًا,Modern,khafif_complete,khafif_complete
1132,Ibrahim Nagui,Qolto Lilbahr,7,مَزَّقَتْنَا وَصَيَّرَتْنَا هَبَاءَ,أَنْتَ بَاقٍ وَنَحْنُ حَرْبُ اللَّيَالِي,Modern,khafif_complete,khafif_complete
1133,Ibrahim Nagui,Qolto Lilbahr,8,هِبِ يَعْلُو حِينًا وَيَمْضِي جَفَاءَ,أَنْتَ عَاتٍ وَنَحْنُ كَالزَّبْدِ الذَّا,Modern,khafif_complete,khafif_complete
1134,Ibrahim Nagui,Qolto Lilbahr,9,إِذْ مَلَلْتُ الحَيَاةَ وَالأَحْيَاءَ,وَعَجِيبٌ إِلَيْكَ يُمْمِتُ وَجْهِ,Modern,khafif_complete,khafif_complete
1135,Ibrahim Nagui,Qolto Lilbahr,10,لِكَ رَدًّا وَلَا تُجِيبُ نِدَاءَ,أَبْتَغِي عِنْدَكَ التَّأَسِّي وَمَا تَمْ,Modern,khafif_complete,khafif_complete
1136,Ibrahim Nagui,Qolto Lilbahr,11,مَنْ يُنَبِّي فَيُحْسِنُ الإِنْبَاءَ,كُلُّ يَوْمٍ تَسَاؤُلٌ لَيْتَ شِعْرِي,Modern,khafif_complete,khafif_complete
1137,Ibrahim Nagui,Qolto Lilbahr,12,سَ فَوَلَّتْ حَزِينَةً صَفْرَاءَ,مَا تَقُولُ الأُمْوَاجُ مَا آلَمَ الشَّمْ,Modern,khafif_complete,khafif_complete
1138,Ibrahim Nagui,Qolto Lilbahr,13,أَبَدِيٍّ وَالظُّلْمَةَ الخَرْسَاءَ,تَرَكَتْنَا وَخَلَّفَتْ لَيْلَ شَكٍّ,Modern,khafif_complete,khafif_complete
1139,Ibrahim Nagui,Qolto Lilbahr,14,حِينَ أَبْكِي وَمَا عَرَفْتُ البُكَاءَ,وَكَأَنَّ القَضَاءَ يَسْخَرُ مِنِّي,Modern,khafif_complete,khafif_complete
1140,Ibrahim Nagui,Qolto Lilbahr,15,لَمْ تَدَعْ لِي أَحْدَاثُهُو كِبْرِيَاءَ,وَيْحَ دَمْعِي وَوَيْحَ ذِلَّةِ نَفْسِي,Modern,khafif_complete,khafif_complete
1816,Ilyass Abou Chabaka,Laa Yachoqona arabon,1,نَحْنُ كُلُّنَا عَصَبُ,لَا يَشُقَّنَا أَرَبٌ,Modern,moqtadab_complete,moqtadab_complete
1817,Ilyass Abou Chabaka,Laa Yachoqona arabon,2,لِلْوِئَامِ يَنْتَسِبُ,فِي نُفُوسِنَا خُلُقٌ,Modern,moqtadab_complete,moqtadab_complete
1818,Ilyass Abou Chabaka,Laa Yachoqona arabon,3,فِي صُدُورِنَا رَحَبُ,فِي قُلُوبِنَا هِمَمٌ,Modern,moqtadab_complete,moqtadab_complete
1819,Ilyass Abou Chabaka,Laa Yachoqona arabon,4,فِي عُرُوقِنَا حَسَبُ,فِي دِمَائِنَا شَرَفٌ,Modern,moqtadab_complete,moqtadab_complete
1820,Ilyass Abou Chabaka,Laa Yachoqona arabon,5,فِي يَرَاعِنَا أَدَبُ,فِي سُيُوفِنَا شَرَرٌ,Modern,moqtadab_complete,moqtadab_complete
1821,Ilyass Abou Chabaka,Laa Yachoqona arabon,6,أَنْ يَسُوسَهَا الغَضَبُ,نَحْنُ أُمَّةٌ غَضِبَتْ,Modern,moqtadab_complete,moqtadab_complete
1822,Ilyass Abou Chabaka,Laa Yachoqona arabon,7,لَا الشِّقَاقُ وَالعَطَبُ,فَالسَّلَامُ رَائِدُهَا,Modern,moqtadab_complete,moqtadab_complete
1823,Ilyass Abou Chabaka,Laa Yachoqona arabon,8,فِي مُرُوجِهَا الضَّرَبُ,مَاؤُهَا يُمَازِجُهُ,Modern,moqtadab_complete,moqtadab_complete
1824,Ilyass Abou Chabaka,Laa Yachoqona arabon,9,مِنْ صَفَائِهِ شَرِبُوا,كَمْ فَوَارِسٍ أُسُدٍ,Modern,moqtadab_complete,moqtadab_complete
1825,Ilyass Abou Chabaka,Laa Yachoqona arabon,10,حَقْلُكُمْ هُوَ الرُّتَبُ,لَا تَغُرَّكُمْ رُتَبٌ,Modern,moqtadab_complete,moqtadab_complete
1826,Ilyass Abou Chabaka,Laa Yachoqona arabon,11,ذَلِكَ الثَّرَى ذَهَبُ,فَانْفَضُّوا ثَرَاهُ فَفِي,Modern,moqtadab_complete,moqtadab_complete
1827,Ilyass Abou Chabaka,Laa Yachoqona arabon,12,مِلْءَ عَيْنِهَا لَهَبُ,كَمْ جَلَالَةٍ رَقَدَتْ,Modern,moqtadab_complete,moqtadab_complete
1828,Ilyass Abou Chabaka,Laa Yachoqona arabon,13,كَنْزَ مَجْدِهَا الحِقَبُ,فِي مَدَافِنٍ رَصَدَتْ,Modern,moqtadab_complete,moqtadab_complete
1829,Ilyass Abou Chabaka,Laa Yachoqona arabon,14,فِي البِلَادِ يَنْسَكِبُ,إِنَّ لِلْخُلُودِ هَوًى,Modern,moqtadab_complete,moqtadab_complete
1830,Ilyass Abou Chabaka,Laa Yachoqona arabon,15,فَالبِلَادُ تَضْطَرِبُ,فَاحْذَرُوا انْقِسَامَكُمُ,Modern,moqtadab_complete,moqtadab_complete
2540,Jamil Sidki Al Zahawi,Inna man qad jabbalak,1,بَعْدَ حِينٍ قَتَلَكْ,إِنَّ مَنْ قَدْ جَبَّلَكْ,Othoman: XIIIth - XXth,madid_partial,ramal_partial
2541,Jamil Sidki Al Zahawi,Inna man qad jabbalak,2,ضَارِعًا قَدْ أَعْجَلَكْ,وَمَنِ اسْتَمْهَلْتَهُ,Othoman: XIIIth - XXth,madid_partial,ramal_partial
2542,Jamil Sidki Al Zahawi,Inna man qad jabbalak,3,وَاثِقًا قَدْ خَذَّلَكْ,وَمَنِ اسْتَنْصَرْتَهُ,Othoman: XIIIth - XXth,madid_partial,ramal_partial
2543,Jamil Sidki Al Zahawi,Inna man qad jabbalak,4,حَيَاةً كَفَّلَكْ,لَيْتَ مَنْ قَدْ بَثَّ فِيكَ,Othoman: XIIIth - XXth,madid_partial,ramal_partial
2544,Jamil Sidki Al Zahawi,Inna man qad jabbalak,5,حَمْأَةٍ قَدْ نَشَّلَكْ,لَيْتَ مَنْ أَلْقَاكَ فِي,Othoman: XIIIth - XXth,madid_partial,ramal_partial
2545,Jamil Sidki Al Zahawi,Inna man qad jabbalak,6,كَانَ قَبْلًا خَوَلَكْ,أَنَّهُ اسْتَرْجَعَ مَا,Othoman: XIIIth - XXth,madid_partial,ramal_partial
2546,Jamil Sidki Al Zahawi,Inna man qad jabbalak,7,ضَيِّقٍ قَدْ جَعَلَكْ,أَنَّهُ فِي جَدَثٍ,Othoman: XIIIth - XXth,madid_partial,ramal_partial
2547,Jamil Sidki Al Zahawi,Inna man qad jabbalak,8,عِوَضَ النُّورِ حَلَكْ,مَنْزِلٌ يَمْلَؤُهُ,Othoman: XIIIth - XXth,madid_partial,ramal_partial
2548,Jamil Sidki Al Zahawi,Inna man qad jabbalak,9,زَى عَلَى مَا حَمَلَكْ,وَلِمَاذَا لَكَ جَا,Othoman: XIIIth - XXth,madid_partial,ramal_partial
2549,Jamil Sidki Al Zahawi,Inna man qad jabbalak,10,لَكَ أَحْيَا قَتَلَكْ,وَلِمَاذَا بَعْدَ مَا,Othoman: XIIIth - XXth,madid_partial,ramal_partial
2550,Jamil Sidki Al Zahawi,Inna man qad jabbalak,11,وَارْكَبْ جَمَلَكْ,سِرْ إِنِ اسْطَعْتَ إِلَى الأَهْلِ,Othoman: XIIIth - XXth,madid_partial,ramal_partial
2551,Jamil Sidki Al Zahawi,Inna man qad jabbalak,12,لُ وَأَرْسِلْ مَثَلَكْ,قُلْ كَمَا كُنْتَ تَقُو,Othoman: XIIIth - XXth,madid_partial,ramal_partial
2552,Jamil Sidki Al Zahawi,Inna man qad jabbalak,13,كُلُّ ذِي رِجْلِ سَلَكْ,مِثْلَمَا سَنَّ لَهُ,Othoman: XIIIth - XXth,madid_partial,ramal_partial
2553,Jamil Sidki Al Zahawi,Inna man qad jabbalak,14,خَضَ حَتَّى نَجَلَكْ,كَمْ بِكَ الدَّهْرُ تَمَخْ,Othoman: XIIIth - XXth,madid_partial,ramal_partial
2554,Jamil Sidki Al Zahawi,Inna man qad jabbalak,15,وَتَعَدَّتْ رِجَلُكْ,سُخْتَ فِي حَمْأَتِهِ,Othoman: XIIIth - XXth,madid_partial,ramal_partial
2555,Jamil Sidki Al Zahawi,Inna man qad jabbalak,16,لَكِنَّهُ مَا نَشَلَكْ,كَانَ يَسْتَطِيعُ وَ,Othoman: XIIIth - XXth,madid_partial,ramal_partial
2556,Jamil Sidki Al Zahawi,Inna man qad jabbalak,17,حَمَدَتْ مُعْتَزَلَكْ,وَكَأَنَّ الأَرْضَ قَدْ,Othoman: XIIIth - XXth,madid_partial,ramal_partial
2557,Jamil Sidki Al Zahawi,Inna man qad jabbalak,18,فِي مَطَاهَا ثَقَلَكْ,إِنَّهَا قَدْ أَنْكَرَتْ,Othoman: XIIIth - XXth,madid_partial,ramal_partial
2558,Jamil Sidki Al Zahawi,Inna man qad jabbalak,19,كُلُّهُ لَمْ يَبْقَ لَكْ,غَيْرَ عَظْمٍ نَخِّرٍ,Othoman: XIIIth - XXth,madid_partial,ramal_partial
2559,Jamil Sidki Al Zahawi,Inna man qad jabbalak,20,كُنْتَ تَشْكُو مَلَلَكْ,أَنْتَ فِي دُنْيَاكَ مَا,Othoman: XIIIth - XXth,madid_partial,ramal_partial
2560,Jamil Sidki Al Zahawi,Inna man qad jabbalak,21,عَنْ هَوَاهَا شَغَلَكْ,أَيُّ أَمْرٍ قَاهِرٍ,Othoman: XIIIth - XXth,madid_partial,ramal_partial
2561,Jamil Sidki Al Zahawi,Inna man qad jabbalak,22,بَعْدَ حُبٍّ حَمَلَكْ,وَعَلَى سُلْوَانِهَا,Othoman: XIIIth - XXth,madid_partial,ramal_partial
2562,Jamil Sidki Al Zahawi,Inna man qad jabbalak,23,مِثْلَ نَجْمٍ فِي فَلَكْ,كُنْتُ مِنْ لَذَّاتِهَا,Othoman: XIIIth - XXth,madid_partial,ramal_partial
2563,Jamil Sidki Al Zahawi,Inna man qad jabbalak,24,الأَرْضِ قَبْلًا سُبُلَكْ,أَنْتَ مَا مَهَّدْتَ فِي,Othoman: XIIIth - XXth,madid_partial,ramal_partial
2564,Jamil Sidki Al Zahawi,Inna man qad jabbalak,25,بُعْدٌ عَلَيْهَا جَذَلَكْ,أَنْتَ مَا اسْتَوْفَيْتَ,Othoman: XIIIth - XXth,madid_partial,ramal_partial
2565,Jamil Sidki Al Zahawi,Inna man qad jabbalak,26,خِرَكَ اعْرِفْ أَوَّلَكْ,قَبْلَ أَنْ تَعْرِفَ آ,Othoman: XIIIth - XXth,madid_partial,ramal_partial
2566,Jamil Sidki Al Zahawi,Inna man qad jabbalak,27,دَبَّ حَتَّى أَكَلَكْ,أَيُّ دَاءٍ فِيكَ قَدْ,Othoman: XIIIth - XXth,madid_partial,ramal_partial
2567,Jamil Sidki Al Zahawi,Inna man qad jabbalak,28,يُشْفِي شَلَلَكْ,أَيُّ طِبٍّ فِي حَفِيرِكَ,Othoman: XIIIth - XXth,madid_partial,ramal_partial
2568,Jamil Sidki Al Zahawi,Inna man qad jabbalak,29,حِينَ تُبْدِي مَقْتَلَكْ,كُلُّ سَيْفٍ قَاتِلٍ,Othoman: XIIIth - XXth,madid_partial,ramal_partial
2569,Jamil Sidki Al Zahawi,Inna man qad jabbalak,30,يَاكَ وَاذْمِمْ عَمَلَكْ,إِحْصِ لِي كُلَّ خَطَا,Othoman: XIIIth - XXth,madid_partial,ramal_partial
2570,Jamil Sidki Al Zahawi,Inna man qad jabbalak,31,لِي فَأُسْتُرْ خَجَلَكْ,وَإِذَا أَحْصَيْتَهَا,Othoman: XIIIth - XXth,madid_partial,ramal_partial
2571,Jamil Sidki Al Zahawi,Inna man qad jabbalak,32,جَوْفِ قَبْرٍ مَنْزِلَكْ,أَنَا لَا أَحْمَدُ فِي,Othoman: XIIIth - XXth,madid_partial,ramal_partial
2572,Jamil Sidki Al Zahawi,Inna man qad jabbalak,33,اليَوْمَ مَلَكْ,كُنْتَ شَيْطَانًا وَلَكِنَّكَ,Othoman: XIIIth - XXth,madid_partial,ramal_partial
2573,Jamil Sidki Al Zahawi,Inna man qad jabbalak,34,دِيرَ وَاذْمِمْ خَطَلَكْ,لَا تُذَمِّنَّ المَقَا,Othoman: XIIIth - XXth,madid_partial,ramal_partial
2574,Jamil Sidki Al Zahawi,Inna man qad jabbalak,35,رَثْتَهَا شَرَّ الهَلَكْ,أَنْتَ مَنْ فَسَّكَ أَوْ,Othoman: XIIIth - XXth,madid_partial,ramal_partial
2575,Jamil Sidki Al Zahawi,Inna man qad jabbalak,36,مَالِ أُنْقُدْ عَمَلَكْ,قَبْلَمَا تَنْقُدُ أَعْ,Othoman: XIIIth - XXth,madid_partial,ramal_partial
2576,Jamil Sidki Al Zahawi,Inna man qad jabbalak,37,وَنَعِيمٌ هُوَ لَكْ,أَجَحِيمٌ هِيَ لِي,Othoman: XIIIth - XXth,madid_partial,ramal_partial
2577,Jamil Sidki Al Zahawi,Inna man qad jabbalak,38,مِثْلِ هَذَا جَدَلَكْ,أَنَا لَا أَسْمَعُ فِي,Othoman: XIIIth - XXth,madid_partial,ramal_partial
2578,Jamil Sidki Al Zahawi,Inna man qad jabbalak,39,رِ فَخَفِّفْ وَجَلَكْ,لَا أَذَى بَعْدَ البَوَا,Othoman: XIIIth - XXth,madid_partial,ramal_partial
2579,Jamil Sidki Al Zahawi,Inna man qad jabbalak,40,بُ فَإِنَّ الوَيْلَ لَكْ,وَإِذَا صَحَّ العِقَا,Othoman: XIIIth - XXth,madid_partial,ramal_partial
2580,Jamil Sidki Al Zahawi,Inna man qad jabbalak,41,يَوْمَا زَلَّلَكْ,وَعَسَى أَنْ يَغْفِرَ اللَّهُ,Othoman: XIIIth - XXth,madid_partial,ramal_partial
2581,Jamil Sidki Al Zahawi,Inna man qad jabbalak,42,تَنْقَضِى مَا أَعْجَلَكْ,يَا نَهَارِي كِدْتَ أَنْ,Othoman: XIIIth - XXth,madid_partial,ramal_partial
2582,Jamil Sidki Al Zahawi,Inna man qad jabbalak,43,كَ وَأَهْوَى طُفَلَكْ,إِنَّنِي أَهْوَى ضُحَا,Othoman: XIIIth - XXth,madid_partial,ramal_partial
2583,Jamil Sidki Al Zahawi,Inna man qad jabbalak,44,حَبَّذَا هَذَا الحَلَكْ,حَبَّذَا النُّورُ وَلَا,Othoman: XIIIth - XXth,madid_partial,ramal_partial
2584,Jamil Sidki Al Zahawi,Inna man qad jabbalak,45,غَرَّنِي مَا أَنْصَلَكْ,أَيُّهَا اللَّوْنُ الَّذِي,Othoman: XIIIth - XXth,madid_partial,ramal_partial
2585,Jamil Sidki Al Zahawi,Inna man qad jabbalak,46,جَنَّنِي مَا أَطْوَلَكْ,أَيُّهَا اللَّيْلُ الَّذِي,Othoman: XIIIth - XXth,madid_partial,ramal_partial
2586,Jamil Sidki Al Zahawi,Inna man qad jabbalak,47,سَرَّنِي مَا أَجْمَلَكْ,أَيُّهَا الصُّبْحُ الَّذِي,Othoman: XIIIth - XXth,madid_partial,ramal_partial
2587,Jamil Sidki Al Zahawi,Inna man qad jabbalak,48,زَارَنِي مَنْ أَرْسَلَكْ,أَيُّهَا الطَّيْفُ الَّذِي,Othoman: XIIIth - XXth,madid_partial,ramal_partial
1203,Jarir,Baana Al Khaliito,1,وَلَمْ تَقْضِ نَفْسُكَ أَوْطَارَهَا,بَأَنَّ الخَلِيطُ غَدَاةَ الجِنَابِ,Amawi: VIIth - VIIIth,motaqaarib_complete,motaqaarib_complete
1204,Jarir,Baana Al Khaliito,2,وَشُدُّوا عَلَى العَيْسِ أَكْوَارَهَا,فَلَا تُكْثِرُوا طُولَ شَكِّ الخِلَاجِ,Amawi: VIIth - VIIIth,motaqaarib_complete,motaqaarib_complete
1205,Jarir,Baana Al Khaliito,3,وَنَهْجُرُ هِنْدًا وَزُوَّارَهَا,سَأَرْمِي بِهَا قَاتِمَاتِ الفِجَاجِ,Amawi: VIIth - VIIIth,motaqaarib_complete,motaqaarib_complete
1206,Jarir,Baana Al Khaliito,4,بَلَاءَ القُيُونِ وَأَخْبَارَهَا,أَلَا قَبَّحَ اللَّهُ يَوْمَ الزُّبَيْرِ,Amawi: VIIth - VIIIth,motaqaarib_complete,motaqaarib_complete
1207,Jarir,Baana Al Khaliito,5,لَئِيمَ المُوَاطِنِ خَوَّارَهَا,فَإِنَّا وَجَدْنَا ابْنَ جَوْخَى القُيُونِ,Amawi: VIIth - VIIIth,motaqaarib_complete,motaqaarib_complete
1208,Jarir,Baana Al Khaliito,6,وَبَيْنَ المَنِيَّةِ لَاخْتَارَهَا,وَلَوْ خُيِّرَ القَيْنُ بَيْنَ الحَيَاةِ,Amawi: VIIth - VIIIth,motaqaarib_complete,motaqaarib_complete
1209,Jarir,Baana Al Khaliito,7,فَأَغْضِ عَلَى الذُّلِّ أَشْفَارَهَا,أَنِمْتَ بِعَيْنٍ عَلَى خِزْيَةٍ,Amawi: VIIth - VIIIth,motaqaarib_complete,motaqaarib_complete
1210,Jarir,Baana Al Khaliito,8,مُنَاخَ الدُّهَيْمِ وَأَيْسَارَهَا,وَقَدْ يَعْلَمُ الحَيُّ مِنْ مَالِكٍ,Amawi: VIIth - VIIIth,motaqaarib_complete,motaqaarib_complete
1211,Jarir,Baana Al Khaliito,9,رِدَافَ المُلُوكِ وَأَصْهَارَهَا,أَخَذْنَا عَلَى الخَوْرِ قَدْ تَعْلَمُونَ,Amawi: VIIth - VIIIth,motaqaarib_complete,motaqaarib_complete
1212,Jarir,Baana Al Khaliito,10,مِرَاسَ الحُرُوبِ وَأَضْرَارَهَا,وَنَكْفِيهِمُ ثُمَّ لَا يَشْكُرُونَ,Amawi: VIIth - VIIIth,motaqaarib_complete,motaqaarib_complete
1213,Jarir,Baana Al Khaliito,11,وَمَا تَعْرِفُ العُوذُ أَمْهَارَهَا,أَنَا ابْنُ الفَوَارِسِ يَوْمَ الغَبِيطِ,Amawi: VIIth - VIIIth,motaqaarib_complete,motaqaarib_complete
1214,Jarir,Baana Al Khaliito,12,وَقَدْ مَدَّتِ الخَيْلُ إِعْصَارَهَا,لَحِقْنَا بِأَبْجَرَ وَالحَوْفَزَانِ,Amawi: VIIth - VIIIth,motaqaarib_complete,motaqaarib_complete
1215,Jarir,Baana Al Khaliito,13,ضَرَبْنَا عَلَى الرَّأْسِ جَبَّارَهَا,وَرَايَةِ مَلْكٍ كَظِلِّ العُقَابِ,Amawi: VIIth - VIIIth,motaqaarib_complete,motaqaarib_complete
1216,Jarir,Baana Al Khaliito,14,نَخُوضُ إِلَى المَوْتِ أَغْمَارَهَا,وَكُنَّا إِذَا حَوْمَةٌ أَعْرَضَتْ,Amawi: VIIth - VIIIth,motaqaarib_complete,motaqaarib_complete
1217,Jarir,Baana Al Khaliito,15,وَشُمْتَ القُيُونَ وَأَكْيَارَهَا,فَأَفْسَدْتَ تَغْلِبَ كُلَّ الفَسَادِ,Amawi: VIIth - VIIIth,motaqaarib_complete,motaqaarib_complete
1218,Jarir,Baana Al Khaliito,16,وَلَمْ تَحْمِ تَغْلِبُ أَدْبَارَهَا,وَحَامَى الفَوَارِسُ يَوْمَ الكُحَيْلِ,Amawi: VIIth - VIIIth,motaqaarib_complete,motaqaarib_complete
1219,Jarir,Baana Al Khaliito,17,وَعَوْنَ النِّسَاءَ وَأَبْكَارَهَا,تَرَكْتُمْ لِقَيْسٍ بَنَاتِ الصَّرِيحِ,Amawi: VIIth - VIIIth,motaqaarib_complete,motaqaarib_complete
1220,Jarir,Baana Al Khaliito,18,وَلَمْ تَضَعِ الحَرْبُ أَوْزَارَهَا,وَضَعْتُمْ بِحَزَّةَ حَمْلَ السِّلَاحِ,Amawi: VIIth - VIIIth,motaqaarib_complete,motaqaarib_complete
1221,Jarir,Baana Al Khaliito,19,لَأَلْفَيْتَ تَغْلِبَ أَشْرَارَهَا,فَإِنَّ البَرِيَّةَ لَوْ جُمِّعَتْ,Amawi: VIIth - VIIIth,motaqaarib_complete,motaqaarib_complete
1222,Jarir,Baana Al Khaliito,20,لِقَيْسٍ وَخِنْدِفَ مَا ضَارَهَا,وَلَوْ أَصْبَحَ النَّاسُ حَرْبًا عِدًى,Amawi: VIIth - VIIIth,motaqaarib_complete,motaqaarib_complete
1223,Jarir,Baana Al Khaliito,21,وَبَرَّ البِلَادِ وَأَمْصَارَهَا,أَخَذْنَا عَلَيْكُمْ عُيُونَ البُحُورِ,Amawi: VIIth - VIIIth,motaqaarib_complete,motaqaarib_complete
1224,Jarir,Baana Al Khaliito,22,جَوَابِيَ عَادٍ وَآبَارَهَا,وَنَحْنُ وَرِثْنَا فَخَلِّ الطَّرِيقَ,Amawi: VIIth - VIIIth,motaqaarib_complete,motaqaarib_complete
1225,Jarir,Baana Al Khaliito,23,وَأَدْعُو قُرَيْشًا وَأَنْصَارَهَا,وَأَدْعُو الإِلَهَ وَتَدْعُو الصَّلِيبَ,Amawi: VIIth - VIIIth,motaqaarib_complete,motaqaarib_complete
1226,Jarir,Baana Al Khaliito,24,وَنَقْضَ الأُمُورِ وَإِمْرَارَهَا,كَفَا خُزْرَ تَغْلِبَ نَصْرَ الرَّسُولِ,Amawi: VIIth - VIIIth,motaqaarib_complete,motaqaarib_complete
1005,Jarir,Inni Imriin,1,أَنْدُبُ مَجْدًا غَيْرَ مَجْدِ ثُنْيَانْ,إِنِّي امْرُؤٌ يَبْنِي لِيَ المَجْدَ البَانْ,Amawi: VIIth - VIIIth,rajaz_complete,rajaz_complete
1006,Jarir,Inni Imriin,2,وَابْنُ زُهَيْرٍ مُعْلِمًا وَالعَمْرَانْ,مِنَّا أَبُو قَيْسٍ وَمِنَّا الحَوْطَانْ,Amawi: VIIth - VIIIth,rajaz_complete,rajaz_complete
1007,Jarir,Inni Imriin,3,مَا لِحَفِيفِ القَصَبَاتِ الجُوفَانْ,وَالهَيْصَمَانِ وَبْنُ ذِي النِّيرَانِ,Amawi: VIIth - VIIIth,rajaz_complete,sarii_complete
1008,Jarir,Inni Imriin,4,جِيئُوا بِمِثْلِ قَعْنَبٍ وَالعَلْهَانْ,عُدُّوا الفَعَالَا وَزِنُوا بِالمِيزَانْ,Amawi: VIIth - VIIIth,rajaz_complete,rajaz_complete
1009,Jarir,Inni Imriin,5,أَوْ كَأَبِي حَزْرَةَ سَمِّ الفُرْسَانْ,وَابْنِ أَبِي سَوْدٍ غَدَاةَ الأَرْنَانْ,Amawi: VIIth - VIIIth,rajaz_complete,rajaz_complete
1010,Jarir,Inni Imriin,6,وَمَا ابْنُ حِنَّاءَةَ الرَّثِيِّ الوَانْ,وَالحَنْتَفَيْنِ يَوْمَ شَلِّ الأَظْعَانْ,Amawi: VIIth - VIIIth,rajaz_complete,rajaz_complete
1011,Jarir,Inni Imriin,7,وَالمُطْعِمُونَ فِي لَيَالِي الشَّفَّانْ,يَوْمَ تَسَدَّى الحَكَمَ بْنَ مَرْوَانْ,Amawi: VIIth - VIIIth,rajaz_complete,rajaz_complete
1012,Jarir,Inni Imriin,8,تَعْدُوا بِنَا الخَيْلُ طُمُوحَ العِقْبَانْ,وَحِظْوَةُ السَّبْقِ لَنَا وَالأَلْفَانْ,Amawi: VIIth - VIIIth,rajaz_complete,rajaz_complete
1013,Jarir,Inni Imriin,9,نَحْنُ اسْتَلَبْنَا الجَوْنَ وَابْنِ حَسَّانْ,نَحْمِي ذِمَارَ جُدَفٍ بِمَرَّانْ,Amawi: VIIth - VIIIth,rajaz_complete,rajaz_complete
1014,Jarir,Inni Imriin,10,قَدْ عَلِمَتْ بَكْرٌ وَقَيْسٌ عَيْلَانْ,وَرَادَفَ الأَمْلَاكَ مِنَّا رِدْفَانْ,Amawi: VIIth - VIIIth,rajaz_complete,rajaz_complete
1015,Jarir,Inni Imriin,11,إِذْ كَذَّبَ الأَقْرَعُ دَعْوَى الفُرْسَانْ,وَالخِنْدِفِيُّونَ بِغَدْرِ الأَقْيَانْ,Amawi: VIIth - VIIIth,rajaz_complete,rajaz_complete
1016,Jarir,Inni Imriin,12,عَلَى الجَبِينِ سَاجِدًا لِلْعِمْرَانْ,وَخَرَّ فِي بَحْرِ الرِّمَاحِ الأَشْطَانِ,Amawi: VIIth - VIIIth,rajaz_complete,rajaz_complete
1017,Jarir,Inni Imriin,13,وَابْنَ القُيُونِ غُلَّقٌ فِي الأَقْرَانْ,إِنَّ ابْنَ وَقْبٍ وَابْنَ أُمِّ خَوْرَانْ,Amawi: VIIth - VIIIth,rajaz_complete,rajaz_complete
1018,Jarir,Inni Imriin,14,لَا سَلَّمَ اللَّهُ عَلَى القِرْدِ الزَّانْ,يُصَلْصِلُ الحِجْلَ بِغَيْرِ الإِيمَانْ,Amawi: VIIth - VIIIth,rajaz_complete,rajaz_complete
1019,Jarir,Inni Imriin,15,شَاعَ الحَدِيثُ يَا فَتَاةَ الفِتْيَانْ,وَيَسْأَلُ المَوْتَى فُضُولَ الأَكْفَانْ,Amawi: VIIth - VIIIth,rajaz_complete,rajaz_complete
735,Khalil Matran,Al Qoloubo Wal Moqalo,1,هُنَّ لِلْهَوَى رُسُلُ,القُلُوبُ وَالمُقَلُو,Modern,moqtadab_complete,moqtadab_complete
736,Khalil Matran,Al Qoloubo Wal Moqalo,2,بَلْ بِهِ لَهَا عِلَلُ,لَسْنَ لِلْهَوَى عِلَلًا,Modern,moqtadab_complete,moqtadab_complete
737,Khalil Matran,Al Qoloubo Wal Moqalo,3,يَقْتَضِي فَتَمْتَثِلُ,رُبَّمَا وَآمُرُهَا,Modern,moqtadab_complete,moqtadab_complete
738,Khalil Matran,Al Qoloubo Wal Moqalo,4,وَالجَمَادُ يَنْفَصِلُ,وَالرَّسُولُ مُؤْتَمِرًا,Modern,moqtadab_complete,moqtadab_complete
739,Khalil Matran,Al Qoloubo Wal Moqalo,5,حَلَّلَتْ وَلَا عُذَلُ,لَا عُقُوبَةً لَهُمَا,Modern,moqtadab_complete,moqtadab_complete
740,Khalil Matran,Al Qoloubo Wal Moqalo,6,لَا تَرُدُّهَا الحِيَلُ,حَاكِمٌ مَشِيئَتُهُ,Modern,moqtadab_complete,moqtadab_complete
741,Khalil Matran,Al Qoloubo Wal Moqalo,7,أَرْضُنَا بِهَا عَمَلُ,وَالوُجُودُ دَوْلَتُهُ,Modern,moqtadab_complete,moqtadab_complete
742,Khalil Matran,Al Qoloubo Wal Moqalo,8,وَالحَكِيمُ وَالبَطَلُ,وَالأَمِيرُ خَادِمُهُ,Modern,moqtadab_complete,moqtadab_complete
743,Khalil Matran,Al Qoloubo Wal Moqalo,9,تَغْتَدِي وَتَنْتَقِلُ,وَالنُّجُومُ فِي يَدِهِ,Modern,moqtadab_complete,moqtadab_complete
744,Khalil Matran,Al Qoloubo Wal Moqalo,10,وَالطَّبِيعَةُ السُّبُلُ,وَالحَيَاةُ مَوْطِنُهُ,Modern,moqtadab_complete,moqtadab_complete
745,Khalil Matran,Al Qoloubo Wal Moqalo,11,وَالنِّهَايَةُ الأَزَلُ,وَالدَّوَامُ مَبْدَؤُهُ,Modern,moqtadab_complete,moqtadab_complete
746,Khalil Matran,Al Qoloubo Wal Moqalo,12,وَهْوَ ضَاحِكٌ جَذَلُ,وَالسِّنَى تُبَسِّمُهُ,Modern,moqtadab_complete,moqtadab_complete
747,Khalil Matran,Al Qoloubo Wal Moqalo,13,وَالخُطُوبُ وَالوَهَلُ,وَالدُّجَى عُبُوسَتَهُ,Modern,moqtadab_complete,moqtadab_complete
748,Khalil Matran,Al Qoloubo Wal Moqalo,14,وَالعَذَابُ وَالأَجَلُ,السُّرُورُ فِي فَمِهِ,Modern,moqtadab_complete,moqtadab_complete
749,Khalil Matran,Al Qoloubo Wal Moqalo,15,مَنْ لَهُو بِهَا قُبَلُ,مَنْ يُطِيقُ حَمْلَتَهُ,Modern,moqtadab_complete,moqtadab_complete
750,Khalil Matran,Al Qoloubo Wal Moqalo,16,مِنْهُ جَاءَهَا المِيَلُ,عَيْنَكَ الَّتِي نَظَرَتْ,Modern,moqtadab_complete,moqtadab_complete
751,Khalil Matran,Al Qoloubo Wal Moqalo,17,وَهْوَ مُكْرَهٌ وَجَلُ,وَالفُؤَادُ طَاوَعَهَا,Modern,moqtadab_complete,moqtadab_complete
752,Khalil Matran,Al Qoloubo Wal Moqalo,18,مَا إِلَيْهِ مُتَّصِلُ,فَالمُسِيءُ غَيْرُهُمَا,Modern,moqtadab_complete,moqtadab_complete
753,Khalil Matran,Al Qoloubo Wal Moqalo,19,عَنْهُ يَصْدُرُ الزَّلَلُ,إِنَّمَا الجَزَاءُ لِمَنْ,Modern,moqtadab_complete,moqtadab_complete
754,Khalil Matran,Al Qoloubo Wal Moqalo,20,لَوْ تُعَاقَبُ العِلَلُ,عِلَّةً لِمَا فَعَلَا,Modern,moqtadab_complete,moqtadab_complete
427,Khalil Matran,Ala chabaabiki,1,يَا حُرَّةً يَا نَبِيلَهْ,عَلَى شَبَابِكِ يُبْكَى,Modern,mojtath_complete,mojtath_complete
428,Khalil Matran,Ala chabaabiki,2,تِلْكَ المَعَانِي الجَمِيلَهْ,أَفِي التُّرَابِ تُوَارَى,Modern,mojtath_complete,mojtath_complete
429,Khalil Matran,Ala chabaabiki,3,عَنْهُو رُسُومًا مَحِيلَهْ,حُسْنٌ تَوَلَّى وَأَبْقَى,Modern,mojtath_complete,mojtath_complete
430,Khalil Matran,Ala chabaabiki,4,وَمَا لِعَوْدٍ وَسِيلَهْ,جُهْدُ الأَسَى أَنْ تَغِيبِي,Modern,mojtath_complete,mojtath_complete
431,Khalil Matran,Ala chabaabiki,5,وَلَيْسَ فِي اليَدِ حِيلَهْ,نَأْسَى وَنَيْأَسُ حُزْنًا,Modern,mojtath_complete,mojtath_complete
1614,Khalil Matran,Alaama Yokaamo timthaali,1,وَمِلْءُ الشَّرْقِ أَمْثَالِي,عَلَامَ يُقَامُ تِمْثَالِي,Modern,wafir_partial,wafir_partial
1615,Khalil Matran,Alaama Yokaamo timthaali,2,وَذَلِكَ مَحْضُ أَفْضَالِ,وَكَمْ حَفْلٍ يُهَيَّأُ لِي,Modern,wafir_partial,wafir_partial
1616,Khalil Matran,Alaama Yokaamo timthaali,3,بِإِحْسَانٍ وَإِجْمَالِ,أَتَوْدِيعًا لِصَاحِبِكُمْ,Modern,wafir_partial,wafir_partial
1617,Khalil Matran,Alaama Yokaamo timthaali,4,بِهِ لِلْهَيْكَلِ البَالِي,وَمَا أَنَا وَالخُلُودُ وَمَنْ,Modern,wafir_partial,wafir_partial
1618,Khalil Matran,Alaama Yokaamo timthaali,5,لِيَخْطُرْ لِي عَلَى بَالِ,فَخَارٌ لَمْ يَكُنْ يَوْمًا,Modern,wafir_partial,hazaj_complete
1619,Khalil Matran,Alaama Yokaamo timthaali,6,قُ ذُخْرَ البَيْعَةِ الغَالِي,أَشَارَ السَّيِّدُ البَطْرِي,Modern,wafir_partial,hazaj_complete
1620,Khalil Matran,Alaama Yokaamo timthaali,7,سَخُوا بِالوَقْتِ وَالمَالِ,وَلُبَّاهٌ أَمَاِجيدٌ,Modern,wafir_partial,hazaj_complete
1621,Khalil Matran,Alaama Yokaamo timthaali,8,وَرَأْيُهُمُ هُوَ العَالِي,أَأَمْلِكُ أَنْ أُخَالِفَهُمْ,Modern,wafir_partial,wafir_partial
1622,Khalil Matran,Alaama Yokaamo timthaali,9,جَمِيلًا جَازَ آمَالِي,فَيَا حَفْلًا لَقَيْتُ بِهِ,Modern,wafir_partial,wafir_partial
1623,Khalil Matran,Alaama Yokaamo timthaali,10,ءُ مَا شَيْمِي وَأَفْعَالِي,وَيَا إِخْوَانِيَ الخُطْبَا,Modern,wafir_partial,hazaj_complete
1624,Khalil Matran,Alaama Yokaamo timthaali,11,وَهَذَا يَوْمُ إِقْبَالِ,أَلَا إِنِّي لَمَجْدُودٌ,Modern,wafir_partial,hazaj_complete
1625,Khalil Matran,Alaama Yokaamo timthaali,12,هَوَى وَطَنِي وَفِي آلِي,قَصِيدِي مَا قَصِيدِي فِي,Modern,wafir_partial,wafir_partial
1626,Khalil Matran,Alaama Yokaamo timthaali,13,وَجَمَّلَكُمْ وَأَوْحَى لِي,أَلَيْسَ اللَّهُ جَمَّلَهُ,Modern,wafir_partial,wafir_partial
1627,Khalil Matran,Alaama Yokaamo timthaali,14,صِنَاعًا غَيْرَ مِكْسَالِ,وَكُلْتُمْ بِي أَخًا بَرًّا,Modern,wafir_partial,hazaj_complete
1628,Khalil Matran,Alaama Yokaamo timthaali,15,هُ لَا دَانٍ وَلَا عَالِ,فَأَثْوَانِي بِمَثْوَى مِنْ,Modern,wafir_partial,hazaj_complete
1629,Khalil Matran,Alaama Yokaamo timthaali,16,جَوَائِلُ كُلَّ تِجْوَالِ,يُقَلِّبُ فِيَّ أَلْحَاظًا,Modern,wafir_partial,wafir_partial
1630,Khalil Matran,Alaama Yokaamo timthaali,17,يُهَيِّئُهَا وَأَظْلَالُ,وَيَرْسُمُ بَيْنَ أَنْوَارٍ,Modern,wafir_partial,wafir_partial
1631,Khalil Matran,Alaama Yokaamo timthaali,18,فِي مِرْآةِ صَلْصَالِ,فَأُبْرِزُ صُورَتِي لِلنَّاسِ,Modern,wafir_partial,wafir_partial
1632,Khalil Matran,Alaama Yokaamo timthaali,19,تَجَالِيدِي وَأَوْصَالِي,كَأَنَّ الرُّوحَ تَمْشِي فِي,Modern,wafir_partial,hazaj_complete
1633,Khalil Matran,Alaama Yokaamo timthaali,20,نُّ لَا يَعْنِي بِأَشْكَالِي,عَنَاءٌ سَيْمُهُ وَالفَ,Modern,wafir_partial,hazaj_complete
1634,Khalil Matran,Alaama Yokaamo timthaali,21,وَمُحْمَدَتِي وَإِجْلَالِي,لَهُ وَلَكُمْ تَحِيَّاتِي,Modern,wafir_partial,wafir_partial
1635,Khalil Matran,Alaama Yokaamo timthaali,22,مَكَارِمِكُمْ بِأَقْوَالِ,أُرِيدُ الشُّكْرَ هَلْ تُوفِي,Modern,wafir_partial,wafir_partial
1636,Khalil Matran,Alaama Yokaamo timthaali,23,مَا تَدْرُونَ مِنْ حَالِي,وَدُونَ قَضَاءِ هُوَّ الدِّينُ,Modern,wafir_partial,wafir_partial
1637,Khalil Matran,Alaama Yokaamo timthaali,24,فَمَعْذِرَةً لَا قِلَالِي,إِذَا أَقْلَلْتَ عَنْ عَجْزٍ,Modern,wafir_partial,wafir_partial
677,Khalil Matran,Hakou Lana,1,مِنَ الحَمِيرِ الغَوَالِي,حَكُوا لَنَا عَْن حِمَارٍ,Modern,mojtath_complete,mojtath_complete
678,Khalil Matran,Hakou Lana,2,وَمُخُّهُو جِدُّ خَالِي,أُذْنَاهُ أَطْوَلُ شَيْءٍ,Modern,mojtath_complete,mojtath_complete
679,Khalil Matran,Hakou Lana,3,مِنْهُو وَرِقَّةَ حَالِ,لَاكِنَّهُو لَا تَضَاعٍ,Modern,mojtath_complete,mojtath_complete
680,Khalil Matran,Hakou Lana,4,مِنْ مَغْمَزِ العُذَّالِ,قَضَى الحَيَاةَ أَمِينًا,Modern,mojtath_complete,mojtath_complete
681,Khalil Matran,Hakou Lana,5,عَلَى الحُمُولِ الثِّقَالِ,وَعُدَّ جَحْشًا خَفِيفًا,Modern,mojtath_complete,mojtath_complete
682,Khalil Matran,Hakou Lana,6,يُدْلِي بَبَعْضِ اتِّصَالِ,وَكَانَ بَغْلٌ إِلَيْهِ,Modern,mojtath_complete,mojtath_complete
683,Khalil Matran,Hakou Lana,7,مَا حَوْلَهُو مِنْ ظِلَالِ,يَظَلُّ يُقْلِقُ رَفْسًا,Modern,mojtath_complete,mojtath_complete
684,Khalil Matran,Hakou Lana,8,حَظٌّ لَهُو فِي المَعَالِي,جَهْلًا وَحُمْقًا بِدَعْوَى,Modern,mojtath_complete,mojtath_complete
685,Khalil Matran,Hakou Lana,9,مُسْتَهْجِنُ الأَفْعَالِ,لِذَاكَ كَانَ كَرِيهًا,Modern,mojtath_complete,mojtath_complete
686,Khalil Matran,Hakou Lana,10,مَا سِرُّ هَذَا الدَّلَالِ,قَالَتْ لَهُ الوَحْشُ يَوْمًا,Modern,mojtath_complete,mojtath_complete
687,Khalil Matran,Hakou Lana,11,بِقَوْلِ وَالتَّاعَالِي,فَقَالَ بَيْنَ التَّدَنِّي,Modern,mojtath_complete,mojtath_complete
688,Khalil Matran,Hakou Lana,12,لَكِنَّمَا المَهْرُ خَالِي,لِأُمِّ كَانَتْ أَتَانَا,Modern,mojtath_complete,mojtath_complete
3325,Lobayd Ibn Rabiia,Moallaqa,1,بِمِنًى تَأَبَّدَ غَوْلُهَا فَرِجَامُهَا,عَفَتِ الدِّيَارُ مَحَلُّهَا فَمُقَامُهَا,Before Islam: VIth century,kamil_complete,kamil_complete
3326,Lobayd Ibn Rabiia,Moallaqa,2,خَلِقًا كَمَا ضَمِنَ الوُحِيَّ سِلَامُهَا,فَمَدَافِعُ الرَّيَّانِ عُرِّيَ رَسْمُهَا,Before Islam: VIth century,kamil_complete,kamil_complete
3327,Lobayd Ibn Rabiia,Moallaqa,3,حِجَجٌ خَلَوْنَ حَلَالُهَا وَحَرَامُهَا,دِمَنٌ تَجَرَّمَ بَعْدَ عَهْدِ أَنِيسِهَا,Before Islam: VIth century,kamil_complete,kamil_complete
3328,Lobayd Ibn Rabiia,Moallaqa,4,وَدْقُ الرَّوَاعِدِ جَوْدُهَا فَرِهَامُهَا,رُزِقَتْ مَرَابِيعَ النُّجُومِ وَصَابَهَا,Before Islam: VIth century,kamil_complete,kamil_complete
3329,Lobayd Ibn Rabiia,Moallaqa,5,وَعَشِيَّةٍ مُتَجَاوِبٍ إِرْزَامُهَا,مِنْ كُلِّ سَارِيَةٍ وَغَادٍ مُدْجِنٍ,Before Islam: VIth century,kamil_complete,kamil_complete
3330,Lobayd Ibn Rabiia,Moallaqa,6,بِالجَهْلَتَيْنِ ظِبَاؤُهَا وَنَعَامُهَا,فَعَلَا فُرُوعُ الأَيْهُقَانِ وَأَطْفَلَتْ,Before Islam: VIth century,kamil_complete,kamil_complete
3331,Lobayd Ibn Rabiia,Moallaqa,7,عُوذًا تَأَجَّلُ بِالفَضَاءِ بِهَامُهَا,وَالعِيْنُ سَاكِنَةٌ عَلَى أَطْلَائِهَا,Before Islam: VIth century,kamil_complete,kamil_complete
3332,Lobayd Ibn Rabiia,Moallaqa,8,زُبُرٌ تُجِدُّ مُتُونَهَا أَقْلَامُهَا,وَجَلَا السُّيُولُ عَنِ الطُّلُولِ كَأَنَّهَا,Before Islam: VIth century,kamil_complete,kamil_complete
3333,Lobayd Ibn Rabiia,Moallaqa,9,كَفِفًا تَعَرَّضَ فَوْقَهُنَّ وِشَامُهَا,أَوْ رَجْعُ وَاشِمَةٍ أُسِفَّ نَؤُورُهَا,Before Islam: VIth century,kamil_complete,kamil_complete
3334,Lobayd Ibn Rabiia,Moallaqa,10,صُمًّا خَوَالِدَ مَا يَبِينُ كَلَامُهَا,فَوَقَفْتُ أَسْأَلُهَا وَكَيْفَ سُؤَالُنَا,Before Islam: VIth century,kamil_complete,kamil_complete
3335,Lobayd Ibn Rabiia,Moallaqa,11,مِنْهَا وَغُودِرَ نُؤْيُهَا وَثُمَامُهَا,عَرِيَتْ وَكَانَ بِهَا الجَمِيعُ فَأَبْكَرُوا,Before Islam: VIth century,kamil_complete,kamil_complete
3336,Lobayd Ibn Rabiia,Moallaqa,12,فَتَكَنَّسُوا قُطُنًا تَصِرُّ خِيَامُهَا,شَاقَتْكَ ظُعْنُ الحَيِّ حِينَ تَحَمَّلُوا,Before Islam: VIth century,kamil_complete,kamil_complete
3337,Lobayd Ibn Rabiia,Moallaqa,13,زَوْجٌ عَلَيْهِي كِلَّةٌ وَقِرَامُهَا,مِنْ كُلِّ مَحْفُوفٍ يُظِلُّ عِصِيَّهُ,Before Islam: VIth century,kamil_complete,kamil_complete
3338,Lobayd Ibn Rabiia,Moallaqa,14,وَظِبَاءَ وَجْرَةَ عُطَّفًا آرَامُهَا,زُجَلًا كَأَنَّ نِعَاجَ تُوضِحَ فَوْقَهَا,Before Islam: VIth century,kamil_complete,kamil_complete
3339,Lobayd Ibn Rabiia,Moallaqa,15,أَجْزَاعُ بِيشَةَ أَثْلُهَا وَرِضَامُهَا,حُفِزَتْ وَزَايَلَهَا السَّرَابُ كَأَنَّهَا,Before Islam: VIth century,kamil_complete,kamil_complete
3340,Lobayd Ibn Rabiia,Moallaqa,16,وَتَقَطَّعَتْ أَسْبَابُهَا وَرِمَامُهَا,بَلْ مَا تَذَكَّرُ مِنْ نَوَارِ وَقَدْ نَأَتْ,Before Islam: VIth century,kamil_complete,kamil_complete
3341,Lobayd Ibn Rabiia,Moallaqa,17,أَهْلَ الحِجَازِ فَأَيْنَ مِنْكَ مَرَامُهَا,مُرِّيَّةٌ حَلَّتْ بِفَيْدَ وَجَاوَرَتْ,Before Islam: VIth century,kamil_complete,kamil_complete
3342,Lobayd Ibn Rabiia,Moallaqa,18,فَتَضَمَّنَتْهَا فَرْدَةٌ فَرُخَامُهَا,بِمَشَارِقِ الجَبَلَيْنِ أَوْ بِمُحَجَّرٍ,Before Islam: VIth century,kamil_complete,kamil_complete
3343,Lobayd Ibn Rabiia,Moallaqa,19,فِيهَا رِخَافُ القَهْرِ أَوْ طِلْخَامُهَا,فَصُوَائِقٌ إِنْ أَيْمَنَتْ فَمِظَنَّةٌ,Before Islam: VIth century,kamil_complete,kamil_complete
3344,Lobayd Ibn Rabiia,Moallaqa,20,وَلَشَرُّ وَاصِلِ خُلَّةٍ صَرَّامُهَا,فَاقْطَعْ لُبَانَةَ مَنْ تَعَرَّضَ وَصْلُهُ,Before Islam: VIth century,kamil_complete,kamil_complete
3345,Lobayd Ibn Rabiia,Moallaqa,21,بَاقٍ إِذَا ظَلَعَتْ وَزَاغَ قِوَامُهَا,وَاحْبُ المُجَامِلَ بِالجَزِيلِ وَصَرْمُهُ,Before Islam: VIth century,kamil_complete,kamil_complete
3346,Lobayd Ibn Rabiia,Moallaqa,22,مِنْهَا فَأَحْنَقَ صُلْبُهَا وَسَنَامُهَا,بِطَلِيحِ أَسْفَارٍ تَرَكْنَ بَقِيَّةً,Before Islam: VIth century,kamil_complete,kamil_complete
3347,Lobayd Ibn Rabiia,Moallaqa,23,وَتَقَطَّعَتْ بَعْدَ الكَلَالِ خِدَامُهَا,وَإِذَا تَعَالَى لَحْمُهَا وَتَحَسَّرَتْ,Before Islam: VIth century,kamil_complete,kamil_complete
3348,Lobayd Ibn Rabiia,Moallaqa,24,صَهْبَاءُ خَفَّ مَعَ الجَنُوبِ جَهَامُهَا,فَلَهَا هِبَابٌ فِي الزِّمَامِ كَأَنَّهَا,Before Islam: VIth century,kamil_complete,kamil_complete
3349,Lobayd Ibn Rabiia,Moallaqa,25,طَرْدُ الفُحُولِ وَضَرْبُهَا وَكِدَامُهَا,أَوْ مُلْمِعٌ وَسَقَتْ لَأَحْقَبَ لَاحَهُ,Before Islam: VIth century,kamil_complete,kamil_complete
3350,Lobayd Ibn Rabiia,Moallaqa,26,قَدْ رَابَهُ عِصْيَانُهَا وَوِحَامُهَا,يَعْلُو بِهَا حُدْبَ الإِكَامِ مُسَحَّجٌ,Before Islam: VIth century,kamil_complete,kamil_complete
3351,Lobayd Ibn Rabiia,Moallaqa,27,قَفْرُ المَرَاقِبِ خَوْفُهَا آرَامُهَا,بِأَحِزَّةِ الثَّلْبُوتِ يَرْبَأُ فَوْقَهَا,Before Islam: VIth century,kamil_complete,kamil_complete
3352,Lobayd Ibn Rabiia,Moallaqa,28,جَزْأً فَطَالَ صِيَامُهُ وَصِيَامُهَا,حَتَّى إِذَا سَلَخَا جُمَادَى سِتَّةً,Before Islam: VIth century,kamil_complete,kamil_complete
3353,Lobayd Ibn Rabiia,Moallaqa,29,حَصِدٍ وَنُجْعُ صَرِيمَةٍ إِبْرَامُهَا,رَجَعَا بِأَمْرِهِمَا إِلَى ذِي مِرَّةٍ,Before Islam: VIth century,kamil_complete,kamil_complete
3354,Lobayd Ibn Rabiia,Moallaqa,30,رِيحُ المَصَايِفِ سَوْمُهَا وَسِهَامُهَا,وَرَمَى دَوَابِرَهَا السَّفَا وَتَهَيَّجَتْ,Before Islam: VIth century,kamil_complete,kamil_complete
3355,Lobayd Ibn Rabiia,Moallaqa,31,كَدُخَانِ مُشْعَلَةٍ يُشَبُّ ضِرَامُهَا,فَتَنَازَعَا سَبِطًا يَطِيرُ ظِلَالُهُ,Before Islam: VIth century,kamil_complete,kamil_complete
3356,Lobayd Ibn Rabiia,Moallaqa,32,كَدُخَانِ نَارٍ سَاطِعٍ أَسْنَامُهَا,مَشْمُولَةٍ غُلِثَتْ بِنَابتِ عَرْفَجٍ,Before Islam: VIth century,kamil_complete,kamil_complete
3357,Lobayd Ibn Rabiia,Moallaqa,33,مِنْهُ إِذَا هِيَ عَرَّدَتْ إِقْدَامُهَا,فَمَضَى وَقَدَّمَهَا وَكَانَتْ عَادَةً,Before Islam: VIth century,kamil_complete,kamil_complete
3358,Lobayd Ibn Rabiia,Moallaqa,34,مَسْجُورَةً مُتَجَاوِرًا قُلَّامُهَا,فَتَوَسَّطَا عُرْضَ السَّرِيِّ وَصَدَّعَا,Before Islam: VIth century,kamil_complete,kamil_complete
3359,Lobayd Ibn Rabiia,Moallaqa,35,مِنْهَا مُصَرَّعُ غَابَةٍ وَقِيَامُهَا,مَحْفُوفَةً وَسْطَ اليَرَاعِ يُظِلُّهَا,Before Islam: VIth century,kamil_complete,kamil_complete
3360,Lobayd Ibn Rabiia,Moallaqa,36,خَذَلَتْ وَهَادِيَةُ الصِّوَارِ قِوَامُهَا,أَفَتِلْكَ أَمْ وَحْشِيَّةٌ مَسْبُوعَةٌ,Before Islam: VIth century,kamil_complete,kamil_complete
3361,Lobayd Ibn Rabiia,Moallaqa,37,عُرْضَ الشَّقَائِقِ طَوْفُهَا وبُغَامُهَا,خَنْسَاءُ ضَيَّعَتِ الفَرِيرَ فَلَمْ يَرِمْ,Before Islam: VIth century,kamil_complete,kamil_complete
3362,Lobayd Ibn Rabiia,Moallaqa,38,غُبْسٌ كَوَاسِبُ لَا يُمَنُّ طَعَامُهَا,لِمُعَفَّرٍ قَهْدٍ تَنَازَعَ شِلْوَهُ,Before Islam: VIth century,kamil_complete,kamil_complete
3363,Lobayd Ibn Rabiia,Moallaqa,39,إِنَّ المَنَايَا لَا تَطِيشُ سِهَامُهَا,صَادَفْنَ مِنْهَا غِرَّةً فَأَصَبْنَهَا,Before Islam: VIth century,kamil_complete,kamil_complete
3364,Lobayd Ibn Rabiia,Moallaqa,40,يُرْوَى الخَمَائِلَ دَائِمًا تَسْجَامُهَا,بَاتَتْ وَأَسْبَلَ وَاكِفٌ مِنْ دِيمَةٍ,Before Islam: VIth century,kamil_complete,kamil_complete
3365,Lobayd Ibn Rabiia,Moallaqa,41,فِي لَيْلَةٍ كَفَرَ النُّجُومَ غَمامُهَا,يَعْلُو طَرِيقَةَ مَتْنِهَا مُتَوَاتِرٌ,Before Islam: VIth century,kamil_complete,kamil_complete
3366,Lobayd Ibn Rabiia,Moallaqa,42,بِعُجُوبِ أَنْقَاءٍ يَمِيلُ هُيَامُهَا,تَجْتَافُ أَصْلًا قَالِصًا مُتَنَبِّذَا,Before Islam: VIth century,kamil_complete,kamil_complete
3367,Lobayd Ibn Rabiia,Moallaqa,43,كَجُمَانَةِ البَحْرِيِّ سُلَّ نِظَامُهَا,وَتُضِيءُ فِي وَجْهِ الظَّلَامِ مُنِيَّةً,Before Islam: VIth century,kamil_complete,kamil_complete
3368,Lobayd Ibn Rabiia,Moallaqa,44,بَكَرَتْ تَزِلُّ عَنِ الثَّرَى أَزْلَامُهَا,حَتَّى إِذَا حَسَرَ الظَّلَامُ وَأَسْفَرَتْ,Before Islam: VIth century,kamil_complete,kamil_complete
3369,Lobayd Ibn Rabiia,Moallaqa,45,سَبْعًا تُؤَامًا كَامِلًا أَيَّامُهَا,عَلِهَتْ تَرَدَّدُ فِي نِهَاءِ صُعَائِدٍ,Before Islam: VIth century,kamil_complete,kamil_complete
3370,Lobayd Ibn Rabiia,Moallaqa,46,لَمْ يُبْلِهِ إِرْضَاعُهَا وَفِطَامُهَا,حَتَّى إِذَا يَئِسَتْ وَأَسْحَقَ حَالِقٌ,Before Islam: VIth century,kamil_complete,kamil_complete
3371,Lobayd Ibn Rabiia,Moallaqa,47,عَنْ ظَهْرِ غَيْبٍ وَالأَنِيسُ سَقَامُهَا,فَتَوَجَّسَتْ رِزَّ الأَنِيسِ فَرَاعَهَا,Before Islam: VIth century,kamil_complete,kamil_complete
3372,Lobayd Ibn Rabiia,Moallaqa,48,مَوْلَى المَخَافَةِ خَلْفُهَا وَأَمَامُهَا,فَغَدَتْ كِلَا الفَرْجَيْنِ تَحْسِبُ أَنَّهُ,Before Islam: VIth century,kamil_complete,kamil_complete
3373,Lobayd Ibn Rabiia,Moallaqa,49,غُضْفًا دَوَاجِنَ قَافِلًا أَعْصَامُهَا,حَتَّى إِذَا يِئِسَ الرُّمَاةُ وَأَرْسَلُوا,Before Islam: VIth century,kamil_complete,kamil_complete
3374,Lobayd Ibn Rabiia,Moallaqa,50,كَالسَّمْهَرِيَّةِ حَدُّهَا وَتَمَامُهَا,فَلَحِقْنَ وَاعْتَكَرَتْ لَهَا مَدْرِيَّةٌ,Before Islam: VIth century,kamil_complete,kamil_complete
3375,Lobayd Ibn Rabiia,Moallaqa,51,أَنْ قَدْ أَحَمَّ مَعَ الحُتُوفِ حِمَامُهَا,لِتَذُودَهُنَّ وَأَيْقَنَتْ إِنْ لَمْ تَذُدْ,Before Islam: VIth century,kamil_complete,kamil_complete
3376,Lobayd Ibn Rabiia,Moallaqa,52,بِدَمٍ وَغُودِرَ فِي المَكَرِّ سُخَامُهَا,فَتَقَصَّدَتْ مِنْهَا كَسَابِ فَضُرِّجَتْ,Before Islam: VIth century,kamil_complete,kamil_complete
3377,Lobayd Ibn Rabiia,Moallaqa,53,وَاجْتَابَ أَرْدِيَةَ السَّرَابِ إِكَامُهَا,فَبِتِلْكَ إِذْ رَقَصَ اللَّوَامِعُ بِالضُّحَى,Before Islam: VIth century,kamil_complete,kamil_complete
3378,Lobayd Ibn Rabiia,Moallaqa,54,أَوْ أنْ يَلُومَ بِحَاجَةٍ لَوَّامُهَا,أَقْضِي اللُّبَانَةَ لَا أُفَرِّطُ رِيبَةً,Before Islam: VIth century,kamil_complete,kamil_complete
3379,Lobayd Ibn Rabiia,Moallaqa,55,وَصَّالُ عَقْدِ حَبَائِلٍ جَذَّامُهَا,أَوَلَمْ تَكُنْ تَدْرِي نَوَارِ بِأَنَّنِي,Before Islam: VIth century,kamil_complete,kamil_complete
3380,Lobayd Ibn Rabiia,Moallaqa,56,أَوْ يَعْتَلِقْ بَعْضَ النُّفُوسِ حِمَامُهَا,تَرَّاكُ أَمْكِنَةٍ إِذَا لَمْ أَرْضَهَا,Before Islam: VIth century,kamil_complete,kamil_complete
3381,Lobayd Ibn Rabiia,Moallaqa,57,طَلْقٍ لَذِيذٍ لَهْوُهَا وَنِدَامُهَا,بَلْ أَنْتِ لَا تَدْرِينَ كَمْ مِنْ لَيْلَةٍ,Before Islam: VIth century,kamil_complete,kamil_complete
3382,Lobayd Ibn Rabiia,Moallaqa,58,وَافَيْتُ إِذْ رُفِعَتْ وعَزَّ مُدَامُهَا,قَدْ بِتُّ سَامِرَهَا وَغَايَةَ تَاجِرٍ,Before Islam: VIth century,kamil_complete,kamil_complete
3383,Lobayd Ibn Rabiia,Moallaqa,59,أَوْ جَوْنَةٍ قُدِحَتْ وَفُضَّ خِتَامُهَا, أُغْلِى السِّبَاءَ بِكُلِّ أَدْكَنَ عَاتِقٍ,Before Islam: VIth century,kamil_complete,kamil_complete
3384,Lobayd Ibn Rabiia,Moallaqa,60,بِمُوَتَّرٍ تَأْتَالُهُ إِبْهَامُهَا,بِصَبُوحِ صَافِيَةٍ وَجَذْبِ كَرِينَةٍ,Before Islam: VIth century,kamil_complete,kamil_complete
3385,Lobayd Ibn Rabiia,Moallaqa,61,لِأَعَلَّ مِنْهَا حِينَ هَبَّ نِيَامُهَا,بَاكَرْتُ حَاجَتَهَا الدَّجَاجَ بِسُحْرَةٍ,Before Islam: VIth century,kamil_complete,kamil_complete
3386,Lobayd Ibn Rabiia,Moallaqa,62,قَدْ أَصْبَحَتْ بِيَدِ الشَّمَالِ زِمَامُهَا,وَغدَاةَ رِيحٍ قَدْ وَزَعْتُ وَقِرَّةٍ,Before Islam: VIth century,kamil_complete,kamil_complete
3387,Lobayd Ibn Rabiia,Moallaqa,63,فُرْطٌ وِشَاحِي إِذْ غَدَوْتُ لِجَامُهَا,وَلَقَدْ حَمَيْتُ الحَيَّ تَحْمِلُ شِكَّتِي,Before Islam: VIth century,kamil_complete,kamil_complete
3388,Lobayd Ibn Rabiia,Moallaqa,64,حَرِجٍ إِلَى أَعْلَامِهِنَّ قَتَامُهَا,فَعَلَوْتُ مُرْتَقِبًا عَلَى ذِي هَبْوَةٍ,Before Islam: VIth century,kamil_complete,kamil_complete
3389,Lobayd Ibn Rabiia,Moallaqa,65,وأَجَنَّ عَوْرَاتِ الثُّغُورِ ظَلَامُهَا,حَتَّى إِذَا أَلْقَتْ يَدًا فِي كَافِرٍ,Before Islam: VIth century,kamil_complete,kamil_complete
3390,Lobayd Ibn Rabiia,Moallaqa,66,جَرْدَاءَ يَحْصَرُ دُونَهَا جُرَّامُهَا,أَسْهَلْتُ وَانْتَصَبَتْ كَجِذْعِ مُنِيفَةٍ,Before Islam: VIth century,kamil_complete,kamil_complete
3391,Lobayd Ibn Rabiia,Moallaqa,67,حَتَّى إِذَا سَخِنَتْ وَخَفَّ عِظَامُهَا,رَفَّعْتُهَا طَرْدَ النَّعَامِ وَشَلَّهُ,Before Islam: VIth century,kamil_complete,kamil_complete
3392,Lobayd Ibn Rabiia,Moallaqa,68,وَابْتَلَّ مِنْ زَبَدِ الحَمِيْمِ حِزَامُهَا,قَلِقَتْ رِحَالَتُهَا وَأَسْبَلَ نَحْرُهَا,Before Islam: VIth century,kamil_complete,kamil_complete
3393,Lobayd Ibn Rabiia,Moallaqa,69,وِرْدَ الحَمَامَةِ إِذْ أَجَدَّ حَمَامُهَا,تَرْقَى وَتَطْعَنُ فِي العِنَانِ وَتَنْتَحِي,Before Islam: VIth century,kamil_complete,kamil_complete
3394,Lobayd Ibn Rabiia,Moallaqa,70,تُرْجَى نَوَافِلُهَا وَيُخْشَى ذَامُهَا,وَكَثِيرَةٍ غُرَبَاؤُهَا مَجْهُولَةٍ,Before Islam: VIth century,kamil_complete,kamil_complete
3395,Lobayd Ibn Rabiia,Moallaqa,71,جِنُّ البَدِيِّ رَوَاسِيًا أَقْدَامُهَا,غُلْبٍ تَشَذَّرُ بِالذَّحُولِ كَأَنَّهَا,Before Islam: VIth century,kamil_complete,kamil_complete
3396,Lobayd Ibn Rabiia,Moallaqa,72,يَوْمًا وَلَمْ يَفْخَرْ عَلَيَّ كِرَامُهَا,أَنْكَرْتُ بَاطِلَهَا وَبُؤْتُ بِحَقِّهَا,Before Islam: VIth century,kamil_complete,kamil_complete
3397,Lobayd Ibn Rabiia,Moallaqa,73,بِمَغَالِقٍ مُتَشَابِهٍ أَجْسَامُهَا,وَجَزُورِ أَيْسَارٍ دَعَوْتُ لِحَتْفِهَا,Before Islam: VIth century,kamil_complete,kamil_complete
3398,Lobayd Ibn Rabiia,Moallaqa,74,بُذِلَتْ لِجِيرَانِ الجَمِيعِ لِحَامُهَا,أَدْعُو بِهِنَّ لِعَاقِرٍ أَوْ مُطْفِلٍ,Before Islam: VIth century,kamil_complete,kamil_complete
3399,Lobayd Ibn Rabiia,Moallaqa,75,هَبَطَا تَبَالَةَ مُخْصِبًا أَهْضَامُهَا,فَالضَّيْفُ وَالجَارُ الجَنِيبُ كَأَنَّمَا,Before Islam: VIth century,kamil_complete,kamil_complete
3400,Lobayd Ibn Rabiia,Moallaqa,76,مِثْلِ البَلِيَّةِ قَالِصٍ أَهْدَامُهَا,تَأْوِي إِلَى الأطْنَابِ كُلُّ رَذِيَّةٍ,Before Islam: VIth century,kamil_complete,kamil_complete
3401,Lobayd Ibn Rabiia,Moallaqa,77,خُلُجًا تُمَدُّ شَوَارِعًا أَيْتَامُهَا,وَيُكَلِّلُونَ إِذَا الرِّيَاحُ تَنَاوَحَتْ,Before Islam: VIth century,kamil_complete,kamil_complete
3402,Lobayd Ibn Rabiia,Moallaqa,78,مِنَّا لِزَازُ عَظِيمَةٍ جَشَّامُهَا,إِنَّا إِذَا الْتَقَتِ المَجَامِعُ لَمْ يَزَلْ,Before Islam: VIth century,kamil_complete,kamil_complete
3403,Lobayd Ibn Rabiia,Moallaqa,79,وَمُغَذْمِرٌ لِحُقُوقِهَا هَضَّامُهَا,وَمُقَسِّمٌ يُعْطِي العَشِيرَةَ حَقَّهَا,Before Islam: VIth century,kamil_complete,kamil_complete
3404,Lobayd Ibn Rabiia,Moallaqa,80,سَمْحٌ كَسُوبُ رَغَائِبٍ غَنَّامُهَا,فَضْلًا وَذُو كَرَمٍ يُعِينُ عَلَى النَّدَى,Before Islam: VIth century,kamil_complete,kamil_complete
3405,Lobayd Ibn Rabiia,Moallaqa,81,وَلِكُلِّ قَوْمٍ سُنَّةٌ وَإِمَامُهَا,مِنْ مَعْشَرٍ سَنَّتْ لَهُمْ آبَاؤُهُمْ,Before Islam: VIth century,kamil_complete,kamil_complete
3406,Lobayd Ibn Rabiia,Moallaqa,82,إِذْ لَا يَمِيلُ مَعَ الهَوَى أَحْلَامُهَا,لَا يَطْبَعُونَ وَلَا يَبُورُ فَعَالُهُمْ,Before Islam: VIth century,kamil_complete,kamil_complete
3407,Lobayd Ibn Rabiia,Moallaqa,83,قَسَمَ الخَلَائِقَ بَيْنَنَا عَلَّامُهَا,فَاقْنَعْ بِمَا قَسَمَ المَلِيكُ فَإِنَّمَا,Before Islam: VIth century,kamil_complete,kamil_complete
3408,Lobayd Ibn Rabiia,Moallaqa,84,أَوْفَى بِأَوْفَرِ حَظِّنَا قَسَّامُهَا,وَإِذَا الأَمَانَةُ قُسِّمَتْ فِي مَعْشَرٍ,Before Islam: VIth century,kamil_complete,kamil_complete
3409,Lobayd Ibn Rabiia,Moallaqa,85,فَسَمَا إِلَيْهِ كَهْلُهَا وَغُلَامُهَا,فَبَنَى لَنَا بَيْتًا رَفِيعًا سَمْكُهُ,Before Islam: VIth century,kamil_complete,kamil_complete
3410,Lobayd Ibn Rabiia,Moallaqa,86,وَهُمُ فَوَارِسُهَا وَهُمْ حُكَّامُهَا,وَهُمُ السُّعَاةُ إِذَا العَشِيرَةُ أُفْظِعَتْ,Before Islam: VIth century,kamil_complete,kamil_complete
3411,Lobayd Ibn Rabiia,Moallaqa,87,وَالمُرْمِلَاتِ إِذَا تَطَاوَلَ عَامُهَا,وَهُمْ رَبِيعٌ لِلْمُجَاوِرِ فِيهِمُو,Before Islam: VIth century,kamil_complete,kamil_complete
3412,Lobayd Ibn Rabiia,Moallaqa,88,أَوْ أَنْ يَمِيلَ مَعَ العَدُوِّ لِئَامُهَا,وَهُمُ العَشِيرَةُ أَنْ يُبَطِّئَ حَاسِدٌ,Before Islam: VIth century,kamil_complete,kamil_complete
3413,Mahmoud Sami Al Baroudi,Mas3aak,1,فَبُلُوغُ العِزِّ فِي نَيْلِ الفُرَصْ,بَادِرِ الفُرْصَةَ وَاحْذَرْ فَوْتَهَا,Modern,ramal_complete,ramal_complete
3414,Mahmoud Sami Al Baroudi,Mas3aak,2,فَهُوَ إِنْ زَادَ مَعَ الشَّيْبِ نَقَصْ,وَاغْتَنِمْ عُمْرَكَ إِبَّانَ الصِّبَا,Modern,ramal_complete,ramal_complete
3415,Mahmoud Sami Al Baroudi,Mas3aak,3,قَلَّمَا يَبْقَى وَأَخْبَارٌ تُقَصْ,إِنَّمَا الدُّنْيَا خَيَالٌ عَارِضٌ,Modern,ramal_complete,ramal_complete
3416,Mahmoud Sami Al Baroudi,Mas3aak,4,عَادَةُ الظِلِّ سَجَا ثُمَّ قَلَصْ,تَارَةً تَدْجُو وَطَوْرًا تَنْجَلِي,Modern,ramal_complete,ramal_complete
3417,Mahmoud Sami Al Baroudi,Mas3aak,5,بَادَرَ الصَّيْدَ مَعَ الفَجْرِ قَنَصْ,فَابْتَدِرْ مَسْعَاكَ وَاعْلَمْ أَنَّ مَنْ,Modern,ramal_complete,ramal_complete
3418,Mahmoud Sami Al Baroudi,Mas3aak,6,إِنَّمَا الفَوْزُ لِمَنْ هَمَّ فَنَصْ,لَنْ يَنَالَ المَرْءُ بِالعَجْزِ المُنَى,Modern,ramal_complete,ramal_complete
3419,Mahmoud Sami Al Baroudi,Mas3aak,7,فَإِذَا ضَاقَ بِهِ الأَمْرُ شَخَصْ,يَكْدَحُ العَاقِلُ فِي مَأْمَنِهِ,Modern,ramal_complete,ramal_complete
3420,Mahmoud Sami Al Baroudi,Mas3aak,8,عَنْ حَمَاهُ مِثْلُ طَيْرٍ فِي قَفَصْ,إِنَّ ذَا الحَاجَةِ مَالَمْ يَغْتَرِبْ,Modern,ramal_complete,ramal_complete
3421,Mahmoud Sami Al Baroudi,Mas3aak,9,إِنَّ مَرْعَى الشَّرِّ مَكْرُوهٌ أَحَصْ,وَلْيَكُنْ سَعْيُكَ مَجْدًا كُلُّهُ,Modern,ramal_complete,ramal_complete
3422,Mahmoud Sami Al Baroudi,Mas3aak,10,قَلَّمَا نَالَ مُنَاهُ مَنْ حَرَصْ,وَاتْرُكِ الحِرْصَ تَعِشْ فِي رَاحَةٍ,Modern,ramal_complete,ramal_complete
3423,Mahmoud Sami Al Baroudi,Mas3aak,11,رُبَّ ظَمْآنَ بِصَفْوِ المَاءِ غَصْ,قَدْ يَضُرُّ الشَّيْءُ تَرْجُو نَفْعَهُ,Modern,ramal_complete,ramal_complete
3424,Mahmoud Sami Al Baroudi,Mas3aak,12,لَيْسَتِ الغُرَّةُ مِنْ جِنْسِ البَرَصْ,مَيِّزِ الأَشْيَاءَ تَعْرِفْ قَدْرَهَا,Modern,ramal_complete,ramal_complete
3425,Mahmoud Sami Al Baroudi,Mas3aak,13,فَهُوَ كَالعَيْرِ إِذَا جَدَّ قَمَصْ,وَاجْتَنِبْ كُلَّ غَبِيٍّ مَائِقٍ,Modern,ramal_complete,ramal_complete
3426,Mahmoud Sami Al Baroudi,Mas3aak,14,حَيْثُمَا كَانَ وَفْبَ الصَّدْرِ غَصَصْ,إِنَّمَا الجَاهِلُ فِي العَيْنِ قَذًى,Modern,ramal_complete,ramal_complete
3427,Mahmoud Sami Al Baroudi,Mas3aak,15,فَهُوَ كالبُرغُوثِ إِنْ دَبَّ قَرَصْ,وَاحْذَرِ النَّمَامَ تَأْمَنْ كَيْدَهُ,Modern,ramal_complete,ramal_complete
3428,Mahmoud Sami Al Baroudi,Mas3aak,16,فُرْصَةٌ تَصْلُحُ لِلْخَتْلِ فَرَصْ,يَرْقُبُ الشَّرَّ فَإِنْ لَاحَتْ لَهُ,Modern,ramal_complete,ramal_complete
3429,Mahmoud Sami Al Baroudi,Mas3aak,17,إِنْ رَأَى مَنْشَبَ أُظْفُورٍ رَقَصْ,سَاكِنُ الأَطْرَافِ إِلَّا أَنَّهُ,Modern,ramal_complete,ramal_complete
3430,Mahmoud Sami Al Baroudi,Mas3aak,18,يَعْرِفُ الأَخْلَاقَ إِلَّا مَنْ فَحَصْ,وَاخْتَبِرْ مَنْ شِئْتَ تَعْرِفْهُ فَمَا,Modern,ramal_complete,ramal_complete
3431,Mahmoud Sami Al Baroudi,Mas3aak,19,فَاقْتَنِصْهَا فَهْيَ نِعْمَ المُقْتَنَصْ,هَذِهِ حِكْمَةُ كَهْلٍ خَابِرٍ,Modern,ramal_complete,ramal_complete
755,Mahmoud Sami Al Baroudi,Waylaho Min Nari Alhawa,1,وَآهِ مِنْ طُولِ الجَوَى,وَيْلَاهُ مِنْ نَارِ الهَوَى,Modern,rajaz_partial,rajaz_partial
756,Mahmoud Sami Al Baroudi,Waylaho Min Nari Alhawa,2,فَمَا عَلَا حَتَّى هَوَى,أَرْسَلْتُ طَرْفِي رَائِدًا,Modern,rajaz_partial,rajaz_partial
757,Mahmoud Sami Al Baroudi,Waylaho Min Nari Alhawa,3,فَلَمْ يَعُدْ حَتَّى اكْتَوَى,وَسَارَ قَلْبِي خَلْفَهُ,Modern,rajaz_partial,rajaz_partial
758,Mahmoud Sami Al Baroudi,Waylaho Min Nari Alhawa,4,يَا لَيْتَهُو كَانَ ارْعَوَى,قَدْ طَالَمَا زَجَرْتُهُ,Modern,rajaz_partial,rajaz_partial
759,Mahmoud Sami Al Baroudi,Waylaho Min Nari Alhawa,5,وَآفَةُ القَلْبِ الهَوَى,لِكُلِّ شَيْءٍ آفَةٌ,Modern,rajaz_partial,rajaz_partial
760,Mahmoud Sami Al Baroudi,Waylaho Min Nari Alhawa,6,حَتَّى أَعَانَتْهُ النَّوَى,أَمَا كَفَى هَذَا الجَفَا,Modern,rajaz_partial,rajaz_partial
761,Mahmoud Sami Al Baroudi,Waylaho Min Nari Alhawa,7,أَيْهَاتَ عَهْدٌ بِاللِّوَى,أَيْنَ اللِّوَى وَعَهْدُهُ,Modern,rajaz_partial,rajaz_partial
762,Mahmoud Sami Al Baroudi,Waylaho Min Nari Alhawa,8,إِنْجَازَ وَعْدِي فَلَوَى,وَظَبْيِ أُنْسٍ سُمْتُهُ,Modern,rajaz_partial,rajaz_partial
763,Mahmoud Sami Al Baroudi,Waylaho Min Nari Alhawa,9,فَازْوَرَّ عَنِّي وَالتَوَى,طَلَبْتُ مِنْهُ قُبْلَةً,Modern,rajaz_partial,rajaz_partial
764,Mahmoud Sami Al Baroudi,Waylaho Min Nari Alhawa,10,فَانْحَازَ عَنِّي وَانْزَوَى,وَسُمْتُهُو وَعْدَ المُنَى,Modern,rajaz_partial,rajaz_partial
765,Mahmoud Sami Al Baroudi,Waylaho Min Nari Alhawa,11,دَعْنِي فَصَبْرِي قَدْ ذَوَى,يَا سَائِلِي عَنْ حَالَتِي,Modern,rajaz_partial,rajaz_partial
766,Mahmoud Sami Al Baroudi,Waylaho Min Nari Alhawa,12,لَكِنَّهُ اليَوْمَ غَوَى,وَكَانَ قَلْبِي رَاشِدًا,Modern,rajaz_partial,rajaz_partial
767,Mahmoud Sami Al Baroudi,Waylaho Min Nari Alhawa,13,لِكُلِّ حَيٍّ مَا نَوَى,أُوقِعَ فِي أَشْرَاكِهِ,Modern,rajaz_partial,rajaz_partial
768,Mahmoud Sami Al Baroudi,Waylaho Min Nari Alhawa,14,وَالجِسْمُ مَحْلُولُ الْقُوَى,فَكَيْفَ أَمْضِي فِي الهَوَى,Modern,rajaz_partial,rajaz_partial
769,Mahmoud Sami Al Baroudi,Waylaho Min Nari Alhawa,15,هَيْهَاتَ وَالخَيْرُ انْطَوَى,وَأَيْنَ أَبْغِي نَاصِرًا,Modern,rajaz_partial,rajaz_partial
770,Mahmoud Sami Al Baroudi,Waylaho Min Nari Alhawa,16,يَسْأَمُ فِيهَا مَنْ ثَوَى,أَصْبَحْتُ فِي تَيْهُورَةٍ,Modern,rajaz_partial,rajaz_partial
771,Mahmoud Sami Al Baroudi,Waylaho Min Nari Alhawa,17,خِلٌّ إِلَى حَالِي أَوَى,لَا صَاحِبٌ وَافَى وَلَا,Modern,rajaz_partial,rajaz_partial
772,Mahmoud Sami Al Baroudi,Waylaho Min Nari Alhawa,18,وَادْفَعْ عَنِ النَّفْسِ التَّوَى,فَيَا إِلَاهِي رَاعِنِي,Modern,rajaz_partial,rajaz_partial
773,Mahmoud Sami Al Baroudi,Waylaho Min Nari Alhawa,19,لَوْ صَادَفَتْ نَجْمًا خَوَى,وَلَا تَكِلْنِي لِلَّتِي,Modern,rajaz_partial,rajaz_partial
2128,Mikhail Noayma,Sakfo bayti hadid,1,رُكْنُ بَيْتِي حَجَرْ,سَقْفُ بَيْتِي حَدِيدْ,Modern,motadaarak_machtour,motadaarak_machtour
2129,Mikhail Noayma,Sakfo bayti hadid,2,وَانْتَحِبْ يَا شَجَرْ,فَاعْصِفِي يَا رِيَاحْ,Modern,motadaarak_machtour,motadaarak_machtour
2130,Mikhail Noayma,Sakfo bayti hadid,3,وَاهْطِلِي بِالمَطَرْ,وَاسْبَحِي يَا غُيُومْ,Modern,motadaarak_machtour,motadaarak_machtour
2131,Mikhail Noayma,Sakfo bayti hadid,4,لَسْتُ أَخْشَى الخَطَرْ,وَاقْصِفِي يَا رُعُودْ,Modern,motadaarak_machtour,motadaarak_machtour
2132,Mikhail Noayma,Sakfo bayti hadid,5,رُكْنُ بَيْتِي حَجَرْ,سَقْفُ بَيْتِي حَدِيدْ,Modern,motadaarak_machtour,motadaarak_machtour
2133,Mikhail Noayma,Sakfo bayti hadid,6,أَسْتَمِدُّ البَصَرْ,مِنْ سِرَاجِي الضَّئِيلْ,Modern,motadaarak_machtour,motadaarak_machtour
2134,Mikhail Noayma,Sakfo bayti hadid,7,وَالظَّلَامُ انْتَشَرْ,كُلَّمَا اللَّيْلُ طَالْ,Modern,motadaarak_machtour,motadaarak_machtour
2135,Mikhail Noayma,Sakfo bayti hadid,8,وَالنَّهَارُ انْتَحَرْ,وَإِذَا الفَجْرُ مَاتْ,Modern,motadaarak_machtour,motadaarak_machtour
2136,Mikhail Noayma,Sakfo bayti hadid,9,وَانْطَفِي يَا قَمَرْ,فَاخْتَفِي يَا نُجُومْ,Modern,motadaarak_machtour,motadaarak_machtour
2137,Mikhail Noayma,Sakfo bayti hadid,10,أَسْتَمِدُّ البَصَرْ,مِنْ سِرَاجِي الضَّئِيلْ,Modern,motadaarak_machtour,motadaarak_machtour
2138,Mikhail Noayma,Sakfo bayti hadid,11,مِنْ صُنُوفِ الكَدَرْ,بَابُ قَلْبِي حَصِينْ,Modern,motadaarak_machtour,motadaarak_machtour
2139,Mikhail Noayma,Sakfo bayti hadid,12,فِي المَسَا وَالسَّحَرْ,فَاهْجُمِي يَا هُمُومْ,Modern,motadaarak_machtour,motadaarak_machtour
2140,Mikhail Noayma,Sakfo bayti hadid,13,بِالشَّقَا وَالضَّجَرْ,وَازْحَفِي يَا نُحُوسْ,Modern,motadaarak_machtour,motadaarak_machtour
2141,Mikhail Noayma,Sakfo bayti hadid,14,يَا خُطُوبَ البَشَرْ,وَانْزِلِي بِالأُلُوفْ,Modern,motadaarak_machtour,motadaarak_machtour
2142,Mikhail Noayma,Sakfo bayti hadid,15,مِنْ صُنُوفِ الكَدَرْ,بَابُ قَلْبِي حَصِينْ,Modern,motadaarak_machtour,motadaarak_machtour
2143,Mikhail Noayma,Sakfo bayti hadid,16,وَرَفِيقِي القَدَرْ,وَحَلِيفِي القَضَاءْ,Modern,motadaarak_machtour,motadaarak_machtour
2144,Mikhail Noayma,Sakfo bayti hadid,17,حَوْلَ قَلْبِي الشَّرَرْ,فَاقْدِحِي يَا شُرُورْ,Modern,motadaarak_machtour,motadaarak_machtour
2145,Mikhail Noayma,Sakfo bayti hadid,18,حَوْلَ بَيْتِي الحَفَرْ,وَاحْفِرِي يَا مُنُونْ,Modern,motadaarak_machtour,motadaarak_machtour
2146,Mikhail Noayma,Sakfo bayti hadid,19,لَسْتُ أَخْشَى الضَّرَرْ,لَسْتُ أَخْشَى العَذَابْ,Modern,motadaarak_machtour,motadaarak_machtour
2147,Mikhail Noayma,Sakfo bayti hadid,20,وَرَفِيقِي القَدَرْ,وَحَلِيفِي القَضَاءْ,Modern,motadaarak_machtour,motadaarak_machtour
211,Moein Bassissou,Al Milad,1,وَأَنَا وَالمُنْتَهَى وَالأَجَلُ,هَذِهِ الرِّيحُ وَهَذَا الجَبَلُ,Modern,ramal_complete,ramal_complete
212,Moein Bassissou,Al Milad,2,وَالسِّيَاجُ الأَبْيَضُ المُكْتَحِلُ,وَالجَنَاحَانِ وَلَيْلِي قَفَصٌ,Modern,ramal_complete,ramal_complete
213,Moein Bassissou,Al Milad,3,قِمَمٌ تَعْزُفُ فِيهَا السُّبُلُ,أَيَّ أَنْغَامِي الذِي يَسْمَعُنِي,Modern,ramal_complete,ramal_complete
214,Moein Bassissou,Al Milad,4,وَالَّذِي يُبْصِرُ عَيْنِي طَلَلُ,وَالَّذِي تُبْصِرُ عَيْنِي غَصَنَا,Modern,ramal_complete,ramal_complete
215,Moein Bassissou,Al Milad,5,وَأَنَا وَالمُنْتَهَى وَالأَجَلُ,هَذِهِ الرِّيحُ وَهَذَا الجَبَلُ,Modern,ramal_complete,ramal_complete
216,Moein Bassissou,Al Milad,6,صَدْرِهِ النَّارُ الَّتِي تَشْتَعِلُ,حَطَبٌ يُبْحِرُ فِي النَّهْرِ وَفِي,Modern,ramal_complete,ramal_complete
217,Moein Bassissou,Al Milad,7,ذَكَرَ الحَطَّابُ فِيهِ البِلَلُ,نَسِيَ الرَّفْشُ عَلَيْهِ أَثَرَا,Modern,ramal_complete,ramal_complete
218,Moein Bassissou,Al Milad,8,هَذِهِ الشَّمْسُ الَّتِي تَبْتَهِلُ,فَعَلَى أَيِّ تُرَابٍ تَنْحَنِي,Modern,ramal_complete,ramal_complete
219,Moein Bassissou,Al Milad,9,وَعَلَى كُلِّ سَمَاءٍ بَطَلُ,وَعَلَى كُلِّ تُرَابٍ صَنَمٌ,Modern,ramal_complete,ramal_complete
220,Moein Bassissou,Al Milad,10,وَأَنَا وَالمُنْتَهَى وَالأَجَلُ,هَذِهِ الرِّيحُ وَهَذَا الجَبَلُ,Modern,ramal_complete,ramal_complete
221,Moein Bassissou,Al Milad,11,أَتَخَطَّاهُ وَسَيْرِي مَلَلُ,وَالطَّرِيقَانِ وَحُبِّي أَثَرٌ,Modern,ramal_complete,ramal_complete
222,Moein Bassissou,Al Milad,12,لَمْ تَعُدْ مِنْهُ وَعَادَ الأَمَلُ,وَالتِي قَدْ رَحَلَتْ فِي أَثَرِي,Modern,ramal_complete,ramal_complete
223,Moein Bassissou,Al Milad,13,فَصَبَاحِي أَنْجُمٌ تَنْهَمِلُ,أَشُمُوعِي وَالِجِى يَذْرِفُهَا,Modern,ramal_complete,ramal_complete
224,Moein Bassissou,Al Milad,14,حُلْمُهُ فِي سَاقِهَا يَقْتَتِلُ,وَالنَّدَى الإِنْسَانُ فِي سُنْبُلَةٍ,Modern,ramal_complete,ramal_complete
225,Moein Bassissou,Al Milad,15,وَأَنَا وَالمُنْتَهَى وَالأَجَلُ,هَذِهِ الرِّيحُ وَهَذَا الجَبَلُ,Modern,ramal_complete,ramal_complete
226,Moein Bassissou,Al Milad,16,وَقُيُودٌ قَدْ رَمَاهَا الجَبَلُ,وَظَلَالِي أَدْمُعٌ يَسْكُبُهُ,Modern,ramal_complete,ramal_complete
227,Moein Bassissou,Al Milad,17,فِيهِ أَيَّامِي وَأَهْلِي نَزَلُوا,يَوْمُ مِيلَادِي الذِي قَدْ نَزَلَتْ,Modern,ramal_complete,ramal_complete
228,Moein Bassissou,Al Milad,18,وَمَشَوْا فِي ضَوْئِهَا وَارْتَحَلُوا,نَصَّبُوا لِي شَمْعَةٌ تَحْرُسُنِي,Modern,ramal_complete,ramal_complete
229,Moein Bassissou,Al Milad,19,قَرَعُوا أَجْرَاسَهُمْ وَاعْتَزَلُوا,فَإِذَا دَقَّ بِصَدْرِي نَفَسٌ,Modern,ramal_complete,ramal_complete
230,Moein Bassissou,Al Milad,20,وَأَنَا وَالمُنْتَهَى وَالأَجَلُ,هَذِهِ الرِّيحُ وَهَذَا الجَبَلُ,Modern,ramal_complete,ramal_complete
231,Moein Bassissou,Al Milad,21,فِي التَّمَاثِيلِ دُمًا يَشْتَعِلُ,هَا هِيَ النَّارُ مَشَتْ صَخَّرَهَا,Modern,ramal_complete,ramal_complete
232,Moein Bassissou,Al Milad,22,كُلُّ رِيحٍ جَرْحُهَا مُنْدَمِلُ,دَثِّرِي جَرْحِي فَلَا تُطْفِؤُهُ,Modern,ramal_complete,ramal_complete
2400,Mohammed Asmouni,Janniniini wa stariihi,1,إِنَّمَا بِالسِّرِّ بُوحِي,جَنِّنِينِي وَاسْتَرِيحِي,Modern,ramal_partial,ramal_partial
2401,Mohammed Asmouni,Janniniini wa stariihi,2,لَمْ يَمِلْ نَحْوَ الوُضُوحِ,حُبُّنَا وَهْمٌ غَيُومٌ,Modern,ramal_partial,ramal_partial
2402,Mohammed Asmouni,Janniniini wa stariihi,3,شَاحِبٍ وَاهٍ كَسِيحِ,عَاتِبِي أَحْوَالَ وَجْدٍ,Modern,ramal_partial,ramal_partial
2403,Mohammed Asmouni,Janniniini wa stariihi,4,دَاهِمٍ إِبْكِي وَنُوحِي,هَذِهِ أَشْبَاحُ سُقْمٍ,Modern,ramal_partial,ramal_partial
2404,Mohammed Asmouni,Janniniini wa stariihi,5,أَوْ حَيَاةٍ ثُمَّ سِيحِي,خَيِّرِينِي بَيْنَ مَوْتٍ,Modern,ramal_partial,ramal_partial
2405,Mohammed Asmouni,Janniniini wa stariihi,6,وَاسْمَعِي نَبْضَ الجَرِيحِ,وَاذْكُرِينِي كُلَّ يَوْمٍ,Modern,ramal_partial,ramal_partial
2406,Mohammed Asmouni,Janniniini wa stariihi,7,إِحْذَرِي كَبْتَ الطُّمُوحِ,يَاعُيُونِي يَا خَيَالِي,Modern,ramal_partial,ramal_partial
2407,Mohammed Asmouni,Janniniini wa stariihi,8,أَنْتِ رُوحِي لَا تَرُوحِي,أَنْتِ فِي عَيْنِي مَلَاكٌ,Modern,ramal_partial,ramal_partial
2408,Mohammed Asmouni,Janniniini wa stariihi,9,دَاءَ مَخْبُولٍ صَفُوحِ,يَا مَلَاكَ الحُبِّ دَاوِي,Modern,ramal_partial,ramal_partial
2409,Mohammed Asmouni,Janniniini wa stariihi,10,وَاسْأَلِي دَمْعِي السَّمُوحِ,فَارْحَمِي ضَعْفِي وَظَرْفِي,Modern,ramal_partial,ramal_partial
2410,Mohammed Asmouni,Janniniini wa stariihi,11,حَسْبُ شَنْقِي لَا تُبِيحِي,خَاصِمِينِي قَاطِعِينِي,Modern,ramal_partial,ramal_partial
2411,Mohammed Asmouni,Janniniini wa stariihi,12,زَهْرَتِي بِالعَفْوِ فُوحِي,أَنْتِ فُلٌّ أَنْتِ وَرْدٌ,Modern,ramal_partial,ramal_partial
2412,Mohammed Asmouni,Janniniini wa stariihi,13,وَاقِفٌ أَحْصِي جُرُوحِي,هَا أَنَا عَبْدٌ صَبُورٌ,Modern,ramal_partial,ramal_partial
2413,Mohammed Asmouni,Janniniini wa stariihi,14,فَهْوَ بِالأَمْرِ المَرِيحِ,أَيُّ قُرْبٍ أَيُّ وَصْلٍ,Modern,ramal_partial,ramal_partial
2414,Mohammed Asmouni,Janniniini wa stariihi,15,فَاقْبَلِي غَدْرَ الجُنُوحِ,مَرْكَبِي حِصْنٌ تَعَالِيْ,Modern,ramal_partial,ramal_partial
2415,Mohammed Asmouni,Janniniini wa stariihi,16,رَيْ بِرَأْسِي لَا تُطِيحِي,إِنْ تَرَيْ فَتْحًا قَرِيبًا,Modern,ramal_partial,ramal_partial
2416,Mohammed Asmouni,Janniniini wa stariihi,17,وَاتْرُكِي حُكْمَ الجُمُوحِ,وَاعْمَلِي بِالرَّأْيِ حِينًا,Modern,ramal_partial,ramal_partial
2349,Mostafa Sadek Al Rafii,Kaasouki Yaa Chamso Al Doha,1,بِالبَدْرِ ظُلْمًا وَالهِلَالِ,قَاسُوكِ يَا شَمْسَ الضُّحَى,Modern,kamil_partial,kamil_partial
2350,Mostafa Sadek Al Rafii,Kaasouki Yaa Chamso Al Doha,2,مُوا بِالغَزَالَةِ وَالغَزَالِ,وَرَأَوْا عُيُونَكِ فَاسْتَهَا,Modern,kamil_partial,kamil_partial
2351,Mostafa Sadek Al Rafii,Kaasouki Yaa Chamso Al Doha,3,سَ وَأَنْتِ مِقْيَاسُ الجَمَالِ,يَأْبَى جَمَالَكِ أَنْ يُقَا,Modern,kamil_partial,kamil_partial
2352,Mostafa Sadek Al Rafii,Kaasouki Yaa Chamso Al Doha,4,كَذَا الطَّيْرُ إِمَّا لَمَحْنَ النَّهَارَا,عَذَرْتُ فُؤَادًا رَآكِ فَطَارَا,Modern,kamil_partial,motaqaarib_complete
2353,Mostafa Sadek Al Rafii,Kaasouki Yaa Chamso Al Doha,5,كَمَا هَاجَتِ النَّسَمَاتُ الشِّرَارَا,وَدَمًّا عَلَى نَفْخِ ذِكْرَاكِ يَهْمِي,Modern,kamil_partial,motaqaarib_complete
2354,Mostafa Sadek Al Rafii,Kaasouki Yaa Chamso Al Doha,6,كَمَا تَنْثُرُ الشَّمْسُ مِنْهَا النُّضَارَا,نَثَرْتِ عَلَى اللَّيْلِ مِنْهُ شُعَاعًا,Modern,kamil_partial,motaqaarib_complete
2355,Mostafa Sadek Al Rafii,Kaasouki Yaa Chamso Al Doha,7,يَهْدِمُ أَهْلُ الدِّيَارِ الدِّيَارَا,تَدَاعَتْ ضُلُوعِي وَعِنْدَ الحَرِيقِ,Modern,kamil_partial,motaqaarib_complete
2356,Mostafa Sadek Al Rafii,Kaasouki Yaa Chamso Al Doha,8,أَبَيْنَ مِنَ الرُّعْبِ إِلَّا فِرَارَا,وَلَمَّا أَحَسَّتْ بِذَاكَ الدُّمُوعُ,Modern,kamil_partial,motaqaarib_complete
2357,Mostafa Sadek Al Rafii,Kaasouki Yaa Chamso Al Doha,9,فَمَدَّ جَنَاحَيْهِ خَوْفًا وَطَارَا,وَأَبْصَرَهَا العَقْلُ مُسْتَنْفِرَاتٌ,Modern,kamil_partial,motaqaarib_complete
2358,Mostafa Sadek Al Rafii,Kaasouki Yaa Chamso Al Doha,10,تَقَلُّبِ هِنْدٍ عَدِمْتُ القَرَارَا,وَلَا عَجَبٌ أَنْ تَرَانِي عَلَى,Modern,kamil_partial,motaqaarib_complete
2359,Mostafa Sadek Al Rafii,Kaasouki Yaa Chamso Al Doha,11,لَمَا أَبْصَرَ النَّاسُ فِيهَا جِدَارَا,فَلَوْ أَنَّ لِلْأَرْضِ قَلْبًا يُحِبُّ,Modern,kamil_partial,motaqaarib_complete
2360,Mostafa Sadek Al Rafii,Kaasouki Yaa Chamso Al Doha,12,وَحُبُّكِ يَا هِنْدُ لَيْسَ اخْتِيَارَا,وَهِنْدٌ عَلَى مَا بَنَا لَا تُبَالِي,Modern,kamil_partial,motaqaarib_complete
2361,Mostafa Sadek Al Rafii,Kaasouki Yaa Chamso Al Doha,13,فَلَيْسَ دَلَالُكِ إِلَّا اعْتِذَارَا,إِذَا مَا هَجَرْتِ عَذَرْنَا الدَّلَالَ,Modern,kamil_partial,motaqaarib_complete
2362,Mostafa Sadek Al Rafii,Kaasouki Yaa Chamso Al Doha,14,نِفَارًا وَمَا تَتْرُكِينَ النِّفَارَا,وَفِي الحُبِّ شَيْءٌ يُسَمُّونَهُ,Modern,kamil_partial,motaqaarib_complete
2363,Mostafa Sadek Al Rafii,Kaasouki Yaa Chamso Al Doha,15,يَطُولُ لِيُصْبِحْنَ مِنْهُ قُصَارَا,كَأَنَّ الجَمَالَ بِأَعْمَارِنَا,Modern,kamil_partial,motaqaarib_complete
2364,Mostafa Sadek Al Rafii,Kaasouki Yaa Chamso Al Doha,16,مُحِبُّوهُ يَرْضَوْنَ مِنْهُ الخَسَارَا,وَمَا يَرْبَحُ الحُسْنُ إِنْ لَمْ يَكُنْ,Modern,kamil_partial,motaqaarib_complete
2365,Mostafa Sadek Al Rafii,Kaasouki Yaa Chamso Al Doha,17,هِبِينِيَ ظِلًّا وَرَاءَكِ سَارَا,لِمَاذَا تُجَافِينَ يَا هِنْدُ عَنِّي,Modern,kamil_partial,motaqaarib_complete
2366,Mostafa Sadek Al Rafii,Kaasouki Yaa Chamso Al Doha,18,فَحَرَّكَ مِنْ جَانِبَيْكِ الإِزَارَا,هِبِينِي نَسِيمًا تُلَطِّفُ يَوْمًا,Modern,kamil_partial,motaqaarib_complete
2367,Mostafa Sadek Al Rafii,Kaasouki Yaa Chamso Al Doha,19,نُورٌ يُغَادِرُ خَدَّيْكِ نَارَا,هِبِينيَ أَشِعَّةَ شَمْسِ الأَصِيلِ,Modern,kamil_partial,motaqaarib_complete
2368,Mostafa Sadek Al Rafii,Kaasouki Yaa Chamso Al Doha,20,إِذَا مَا انْتَشَرْنَ عَلَيْكِ انْتِثَارَا,هِبِينِيَ مِنْ قَطَرَاتِ النَّدَى,Modern,kamil_partial,motaqaarib_complete
2369,Mostafa Sadek Al Rafii,Kaasouki Yaa Chamso Al Doha,21,هِبِينِي فَتًى وَهِبِينِيَ جَارَا,هِبِينِي أَخًا وَهِبِينِيَ طِفْلَا,Modern,kamil_partial,motaqaarib_complete
2370,Mostafa Sadek Al Rafii,Kaasouki Yaa Chamso Al Doha,22,غُبَارًا عَلَى قَدَمَيْكِ اسْتِثَارَا,هِبِينِيَ مِنْ بَعْدِ هَاذَا وَذَاكَ,Modern,kamil_partial,motaqaarib_complete
2371,Mostafa Sadek Al Rafii,Kaasouki Yaa Chamso Al Doha,23,وَأُصْفَى غَرَامًا وَأُسْمَى وَقَارَا,وَأُقْسِمُ أَنِّي لَأُطْهِرُ نَفْسًا,Modern,kamil_partial,motaqaarib_complete
2372,Mostafa Sadek Al Rafii,Kaasouki Yaa Chamso Al Doha,24,تَعْلَمُ نَفْسِي لَدَيْكِ انْكِسَارَا,تَقِي اللَّهَ إِنِّي رَأَيْتُ الجُفُونَ,Modern,kamil_partial,motaqaarib_complete
2373,Mostafa Sadek Al Rafii,Kaasouki Yaa Chamso Al Doha,25,وَمَا كُنْتُ أَحْذَرُ إِلَّا الحَذَارَا,وَعَوَّدْتِنِي أَنْ أَخَافَ الأَنَامَ,Modern,kamil_partial,motaqaarib_complete
2374,Mostafa Sadek Al Rafii,Kaasouki Yaa Chamso Al Doha,26,بِمَا لَمْ يَدُرْ فَلَكٌ حَيْثُ دَارَا,وَحَمَّلْتَنِي مِنْ خُطُوبِ الزَّمَانِ,Modern,kamil_partial,motaqaarib_complete
2375,Mostafa Sadek Al Rafii,Kaasouki Yaa Chamso Al Doha,27,رَ يُنَاجِي بِأَمْرِي السِّوَارَا,أَصِيخِي إِلَى الحُلْيِ إِنِّي أَرَى السِّوَا,Modern,kamil_partial,motaqaarib_complete
2376,Mostafa Sadek Al Rafii,Kaasouki Yaa Chamso Al Doha,28,فَإِنَّ لَهُنَّ بِشَأْنِي سِرَارَا,مَتَى مَا سَمِعْتِ رَنِينَ الحُلِيِّ,Modern,kamil_partial,motaqaarib_complete
2377,Mostafa Sadek Al Rafii,Kaasouki Yaa Chamso Al Doha,29,يُنَادِيَنِي إِذْ مَلَلْنَ انْتِظَارَا,وَلَا تَفْزَعِي مِنْ حَفِيفِ الثِّيَابِ,Modern,kamil_partial,motaqaarib_complete
2378,Mostafa Sadek Al Rafii,Kaasouki Yaa Chamso Al Doha,30,فَيَا لَيْتَهُ كَانَ فِيهَا زِرَارَا,عَلَى أَنَّ قَلْبِي لَهَا حَاسِدٌ,Modern,kamil_partial,motaqaarib_complete
2379,Mostafa Sadek Al Rafii,Kaasouki Yaa Chamso Al Doha,31,نُسِجْتُ لِهَذَا القَوَامِ إِزَارَا,وَيَا لَيْتَنِي وَأَنَا كَالخُيُوطِ,Modern,kamil_partial,motaqaarib_complete
2380,Mostafa Sadek Al Rafii,Kaasouki Yaa Chamso Al Doha,32,لِأَمْرٍ تَوَجَّعْتُ مِنْهَا مَرَارَا,مَتَى قُلْتُ يَا لَيْتَنِي مَرَّةً,Modern,kamil_partial,motaqaarib_complete
2381,Mostafa Sadek Al Rafii,Kaasouki Yaa Chamso Al Doha,33,فَقَدْ وَقَفَ الثَّدْيُ حَتَّى أَشَارَا,عَلِمْتُ مِنَ الثَّدْيِ مَا تُضْمِرِينَ,Modern,kamil_partial,motaqaarib_complete
2382,Mostafa Sadek Al Rafii,Kaasouki Yaa Chamso Al Doha,34,إِذَا مَا بَدَا صَحْبَهَا أَنْ تُوَارَى,فَحَسْبِي البِعَادُ وَحَسْبُ النُّجُومِ,Modern,kamil_partial,motaqaarib_complete
2263,Obayd Ibn Al Abrass,Moallaqa,1,فَالقُطَبِيَّاتُ فَالذُّنُوبُ,أَقْفَرَ مِنْ أَهْلِهِ مَلْحُوبُ,Before Islam: VIth century,bassit_mokhlaa,bassit_mokhlaa
2264,Obayd Ibn Al Abrass,Moallaqa,2,فَذَاتَ فَرْقَيْنِ فَالقَلِيبُ,فَرَاكِسٌ فَثُعَيْلِبَاتٌ,Before Islam: VIth century,bassit_mokhlaa,bassit_mokhlaa
2265,Obayd Ibn Al Abrass,Moallaqa,3,لَيْسَ بِهَا مِنْهُمُ عَرِيبُ,فَعَرْدَةٌ فَقَفَا حِبِرٍّ,Before Islam: VIth century,bassit_mokhlaa,bassit_mokhlaa
2266,Obayd Ibn Al Abrass,Moallaqa,4,وَغَيَّرَتْ حَالَهَا الخُطُوبُ,إِنْ بُدِّلَتْ أَهْلِهَا وُحُوشًا,Before Islam: VIth century,bassit_mokhlaa,bassit_mokhlaa
2267,Obayd Ibn Al Abrass,Moallaqa,5,فَكُلُّ مَنْ حَلَّهَا مَحْرُوبُ,أَرْضٌ تَوَارَثَهَا الجُدُوبُ,Before Islam: VIth century,bassit_mokhlaa,bassit_mokhlaa
2268,Obayd Ibn Al Abrass,Moallaqa,6,وَالشَّيْبُ شَيْنٌ لِمَنْ يَشِيبُ,إِمَّا قَتِيلًا وَإِمَّا هَلْكَا,Before Islam: VIth century,bassit_mokhlaa,bassit_mokhlaa
2269,Obayd Ibn Al Abrass,Moallaqa,7,كَأَنَّ شَأْنَيْهِمَا شَعِيبُ,عَيْنَاكَ دَمْعُهُمَا سَرُوبٌ,Before Islam: VIth century,bassit_mokhlaa,bassit_mokhlaa
2270,Obayd Ibn Al Abrass,Moallaqa,8,مِنْ هَضْبَةٍ دُونَهَا لَهُوبُ,وَاهِيَةٌ أَوْ مَعِينُ مُمْعِنْ,Before Islam: VIth century,bassit_mokhlaa,bassit_mokhlaa
2271,Obayd Ibn Al Abrass,Moallaqa,9,لِلْمَاءِ مِنْ تَحْتِهَا سَكُوبُ,أَوْ فَلْجُ وَادٍ بِبَطْنِ وَادٍ,Before Islam: VIth century,bassit_mokhlaa,bassit_mokhlaa
2272,Obayd Ibn Al Abrass,Moallaqa,10,لِلْمَاءِ مِنْ تَحْتِهَا قَسِيبُ,أَوْ جَدْوَلٌ فِي ظِلَالِ نَخْلٍ,Before Islam: VIth century,bassit_mokhlaa,bassit_mokhlaa
2273,Obayd Ibn Al Abrass,Moallaqa,11,أَنِّي وَقَدْ رَاعَكَ المَشِيبُ,تَصْبُو وَأَنَّى لَكَ التَّصَابِي,Before Islam: VIth century,bassit_mokhlaa,bassit_mokhlaa
2274,Obayd Ibn Al Abrass,Moallaqa,12,فَلَا بَدِيُّءْ وَلَا عَجِيبُ,فَإِنْ يَكُنْ حَالَ أَجْمَعِهَا,Before Islam: VIth century,bassit_mokhlaa,bassit_mokhlaa
2275,Obayd Ibn Al Abrass,Moallaqa,13,وَعَادَهَا المَحْلُ وَالجُدُوبُ,أَوْ يَكُ أَقْفَرَ مِنْهَا جَوُّهَا,Before Islam: VIth century,bassit_mokhlaa,bassit_partial
2276,Obayd Ibn Al Abrass,Moallaqa,14,وَكُلُّ ذِي أَمَلٍ مَكْذُوبُ,وَكُلُّ ذِي نِعْمَةٍ مَخْلُوسٌ,Before Islam: VIth century,bassit_mokhlaa,bassit_mokhlaa
2277,Obayd Ibn Al Abrass,Moallaqa,15,وَكُلُّ ذِي سَلَبٍ مَسْلُوبُ,وَكُلُّ ذِي إِبِلٍ مَوْرُوثٌ,Before Islam: VIth century,bassit_mokhlaa,bassit_mokhlaa
2278,Obayd Ibn Al Abrass,Moallaqa,16,وَغَائِبُ المَوْتِ لَا يَؤُوبُ,وَكُلُّ ذِي غَيْبَةٍ يَؤُوبُ,Before Islam: VIth century,bassit_mokhlaa,bassit_mokhlaa
2279,Obayd Ibn Al Abrass,Moallaqa,17,أَمْ غَانِمٌ مِثْلُ مَنْ يَخِيبُ,أَعَاقِرٌ مِثْلُ ذَاتِ رَحْمٍ,Before Islam: VIth century,bassit_mokhlaa,bassit_mokhlaa
2280,Obayd Ibn Al Abrass,Moallaqa,18,وَسَائِلُ اللَّهِ لَا يَخِيبُ,مَنْ يَسْأَلِ النَّاسَ يَحْرِمُوهُ,Before Islam: VIth century,bassit_mokhlaa,bassit_mokhlaa
2281,Obayd Ibn Al Abrass,Moallaqa,19,ضَعْفِ وَقَدْ يُخْدَعُ الأَرِيبُ,أَفْلِحْ بِمَا شِئْتَ قَدْ يَبْلُغُ بِالضْ,Before Islam: VIth century,bassit_mokhlaa,bassit_partial
2282,Obayd Ibn Al Abrass,Moallaqa,20,دَهْرُ وَلَا يَنْفَعُ التَّلْبِيبُ,لَا يَعِظُ النَّاسُ مَنْ لَا يَعِظُ الدْ,Before Islam: VIth century,bassit_mokhlaa,bassit_partial
2283,Obayd Ibn Al Abrass,Moallaqa,21,وَكَمْ يَصِيرَنْ شَانِئًا حَبِيبُ,إِلَّا سَجِيَّاتُ مَا القُلُوبُ,Before Islam: VIth century,bassit_mokhlaa,bassit_partial
2284,Obayd Ibn Al Abrass,Moallaqa,22,وَلَا تَقُلْ إِنَّنِي غَرِيبُ,سَاعِدْ بِأَرْضٍ إِنْ كُنْتَ فِيهَا,Before Islam: VIth century,bassit_mokhlaa,bassit_mokhlaa
2285,Obayd Ibn Al Abrass,Moallaqa,23,يُقْطَعُ ذُو السُّهْمَةِ القَرِيبُ,قَدْ يُوصَلُ النَّازِحُ النَّائِي وَقَدْ,Before Islam: VIth century,bassit_mokhlaa,bassit_partial
2286,Obayd Ibn Al Abrass,Moallaqa,24,طُولُ الحَيَاةِ لَهُ تَعْذِيبُ,وَالمَرْءُ مَا عَاشَ فِي تَكْذِيبٍ,Before Islam: VIth century,bassit_mokhlaa,bassit_mokhlaa
2287,Obayd Ibn Al Abrass,Moallaqa,25,سَبِيلُهُ خَائِفٌ جَدِيبُ,بَلْ رُبَّ مَاءٍ وَرَدْتُ آجِنٍ,Before Islam: VIth century,bassit_mokhlaa,bassit_partial
2288,Obayd Ibn Al Abrass,Moallaqa,26,لِلْقَلْبِ مِنْ خَوْفِهِ وَجِيبُ,رِيشُ الحَمَامِ عَلَى أَرْجَائِهِ,Before Islam: VIth century,bassit_mokhlaa,bassit_partial
2289,Obayd Ibn Al Abrass,Moallaqa,27,وَصَاحِبِي بَادِنٌ خَبُوبُ,قَطَعْتُهُ غُدْوَةً مُشِيحًا,Before Islam: VIth century,bassit_mokhlaa,bassit_mokhlaa
2290,Obayd Ibn Al Abrass,Moallaqa,28,كَأَنَّ حَارِكَهَا كَثِيبُ,غَيْرَانَةٌ مُوجَدٌ فَقَارُهَا,Before Islam: VIth century,bassit_mokhlaa,bassit_partial
2291,Obayd Ibn Al Abrass,Moallaqa,29,لَا حِقَّةٌ هِي وَلَا نَيُوبُ,أَخْلَفَ مَا بَازِلًا سَدِيسُهَا,Before Islam: VIth century,bassit_mokhlaa,bassit_partial
2292,Obayd Ibn Al Abrass,Moallaqa,30,جَوْنٌ بِصَفْحَتِهِ نُدُوبُ,كَأَنَّهَا مِنْ حَمِيرِ غَابٍ,Before Islam: VIth century,bassit_mokhlaa,bassit_mokhlaa
2293,Obayd Ibn Al Abrass,Moallaqa,31,تَلُفُّهُ شَمْأَلٌ هُبُوبُ,أَوْ شَبَبٌ يَحْفِرُ الرُّخَامَى,Before Islam: VIth century,bassit_mokhlaa,bassit_mokhlaa
2294,Obayd Ibn Al Abrass,Moallaqa,32,تَحْمِلُنِي نَهْدَةٌ سُرْحُوبُ,فَذَاكَ عَصْرٌ وَقَدْ أَرَانِي,Before Islam: VIth century,bassit_mokhlaa,bassit_mokhlaa
2295,Obayd Ibn Al Abrass,Moallaqa,33,يَنْشَقُّ عَنْ وَجْهِهَا السَّبِيبُ,مُضَبَّرٌ خَلْقُهَا تَضْبِيرًا,Before Islam: VIth century,bassit_mokhlaa,bassit_mokhlaa
2296,Obayd Ibn Al Abrass,Moallaqa,34,وَلَيِّنٌ أَسْرُهَا رَطِيبُ,زَيتِيَّةٌ نَاعِمٌ عُرُوقُهَا,Before Islam: VIth century,bassit_mokhlaa,bassit_partial
2297,Obayd Ibn Al Abrass,Moallaqa,35,تُخْزَنُ فِي وَكْرِهَا القُلُوبُ,كَأَنَّهَا لِقْوَةٌ طَلُوبُ,Before Islam: VIth century,bassit_mokhlaa,bassit_mokhlaa
2298,Obayd Ibn Al Abrass,Moallaqa,36,كَأَنَّهَا شَيْخَةٌ رَقُوبُ,بَانَتْ عَلَى إِرَمٍ عَذُوبًا,Before Islam: VIth century,bassit_mokhlaa,bassit_mokhlaa
2299,Obayd Ibn Al Abrass,Moallaqa,37,يَسْقُطُ عَنْ رِيشِهَا الضَّرِيبُ,فَأَصْبَحَتْ فِي غَدَاةِ قِرَّةٍ,Before Islam: VIth century,bassit_mokhlaa,bassit_partial
2300,Obayd Ibn Al Abrass,Moallaqa,38,وَدُونَهُ سَبْسَبٌ جَدِيبُ,فَأَبْصَرَتْ ثَعْلَبًا مِنْ سَاعَةٍ,Before Islam: VIth century,bassit_mokhlaa,bassit_partial
2301,Obayd Ibn Al Abrass,Moallaqa,39,فَذَاكَ مِنْ نَهْضَةٍ قَرِيبُ,فَنَفَّضَتْ رِيشَهَا وَوَلَّتْ,Before Islam: VIth century,bassit_mokhlaa,bassit_mokhlaa
2302,Obayd Ibn Al Abrass,Moallaqa,40,وَفِعْلَهُ يَفْعَلُ المَذْؤُوبُ,فَاشْتَالَ وَارْتَاعَ مِنْ حَسِيسِهَا,Before Islam: VIth century,bassit_mokhlaa,bassit_partial
2303,Obayd Ibn Al Abrass,Moallaqa,41,وَحَرَدَتْ حَرْدَةً تَسِيبُ,فَنَهَضَتْ نَحْوَهُ حَثِيثَةً,Before Islam: VIth century,bassit_mokhlaa,bassit_partial
2304,Obayd Ibn Al Abrass,Moallaqa,42,وَالعَيْنُ حِمْلَاقُهَا مَقْلُوبُ,يَدِبُّ مِنْ حِسِّهَا دَبِيبًا,Before Islam: VIth century,bassit_mokhlaa,bassit_mokhlaa
2305,Obayd Ibn Al Abrass,Moallaqa,43,وَالصَّيْدُ مِنْ تَحْتِهَا مَكْرُوبُ,فَأَدْرَكَتْهُ فَطَرَّحَتْهُ,Before Islam: VIth century,bassit_mokhlaa,bassit_mokhlaa
2306,Obayd Ibn Al Abrass,Moallaqa,44,فَكَدَّحَتْ وَجْهَهُ الجَبُوبُ,فَجَدَّلَتْهُ فَطَرَّحَتْهُ,Before Islam: VIth century,bassit_mokhlaa,bassit_mokhlaa
2307,Obayd Ibn Al Abrass,Moallaqa,45,فَأَرْسَلَتْهُ وَهْوَ مَكْرُوبُ,فَعَاوَدَتْهُ فَرَفَّعَتْهُ,Before Islam: VIth century,bassit_mokhlaa,sarii_complete
2308,Obayd Ibn Al Abrass,Moallaqa,46,لَا بُدَّ حَيْزُومُهُ مَنْقُوبُ,يَضْغُو وَمِخْلَبُهَا فِي دَفِّهِ,Before Islam: VIth century,bassit_mokhlaa,bassit_partial
2251,Omar Ibn Abii Rabiia,Alaa yaa bakro kad taraqaa,1,خَيَالٌ هَاجَ لِي الأَرَقَا,أَلَا يَا بَكْرُ قَدْ طَرَقَا,Amawi: VIIth - VIIIth,wafir_partial,wafir_partial
2252,Omar Ibn Abii Rabiia,Alaa yaa bakro kad taraqaa,2,فَعَرْضَ الوَادِ فَالشَّفَقَا,أَجَازَ البَيْدَ مُعْتَرِضًا,Amawi: VIIth - VIIIth,wafir_partial,wafir_partial
2253,Omar Ibn Abii Rabiia,Alaa yaa bakro kad taraqaa,3,تُرَى مِنْ شِيمَتِي خُلُقَا,لِهِنْدٍ إِنَّ ذِكْرَتَهَا,Amawi: VIIth - VIIIth,wafir_partial,wafir_partial
2254,Omar Ibn Abii Rabiia,Alaa yaa bakro kad taraqaa,4,مِ لِلْإِنْسَانِ مَا صَدَقَا,وَلَوْ عَلِمَتْ وَخَيْرُ العِلْ,Amawi: VIIth - VIIIth,wafir_partial,wafir_partial
2255,Omar Ibn Abii Rabiia,Alaa yaa bakro kad taraqaa,5,سِ وَالأَشْعَارِ إِنْ نَطَقَا,بِأَنَّ بِهَا حَدِيثَ النَّفْ,Amawi: VIIth - VIIIth,wafir_partial,wafir_partial
2256,Omar Ibn Abii Rabiia,Alaa yaa bakro kad taraqaa,6,بِ لَمْ أَخْلِطْ بِهِ مَلَقَا,وَحُبًّا رَاضِيًا لِلْقَلْ,Amawi: VIIth - VIIIth,wafir_partial,wafir_partial
2257,Omar Ibn Abii Rabiia,Alaa yaa bakro kad taraqaa,7,ءُ تُزْجِي شَادِنًا خَرِقَا,فَمَا مِنْ مُغْزِلٍ أَدِمَا,Amawi: VIIth - VIIIth,wafir_partial,wafir_partial
2258,Omar Ibn Abii Rabiia,Alaa yaa bakro kad taraqaa,8,إِذَا بَرَزَتْ وَلَا عُنُقَا,بِأَحْسَنِ مُقْلَةٍ مِنْهَا,Amawi: VIIth - VIIIth,wafir_partial,wafir_partial
2259,Omar Ibn Abii Rabiia,Alaa yaa bakro kad taraqaa,9,وَقَدْ أَزْمَعْتُ مُنْطَلِقَا,غَدَاةَ غَدَتْ تُوَدِّعُنَا,Amawi: VIIth - VIIIth,wafir_partial,wafir_partial
2260,Omar Ibn Abii Rabiia,Alaa yaa bakro kad taraqaa,10,بِدَمْعِ العَيْنِ قَدْ شَرِقَا,تَرَى إِنْسَانَ مُقْلَتِهَا,Amawi: VIIth - VIIIth,wafir_partial,wafir_partial
2261,Omar Ibn Abii Rabiia,Alaa yaa bakro kad taraqaa,11,رَةً بِمَحَلِّ مَنْ خَلَقَا,وَقَدْ حَلَفَتْ يَمِينًا بِرْ,Amawi: VIIth - VIIIth,wafir_partial,wafir_partial
2262,Omar Ibn Abii Rabiia,Alaa yaa bakro kad taraqaa,12,حِبَالًا مِثْلَهَا عَلِقَ,لَقَدْ عُلِّقْتُ مِنْ عُمَرٍ,Amawi: VIIth - VIIIth,wafir_partial,wafir_partial
2232,Omar Ibn Abii Rabiia,Taribto Warda Man Tahwaa,1,جَمَالَ الحَيِّ فَابْتَكَرَا,طَرِبْتَ وَرْدَ مَنْ تَهْوَى,Amawi: VIIth - VIIIth,wafir_partial,wafir_partial
2233,Omar Ibn Abii Rabiia,Taribto Warda Man Tahwaa,2,إِذَا نَهْنَهْتُهُ ابْتَدَرَا,فَظِلْتُ مُكَفْكِفًا دَمْعَا,Amawi: VIIth - VIIIth,wafir_partial,wafir_partial
2234,Omar Ibn Abii Rabiia,Taribto Warda Man Tahwaa,3,أُقَاسِي الهَمَّ وَالسَّهَرَا,وَبِتُّ لِذَاكَ مُكْتَئِبًا,Amawi: VIIth - VIIIth,wafir_partial,wafir_partial
2235,Omar Ibn Abii Rabiia,Taribto Warda Man Tahwaa,4,لَكَ الأَحْزَانَ وَالذِّكَرَا,لِبَيْنِ الحَيِّ إِذْ هَاجُوا,Amawi: VIIth - VIIIth,wafir_partial,wafir_partial
2236,Omar Ibn Abii Rabiia,Taribto Warda Man Tahwaa,5,هُ أَمْسَى مِنْكَ مُنْبَتِرَا,فَإِنْ يَكُ حَبْلُ مَنْ تَهْوَا,Amawi: VIIth - VIIIth,wafir_partial,wafir_partial
2237,Omar Ibn Abii Rabiia,Taribto Warda Man Tahwaa,6,لَحَى فِي الحُبِّ أَوْ عَذَرَا,لَيَالِيَ لَا أُبَالِي مَنْ,Amawi: VIIth - VIIIth,wafir_partial,wafir_partial
2238,Omar Ibn Abii Rabiia,Taribto Warda Man Tahwaa,7,تَسَارُقَ زَيْنَبَ النَّظَرَا,وَلَنْ أَنْسَى بِخَيْفِ مِنًى,Amawi: VIIth - VIIIth,wafir_partial,wafir_partial
2239,Omar Ibn Abii Rabiia,Taribto Warda Man Tahwaa,8,تَرَى فِي طَرْفِهَا حَوَرَا,إِلَيَّ بِمُقْلَتَيْ رِيمٍ,Amawi: VIIth - VIIIth,wafir_partial,wafir_partial
2240,Omar Ibn Abii Rabiia,Taribto Warda Man Tahwaa,9,تَرَى فِي خَدِّهِ أَشَرَا,وَثَغْرٍ وَاضِحٍ رَتِلٍ,Amawi: VIIth - VIIIth,wafir_partial,wafir_partial
2241,Omar Ibn Abii Rabiia,Taribto Warda Man Tahwaa,10,لِتَرْبَيْهَا أَلَا انْتَظَرَا,وَلَا أَنْسَى مَقَالَتَهَا,Amawi: VIIth - VIIIth,wafir_partial,wafir_partial
2242,Omar Ibn Abii Rabiia,Taribto Warda Man Tahwaa,11,مَ بَعْدَ وِصَالِهِ هَجَرَا,أَبَا الخَطَّابِ نَنْظُرُ فِي,Amawi: VIIth - VIIIth,wafir_partial,wafir_partial
2243,Omar Ibn Abii Rabiia,Taribto Warda Man Tahwaa,12,عَلَى الهِجْرَانِ وَاسْتَتِرَا,وَلَوْمَاهُ وَقَيْتُكُمَا,Amawi: VIIth - VIIIth,wafir_partial,wafir_partial
2244,Omar Ibn Abii Rabiia,Taribto Warda Man Tahwaa,13,كَفَاكَ وَخَبِّرَا الخَبَرَا,وَقَوْلًا قَدْ ظَفِرْتَ بِهَا,Amawi: VIIth - VIIIth,wafir_partial,wafir_partial
2245,Omar Ibn Abii Rabiia,Taribto Warda Man Tahwaa,14,مَ بَطْنِ الخَيْفِ قَدْ شُهِرَا,وَقَوْلًا إِنَّ سِرَّكَ يَوْ,Amawi: VIIth - VIIIth,wafir_partial,wafir_partial
2246,Omar Ibn Abii Rabiia,Taribto Warda Man Tahwaa,15,لَهَا عَاصَيْتُ مَنْ زَجَرَا,فَقُلْتُ أَغَرَّهَا أَنِّي,Amawi: VIIth - VIIIth,wafir_partial,wafir_partial
2247,Omar Ibn Abii Rabiia,Taribto Warda Man Tahwaa,16,دِ مِنِّي السَّمْعَ وَالبَصَرَا,وَأَنْ أَنْزَلْتُهَا فِي الوُدْ,Amawi: VIIth - VIIIth,wafir_partial,wafir_partial
2248,Omar Ibn Abii Rabiia,Taribto Warda Man Tahwaa,17,قُ لَا تُشْعِرْ بِنَا بَشَرَا,فَأَيْنَ العَهْدُ وَالمِيثَا,Amawi: VIIth - VIIIth,wafir_partial,wafir_partial
2249,Omar Ibn Abii Rabiia,Taribto Warda Man Tahwaa,18,أَزَيْنَبُ نَوِّلِي عَمَرَا,وَقَوْلًا فِي مُلَاطَفَةٍ,Amawi: VIIth - VIIIth,wafir_partial,wafir_partial
2250,Omar Ibn Abii Rabiia,Taribto Warda Man Tahwaa,19,تَلُومِي القَلْبَ إِنْ هَجَرَا,وَقُلْ لِلْمَالِكِيَّةِ لَا,Amawi: VIIth - VIIIth,wafir_partial,wafir_partial
2383,Omayma Bint Omaya,Abaa Layli,1,وَنِيطَ الطَّرْفُ بِالكَوْكَبْ,أَبَى لَيْلِيَّ أَنْ يَذْهَبْ,Before Islam: VIth century,hazaj_complete,hazaj_complete
2384,Omayma Bint Omaya,Abaa Layli,2,لُ بَيْنَ الدَّلْوِ وَالعَقْرَبْ,وَنَجْمٍ دُونَهُ الأَهْوَا,Before Islam: VIth century,hazaj_complete,hazaj_complete
2385,Omayma Bint Omaya,Abaa Layli,3,وَلَا يَدْنُو وَلَا يَقْرُبْ,وَهَذَا الصُّبْحُ لَا يَأْتِي,Before Islam: VIth century,hazaj_complete,hazaj_complete
2386,Omayma Bint Omaya,Abaa Layli,4,كِرَامِ الخَيْمِ وَالمَنْصِبْ,بِفَقْدِ عَشِيرَةٍ مِنَّا,Before Islam: VIth century,hazaj_complete,wafir_partial
2387,Omayma Bint Omaya,Abaa Layli,5,حَدِيدُ النَّابِ وَالمَخْلَبْ,أَحَالَ عَلَيْهُمُ دَهْرٌ,Before Islam: VIth century,hazaj_complete,wafir_partial
2388,Omayma Bint Omaya,Abaa Layli,6,لَ مِنْ مَنْجًى وَلَا مَهْرَبْ,وَمَا عَنْهُ إِذَا مَا حَلْ,Before Islam: VIth century,hazaj_complete,hazaj_complete
2389,Omayma Bint Omaya,Abaa Layli,7,بِدَمْعٍ مِنْكِ مُسْتَغْرَبْ,أَلَا يَا عَيْنُ فَابْكِيهِمْ,Before Islam: VIth century,hazaj_complete,hazaj_complete
2390,Omayma Bint Omaya,Abaa Layli,8,وَهُمْ رُكْنِي وَهُمْ مَنْكَبْ,فَإِنْ أَبْكِ فَهُمْ عِزِّي,Before Islam: VIth century,hazaj_complete,hazaj_complete
2391,Omayma Bint Omaya,Abaa Layli,9,وَهُمْ نَسَبِي إِذَا أُنْسَبْ,وَهُمْ أَصْلِي وَهُمْ فَرْعِي,Before Islam: VIth century,hazaj_complete,wafir_partial
2392,Omayma Bint Omaya,Abaa Layli,10,وَهُمْ حِصْنِي إِذَا أُرْهَبْ,وَهُمْ مَجْدِي وَهُمْ شَرَفِي,Before Islam: VIth century,hazaj_complete,wafir_partial
2393,Omayma Bint Omaya,Abaa Layli,11,وَهُمْ سَيْفِي إِذَا أَغْضَبْ,وَهُمْ رُمْحِي وَهُمْ تِرْسِي,Before Islam: VIth century,hazaj_complete,hazaj_complete
2394,Omayma Bint Omaya,Abaa Layli,12,إِذَا مَا قَالَ لَا يَكْذِبْ,فَكَمْ مِنْ قَائِلٍ مِنْهُمْ,Before Islam: VIth century,hazaj_complete,hazaj_complete
2395,Omayma Bint Omaya,Abaa Layli,13,خَطِيبٍ مُصْقِعٍ مُعْرِبْ,وَكَمْ مِنْ نَاطِقٍ فِيهِمْ,Before Islam: VIth century,hazaj_complete,hazaj_complete
2396,Omayma Bint Omaya,Abaa Layli,14,كَمِيٍّ مُعْلَمٍ مُحْرَبْ,وَكَمْ مِنْ فَارِسٍ مِنْهُمْ,Before Islam: VIth century,hazaj_complete,hazaj_complete
2397,Omayma Bint Omaya,Abaa Layli,15,أَرِيبٍ حَوْلَهُ مُغْلَبْ,وَكَمْ مِنْ مُدْرَهٍ فِيهِمْ,Before Islam: VIth century,hazaj_complete,hazaj_complete
2398,Omayma Bint Omaya,Abaa Layli,16,عَظِيمُ النَّارِ وَالمَوْكِبْ,وَكَمْ مِنْ جَحْفَلٍ فِيهِمْ,Before Islam: VIth century,hazaj_complete,hazaj_complete
2399,Omayma Bint Omaya,Abaa Layli,17,نَجِيبٍ مَاجِدٍ مُنْجِبْ,وَكَمْ مِنْ خَضْرَمٍ فِيهِمْ,Before Islam: VIth century,hazaj_complete,hazaj_complete
3446,Omroo Al Kays,Liman Talalon Bayna Al Jodayyati Wal Jabal,1,مَحَلٌّ قَدِيمُ العَهْدِ طَالَتْ بِهِ الطِّيَلْ,لِمَنْ طَلَلٌ بَيْنَ الجُدَيَّةِ وَالجَبَلْ,Before Islam: VIth century,tawil_complete,tawil_complete
3447,Omroo Al Kays,Liman Talalon Bayna Al Jodayyati Wal Jabal,2,وَمُنْخَفَضٍ طَامٍ تَنَكَّرَ وَاضْمَحَلْ,عَفَا غَيْرَ مُرْتَادٍ وَمَرَّ كَسَرْحَبٍ,Before Islam: VIth century,tawil_complete,tawil_complete
3448,Omroo Al Kays,Liman Talalon Bayna Al Jodayyati Wal Jabal,3,عَلَى غَيْرِ سُكَّانٍ وَمَنْ سَكَنَ ارْتَحَلْ,وَزَالَتْ صُرُوفُ الدَّهْرِ عَنْهُ فَأَصْبَحَتْ,Before Islam: VIth century,tawil_complete,tawil_complete
3449,Omroo Al Kays,Liman Talalon Bayna Al Jodayyati Wal Jabal,4,أَحَمُّ إِذَا احْمَوْمَتْ سَحَائِبُهُ انْسَجَلْ,تَنَطَّحَ بِالأَطْلَالِ مِنْهُ مُجَلْجِلٌ,Before Islam: VIth century,tawil_complete,tawil_complete
3450,Omroo Al Kays,Liman Talalon Bayna Al Jodayyati Wal Jabal,5,وَرَعْدٍ إِذَا مَا هَبَّ هَاتِفُهُ هَطَلْ,بِرِيحٍ وَبَرْقٍ لَاحَ بَيْنَ سَحَائِبٍ,Before Islam: VIth century,tawil_complete,tawil_complete
3451,Omroo Al Kays,Liman Talalon Bayna Al Jodayyati Wal Jabal,6,وَرَوْنَقِ رَنْدٍ وَالصَّلَنْدَدِ وَالأَسَلْ,فَأَنْبَتَ فِيهِ مِنْ غَشَنْضٍ وَغَشْنَضٍ,Before Islam: VIth century,tawil_complete,tawil_complete
3452,Omroo Al Kays,Liman Talalon Bayna Al Jodayyati Wal Jabal,7,وَطَيْرُ القَطَاطِ وَالبَلَنْدَدُ وَالحَجَلْ,وَفِيهِ القَطَا وَالبُومُ وَابنُ حَبَوْكَلٍ,Before Islam: VIth century,tawil_complete,tawil_complete
3453,Omroo Al Kays,Liman Talalon Bayna Al Jodayyati Wal Jabal,8,وَفَرْخُ فَرِيقٍ وَالرِّفَلَّةَ وَالرَّفَلْ,وَعُنْثُلَةٌ وَالخَيْثَوَانُ وَبُرْسُلٌ,Before Islam: VIth century,tawil_complete,tawil_complete
3454,Omroo Al Kays,Liman Talalon Bayna Al Jodayyati Wal Jabal,9,وَغَنْسَلَةٌ فِيهَا الخُفَيْعَانُ قَدْ نَزَلْ,وَفِيلٌ وَأَذْيَابٌ وَإِبْنُ خُوَيْدِرٍ,Before Islam: VIth century,tawil_complete,tawil_complete
3455,Omroo Al Kays,Liman Talalon Bayna Al Jodayyati Wal Jabal,10,وَمُنْحَبِكُ الرَّوْقَيْنِ فِي سَيْرِهِ مَيَلْ,وَهَامٌ وَهَمْهَامٌ وَطَالِعُ أَنْجُدٍ,Before Islam: VIth century,tawil_complete,tawil_complete
3456,Omroo Al Kays,Liman Talalon Bayna Al Jodayyati Wal Jabal,11,تَكَفْكَفَ دَمْعِي فَوْقَ خَدِّيَ وَانْهَمَلْ,فَلَمَّا عَرَفْتُ الدَّارَ بَعْدَ تَوَهُّمِي,Before Islam: VIth century,tawil_complete,tawil_complete
3457,Omroo Al Kays,Liman Talalon Bayna Al Jodayyati Wal Jabal,12,تَمَتَّعْتِ لَا بُدِّلْتِ يَا دَارُ بِالبَدَلْ,فَقُلْتُ لَهَا يَا دَارُ سَلْمَى وَمَا الَّذِي,Before Islam: VIth century,tawil_complete,tawil_complete
3458,Omroo Al Kays,Liman Talalon Bayna Al Jodayyati Wal Jabal,13,وَمُنْتَظَرًا لِلْحَيِّ مَنْ حَلَّ أَوْ رَحَلْ,لَقَدْ طَالَ مَا أَضْحَيْتِ فَقْرًا وَمَأْلَفٍ,Before Islam: VIth century,tawil_complete,tawil_complete
3459,Omroo Al Kays,Liman Talalon Bayna Al Jodayyati Wal Jabal,14,وَرُبَّ فَتًى كَاللَّيْثِ مُشْتَهَرٍ بَطَلْ,وَمَأْوًى لِأَبْكَارٍ حِسَانٍ أَوَانِسٍ,Before Islam: VIth century,tawil_complete,tawil_complete
3460,Omroo Al Kays,Liman Talalon Bayna Al Jodayyati Wal Jabal,15,وَيَسْبِينَنِي مِنْهُنَّ بِالدَّلِّ وَالمُقَلْ,لَقَدْ كُنْتُ أَسْبَى الغِيدَ أَمْرَدَ نَاشِئٍ,Before Islam: VIth century,tawil_complete,tawil_complete
3461,Omroo Al Kays,Liman Talalon Bayna Al Jodayyati Wal Jabal,16,مُعَثْكَلَةٍ سَوْدَاءَ زَيَّنَهَا رَجَلْ,لَيَالِيَ أَسْبِي الغَانِيَاتِ بِحُمَّةٍ,Before Islam: VIth century,tawil_complete,tawil_complete
3462,Omroo Al Kays,Liman Talalon Bayna Al Jodayyati Wal Jabal,17,عَلَى مُنْثَنًى وَالمَنْكِبَيْنِ عَطَى رَطِلْ,كَأَنَّ قَطِيرَ البَانِ فِي عُكَنَاتِهَ,Before Islam: VIth century,tawil_complete,tawil_complete
3463,Omroo Al Kays,Liman Talalon Bayna Al Jodayyati Wal Jabal,18,تَنَعَّمُ فِي الدِّيبَاجِ وَالحُلِ وَالحُلَلْ,تَعَلَّقَ قَلْبِي طَفْلَةً عَرَبِيَّةً,Before Islam: VIth century,tawil_complete,tawil_complete
3464,Omroo Al Kays,Liman Talalon Bayna Al Jodayyati Wal Jabal,19,إِلَى رَاهِبٍ قَدْ صَامَ لِلَّهِ وَابْتَهَلْ,لَهَا مُقْلَةٌ لَوْ أَنَّهَا نَظَرَتْ بِهَا,Before Islam: VIth century,tawil_complete,tawil_complete
3465,Omroo Al Kays,Liman Talalon Bayna Al Jodayyati Wal Jabal,20,كَأَنْ لَمْ يَصُمْ لِلَّهِ يَوْمًا وَلَمْ يُصَلْ,لَأَصْبَحَ مَفْتُونًا مُعَنَّى بِحُبِّهَا,Before Islam: VIth century,tawil_complete,tawil_complete
3466,Omroo Al Kays,Liman Talalon Bayna Al Jodayyati Wal Jabal,21,إِذَا مَا أَبُوهَا لَيْلَةً غَابَ أَوْ غَفَلْ,أَلَا رُبَّ يَوْمٍ قَدْ لَهَوْتُ بِذِلِّهَا,Before Islam: VIth century,tawil_complete,tawil_complete
3467,Omroo Al Kays,Liman Talalon Bayna Al Jodayyati Wal Jabal,22,فَكَيْفَ بِهِ إِنْ مَاتَ أَوْ كَيْفَ يُحْتَبَلْ,فَقَالَتْ لِأَتْرَابٍ لَهَا قَدْ رَمَيْتُهُ,Before Islam: VIth century,tawil_complete,tawil_complete
3468,Omroo Al Kays,Liman Talalon Bayna Al Jodayyati Wal Jabal,23,فَقُلْنَ وَهَلْ يَخْفَى الهِلَالُ إِذَا أَفَلْ,أَيَخْفَى لَنَا إِنْ كَانَ فِي اللَّيْلِ دَفْنُهُ,Before Islam: VIth century,tawil_complete,tawil_complete
3469,Omroo Al Kays,Liman Talalon Bayna Al Jodayyati Wal Jabal,24,تَدَانَتْ لَهُ الأَشْعَارُ طُرًّا فَيَا لَعَلْ,قَتَلْتِ الفَتَى الكِنْدِيَّ وَالشَّاعِرَ الَّذِي,Before Islam: VIth century,tawil_complete,tawil_complete
3470,Omroo Al Kays,Liman Talalon Bayna Al Jodayyati Wal Jabal,25,يُفَلِّقُ هَامَاتِ الرِّجَالِ بِلَا وَجَلْ,لِمَهْ تَقتُلِي المَشْهُورَ وَالفَارِسَ الَّذِي,Before Islam: VIth century,tawil_complete,tawil_complete
3471,Omroo Al Kays,Liman Talalon Bayna Al Jodayyati Wal Jabal,26,وَإِلَّا فَمَا أَنْتُمْ قَبِيلٌ وَلَا خَوَلْ,أَلَا يَا بَنِي كِنْدَ اقْتُلُوا بِابْنِ عَمِّكُمْ,Before Islam: VIth century,tawil_complete,tawil_complete
3472,Omroo Al Kays,Liman Talalon Bayna Al Jodayyati Wal Jabal,27,وَلَا مَيِّتٍ يُعْزَى هُنَاكَ وَلَا زُمَلْ,قَتِيلٌ بِوَادِي الحُبِّ مِنْ غَيْرِ قَاتِلٍ,Before Islam: VIth century,tawil_complete,tawil_complete
3473,Omroo Al Kays,Liman Talalon Bayna Al Jodayyati Wal Jabal,28,مُهَفْهَفَةٌ بَيْضَاءُ دُرِّيَّةِ القُبَلْ,فَتِلْكَ الَّتِي هَامَ الفُؤَادُ بِحُبِّهَا,Before Islam: VIth century,tawil_complete,tawil_complete
3474,Omroo Al Kays,Liman Talalon Bayna Al Jodayyati Wal Jabal,29,وَلِي وَلَهَا فِي كُلِّ نَاحِيَةٍ مَثَلْ,وَلِي وَلَهَا فِي النَّاسِ قَوْلٌ وَسُمْعَةٌ,Before Islam: VIth century,tawil_complete,tawil_complete
3475,Omroo Al Kays,Liman Talalon Bayna Al Jodayyati Wal Jabal,30,سَفَرْجَلَ أَوْ تُفَّاحَ فِي القَنْدِ وَالعَسَلْ,كَأَنَّ عَلَى أَسْنَانِهَا بَعْدَ هَجْعَةٍ,Before Islam: VIth century,tawil_complete,tawil_complete
3476,Omroo Al Kays,Liman Talalon Bayna Al Jodayyati Wal Jabal,31,وَصَرَّاخَةُ الحِجْلَيْنِ يَصْرُخْنَ فِي زَجَلْ,رَدَاحٌ صَمُوتُ الحِجْلِ تَمْشِي تَبَخْتُرٍ,Before Islam: VIth century,tawil_complete,tawil_complete
3477,Omroo Al Kays,Liman Talalon Bayna Al Jodayyati Wal Jabal,32,بِهِ عِنْدَ بَابَ السَّبْسَبِيِّينَ لَا نْفَصَلْ,غَمُوضٌ عَضُوضُ الحِجْلِ لَوْ أَنَّهَا مَشَتْ,Before Islam: VIth century,tawil_complete,tawil_complete
3478,Omroo Al Kays,Liman Talalon Bayna Al Jodayyati Wal Jabal,33,مُنًى لِي مِنَ الدُّنْيَا مِنَ النَّاسِ بِالجُمَلْ,فَهِي هِي وَهِي هِي ثُمَّ هِي هِي وَهِي وَهِي,Before Islam: VIth century,tawil_complete,tawil_complete
3479,Omroo Al Kays,Liman Talalon Bayna Al Jodayyati Wal Jabal,34,وَلَا لَا أَلَا إِلَّا لِآلَاءِ مَنْ رَحَلْ,أَلَا لَا أَلَا إِلَّا لَآلَاءِ لَابِثٍ,Before Islam: VIth century,tawil_complete,tawil_complete
3480,Omroo Al Kays,Liman Talalon Bayna Al Jodayyati Wal Jabal,35,قَطَعْتُ الفَيَافِي وَالمَهَامِهَ لَمْ أَمَلْ,فَكَمْ كَمْ وَكَمْ كَمْ ثُمَّ كَمْ كَمْ وَكَمْ وَكَمْ,Before Islam: VIth century,tawil_complete,tawil_complete
3481,Omroo Al Kays,Liman Talalon Bayna Al Jodayyati Wal Jabal,36,وَكَافٌ كَفُوفُ الوِدْقِ مِنْ كَفِّهَا انْهَمَلْ,وَكَافٌ وَكَفْكَافٌ وَكَفِّي بِكَفِّهَا,Before Islam: VIth century,tawil_complete,tawil_complete
3482,Omroo Al Kays,Liman Talalon Bayna Al Jodayyati Wal Jabal,37,دَنَا دَارُ سَلْمَى كُنْتُ أَوَّلَ مَنْ وَصَلْ,فَلَوْ لَوْ وَلَوْ لَوْ ثُمَّ لَوْ لَوْ وَلَوْ وَلَوْ,Before Islam: VIth century,tawil_complete,tawil_complete
3483,Omroo Al Kays,Liman Talalon Bayna Al Jodayyati Wal Jabal,38,أُسَائِلُ عَنْهَا كُلَّ مَنْ سَارَ وَارْتَحَلْ,وَعَنْ عَنْ وَعَنْ عَنْ ثُمَّ عَنْ عَنْ وَعَنْ وَعَنْ,Before Islam: VIth century,tawil_complete,tawil_complete
3484,Omroo Al Kays,Liman Talalon Bayna Al Jodayyati Wal Jabal,39,وَفِي وَجْنَتَيْ سَلْمَى أُقَبِّلُ لَمْ أَمَلْ,وَفِي فِي وَفِي فِي ثُمَّ فِي فِي وَفِي وَفِي,Before Islam: VIth century,tawil_complete,tawil_complete
3485,Omroo Al Kays,Liman Talalon Bayna Al Jodayyati Wal Jabal,40,وَسَلْ دَارَ سَلْمَى وَالرَّبُوعَ فَكَمْ أَسَلْ,وَسَلْ سَلْ وَسَلْ سَلْ ثُمَّ سَلْ سَلْ وَسَلْ وَسَلْ,Before Islam: VIth century,tawil_complete,tawil_complete
3486,Omroo Al Kays,Liman Talalon Bayna Al Jodayyati Wal Jabal,41,عَلَى حَاجِبَيْ سَلْمَى يَزِينُ مَعَ المُقَلْ,وَشَنْصِلْ وَشَنْصِلْ ثُمَّ شَنْصِلْ عَشَنْصَلٍ,Before Islam: VIth century,tawil_complete,tawil_complete
3487,Omroo Al Kays,Liman Talalon Bayna Al Jodayyati Wal Jabal,42,عِرَاقِيَّةُ الأَطْرَافِ رُومِيَّةُ الكَفَلْ,حِجَازِيَّةُ العَيْنَيْنِ مَكِّيَّةُ الحَشَا,Before Islam: VIth century,tawil_complete,tawil_complete
3488,Omroo Al Kays,Liman Talalon Bayna Al Jodayyati Wal Jabal,43,خُزَاعِيَّةُ الأَسْنَانِ دُرِّيَةُ القُبَلْ,تِهَامِيَّةُ الأَبْدَانِ عَبْسِيَّةُ اللَّمَى,Before Islam: VIth century,tawil_complete,tawil_complete
3489,Omroo Al Kays,Liman Talalon Bayna Al Jodayyati Wal Jabal,44,لَعَلِّيَ بَيْنَ النَّاسِ فِي الشِّعْرِ كَيْ أُسَلْ,وَقُلْتُ لَهَا أَيُّ القَبَائِلِ تُنْسَبِي,Before Islam: VIth century,tawil_complete,tawil_complete
3490,Omroo Al Kays,Liman Talalon Bayna Al Jodayyati Wal Jabal,45,فَقُلْتُ لَهَا حَاشَا وَكَلَّا وَهَلْ وَبَلْ,فَقَالَتْ أَنَا كِنْدِيَّةٌ عَرَبِيَّةٌ,Before Islam: VIth century,tawil_complete,tawil_complete
3491,Omroo Al Kays,Liman Talalon Bayna Al Jodayyati Wal Jabal,46,فَقُلْتُ لَهَا وَرْخِيز بَيَاخُـوشَ مِنْ قُـزَلْ,فَقَالَتْ أَنَا رُومِيَّةٌ عَجَمِيَّةٌ,Before Islam: VIth century,tawil_complete,tawil_complete
3492,Omroo Al Kays,Liman Talalon Bayna Al Jodayyati Wal Jabal,47,مُخَضَّبَةً تَحْكِي الشَّوَاعِلَ بِالشُّعَلْ,فَلَمَّا تَلَاقَيْنَا وَجَدْتُ بَنَانَهَا,Before Islam: VIth century,tawil_complete,tawil_complete
3493,Omroo Al Kays,Liman Talalon Bayna Al Jodayyati Wal Jabal,48,وَرُخَّى عَلَيْهَا دَارَ بِالشَّاهِ بِالعَجَلْ,وَلَاعَبْتُهَا الشَّطْرَنْجُ خَيْلِي تَرَادَفَتْ,Before Islam: VIth century,tawil_complete,tawil_complete
3494,Omroo Al Kays,Liman Talalon Bayna Al Jodayyati Wal Jabal,49,وَلَكِنَّ قَتْلَ النَّفْسِ بِالفِيلِ هْوَ الأَجَلْ,فَقَالَتْ وَمَا هَذَا شَطَارَةُ لَاعِبٍ,Before Islam: VIth century,tawil_complete,tawil_complete
3495,Omroo Al Kays,Liman Talalon Bayna Al Jodayyati Wal Jabal,50,مِنَ اثْنَيْنِ فِي تِسْعٍ بِسُرْعٍ فَلَمْ أَمَلْ,فَنَاصَبْتُهَا مَنْصُوبَ بِالفِيلِ عَاجِلًا,Before Islam: VIth century,tawil_complete,tawil_complete
3496,Omroo Al Kays,Liman Talalon Bayna Al Jodayyati Wal Jabal,51,أُقَبِّلُ ثَغْرًا كَالهِلَالِ إِذَا أَفَلْ,وَقَدْ كَانَ لَعْبِي كُلَّ دَسْتٍ بِقُبْلَةٍ,Before Islam: VIth century,tawil_complete,tawil_complete
3497,Omroo Al Kays,Liman Talalon Bayna Al Jodayyati Wal Jabal,52,وَوَاحِدَةً أُخْـرَى وَكُنْتُ عَلَى عَجَلْ,فَقَبَّلْتُهَا تِسْعًا وَتِسْعِينَ قُبْلَةً,Before Islam: VIth century,tawil_complete,tawil_complete
3498,Omroo Al Kays,Liman Talalon Bayna Al Jodayyati Wal Jabal,53,وَحَتَّى فَصُوصُ الطَّوْقِ مِنْ جِيدِهَا انْفَصَلْ,وَعَانَقْتُهَا حَتَّى تَقَطَّعَ عِقْدُهَا,Before Islam: VIth century,tawil_complete,tawil_complete
3499,Omroo Al Kays,Liman Talalon Bayna Al Jodayyati Wal Jabal,54,ضِيَاءُ مَصَابِيحٍ تَطَايَرْنَ عَنْ شَعَلْ,كَأَنَّ فُصُوصَ الطَّوْقِ لَمَّا تَنَاثَرَتْ,Before Islam: VIth century,tawil_complete,tawil_complete
3500,Omroo Al Kays,Liman Talalon Bayna Al Jodayyati Wal Jabal,55,لِمَنْ طَلَلٌ بَيْنَ الجُدَيَّةِ وَالجَبَلْ,وَآخِرُ قَوْلِي مِثْلُ مَا قُلْتُ أَوَّلٌ,Before Islam: VIth century,tawil_complete,tawil_complete
4,Omroo Al Kays,Moallaqa,1,بِسِقْطِ اللِّوَى بَيْنَ الدَّخُولِ فَحَوْمَلِ,قِفَا نَبْكِ مِنْ ذِكْرَى حَبِيبٍ وَمَنْزِلِي,Before Islam: VIth century,tawil_complete,tawil_complete
5,Omroo Al Kays,Moallaqa,2,لِمَا نَسَجَتْهَا مِنْ جَنُوبٍ وَشَمْأَلِ,فَتُوضِحَ فَالمِقْرَاةِ لَمْ يَعْفُ رَسْمُهَا,Before Islam: VIth century,tawil_complete,tawil_complete
2,Omroo Al Kays,Moallaqa,3,وَقِيعَانِهَا كَأَنَّهُ حَبُّ فُلْفُلِ,تَرَى بَعَرَ الأَرْآمِ فِي عَرَصَاتِهَا,Before Islam: VIth century,tawil_complete,tawil_complete
3,Omroo Al Kays,Moallaqa,4,لَدَى سَمُرَاتِ الحَيِّ نَاقِفُ حَنْظَلِ,كَأَنِّي غَدَاةَ البَيْنِ يَوْمَ تَحَمَّلُوا,Before Islam: VIth century,tawil_complete,tawil_complete
6,Omroo Al Kays,Moallaqa,5,يَقُولُونَ لَا تَهْلِكْ أَسًى وَتَجَمَّلِ,وُقُوفًا بِهَا صَحْبِي عَلَيَّ مَطِيَّهُمْ,Before Islam: VIth century,tawil_complete,tawil_complete
7,Omroo Al Kays,Moallaqa,6,فَهَلْ عِنْدَ رَسْمٍ دَارِسٍ مِنْ مُعَوَّلِ,وَإِنَّ شِفَائِي عَبْرَةٌ مُهَرَاقَةٌ,Before Islam: VIth century,tawil_complete,tawil_complete
8,Omroo Al Kays,Moallaqa,7,وَجَارَتِهَا أُمِّ الرَّبَابِ بِمَأْسَلِ,كَدَأْبِكَ مِنْ أُمِّ الحُوَيْرِثِ قَبْلَهَا,Before Islam: VIth century,tawil_complete,tawil_complete
9,Omroo Al Kays,Moallaqa,8,نَسِيمَ الصَّبَا جَاءَتْ بِرَيَّا القَرَنْفُلِ,إِذَا قَامَتَا تَضَوَّعَ المِسْكُ مِنْهُمَا,Before Islam: VIth century,tawil_complete,tawil_complete
10,Omroo Al Kays,Moallaqa,9,عَلَى النَّحْرِ حَتَّى بَلَّ دَمْعِيَ مِحْمَلِ,فَفَاضَتْ دُمُوعُ العَيْنِ مِنِّي صَبَابَةً,Before Islam: VIth century,tawil_complete,tawil_complete
11,Omroo Al Kays,Moallaqa,10,وَلَا سِيَّمَا يَوْمٌ بِدَارَةِ جُلْجُلِ,أَلَا رُبَّ يَوْمٍ لِي مِنَ البِيضِ صَالِحٌ,Before Islam: VIth century,tawil_complete,tawil_complete
12,Omroo Al Kays,Moallaqa,11,فَيَا عَجَبًا مِنْ كُورِهَا المُتَحَمَّلِ,وَيَوْمَ عَقَرْتُ لِلْعَذَارَى مَطِيَّتِي,Before Islam: VIth century,tawil_complete,tawil_complete
13,Omroo Al Kays,Moallaqa,12,وَشَحْمٍ كَهُدَّابِ الدِّمَقْسِ المُفَتَّلِ,فَظَلَّ العَذَارَى يَرْتَمِينَ بِلَحْمِهَا,Before Islam: VIth century,tawil_complete,tawil_complete
125,Omroo Al Kays,Moallaqa,13,فَقَالَتْ لَكَ الوَيْلَاتُ إِنَّكَ مُرْجِلِي,وَيَوْمَ دَخَلْتُ الخِدْرَ خِدْرَ عُنَيْزَةٍ,Before Islam: VIth century,tawil_complete,tawil_complete
126,Omroo Al Kays,Moallaqa,14,عَقَرْتَ بَعِيرِي يَا ٱمْرَأَ القَيْسِ فَانْزِلِ,تَقُولُ وَقَدْ مَالَ الغَبِيطُ بِنَا مَعًا,Before Islam: VIth century,tawil_complete,tawil_complete
127,Omroo Al Kays,Moallaqa,15,وَلَا تُبْعِدِينِي مِنْ جَنَاكِ المُعَلَّلِ,فَقُلْتُ لَهَا سِيرِي وَأَرْخِي زِمَامَهُ,Before Islam: VIth century,tawil_complete,tawil_complete
128,Omroo Al Kays,Moallaqa,16,فَأَلْهَيْتُهَا عَنْ ذِي تَمَائِمَ مُحْوِلِ,فَمِثْلِكِ حُبْلَى قَدْ طَرَقْتُ وَمُرْضِعٍ,Before Islam: VIth century,tawil_complete,tawil_complete
129,Omroo Al Kays,Moallaqa,17,بِشَقٍّ وَتَحْتِي شِقُّهَا لَمْ يُحَوَّلِ,إِذَا مَا بَكَى مِنْ خَلْفِهَا انْصَرَفَتْ لَهُ,Before Islam: VIth century,tawil_complete,tawil_complete
130,Omroo Al Kays,Moallaqa,18,عَلَيَّ وَآلَتْ حَلْفَةً لَمْ تَحَلَّلِ,وَيَوْمًا عَلَى ظَهْرِ الكَثِيبِ تَعَذَّرَتْ,Before Islam: VIth century,tawil_complete,tawil_complete
131,Omroo Al Kays,Moallaqa,19,وَإِنْ كُنْتِ قَدْ أَزْمَعْتِ صَرْمِي فَأَجْمِلِي,أَفَاطِمَ مَهْلًا بَعْضَ هَذَا التَّدَلُّلِ,Before Islam: VIth century,tawil_complete,tawil_complete
133,Omroo Al Kays,Moallaqa,20,وَأَنَّكِ مَهْمَا تَأْمُرِي القَلْبَ يَفْعَلِ,أَغَرَّكِ مِنِّي أَنَّ حُبَّكِ قَاتِلِي,Before Islam: VIth century,tawil_complete,tawil_complete
132,Omroo Al Kays,Moallaqa,21,فَسُلِّي ثِيَابِي مِنْ ثِيَابِكِ تَنْسُلِ,وَإِنْ تَكُ قَدْ سَاءَتْكِ مِنِّي خَلِيقَةٌ,Before Islam: VIth century,tawil_complete,tawil_complete
134,Omroo Al Kays,Moallaqa,22,بِسَهْمَيْكِ فِي أَعْشَارِ قَلْبٍ مُقَتَّلِ,وَمَا ذَرَفَتْ عَيْنَاكِ إِلَّا لِتَضْرِبِي,Before Islam: VIth century,tawil_complete,tawil_complete
135,Omroo Al Kays,Moallaqa,23,تَمَتَّعْتُ مِنْ لَهْوٍ بِهَا غَيْرَ مُعْجَلِ,وَبَيْضَةِ خِدْرٍ لَا يُرَامُ خِبَاؤُهَا,Before Islam: VIth century,tawil_complete,tawil_complete
136,Omroo Al Kays,Moallaqa,24,عَلَيَّ حِرَاصًا لَوْ يُسِرُّونَ مَقْتَلِي,تَجَاوَزْتُ أَحْرَاسًا إِلَيْهَا وَمَعْشَرًا,Before Islam: VIth century,tawil_complete,tawil_complete
137,Omroo Al Kays,Moallaqa,25,تَعَرُّضَ أَثْنَاءَ الوِشَاحِ المُفَصَّلِ,إِذَا مَا الثُّرَيَّا فِي السَّمَاءِ تَعَرَّضَتْ,Before Islam: VIth century,tawil_complete,tawil_complete
138,Omroo Al Kays,Moallaqa,26,لَدَى السِّتْرِ إِلَّا لِبْسَةَ المُتَفَضِّلِ,فَجِئْتُ وَقَدْ نَضَّتْ لِنَوْمٍ ثِيَابَهَا,Before Islam: VIth century,tawil_complete,tawil_complete
139,Omroo Al Kays,Moallaqa,27,وَمَا إِنْ أَرَى عَنْكَ الغَوَايَةَ تَنْجَلِي,فَقَالَتْ يَمِينَ اللَّهِ مَا لَكَ حِيلَةٌ,Before Islam: VIth century,tawil_complete,tawil_complete
140,Omroo Al Kays,Moallaqa,28,عَلَى أَثَرَيْنَا ذَيْلَ مِرْطٍ مُرَحَّلِ,خَرَجْتُ بِهَا تَمْشِي تَجُرُّ وَرَاءَنَا,Before Islam: VIth century,tawil_complete,tawil_complete
141,Omroo Al Kays,Moallaqa,29,بِنَا بَطْنُ خَبْتٍ ذِي حِقَافٍ عَقَنْقَلِ,فَلَمَّا أَجَزْنَا سَاحَةَ الحَيِّ وَانْتَحَى,Before Islam: VIth century,tawil_complete,tawil_complete
142,Omroo Al Kays,Moallaqa,30,عَلَيَّ هَضِيمَ الكَشْحِ رَيَّا المُخَلْخَلِ,هَصَرْتُ بِفَوْدَيْ رَأْسِهَا فَتَمَايَلَتْ,Before Islam: VIth century,tawil_complete,tawil_complete
143,Omroo Al Kays,Moallaqa,31,تَرَائِبُهَا مَصْقُولَةٌ كَالسَّجَنْجَلِ,مُهَفْهَفَةٌ بَيْضَاءُ غَيْرُ مُفَاضَةٍ,Before Islam: VIth century,tawil_complete,tawil_complete
144,Omroo Al Kays,Moallaqa,32,غَذَاهَا نَمِيرُ المَاءِ غَيْرُ المُحَلَّلِ,كَبِكْرِ المُقَانَاةِ البَيَاضَ بِصُفْرَةٍ,Before Islam: VIth century,tawil_complete,tawil_complete
145,Omroo Al Kays,Moallaqa,33,بِنَاظِرَةٍ مِنْ وَحْشِ وَجْرَةَ مُطْفِلِ,تَصُدُّ وَتُبْدِي عَنْ أَسِيلٍ وَتَتَّقِي,Before Islam: VIth century,tawil_complete,tawil_complete
146,Omroo Al Kays,Moallaqa,34,إِذَا هِيَ نَصَّتْهُو وَلَا بِمُعَطَّلِ,وَجِيدٍ كَجِيدِ الرِّئْمِ لَيْسَ بِفَاحِشٍ,Before Islam: VIth century,tawil_complete,tawil_complete
147,Omroo Al Kays,Moallaqa,35,أَثِيثٍ كَقِنْوِ النَّخْلَةِ المُتَعَثْكِلِ,وَفَرْعٍ يَزِينُ المَتْنَ أَسْوَدَ فَاحِمٍ,Before Islam: VIth century,tawil_complete,tawil_complete
148,Omroo Al Kays,Moallaqa,36,تَضِلُّ العِقَاصُ فِي مُثَنًّى وَمُرْسَلِ,غَدَائِرُهُو مُسْتَشْزِرَاتٌ إِلَى العُلَا,Before Islam: VIth century,tawil_complete,tawil_complete
149,Omroo Al Kays,Moallaqa,37,وَسَاقٍ كَأُنْبُوبِ السَّقِيِّ المُذَلَّلِ,وَكَشْحٍ لَطِيفٍ كَالجَدِيلِ مُخَصَّرٍ,Before Islam: VIth century,tawil_complete,tawil_complete
152,Omroo Al Kays,Moallaqa,38,نَؤُومُ الضُّحَى لَمْ تَنْتَطِقْ عَنْ تَفَضُّلِ,وَتُضْحِي فَتِيتُ المِسْكِ فَوْقَ فِرَاشِهَا,Before Islam: VIth century,tawil_complete,tawil_complete
150,Omroo Al Kays,Moallaqa,39,أَسَارِيعُ ظَبْيٍ أَوْ مَسَاوِيكُ إِسْحِلِ,وَتَعْطُو بِرَخْصٍ غَيْرَ شَثْنٍ كَأَنَّهُ,Before Islam: VIth century,tawil_complete,tawil_complete
151,Omroo Al Kays,Moallaqa,40,مَنَارَةُ مُمْسَى رَاهِبٍ مُتَبَتِّلِ,تُضِيءُ الظَّلَامَ بِالعِشَاءِ كَأَنَّهَا,Before Islam: VIth century,tawil_complete,tawil_complete
153,Omroo Al Kays,Moallaqa,41,إِذَا مَا ٱسْبَكَرَّتْ بَيْنَ دِرْعٍ وَمِجْوَلِ,إِلَى مِثْلِهَا يَرْنُو الحَلِيمُ صَبَابَةً,Before Islam: VIth century,tawil_complete,tawil_complete
154,Omroo Al Kays,Moallaqa,42,وَلَيْسَ فُؤَادِي عَنْ هَوَاكِ بِمُنْسَلِ,تَسَلَّتْ عَمَايَاتُ الرِّجَالِ عَنِ الصِّبَا,Before Islam: VIth century,tawil_complete,tawil_complete
155,Omroo Al Kays,Moallaqa,43,نَصِيحٍ عَلَى تَعْذَالِهِ غَيْرِ مُؤْتَلِ,أَلَا رُبَّ خَصْمٍ فِيكِ أَلْوَى رَدَدْتُهُ,Before Islam: VIth century,tawil_complete,tawil_complete
156,Omroo Al Kays,Moallaqa,44,عَلَيَّ بِأَنْوَاعِ الهُمُومِ لِيَبْتَلِي,وَلَيْلٍ كَمَوْجِ البَحْرِ أَرْخَى سُدُولَهُ,Before Islam: VIth century,tawil_complete,tawil_complete
157,Omroo Al Kays,Moallaqa,45,وَأَرْدَفَ أَعْجَازاً وَنَاءَ بِكَلْكَلِ,فَقُلْتُ لَهُو لَمَّا تَمَطَّى بِصُلْبِهِ,Before Islam: VIth century,tawil_complete,tawil_complete
158,Omroo Al Kays,Moallaqa,46,بِصُبْحٍ وَمَا الإِصْبَاحُ مِنْكَ بِأَمْثَلِ,أَلَا أَيُّهَا اللَّيْلُ الطَّوِيلُ أَلَا انْجَلِي,Before Islam: VIth century,tawil_complete,tawil_complete
160,Omroo Al Kays,Moallaqa,47,بِأَمْرَاسِ كَتَّانٍ إِلَى صُمِّ جَنْدَلِ,كَأَنَّ الثُّرَيَّا عُلِّقَتْ فِي مَصَامِهَا,Before Islam: VIth century,tawil_complete,tawil_complete
159,Omroo Al Kays,Moallaqa,48,بِكُلِّ مُغَارِ الفَتْلِ شُدَّتْ بِيَذْبُلِ,فَيَا لَكَ مِنْ لَيْلٍ كَأَنَّ نُجُومَهُ,Before Islam: VIth century,tawil_complete,tawil_complete
190,Omroo Al Kays,Moallaqa,49,عَلَى كَاهِلٍ مِنِّي ذَلُولٍ مُرَحَّلِ,وَقِرْبَةِ أَقْوَامٍ جَعَلْتُ عِصَامَهَا,Before Islam: VIth century,tawil_complete,tawil_complete
191,Omroo Al Kays,Moallaqa,50,بِهِ الذِّئْبُ يَعْوِي كَالخَلِيعِ المُعَيَّلِ,وَوَادٍ كَجَوْفِ العَيْرِ قَفْرٍ قَطَعْتُهُ,Before Islam: VIth century,tawil_complete,tawil_complete
192,Omroo Al Kays,Moallaqa,51,قَلِيلُ الغِنَى إِنْ كُنْتَ لَمَّا تَمَوَّلِ,فَقُلْتُ لَهُو لَمَّا عَوَى إِنَّ شَأْنَنَا,Before Islam: VIth century,tawil_complete,tawil_complete
1,Omroo Al Kays,Moallaqa,52,وَمَنْ يَحْتَرِثْ حَرْثِي وَحَرْثَكَ يَهْزَلِ,كِلَانَا إِذَا مَا نَالَ شَيْئًا أَفَاتَهُ,Before Islam: VIth century,tawil_complete,tawil_complete
161,Omroo Al Kays,Moallaqa,53,بِمُنْجَرِدٍ قَيْدِ الأَوَابِدِ هَيْكَلِ,وَقَدْ أَغْتَدِي وَالطَّيْرُ فِي وُكُنَاتِهَا,Before Islam: VIth century,tawil_complete,tawil_complete
162,Omroo Al Kays,Moallaqa,54,كَجُلْمُودِ صَخْرٍ حَطَّهُ السَّيْلُ مِنْ عَلِ,مِكَرٍّ مِفَرٍّ مُقْبِلٍ مُدْبِرٍ مَعًا,Before Islam: VIth century,tawil_complete,tawil_complete
163,Omroo Al Kays,Moallaqa,55,كَمَا زَلَّتِ الصَّفْوَاءُ بِالمُتَنَزِّلِ,كُمَيْتٍ يَزِلُّ اللَّبْدُ عَنْ حَالِ مَتْنِهِ,Before Islam: VIth century,tawil_complete,tawil_complete
165,Omroo Al Kays,Moallaqa,56,إِذَا جَاشَ فِيهِ حَمْيُهُو غَلْيُ مِرْجَلِ,عَلَى الذَّبْلِ جَيَّاشٍ كَأَنَّ اهْتِزَامَهُ,Before Islam: VIth century,tawil_complete,tawil_complete
164,Omroo Al Kays,Moallaqa,57,أَثَرْنَ الغُبَارَ بِالكَدِيدِ المُرَكَّلِ,مِسَحٍّ إِذَا مَا السَّابِحَاتُ عَلَى الوَنَى,Before Islam: VIth century,tawil_complete,tawil_complete
166,Omroo Al Kays,Moallaqa,58,وَيُلْوِي بِأَثْوَابِ العَنِيفِ المُثَقَّلِ,يُزِلُّ الغُلَامَ الخِفَّ عَنْ صَهَوَاتِهِ,Before Islam: VIth century,tawil_complete,tawil_complete
167,Omroo Al Kays,Moallaqa,59,تَتَابُعُ كَفَّيْهِ بِخَيْطٍ مُوَصَّلِ,دَرِيرٍ كَخُذْرُوفِ الوَلِيدِ أَمَرَّهُ,Before Islam: VIth century,tawil_complete,tawil_complete
168,Omroo Al Kays,Moallaqa,60,وَإِرْخَاءُ سِرْحَانٍ وَتَقْرِيبُ تَتْفُلِ,لَهُ أَيْطَلَا ظَبْيٍ وَسَاقَا نَعَامَةٍ,Before Islam: VIth century,tawil_complete,tawil_complete
178,Omroo Al Kays,Moallaqa,61,بِضَافٍ فُوَيْقَ الأَرْضِ لَيْسَ بِأَعْزَلِ,ضَلِيعٍ إِذَا اسْتَدْبَرْتَهُ سَدَّ فَرْجَهُ,Before Islam: VIth century,tawil_complete,tawil_complete
169,Omroo Al Kays,Moallaqa,62,مَدَاكَ عَرُوسٍ أَوْ صَلَابَةَ حَنْظَلِ,كَأَنَّ عَلَى المَتْنَيْنِ مِنْهُ إِذَا انْتَحَى,Before Islam: VIth century,tawil_complete,tawil_complete
177,Omroo Al Kays,Moallaqa,63,عُصَارَةُ حِنَّاءٍ بِشَيْبٍ مُرَجَّلِ,كَأَنَّ دِمَاءَ الهَادِيَاتِ بِنَحْرِهِ,Before Islam: VIth century,tawil_complete,tawil_complete
171,Omroo Al Kays,Moallaqa,64,عَذَارَى دَوَارٍ فِي مُلَاءٍ مُذَيَّلِ,فَعَنَّ لَنَا سِرْبٌ كَأَنَّ نِعَاجَهُ,Before Islam: VIth century,tawil_complete,tawil_complete
172,Omroo Al Kays,Moallaqa,65,بِجِيدِ مُعَمٍّ فِي العَشِيرَةِ مُخْوَلِ,فَأَدْبَرْنَ كَالجِزْعِ المُفَصَّلِ بَيْنَهُ,Before Islam: VIth century,tawil_complete,tawil_complete
173,Omroo Al Kays,Moallaqa,66,جَوَاحِرُهَا فِي صَرَّةٍ لَمْ تُزَيَّلِ,فَأَلْحَقَنَا بِالهَادِيَاتِ وَدُونَهُ,Before Islam: VIth century,tawil_complete,tawil_complete
174,Omroo Al Kays,Moallaqa,67,دِرَاكًا وَلَمْ يَنْضَحْ بِمَاءٍ فَيُغْسَلِ,فَعَادَى عِدَاءً بَيْنَ ثَوْرٍ وَنَعْجَةٍ,Before Islam: VIth century,tawil_complete,tawil_complete
175,Omroo Al Kays,Moallaqa,68,صَفِيفَ شِوَاءٍ أَوْ قَدِيرٍ مُعَجَّلِ,فَظَلَّ طُهَاةُ اللَّحْمِ مِنْ بَيْنِ مُنْضِجٍ,Before Islam: VIth century,tawil_complete,tawil_complete
176,Omroo Al Kays,Moallaqa,69,مَتَى مَا تَرَقَّ العَيْنُ فِيهِ تَسَفَّلِ,وَرُحْنَا يَكَادُ الطَّرْفُ يَقْصُرُ دُونَهُ,Before Islam: VIth century,tawil_complete,tawil_complete
170,Omroo Al Kays,Moallaqa,70,وَبَاتَ بِعَيْنِي قَائِمًا غَيْرَ مُرْسَلِ,وَبَاتَ عَلَيْهِ سَرْجُهُ وَلِجَامُهُ,Before Islam: VIth century,tawil_complete,tawil_complete
179,Omroo Al Kays,Moallaqa,71,كَلَمْعِ اليَدَيْنِ فِي حَبِيٍّ مُكَلَّلِ,أَصَاحِ تَرَى بَرْقًا أُرِيكَ وَمِيضَهُ,Before Islam: VIth century,tawil_complete,tawil_complete
180,Omroo Al Kays,Moallaqa,72,أَمَالَ السَّلِيطَ بِالذُّبَالِ المُفَتَّلِ,يُضِيءُ سَنَاهُ أَوْ مَصَابِيحُ رَاهِبٍ,Before Islam: VIth century,tawil_complete,tawil_complete
181,Omroo Al Kays,Moallaqa,73,وَبَيْنَ العُذَيْبِ بُعْدَمَا مُتَأَمَّلِي,قَعَدْتُ لَهُو وَصُحْبَتِي بَيْنَ ضَارِجٍ,Before Islam: VIth century,tawil_complete,tawil_complete
188,Omroo Al Kays,Moallaqa,74,وَأَيْسَرُهُو عَلَى السِّتَارِ فَيَذْبُلِ,عَلَى قَطَنٍ بِالشَّيْمِ أَيْمَنُ صَوْبِهِ,Before Islam: VIth century,tawil_complete,tawil_complete
182,Omroo Al Kays,Moallaqa,75,يَكُبُّ عَلَى الأَذْقَانِ دَوْحَ الكَنَهْبُلِ,فَأَضْحَى يَسُحُّ المَاءَ حَوْلَ كُتَيْفَةٍ,Before Islam: VIth century,tawil_complete,tawil_complete
189,Omroo Al Kays,Moallaqa,76,فَأَنْزَلَ مِنْهُ العُصْمَ مِنْ كُلِّ مَنْزِلِ,وَمَرَّ عَلَى القَنَّانِ مِنْ نَفَيَانِهِ,Before Islam: VIth century,tawil_complete,tawil_complete
183,Omroo Al Kays,Moallaqa,77,وَلَا أُطُمًا إِلَّا مَشِيدًا بِجَنْدَلِ,وَتَيْمَاءَ لَمْ يَتْرُكْ بِهَا جِذْعَ نَخْلَةٍ,Before Islam: VIth century,tawil_complete,tawil_complete
185,Omroo Al Kays,Moallaqa,78,كَبِيرُ أُنَاسٍ فِي بِجَادٍ مُزَمَّلِ,كَأَنَّ ثَبِيرًا فِي عَرَانِينِ وَبْلِهِ,Before Islam: VIth century,tawil_complete,tawil_complete
184,Omroo Al Kays,Moallaqa,79,مِنَ السَّيْلِ وَالأَغْثَاءِ فَلْكَةُ مِغْزَلِ,كَأَنَّ ذُرَى رَأْسِ المُجَيْمِرِ غُدْوَةً,Before Islam: VIth century,tawil_complete,tawil_complete
186,Omroo Al Kays,Moallaqa,80,نُزُولَ اليَمَانِي ذِي العِيَابِ المُحَمَّلِ,وَأَلْقَى بِصَحْرَاءِ الغَبِيطِ بَعَاعَهُ,Before Islam: VIth century,tawil_complete,tawil_complete
187,Omroo Al Kays,Moallaqa,82,بِأَرْجَائِهِ القُصْوَى أَنَابِيشُ عُنْصُلِ,كَأَنَّ السِّبَاعَ فِيهِ غَرْقَى عَشِيَّةً,Before Islam: VIth century,tawil_complete,tawil_complete
973,Omroo Al Kays,Ya Dara Mawiyata,1,فَالسَّهْبِ فَالخَبْتَيْنِ مِنْ عَاقِلِ,يَا دَارَ مَاوِيَّةَ بِالحَائِلِ,Before Islam: VIth century,sarii_complete,sarii_complete
974,Omroo Al Kays,Ya Dara Mawiyata,2,وَاسْتَعْجَمَتْ عَنْ مَنْطِقِ السَّائِلِ,صُمَّ صَدَاهَا وَعَفَا رَسْمُهُ,Before Islam: VIth century,sarii_complete,sarii_complete
975,Omroo Al Kays,Ya Dara Mawiyata,3,مَا غَرَّكُمْ بِالأَسَدِ البَاسِلِ,قَوْلًا لِدُودَانَ عَبِيدِ العَصِي,Before Islam: VIth century,sarii_complete,sarii_complete
976,Omroo Al Kays,Ya Dara Mawiyata,4,وَمِنْ بَنِي عَمْرٍ وَمِنْ كَاهِلِ,قَدْ قَرَّتِ العَيْنَانِ مِنْ مَالِكٍ,Before Islam: VIth century,sarii_complete,sarii_complete
977,Omroo Al Kays,Ya Dara Mawiyata,5,نَقْذِفُ أَعْلَاهُمْ عَلَى السَّافِلِ,وَمِنْ بَنِي غَنْمِ بْنِ دُودَانَ إِذْ,Before Islam: VIth century,sarii_complete,sarii_complete
978,Omroo Al Kays,Ya Dara Mawiyata,6,كَرَّكَ لَأْمَيْنِ عَلَى نَابِلِ,نَطْعُنُهُمْ سُلْكَى وَمَخْلُوجَةً,Before Islam: VIth century,sarii_complete,sarii_complete
979,Omroo Al Kays,Ya Dara Mawiyata,7,أَوْ كَقَطَا كَاظِمَةَ النَّاهِلِ,إِذْ هُنَّ أَقْسَاطٌ كَرِجْلِ الدُّبَى,Before Islam: VIth century,sarii_complete,sarii_complete
980,Omroo Al Kays,Ya Dara Mawiyata,8,أَرْجُلِهِمْ كَالخَشَبِ الشَّائِلِ,حَتَّى تَرَكْنَاهُمْ لَدَى مَعْرَكِي,Before Islam: VIth century,sarii_complete,sarii_complete
981,Omroo Al Kays,Ya Dara Mawiyata,9,عَنْ شُرْبِهَا فِي شُغُلٍ شَاغِلِ,حَلَّتْ لِيَ الخَمْرُ وَكُنْتُو امَرَا,Before Islam: VIth century,sarii_complete,sarii_complete
982,Omroo Al Kays,Ya Dara Mawiyata,10,إِثْمًا مِنَ اللَّهِ وَلَا وَاغِلِ,فَاليَوْمَ أُسْقَى غَيْرَ مُسْتَحْقِبٍ,Before Islam: VIth century,sarii_complete,sarii_complete
1237,Qays Ibn Al Molawah,Alaa Fasali Al Rokban,1,نَدًى فَسَقَى اللَّهُ الحِمَى وَسَقَانِيَا,أَلَا فَاسْأَلِ الرُّكْبَانَ هَلْ سُقِيَ الحِمَى,Amawi: VIIth - VIIIth,tawil_complete,tawil_complete
1238,Qays Ibn Al Molawah,Alaa Fasali Al Rokban,2,فَهَلْ يَسْأَلَانِ الحَيَّ عَنْ كَيْفَ حَالِيَا,وَأَسْأَلُ مَنْ لَاقَيْتُ عَنْ أُمِّ مَالِكٍ,Amawi: VIIth - VIIIth,tawil_complete,tawil_complete
1239,Qays Ibn Al Molawah,Alaa Fasali Al Rokban,3,إِلَيْهَا وَلَمْ أَعْلَمْ بِأَنْ لَا تَلَاقِيَا,فَوَدَّعْتُهُمْ عِنْدَ التَّفَرُّقِ ضَاحِكًا,Amawi: VIIth - VIIIth,tawil_complete,tawil_complete
1240,Qays Ibn Al Molawah,Alaa Fasali Al Rokban,4,بَكَيْتُ فَأَبْكَيْتُ الحَبِيبَ المُوَافِيَا,وَلَوْ كُنْتُ أَدْرِي أَنَّهُ آخِرُ اللُّقَا,Amawi: VIIth - VIIIth,tawil_complete,tawil_complete
1241,Qays Ibn Al Molawah,Alaa Fasali Al Rokban,5,وَكَيْفَ وَيُبْدِي الدَّمْعُ مَا كَانَ خَافِيَا,هُوَ الحُبُّ لَا تَخْفِي سَوَاكِنُ جِدَّهُ,Amawi: VIIth - VIIIth,tawil_complete,tawil_complete
1242,Qays Ibn Al Molawah,Alaa Fasali Al Rokban,6,وَقَدْ حَبَّبَتْ لَيْلَى إِلَيَّ المَوَالِيَا,يَقُولُونَ لَيْلَى عِلْجَةٌ نَبَطِيَّةٌ,Amawi: VIIth - VIIIth,tawil_complete,tawil_complete
1243,Qays Ibn Al Molawah,Alaa Fasali Al Rokban,7,وَمَا لِلْمَوَالِي مِنْكِ شَيْءٌ وَلَا لِيَا,أُحِبُّ المَوَالِي إِنْ سَكَنْتِ دِيَارَهُمْ,Amawi: VIIth - VIIIth,tawil_complete,tawil_complete
1244,Qays Ibn Al Molawah,Alaa Fasali Al Rokban,8,أُطِيلُ صِيَامِي دَائِمًا وَصَلَاتِيَا,فَيَا رَبِّ إِنْ صَيَّرْتَ لَيْلَى ضَجِيعَتِي,Amawi: VIIth - VIIIth,tawil_complete,tawil_complete
1245,Qays Ibn Al Molawah,Alaa Fasali Al Rokban,9,إِلَى رَاهِبٍ فِي دَيْرِهِ لَرَثَى لِيَا,بَنِي عَمِّ لَيْلَى لَوْ شَكَوْتُ بَلِيَّتِي,Amawi: VIIth - VIIIth,tawil_complete,tawil_complete
1246,Qays Ibn Al Molawah,Alaa Fasali Al Rokban,10,دَعَوْتُكِ لَيْلَى أَنْ تُجِيبِي دُعَائِيَا,إِذَا مَا تَدَاعَى فِي الأَنِينِ حَبَائِبٌ,Amawi: VIIth - VIIIth,tawil_complete,tawil_complete
1247,Qays Ibn Al Molawah,Alaa Fasali Al Rokban,11,وَلَا أَرْشَدَ اللَّهُ الحَكِيمَ المُدَاوِيَا,فَلَا نَفَعَ اللَّهُ الطَّبِيبَ بِطِبِّهِ,Amawi: VIIth - VIIIth,tawil_complete,tawil_complete
1248,Qays Ibn Al Molawah,Alaa Fasali Al Rokban,12,وَجَمَّعْتُ جَمْعًا مِنْ رِجَالِ بِلَادِيَا,أَتَيْتُ أَبَا لَيْلَى بِصَحْبِي وَنِسْوَتِي,Amawi: VIIth - VIIIth,tawil_complete,tawil_complete
1249,Qays Ibn Al Molawah,Alaa Fasali Al Rokban,13,فَزَادَ فِظَاظًا ثُمَّ رَامَ هَلَاكِيَا,بِأَنْ يَتَخَلَّى عَنْ قَسَاوَةِ قَلْبِهِ,Amawi: VIIth - VIIIth,tawil_complete,tawil_complete
1250,Qays Ibn Al Molawah,Alaa Fasali Al Rokban,14,وَمِنْ أَدْمُعٍ تَنْهَلُّ مِنِّي تَوَالِيَا,أَلَا قُلْ لَهُمْ مَا قَدْ تَرَى مِنْ صَبَابَتِي,Amawi: VIIth - VIIIth,tawil_complete,tawil_complete
1251,Qays Ibn Al Molawah,Alaa Fasali Al Rokban,15,وَمَنْ لَا يَزَالُ الدَّهْرُ فِيهَا مُعَادِيَا,وَمِنْ أَجْلِهَا أَحْبَبْتُ مَنْ لَا يُحِبُّنِي,Amawi: VIIth - VIIIth,tawil_complete,tawil_complete
1252,Qays Ibn Al Molawah,Alaa Fasali Al Rokban,16,عَلَيَّ وَلَمْ يَرْعُوا حُقُوقَ جَوَارِيَا,وَمِنْ أَجْلِهَا صَاحَبْتُ قَوْمًا تَعَصَّبُوا,Amawi: VIIth - VIIIth,tawil_complete,tawil_complete
1785,Safiy Al Din Al Hilli,Ayna Filhimaa Arabo,1,لِي بِرَبْعِهِمْ أَرَبُ,أَيْنَ فِي الحِمَى عَرَبٌ,Mamlouki: XIIIth - XVIth,moqtadab_complete,moqtadab_complete
1786,Safiy Al Din Al Hilli,Ayna Filhimaa Arabo,2,حَزَّنِي لَهُمْ طَرَبُ,كُلَّمَا ذَكَرْتُهُمُ,Mamlouki: XIIIth - XVIth,moqtadab_complete,moqtadab_complete
1787,Safiy Al Din Al Hilli,Ayna Filhimaa Arabo,3,لَيْسَ يُحْفَظُ الحَسَبُ,جِيرَةٌ بِحَيِّهِمُ,Mamlouki: XIIIth - XVIth,moqtadab_complete,moqtadab_complete
1788,Safiy Al Din Al Hilli,Ayna Filhimaa Arabo,4,قُ عِنْدَهُمْ تُغْتَصَبُ,العُهُودُ وَالحُقُو,Mamlouki: XIIIth - XVIth,moqtadab_complete,ramal_partial
1789,Safiy Al Din Al Hilli,Ayna Filhimaa Arabo,5,بِالصِّفَاحِ مُحْتَجِبُ,فِي خِيَامِهِمْ قَمَرٌ,Mamlouki: XIIIth - XVIth,moqtadab_complete,moqtadab_complete
1790,Safiy Al Din Al Hilli,Ayna Filhimaa Arabo,6,ثَغْرُهُ لَهَا حَبَبُ,رِيقُهُ مُعَتَّقَةٌ,Mamlouki: XIIIth - XVIth,moqtadab_complete,moqtadab_complete
1791,Safiy Al Din Al Hilli,Ayna Filhimaa Arabo,7,وَالفُؤَادُ مُكْتَئِبُ,بِتُّ فِي دِيَارِهِمُو,Mamlouki: XIIIth - XVIth,moqtadab_complete,moqtadab_complete
1792,Safiy Al Din Al Hilli,Ayna Filhimaa Arabo,8,وَالضُّلُوعُ تَلْتَهِبُ,الدُّمُوعُ هَاطِلَةٌ,Mamlouki: XIIIth - XVIth,moqtadab_complete,moqtadab_complete
1793,Safiy Al Din Al Hilli,Ayna Filhimaa Arabo,9,مَسَّنِي بِهَا العَطَبُ,إِنَّ لِلْغَرَامِ يَدًا,Mamlouki: XIIIth - XVIth,moqtadab_complete,moqtadab_complete
1794,Safiy Al Din Al Hilli,Ayna Filhimaa Arabo,10,فَهْوَ بَعْضُ مَا يَجِبُ,إِنْ قَضَيْتُ فِيهِ أَسًى,Mamlouki: XIIIth - XVIth,moqtadab_complete,moqtadab_complete
1795,Safiy Al Din Al Hilli,Ayna Filhimaa Arabo,11,مِنْهُ يُلْحَظُ الغَضَبُ,أَبْدَتِ الوُشَاةُ رِضًى,Mamlouki: XIIIth - XVIth,moqtadab_complete,moqtadab_complete
1796,Safiy Al Din Al Hilli,Ayna Filhimaa Arabo,12,وَالقُلُوبُ تَنْتَحِبُ,الوُجُوهُ ضَاحِكَةٌ,Mamlouki: XIIIth - XVIth,moqtadab_complete,moqtadab_complete
1797,Safiy Al Din Al Hilli,Ayna Filhimaa Arabo,13,أَعْتَبُوا وَمَا عَتَبُوا,لَوْ أَتُوا بِمَكْرُمَةٍ,Mamlouki: XIIIth - XVIth,moqtadab_complete,moqtadab_complete
1798,Safiy Al Din Al Hilli,Ayna Filhimaa Arabo,14,عَذْلُهُمْ لَهَا حَطَبُ,فَالغَرَامُ نَارُ لَظًى,Mamlouki: XIIIth - XVIth,moqtadab_complete,moqtadab_complete
2217,Safiy Al Din Al Hilli,Chakawto Ilayki aljawaa,1,فَلَمْ تَسْمَحِي بِالذَّوَى,شَكَوْتُ إِلَيْكِ الجَوَى,Mamlouki: XIIIth - XVIth,motaqaarib_partial,motaqaarib_partial
2218,Safiy Al Din Al Hilli,Chakawto Ilayki aljawaa,2,جَعَلْتُ إِلَيْكَ الهَوَى,فَمُذْ طَالَ عُمْدُ النَّوَى,Mamlouki: XIIIth - XVIth,motaqaarib_partial,motaqaarib_partial
2219,Safiy Al Din Al Hilli,Chakawto Ilayki aljawaa,3,صَرَمْتِ حِبَالَ الوَفَا,شَفِيعًا فَلَمْ تُشْفِعِي,Mamlouki: XIIIth - XVIth,motaqaarib_partial,motaqaarib_partial
2220,Safiy Al Din Al Hilli,Chakawto Ilayki aljawaa,4,فَحَاوَلْتُ مِنْكَ الصَّفَا,وَكَدَّرْتِنِي بِالجَفَا,Mamlouki: XIIIth - XVIth,motaqaarib_partial,motaqaarib_partial
2221,Safiy Al Din Al Hilli,Chakawto Ilayki aljawaa,5,رِضَاكِ فَلَمْ تَسْمَعِي,وَنَادَيْتُ مُسْتَعْطِفَا,Mamlouki: XIIIth - XVIth,motaqaarib_partial,motaqaarib_partial
2222,Safiy Al Din Al Hilli,Chakawto Ilayki aljawaa,6,عِدَاكِ وَزَالَ الخَفَا,تُرَاكِ إِذَا مَا اشْتَفَى,Mamlouki: XIIIth - XVIth,motaqaarib_partial,motaqaarib_partial
2223,Safiy Al Din Al Hilli,Chakawto Ilayki aljawaa,7,أَتَارِكَتِي مُدْنَفَا,وَأَمْرَضْتَنِي بِالجَفَا,Mamlouki: XIIIth - XVIth,motaqaarib_partial,motaqaarib_partial
2224,Safiy Al Din Al Hilli,Chakawto Ilayki aljawaa,8,تُرَى هَلْ لِعَيْشِي رُجُوعُ,أَخَا جَسَدٍ مُوجَعِ,Mamlouki: XIIIth - XVIth,motaqaarib_partial,motaqaarib_partial
2225,Safiy Al Din Al Hilli,Chakawto Ilayki aljawaa,9,وَفَاجِعَتِي بِالهُجُوعِ,بِمُؤْنِسَتِي فِي الرُّبُوعِ,Mamlouki: XIIIth - XVIth,motaqaarib_partial,motaqaarib_partial
2226,Safiy Al Din Al Hilli,Chakawto Ilayki aljawaa,10,وَقَدْ أَحْرَقَتْ أَضْلُعِي,وَمُغْرِقَتِي بِالدُّمُوعِ,Mamlouki: XIIIth - XVIth,motaqaarib_partial,motaqaarib_partial
2227,Safiy Al Din Al Hilli,Chakawto Ilayki aljawaa,11,وَنَحْنُ بِحَالٍ سَوَا,لَقَدْ كُنْتُ طَوْعَ الهَوَى,Mamlouki: XIIIth - XVIth,motaqaarib_partial,motaqaarib_partial
2228,Safiy Al Din Al Hilli,Chakawto Ilayki aljawaa,12,وَفُؤَادِي قَدِ انْكَوَى,فَكَيْفَ أَكُفُّ النَّوَى,Mamlouki: XIIIth - XVIth,motaqaarib_partial,motaqaarib_partial
2229,Safiy Al Din Al Hilli,Chakawto Ilayki aljawaa,13,أَطَعْتُ فَعَاصَيْتِنِي,فَبِالنَّظَرِ المُطْمِعِي,Mamlouki: XIIIth - XVIth,motaqaarib_partial,motaqaarib_partial
2230,Safiy Al Din Al Hilli,Chakawto Ilayki aljawaa,14,فَمُذْ قُلْتُ خَصَّيْتِنِي,وَبِالصَّبْرِ أَوْصَيْتِنِي,Mamlouki: XIIIth - XVIth,motaqaarib_partial,motaqaarib_partial
2231,Safiy Al Din Al Hilli,Chakawto Ilayki aljawaa,15,فَهَلَّا وَقَلْبِي مَعِي,جَفَوْتِ وَأَقْصَيْتِنِي,Mamlouki: XIIIth - XVIth,motaqaarib_partial,motaqaarib_partial
2529,Siham Al Brahmi,Bariiqo Al Hibr,1,كَدَمْعٍ قَطْرُهُ عَذْبُ,بَرِيقُ الحِبْرِ فِي حَرْفِي,Modern,hazaj_complete,hazaj_complete
2530,Siham Al Brahmi,Bariiqo Al Hibr,2,سَقَاهُ الغَيْثُ وَالصَّبُّ,كَلَمْعِ الطَّلِّ فِي حَرٍّ,Modern,hazaj_complete,hazaj_complete
2531,Siham Al Brahmi,Bariiqo Al Hibr,3,عَلَى الأَوْرَاقِ يَنْصَبُّ,لِيَجْرِي سَيْلُهُ مَدًّا,Modern,hazaj_complete,hazaj_complete
2532,Siham Al Brahmi,Bariiqo Al Hibr,4,وَنَبْتًا فَرْعُهُ هُدْبُ,فَيَكْسِي حَرْثَهَا زَرْعًا,Modern,hazaj_complete,hazaj_complete
2533,Siham Al Brahmi,Bariiqo Al Hibr,5,وَنَثْرٍ لُبُّهُ حُبُّ,بِشِعْرٍ نَقْشُهُ شَذْرٌ,Modern,hazaj_complete,hazaj_complete
2534,Siham Al Brahmi,Bariiqo Al Hibr,6,مُقَفَّى سَجْعُهُ خَصْبٌ,وَتَفْصِيلٍ عَلَى نَظْمٍ,Modern,hazaj_complete,hazaj_complete
2535,Siham Al Brahmi,Bariiqo Al Hibr,7,بَيَانًا سِحْرُهُ عَذْبُ,بِنَفْسِي فَاضَ تَصْوِيرِي,Modern,hazaj_complete,hazaj_complete
2536,Siham Al Brahmi,Bariiqo Al Hibr,8,دَعَاهُ العَقْلُ وَ القَلْبُ,يُغَذِّي الرُّوحَ مِنْ سَهْمٍ,Modern,hazaj_complete,hazaj_complete
2537,Siham Al Brahmi,Bariiqo Al Hibr,9,مَقَالِي ذِكْرُهُ رَطْبُ,بِرِيقٍ مِنْ لِسَانِي فِي,Modern,hazaj_complete,hazaj_complete
2538,Siham Al Brahmi,Bariiqo Al Hibr,10,وَشَيْطَانِي لَهُ الحَرْبُ,فَإِنْ خِبْتُ فَمِنْ نَفْسِي,Modern,hazaj_complete,hazaj_complete
2539,Siham Al Brahmi,Bariiqo Al Hibr,11,صَوَابٌ سَاقَهُ الرَّبُ,وَإِنْ وُفِّقْتُ فَالمَعْنَى,Modern,hazaj_complete,hazaj_complete
3501,Souleyman Ben Sahman,Yaa Taarikan Limaraadi Allah,1,وَسَالِكًا فِي طَرِيقِ العِلْمِ أَحْزَانَا,يَا تَارِكًا لِمَرَاضِي اللَّهِ أَوْطَانَا,Modern,bassit_complete,bassit_complete
3502,Souleyman Ben Sahman,Yaa Taarikan Limaraadi Allah,2,كُلَّ العُلُومِ وَكُنْ بِالأَصْلِ مُشْتَانَا,كُنْ بَاذِلَ الجِدِّ فِي عِلْمِ الحَدِيثِ تَنَلْ,Modern,bassit_complete,bassit_complete
3503,Souleyman Ben Sahman,Yaa Taarikan Limaraadi Allah,3,مِنْ أَكْمَلِ النَّاسِ مِيزَانًا وَرُجْحَانَا,فَالعِلْمُ أَفْضَلُ مَطْلُوبٍ وَطَالِبُهُ,Modern,bassit_complete,bassit_complete
3504,Souleyman Ben Sahman,Yaa Taarikan Limaraadi Allah,4,إِنْ رِمْتَ فَوْزًا لَدَى الرَّحْمَانِ مَوْلَانَا,وَالعِلْمُ نُورٌ فَكُنْ بِالعِلْمِ مُعْتَصِمًا,Modern,bassit_complete,bassit_complete
3505,Souleyman Ben Sahman,Yaa Taarikan Limaraadi Allah,5,وَالجَاهِلُونَ أَخَفُّ النَّاسِ مِيزَانَا,وَهْوَ النَّجَاةُ وَفِيهِ الخَيْرُ أَجْمَعُهُ,Modern,bassit_complete,bassit_complete
3506,Souleyman Ben Sahman,Yaa Taarikan Limaraadi Allah,6,وَالجَهْلُ يَجْحَفُهُ لَوْ كَانَ مَا كَانَا,وَالعِلْمُ يَرْفَعُ بَيْتًا كَانَ مُنْخَفِضًا,Modern,bassit_complete,bassit_complete
3507,Souleyman Ben Sahman,Yaa Taarikan Limaraadi Allah,7,وَأَوْضِعِ النَّاسَ مَنْ قَدْ كَانَ حَيْرَانَا,وَأَرْفَعِ النَّاسَ أَهْلَ العِلْمِ مَنْزِلَةً,Modern,bassit_complete,bassit_complete
3508,Souleyman Ben Sahman,Yaa Taarikan Limaraadi Allah,8,بَلْ كَانَ بِالجَهْلِ مِمَّنْ نَالَ خُسْرَانَا,لَا يَهْتَدِي لِطَرِيقِ الحَقِّ مَنْ عَمَهُ,Modern,bassit_complete,bassit_complete
3509,Souleyman Ben Sahman,Yaa Taarikan Limaraadi Allah,9,لَا يَدْرِ مَا زَانَ فِي النَّاسِ وَمَا شَانَا,تَلْقَاهُ بَيْنَ الوَرَى بِالجَهْلِ مُنْكَسِرًا,Modern,bassit_complete,bassit_complete
3510,Souleyman Ben Sahman,Yaa Taarikan Limaraadi Allah,10,وَالنَّاسُ تَعْرِفُهُ بِالفَضْلِ إِذْعَانَا,وَالعِلْمُ يَرْفَعُهُ فَوْقَ الوَرَى دَرَجًا,Modern,bassit_complete,bassit_complete
3511,Souleyman Ben Sahman,Yaa Taarikan Limaraadi Allah,11,يَنَالُ بِالعِلْمِ غُفْرَانًا وَرِضْوَانَا,وَطَالِبُ العِلْمِ إِنْ يُظْفِرْ بِبُغْيَتِهِ,Modern,bassit_complete,bassit_complete
3512,Souleyman Ben Sahman,Yaa Taarikan Limaraadi Allah,12,فَضْلًا وَفَوْزًا وَإِحْسَانًا وَإِيمَانَا,فَاطْلُبْهُ لِلَّهِ لَا لِلْجَاهِ مُرْتَجِيًا,Modern,bassit_complete,bassit_complete
3513,Souleyman Ben Sahman,Yaa Taarikan Limaraadi Allah,13,لَا تَبْتَغِي بَدَلًا إِنْ كُنْتَ يَقْظَانَا,وَاطْلُبْهُ مُجْتَهِدًا مَا عِشْتَ مُحْتَسِبًا,Modern,bassit_complete,bassit_complete
3514,Souleyman Ben Sahman,Yaa Taarikan Limaraadi Allah,14,أَوْ فَاتَهُ نَالَ خُسْرَانًا وَنُقْصَانَا,مَنْ نَالَهُ نَالَ فِي الدَّارَيْنِ مَنْزِلَةً,Modern,bassit_complete,bassit_complete
3515,Souleyman Ben Sahman,Yaa Taarikan Limaraadi Allah,15,وَلَمْ يَكُنْ نَالَ بَعْدَ الجِدِّ عِرْفَانَا,وَيَا ذَلِ الجِدِّ فِي تَحْصِيلِهِ زَمَنًا,Modern,bassit_complete,bassit_complete
3516,Souleyman Ben Sahman,Yaa Taarikan Limaraadi Allah,16,عِنْدَ الإِلَهِ وَلَا يُولِيهِ خُسْرَانَا,فَلَنْ يَضِيعُ لَهُ سَعْيٌ وَلَا عَمَلٌ,Modern,bassit_complete,bassit_complete
3517,Souleyman Ben Sahman,Yaa Taarikan Limaraadi Allah,17,يَنَالُ مِنْ رَبِّنَا عَفْوًا وَغُفْرَانَا,فَطَالِبُ العِلْمِ إِنْ أَصْفَى سَرِيرَتِهِ,Modern,bassit_complete,bassit_complete
3518,Souleyman Ben Sahman,Yaa Taarikan Limaraadi Allah,18,وَالجَهْلُ يُصْلِيهِ يَوْمَ الحَشْرِ نِيرَانَا,فَالعِلْمُ يَرْفَعُهُ فِي الخُلْدِ مَنْزِلَةً,Modern,bassit_complete,bassit_complete
3519,Souleyman Ben Sahman,Yaa Taarikan Limaraadi Allah,19,وَاللَّمُ يَكْسُوهُ تَاجُ العِزِّ إِعْلَانَا,وَالجَهْلُ فِي هَذِهِ الدُّنْيَا يُنَقِّصُهُ,Modern,bassit_complete,bassit_complete
3520,Souleyman Ben Sahman,Yaa Taarikan Limaraadi Allah,20,أَوْ رِمْتَ يَوْمًا لِمَا قَدْ قُلْتَ بُرْهَانَا,وَإِنْ تُرِدْ نَهْجَ هَذَا العِلْمِ تَسْلُكُهُ,Modern,bassit_complete,bassit_complete
3521,Souleyman Ben Sahman,Yaa Taarikan Limaraadi Allah,21,وَلَا تَكُنْ غَافِلًا عَنْ ذَاكَ كَسْلَانَا,فَأَلْقِ سَمْعًا لِمَا أَبْدَى وَكُنْ يَقِظًا,Modern,bassit_complete,bassit_complete
3522,Souleyman Ben Sahman,Yaa Taarikan Limaraadi Allah,22,يَكْفِي أَخَا اللُّبِّ إِيضَاحًا وَتِبْيَانَا,قَدْ أَلَّفَ الشَّيْخُ فِي التَّوْحِيدِ مُخْتَصَرًا,Modern,bassit_complete,bassit_complete
3523,Souleyman Ben Sahman,Yaa Taarikan Limaraadi Allah,23,قَدْ يَفْعَلُ العَبْدُ لِلطَّاعَاتِ إِيمَانَا,فِيهِ البَيَانُ لِتَوْحِيدِ الإِلَهِ بِمَا,Modern,bassit_complete,bassit_complete
3524,Souleyman Ben Sahman,Yaa Taarikan Limaraadi Allah,24,وَخِشْيَةً مِنْهُ لِلرَّحْمَانِ إِذْعَانَا,حُبًّا وَخَوْفًا وَتَعْظِيمًا لَهُ وَجَلَا,Modern,bassit_complete,bassit_complete
3525,Souleyman Ben Sahman,Yaa Taarikan Limaraadi Allah,25,وَالإِسْتِعَانَةُ بِالمَعْبُودِ مَوْلَانَا,كَذَاكَ نَذْرًا وَذَبْحًا وَاسْتِغَاثَتِنَا,Modern,bassit_complete,bassit_complete
3526,Souleyman Ben Sahman,Yaa Taarikan Limaraadi Allah,26,لِلَّهِ مِنْ طَاعَةٍ سِرًّا وَإِعْلَانَا,وَغَيْرَ ذَلِكَ مِمَّا كَانَ يَفْعَلُهُ,Modern,bassit_complete,bassit_complete
3527,Souleyman Ben Sahman,Yaa Taarikan Limaraadi Allah,27,قَدْ يَفْعَلُ اللَّهُ أَحْكَامًا وَإِتْقَانَا,وَفِيهِ تَوْحِيدَنَا رَبُّ العِبَادِ بِمَا,Modern,bassit_complete,bassit_complete
3528,Souleyman Ben Sahman,Yaa Taarikan Limaraadi Allah,28,بِالإِخْتِرَاعِ لِمَا قَدْ شَاءَ أَوْ كَانَا,خَلْقًا وَرِزْقًا وَإِحْيَاءً وَمَقْدِرَةً,Modern,bassit_complete,bassit_complete
3529,Souleyman Ben Sahman,Yaa Taarikan Limaraadi Allah,29,وَذَاكَ مِنْ شَأْنِهِ أَعْظِمْ بِهِ شَانَا,وَيُخْرِجُ الأَمْرَ عَنْ طُوقِ العِبَادِ لَهُ,Modern,bassit_complete,bassit_complete
3530,Souleyman Ben Sahman,Yaa Taarikan Limaraadi Allah,30,صِفَاةُ مَجْدٍ وَأَسْمَاءُ لِمَوْلَانَا,وَفِيهِ تَوْحِيدَنَا الرَّحْمَانُ إِنَّ لَهُ,Modern,bassit_complete,bassit_complete
3531,Souleyman Ben Sahman,Yaa Taarikan Limaraadi Allah,31,لَا يَسْتَطِيعُ لَهَا الإِنْسَانُ حُسْبَانَا,تِسْعٌ وَتِسْعُونَ إِسْمًا غَيْرَ مَا خَفِيَتْ,Modern,bassit_complete,bassit_complete
3532,Souleyman Ben Sahman,Yaa Taarikan Limaraadi Allah,32,أَوْ كَانَ عَلَّمَهُ الرَّحْمَانُ إِنْسَانَا,مِمَّا بِهِ اسْتَأْثَرَ الرَّحْمَانُ خَالِقَنَا,Modern,bassit_complete,bassit_complete
3533,Souleyman Ben Sahman,Yaa Taarikan Limaraadi Allah,33,بَلْ لَا نُؤَوِّلُهَا تَأْوِيلَ مَنْ مَانَا,نَمُرُّهَا كَيْفَ جَاءَتْ لَا نُكَفِّيهَا,Modern,bassit_complete,bassit_complete
3534,Souleyman Ben Sahman,Yaa Taarikan Limaraadi Allah,34,بَلْ مَا يُنَافِيهِ مِنْ كُفْرَانِ مَنْ خَانَا,وَفِيهِ تِبْيَانُ إِشْرَاكٍ يُنَاقِضُهُ,Modern,bassit_complete,bassit_complete
3535,Souleyman Ben Sahman,Yaa Taarikan Limaraadi Allah,35,شَنْعَاءَ أَحْدَثُهَا مَنْ كَانَ فَتَّانَا,أَوْ كَانَ يَقْدِحُ فِي التَّوْحِيدِ مِنْ بِدَعٍ,Modern,bassit_complete,bassit_complete
3536,Souleyman Ben Sahman,Yaa Taarikan Limaraadi Allah,36,مِمَّا يُنَقِّصُ تَوْحِيدًا وَإِيمَانَا,أَوِ المَعَاصِي الَّتِي تُزْرِي بِفَاعِلِهَا,Modern,bassit_complete,bassit_complete
3537,Souleyman Ben Sahman,Yaa Taarikan Limaraadi Allah,37,قَدْ كَانَ يَعْرِفُهُ مَنْ كَانَ يَقْظَانَا,فَسَاقَ أَنْوَاعَ تَوْحِيدِ الإِلَهِ كَمَا,Modern,bassit_complete,bassit_complete
3538,Souleyman Ben Sahman,Yaa Taarikan Limaraadi Allah,38,لِتَعْرِفَ الحَقَّ بِالأَضْدَادِ إِمْعَانَا,وَسَاقَ فِيهِ الَّذِي قَدْ كَانَ يَنْقُصُهُ,Modern,bassit_complete,bassit_complete
3539,Souleyman Ben Sahman,Yaa Taarikan Limaraadi Allah,39,مِنَ النُّصُوصِ أَحَادِيثًا وَقُرْآنَا,مُضَمِّنًا كُلَّ بَابٍ مِنْ تَرَاجِمِهِ,Modern,bassit_complete,bassit_complete
3540,Souleyman Ben Sahman,Yaa Taarikan Limaraadi Allah,40,قَلْبُ المُوَحِّدِ إِيضَاحًا وَتِبْيَانَا,الشَّيْخُ ضَمَّنَهُ مَا يَطْمَئِنُّ لَهُ,Modern,bassit_complete,bassit_complete
3541,Souleyman Ben Sahman,Yaa Taarikan Limaraadi Allah,41,يُورِثْكَ فِيمَا سِوَى لِلَّهِ عِرْفَانَا,فَاشْدُدْ يَدَيْكَ بِهَذَا الأَصْلِ مُعْتَصِمًا,Modern,bassit_complete,bassit_complete
3542,Souleyman Ben Sahman,Yaa Taarikan Limaraadi Allah,42,تَلْقَى هُنَالِكَ لِلتَّحْقِيقِ عُنْوَانَا,وَانْظُرْ بِقَلْبِكَ فِي مَبْنَى تَرَاجِمِهِ,Modern,bassit_complete,bassit_complete
3543,Souleyman Ben Sahman,Yaa Taarikan Limaraadi Allah,43,يَزْدَادُ مِنْهُنَّ أَهْلُ العِلْمِ إِنْقِسَمَا,وَلِلْمَسَائِلِ فَانْظُرْ تَلْقَهَا حِكَمًا,Modern,bassit_complete,bassit_complete
3544,Souleyman Ben Sahman,Yaa Taarikan Limaraadi Allah,44,قَدْ شَادَ لِلْمِلَّةِ السَّمْحَاءِ أَرْكَانَا,وَقُلْ جَزَا اللَّهُ شَيْخَ المُسْلِمِينَ كَمَا,Modern,bassit_complete,bassit_complete
3545,Souleyman Ben Sahman,Yaa Taarikan Limaraadi Allah,45,حَتَّى اسْتَجَابَ لَهُ مَثْنًى وَوِحْدَانَا,فَقَامَ لِلَّهِ يَدْعُو النَّاسَ مُجْتَهِدًا,Modern,bassit_complete,bassit_complete
3546,Souleyman Ben Sahman,Yaa Taarikan Limaraadi Allah,46,مِنْ بَعْدِ مَا انْهَمَكُوا فِي الكُفْرِ أَزْمَانَا,وَوَحِّدُوا اللَّهَ حَقًّا لَا شَرِيكَ لَهُ,Modern,bassit_complete,bassit_complete
3547,Souleyman Ben Sahman,Yaa Taarikan Limaraadi Allah,47,وَطَالَ مَا هَدَمُوا لِلدِّينِ بُغْيَانَا,وَأَصْبَحَ النَّاسُ بَعْدَ الجَهْلِ قَدْ عَلِمُوا,Modern,bassit_complete,bassit_complete
3548,Souleyman Ben Sahman,Yaa Taarikan Limaraadi Allah,48,أَحْكَامُهُ فِي الوَرَى مِنْ بَعْدِ أَنْ كَانَا,وَأَظْهَرَ اللَّهُ هَذَا الدِّينَ وَانْتَشَرَتْ,Modern,bassit_complete,bassit_complete
3549,Souleyman Ben Sahman,Yaa Taarikan Limaraadi Allah,49,لَا يَعْرِفُ النَّاسُ إِلَّا الكُفْرَ أَزْمَانَا,بِالجَهْلِ وَالكُفْرِ قَدْ أُرْسَتْ مَعَالِمُهُ,Modern,bassit_complete,bassit_complete
3550,Souleyman Ben Sahman,Yaa Taarikan Limaraadi Allah,50,وَيَطْلُبُونَ مِنَ الأَمْوَاتِ غُفْرَانَا,يَدْعُونَ غَيْرَ الإِلَهِ الحَقِّ مِنْ سَفَهٍ,Modern,bassit_complete,bassit_complete
3551,Souleyman Ben Sahman,Yaa Taarikan Limaraadi Allah,51,وَيُنْذِرُونَ لِغَيْرِ اللَّهِ قُرْبَانَا,وَيَنْكِسُونَ لِغَيْرِ اللَّهِ مَا ذَبَحُوا,Modern,bassit_complete,bassit_complete
3552,Souleyman Ben Sahman,Yaa Taarikan Limaraadi Allah,52,وَأَعْضَلَتْ شِدَّةٌ مِنْ حَادِثٍ كَانَا,وَيَسْتَغِيثُونَ بِالأَمْوَاتِ إِنْ عَظُمَتْ,Modern,bassit_complete,bassit_complete
3553,Souleyman Ben Sahman,Yaa Taarikan Limaraadi Allah,53,بَلْ يَنْدُبُونَ لَهَا تَاجًا وَشَمْسَانَا,وَيَنْدِبُونَ لَهَا زَيْدًا لِيَشْفِيهَا,Modern,bassit_complete,bassit_complete
3554,Souleyman Ben Sahman,Yaa Taarikan Limaraadi Allah,54,أَعْلَامُهُ وَاسْتَزَادَ الدِّينَ إِعْلَانَا,فَزَالَ عَنَّا ظَلَامَ الكُفْرِ وَانْطَمَسَتْ,Modern,bassit_complete,bassit_complete
3555,Souleyman Ben Sahman,Yaa Taarikan Limaraadi Allah,55,مَنْ صَدَّ أَوْ نَدَّ عَنْ تَوْحِيدِ مَوْلَانَا,بِاللَّهِ ثُمَّ بِهَذَا الشَّيْخِ حِينَ دَعَا,Modern,bassit_complete,bassit_complete
3556,Souleyman Ben Sahman,Yaa Taarikan Limaraadi Allah,56,يَوْمًا بِنَجْدٍ وَلَا يَدْعُونَ أَوْثَانَا,فَلَيْسَ مِنْ أَحَدٍ يَدْعُو وَلِيجَتَهُ,Modern,bassit_complete,bassit_complete
3557,Souleyman Ben Sahman,Yaa Taarikan Limaraadi Allah,57,لِلَّهِ لَا لِسِوَى الرَّحْمَانِ إِيمَانَا,بَلِ الدُّعَا كُلُّهُ وَالدِّينُ أَجْمَعُهُ,Modern,bassit_complete,bassit_complete
3558,Souleyman Ben Sahman,Yaa Taarikan Limaraadi Allah,58,فَضْلًا وَجُودًا وَتَكْرِيمًا وَإِحْسَانَا,فَاللَّهُ يُعْلِيهِ فِي الفِرْدَوْسِ مَنْزِلَةً,Modern,bassit_complete,bassit_complete
3559,Souleyman Ben Sahman,Yaa Taarikan Limaraadi Allah,59,وَرَحْمَةً مِنْهُ إِحْسَانًا وَرِضْوَانَا,وَاللَّهُ يُولِيهِ أَلْطَافًا وَمَغْفِرَةً,Modern,bassit_complete,bassit_complete
3560,Souleyman Ben Sahman,Yaa Taarikan Limaraadi Allah,60,أَزْكَى البَرِيَّةِ إِيمَانَا وَعِرْفَانَا,ثُمَّ الصَّلَاةَ عَلَى المَعْصُومِ سَيِّدُنَا,Modern,bassit_complete,bassit_complete
3561,Souleyman Ben Sahman,Yaa Taarikan Limaraadi Allah,61,مَسَّ الحَجِيجُ لِبَيْتِ اللَّهِ أَرْكَانَا,مَا مَاضَ بَرْقٌ وَمَا هِبْتَ النَّسِيمُ وَمَا,Modern,bassit_complete,bassit_complete
3562,Souleyman Ben Sahman,Yaa Taarikan Limaraadi Allah,62,أَوْ نَاحَ طَيْرٌ عَلَى الأَغْصَانِ أَزْمَانَا,أَوْ قَهْقَهَ الرَّعْدُ فِي هَدْبَاءِ مِدْحَتِهِ,Modern,bassit_complete,bassit_complete
3563,Souleyman Ben Sahman,Yaa Taarikan Limaraadi Allah,63,عَلَى المَحَجَّةِ إِيمَانًا وَإِحْسَانَا,وَالآلُ وَالصَّحْبُ ثُمَّ التَّابِعِينَ لَهُمْ,Modern,bassit_complete,bassit_complete
775,Taabbata Charran,Inna Bi Chaabi,1,لَقَتِيلًا دَمُهُو مَا يُطَلُّ,إِنَّ بِالشَّعْبِ الَّذِي دُونَ سَلْعٍ,Before Islam: VIth century,madid_complete,madid_complete
776,Taabbata Charran,Inna Bi Chaabi,2,أَنَا بِالعِبْءِ لَهُ مُسْتَقِلُّ,خَلَّفَ العِبْءَ عَلَيَّ وَوَلَّى,Before Islam: VIth century,madid_complete,madid_complete
777,Taabbata Charran,Inna Bi Chaabi,3,مَصِعٌ عُقْدَتُهُو مَا تُحَلُّ,وَوَرَاءَ الثَّأْرِ مِنِّي ابْنُ أُخْتٍ,Before Islam: VIth century,madid_complete,madid_complete
802,Taabbata Charran,Inna Bi Chaabi,4,رَقَ أَفْعَى يَنْفُثُ السُّمَّ صِلُّ,مُطْرِقٌ يَرْشُحُ سُمًّا كَمَا أَطْ,Before Islam: VIth century,madid_complete,madid_complete
774,Taabbata Charran,Inna Bi Chaabi,5,جَلَّ حَتَّى دَقَّ فِيهِ الأَجَلُّ,خَبَرٌ مَا نَابَنَا مُصْمَئِلٌّ,Before Islam: VIth century,madid_complete,madid_complete
779,Taabbata Charran,Inna Bi Chaabi,6,بِأَبِيٍّ جَارُهُو مَا يُذَلُّ,بَزَّنِي الدَّهْرُ وَكَانَ غَشُومًا,Before Islam: VIth century,madid_complete,madid_complete
780,Taabbata Charran,Inna Bi Chaabi,7,ذَكَتِ الشِّعْرَى فَبَرْدٌ وَظِلُّ,شَامِسٌ فِي القُرِّ حَتَّى إِذَا مَا,Before Islam: VIth century,madid_complete,madid_complete
781,Taabbata Charran,Inna Bi Chaabi,8,وَنَدِي الكَفَّيْنِ شَهْمٌ مُدِلُّ,يَابِسَ الجَنْبَيْنِ مِنْ غَيْرِ بُؤْسٍ,Before Islam: VIth century,madid_complete,madid_complete
782,Taabbata Charran,Inna Bi Chaabi,9,حَلَّ حَلَّ الحَزْمُ حَيْثُ يَحُلُّ,ظَاعِنٌ بِالحَزْمِ حَتَّى إِذَا مَا,Before Islam: VIth century,madid_complete,madid_complete
785,Taabbata Charran,Inna Bi Chaabi,10,وَكِلَا الطَّعْمَيْنِ قَدْ ذَاقَ كُلُّ,وَلَهُو طَعْمَانِ أَرْيٌ وَشَرْيٌ,Before Islam: VIth century,madid_complete,madid_complete
784,Taabbata Charran,Inna Bi Chaabi,11,وَإِذَا يَعْدُو فَسِمْعٌ أَزَلُّ,مُسْبِلٌ فِي الحَيِّ أَحْوَى رِفَلٌّ,Before Islam: VIth century,madid_complete,madid_complete
783,Taabbata Charran,Inna Bi Chaabi,12,وَإِذَا يَسْطُو فَلَيْثٌ أَبَلُّ,غَيْثُ مُزْنٍ غَامِرٌ حَيْثُ يُجْدِي,Before Islam: VIth century,madid_complete,madid_complete
786,Taabbata Charran,Inna Bi Chaabi,13,يَصْحَبُهُو إِلَّا اليَمَانِي الأَفَلُّ,يَرْكَبُ الهَوْلَ وَحِيدًا وَلَا,Before Islam: VIth century,madid_complete,madid_complete
791,Taabbata Charran,Inna Bi Chaabi,14,لَبِمَا كَانَ هُذَيْلًا يَفُلُّ,فَلَئِنْ فَلَّتْ هُذَيْلٌ شَبَاهُ,Before Islam: VIth century,madid_complete,madid_complete
792,Taabbata Charran,Inna Bi Chaabi,15,جَعْجَعٍ يَنْقُبُ فِيهِ الأَظَلُّ,وَبِمَا أَبْرَكَهُمْ فِي مُنَاخٍ,Before Islam: VIth century,madid_complete,madid_complete
794,Taabbata Charran,Inna Bi Chaabi,16,لَا يَمَلُّ الشَّرَّ حَتَّى يَمَلُّوا,صَلِيَتْ مِنِّى هُذَيْلٌ بِخِرْقٍ,Before Islam: VIth century,madid_complete,madid_complete
803,Taabbata Charran,Inna Bi Chaabi,17,نَهِلَتْ كَانَ لَهَا مِنْهُ عَلُّ,يُورِدُ الأَلَّةَ حَتَّى إِذَا مَا,Before Islam: VIth century,madid_complete,madid_complete
796,Taabbata Charran,Inna Bi Chaabi,18,وَتَرَى الذِّئْبَ لَهَا يَسْتَهِلُّ,تَضْحَكُ الضَّبْعُ لِقَتْلَى هُذَيْلٍ,Before Islam: VIth century,madid_complete,madid_complete
797,Taabbata Charran,Inna Bi Chaabi,19,تَتَخَطَّاهُمْ فَمَا تَسْتَقِلُّ,وَعِتَاقُ الطَّيْرِ تَهْفُو بِطَانًا,Before Islam: VIth century,madid_complete,madid_complete
787,Taabbata Charran,Inna Bi Chaabi,20,لَيْلَهُمْ حَتَّى إِذَا انْجَابَ حَلُّوا,وَفُتُوٍّ هَجَّرُوا ثُمَّ أَسْرُوا,Before Islam: VIth century,madid_complete,madid_complete
793,Taabbata Charran,Inna Bi Chaabi,21,مِنْهُ بَعْدَ القَتْلِ نَهْلٌ وَشَلُّ,وَبِمَا صَبَّحَهَا فِي ذُرَاهَا,Before Islam: VIth century,madid_complete,madid_complete
789,Taabbata Charran,Inna Bi Chaabi,22,هَوَّمُو رُعْتَهُمُ فَاشْمَعَلُّوا,فَاحْتَسُوا أَنْفَاسَ نَوْمٍ فَلَمَّا,Before Islam: VIth century,madid_complete,madid_complete
788,Taabbata Charran,Inna Bi Chaabi,23,كَسَنَا البَرْقِ إِذَا مَا يُسَلُّ,كُلُّ مَاضٍ قَدْ تَرَدَّى بِمَاضٍ,Before Islam: VIth century,madid_complete,madid_complete
795,Taabbata Charran,Inna Bi Chaabi,24,نَهِلَتْ كَانَ لَهَا مِنْهُ عَلُّ,يُنْهِلُ الصَّعْدَةَ حَتَّى إِذَا مَا,Before Islam: VIth century,madid_complete,madid_complete
804,Taabbata Charran,Inna Bi Chaabi,25,عَقْبُهَا خِزْيٌ وَعَارٌ وَذُلُّ,فَسَقِينَا كَأْسَ حَتْفٍ هُذَيْلًا,Before Islam: VIth century,madid_complete,madid_complete
790,Taabbata Charran,Inna Bi Chaabi,26,يَنْجُ مِلْحَيَّيْنِ إِلَّا الأَقَلُّ,فَادَّرَكْنَا الثَّأْرَ مِنْهُمْ وَلَمَّا,Before Islam: VIth century,madid_complete,madid_complete
805,Taabbata Charran,Inna Bi Chaabi,27,أَدْبَرُو مِنْ فَوْرِهِمْ فَاجْفَأَلُّو,مَطْلَعُ الشَّمْسِ فَلَمَّا اسْتَحَرَّتْ,Before Islam: VIth century,madid_complete,madid_complete
798,Taabbata Charran,Inna Bi Chaabi,28,وَبِلَأْيٍ مَا أَلَمَّتْ تَحِلُّ,حَلَّتِ الخَمْرُ وَكَانَتْ حَرَامًا,Before Islam: VIth century,madid_complete,madid_complete
799,Taabbata Charran,Inna Bi Chaabi,29,إِنَّ جِسْمِي بَعْدَ خَالِي لَخَلُّ,فَاسْقِنِيهَا يَا سَوَادَ بْنَ عَمْرٍ,Before Islam: VIth century,madid_complete,madid_complete
800,Taabbata Charran,Inna Bi Chaabi,30,مِنْ ثِيَابِ الحَمْدِ ثَوْبٌ رِفَلُّ,رَائِحٌ بِالمَجْدِ غَادٍ عَلَيْهِ,Before Islam: VIth century,madid_complete,madid_complete
801,Taabbata Charran,Inna Bi Chaabi,31,عَاشَ فِي جَدْوَى يَدَيْهِ المُقِلُّ,أَفْتَحُ الرَّاحَةَ بِالجُودِ جُودًا,Before Islam: VIth century,madid_complete,madid_complete
1892,Tarafa Ibn Al Abd,Achajaaka Al rab3o,1,أَمْ رَمَادٌ دَارِسٌ حُمَمُهْ,أَشَجَاكَ الرَّبْعُ أَمْ قِدَمُهْ,Before Islam: VIth century,madid_complete,madid_complete
1893,Tarafa Ibn Al Abd,Achajaaka Al rab3o,2,بِالضُّحَى مُرَقِّشٌ يَشِمُهْ,كَسُطُورِ الرِّقِّ رَقَّشَهُ,Before Islam: VIth century,madid_complete,madid_complete
1894,Tarafa Ibn Al Abd,Achajaaka Al rab3o,3,وَجَرَى فِي رَيِّقٍ رِهَمُهْ,لَعِبَتْ بَعْدِي السُّيُولُ بِهِ,Before Islam: VIth century,madid_complete,madid_complete
1895,Tarafa Ibn Al Abd,Achajaaka Al rab3o,4,لِرَبِيعٍ دِيمَةٌ تَثِمُهْ,جَعَلَتْهُ حَمَّ كَلْكَلِهَا,Before Islam: VIth century,madid_complete,madid_complete
1896,Tarafa Ibn Al Abd,Achajaaka Al rab3o,5,فَتَنَاهِيهِ فَمُرْتَكَمُهْ,فَالكَثِيبُ مُعْشِبٌ أُنُفٌ,Before Islam: VIth century,madid_complete,madid_complete
1897,Tarafa Ibn Al Abd,Achajaaka Al rab3o,6,لَوْ أُطِيعُ النَّفْسَ لَمْ أَرِمُهْ,حَابِسِي رَسْمٌ وَقَفْتُ بِهِ,Before Islam: VIth century,madid_complete,madid_complete
1898,Tarafa Ibn Al Abd,Achajaaka Al rab3o,7,كَالإِمَاءِ أَشْرَفَتْ حُزَمُهْ,لَا أَرَى إِلَّا النَّعَامَ بِهِ,Before Islam: VIth century,madid_complete,madid_complete
1899,Tarafa Ibn Al Abd,Achajaaka Al rab3o,8,لَا يَضُرُّ مُعْدِمًا عَدَمُهْ,تَذْكُرُونَ إِذْ نُقَاتِلُكُمْ,Before Islam: VIth century,madid_complete,madid_complete
1900,Tarafa Ibn Al Abd,Achajaaka Al rab3o,9,فَإِذَا مَا جُزَّ نَصْطَرِمُهْ,أَنْتُمُ نَخْلٌ نُطِيفُ بِهِ,Before Islam: VIth century,madid_complete,madid_complete
1901,Tarafa Ibn Al Abd,Achajaaka Al rab3o,10,فِي ذَعَاعِ النَّخْلِ تَجْتَرِمُهْ,وَعَذَارِيكُمْ مُقَلِّصَةٌ,Before Islam: VIth century,madid_complete,madid_complete
1902,Tarafa Ibn Al Abd,Achajaaka Al rab3o,11,تَصْطَلِي نِيرَانَهُ خَدَمُهْ,عُجُزٌ شُمْطٌ مَعًا لَكُمُ,Before Islam: VIth century,madid_complete,madid_complete
1903,Tarafa Ibn Al Abd,Achajaaka Al rab3o,12,يَابِسُ الطَّحْمَاءِ أَوْ سَحَمُهْ,خَيْرُ مَا تَرْعَوْنَ مِنْ شَجَرٍ,Before Islam: VIth century,madid_complete,madid_complete
1904,Tarafa Ibn Al Abd,Achajaaka Al rab3o,13,سَعْيَ خَبٍّ كَاذِبٍ شِيَمُهْ,فَسَعَى الغَلَّاقُ بَيْنَهُمُ,Before Islam: VIth century,madid_complete,madid_complete
1905,Tarafa Ibn Al Abd,Achajaaka Al rab3o,14,فَأَتَى أَغْوَاهُمَا زُلَمُهْ,أَخَذَ الأَزْلَامَ مُقْتَسِمًا,Before Islam: VIth century,madid_complete,madid_complete
1906,Tarafa Ibn Al Abd,Achajaaka Al rab3o,15,زَيَّنَتْ جَلْهَاتِهِ أَكَمُهْ,وَالقَرَارُ بَطْنُهُ غَدَقٌ,Before Islam: VIth century,madid_complete,madid_complete
1907,Tarafa Ibn Al Abd,Achajaaka Al rab3o,16,ثُمَّ دَانَى بَيْنَنَا حَكَمُهْ,فَفَعَلْنَا ذَلِكُمْ زَمَنًا,Before Islam: VIth century,madid_complete,madid_complete
1908,Tarafa Ibn Al Abd,Achajaaka Al rab3o,17,مِنْ هِجَاءٍ سَائِرٍ كَلِمُهْ,إِنْ تُعِيدُوهَا نُعِدُّ لَكُمْ,Before Islam: VIth century,madid_complete,madid_complete
1909,Tarafa Ibn Al Abd,Achajaaka Al rab3o,18,فِي جَمِيعٍ جَحْفَلٍ لَهِمُهْ,وَقِتَالٍ لَا يُغِبُّكُمُ,Before Islam: VIth century,madid_complete,madid_complete
1910,Tarafa Ibn Al Abd,Achajaaka Al rab3o,19,ذِي زُهَاءٍ جَمَّةٍ بُهَمُهْ,رِزُّهُ قَدِّمْ وَهَبْ وَهَلَا,Before Islam: VIth century,madid_complete,madid_complete
1911,Tarafa Ibn Al Abd,Achajaaka Al rab3o,20,كَمَرَاغٍ سَاطِعٍ قَتَمُهْ,يَتْرُكُونَ القَاعَ تَحْتَهُمُ,Before Islam: VIth century,madid_complete,madid_complete
1912,Tarafa Ibn Al Abd,Achajaaka Al rab3o,21,آخِذًا قِرْنًا فَمُلْتَزِمُهْ,لَا تَرَى إِلَّا أَخَا رَجُلٍ,Before Islam: VIth century,madid_complete,madid_complete
1913,Tarafa Ibn Al Abd,Achajaaka Al rab3o,22,وَالثَّبِيتُ ثَبْتُهُ فَهَمُهْ,فَالهَبِيتُ لَا فُؤَادَ لَهُ,Before Islam: VIth century,madid_complete,madid_complete
1914,Tarafa Ibn Al Abd,Achajaaka Al rab3o,23,حَيْثُ تَهْدِي سَاقَهُ قَدَمُهْ,لِلْفَتَى عَقْلٌ يَعِيشُ بِهِ,Before Islam: VIth century,madid_complete,madid_complete
3172,Tarafa Ibn Al Abd,Moallaqa,1,تَلُوحُ كَبَاقِي الوَشْمِ فِي ظَاهِرِ اليَدِ,لِخَوْلَةَ أَطْلَالٌ بِبُرْقَةِ ثَهْمَدِ,Before Islam: VIth century,tawil_complete,tawil_complete
3173,Tarafa Ibn Al Abd,Moallaqa,2,يَقُولُونَ لَا تَهْلِكْ أَسًى وَتَجَلَّدِ,وُقُوفًا بِهَا صَحْبِي عَلَيَّ مَطِيَّهُمْ,Before Islam: VIth century,tawil_complete,tawil_complete
3174,Tarafa Ibn Al Abd,Moallaqa,3,خَلَايَا سَفِينٍ بِالنَّوَاصِفِ مِنْ دَدِ,كَأَنَّ حُدُوجَ المَالِكِيَّةِ غُدْوَةً,Before Islam: VIth century,tawil_complete,tawil_complete
3175,Tarafa Ibn Al Abd,Moallaqa,4,يَجُورُ بِهَا المَلَّاحُ طَوْرًا وَيَهْتَدِي,عَدَوْلِيَّةٌ أَوْ مِنْ سَفِينِ ابْنَ يَامِنٍ,Before Islam: VIth century,tawil_complete,tawil_complete
3176,Tarafa Ibn Al Abd,Moallaqa,5,كَمَا قَسَمَ التُّرْبَ المُفَايِلَ بِاليَدِ,يَشُقُّ حَبَابَ المَاءِ حَيْزُومُهَا بِهَا,Before Islam: VIth century,tawil_complete,tawil_complete
3177,Tarafa Ibn Al Abd,Moallaqa,6,مُظَاهِرُ سِمْطَيْ لُؤْلُؤٍ وَزَبَرْجَدِ,وَفِي الحَيِّ أَحْوَى يَنْفُضُ المَرْدَ شَادِنٌ,Before Islam: VIth century,tawil_complete,tawil_complete
3178,Tarafa Ibn Al Abd,Moallaqa,7,تَنَاوَلُ أَطْرَافَ البَرِيرِ وَتَرْتَدِي,خَذُولٌ تُرَاعِي رَبْرَبًا بِخَمِيلَةٍ,Before Islam: VIth century,tawil_complete,tawil_complete
3179,Tarafa Ibn Al Abd,Moallaqa,8,تَخَلَّلَ حُرَّ الرَّمْلِ دِعْصٍ لَهُ نَدِ,وَتَبْسِمُ عَنْ أَلْمَى كَأَنَّ مُنَوَّرًا,Before Islam: VIth century,tawil_complete,tawil_complete
3180,Tarafa Ibn Al Abd,Moallaqa,9,أُسِفَّ وَلَمْ تَكْدِمْ عَلَيْهِ بِإِثْمِدِ,سَقَتْهُ إِيَاةُ الشَّمْسِ إِلَّا لِثَاتِهِ,Before Islam: VIth century,tawil_complete,tawil_complete
3181,Tarafa Ibn Al Abd,Moallaqa,10,عَلَيْهِ نَقِيِّ اللَّوْنِ لَمْ يَتَخَدَّدِ,وَوَجْهٍ كَأَنَّ الشَّمْسَ أَلْقَتْ رِدَاءَهَا,Before Islam: VIth century,tawil_complete,tawil_complete
3182,Tarafa Ibn Al Abd,Moallaqa,11,بِعَوْجَاءَ مِرْقَالٍ تَلُوحُ وَتَغْتَدِي,وَإِنِّي لَأُمْضِي الهَمَّ عِنْدَ احْتِضَارِهِ,Before Islam: VIth century,tawil_complete,tawil_complete
3183,Tarafa Ibn Al Abd,Moallaqa,12,عَلَى لَاحِبٍ كَأَنَّهُ ظَهْرُ بُرْجُدِ,أَمُونٍ كَأَلْوَاحِ الإِرَانِ نَصَأْتُهَا,Before Islam: VIth century,tawil_complete,tawil_complete
3184,Tarafa Ibn Al Abd,Moallaqa,13,سَفَنَّجَةٌ تَبْرِي لَأَزْعَرَ أَرْبَدِ,جُمَالِيَّةٍ وَجْنَاءَ تَرْدَى كَأَنَّهَا,Before Islam: VIth century,tawil_complete,tawil_complete
3185,Tarafa Ibn Al Abd,Moallaqa,14,وَظِيفًا وَظِيفًا فَوْقَ مَوْرٍ مُعْبَّدِ,تُبَارِي عِتَاقًا نَاجِيَاتٍ وَأَتْبَعَتْ,Before Islam: VIth century,tawil_complete,tawil_complete
3186,Tarafa Ibn Al Abd,Moallaqa,15,حَدَائِقَ مَوْلِيَّ الأَسِرَّةِ أَغْيَدِ,تَرَبَّعَتِ القُفَّيْنِ فِي الشَّوْلِ تَرْتَعِي,Before Islam: VIth century,tawil_complete,tawil_complete
3187,Tarafa Ibn Al Abd,Moallaqa,16,بِذِي خُصَلٍ رَوْعَاتِ أَكْلَفَ مُلْبِدِ,تَرِيعُ إِلَى صَوْتِ المُهِيبِ وَتَتَّقِي,Before Islam: VIth century,tawil_complete,tawil_complete
3188,Tarafa Ibn Al Abd,Moallaqa,17,حِفَافَيْهِ شُكَّا فِي العَسِيبِ بِمِسْرَدِ,كَأَنَّ جَنَاحَيْ مَضْرَحِيٍّ تَكَنَّفَا,Before Islam: VIth century,tawil_complete,tawil_complete
3189,Tarafa Ibn Al Abd,Moallaqa,18,عَلَى حَشَفٍ كَالشَّنِّ ذَاوٍ مُجَدَّدِ,فَطَوْرًا بِهِ خَلْفَ الزَّمِيلِ وَتَارَةً,Before Islam: VIth century,tawil_complete,tawil_complete
3190,Tarafa Ibn Al Abd,Moallaqa,19,كَأَنَّهُمَا بَابَا مُنِيفٍ مُمَرَّدِ,لَهَا فَخِذَانِ أُكْمِلَ النَّحْضُ فِيهِمَا,Before Islam: VIth century,tawil_complete,tawil_complete
3191,Tarafa Ibn Al Abd,Moallaqa,20,وَأَجْرِنَةٌ لُزَّتْ بِرَأْيٍ مُنَضَّدِ,وَطَيٍّ مَحَالٍ كَالحَنِيِّ خُلُوفُهُ,Before Islam: VIth century,tawil_complete,tawil_complete
3192,Tarafa Ibn Al Abd,Moallaqa,21,وَأَطْرَ قِسِيٍّ تَحْتَ صَلْبٍ مُؤَيَّدِ,كَأَنَّ كِنَاسَيْ ضَالَةٍ يَكْنِفَانِهَا,Before Islam: VIth century,tawil_complete,tawil_complete
3193,Tarafa Ibn Al Abd,Moallaqa,22,تَمُرُّ بِسَلْمَيْ دَالِجٍ مُتَشَدِّدِ,لَهَا مِرْفَقَانِ أَفْتَلَانِ كَأَنَّمَا,Before Islam: VIth century,tawil_complete,tawil_complete
3194,Tarafa Ibn Al Abd,Moallaqa,23,لَتُكْتَنِفَنْ حَتَّى تُشَادَ بِقَرْمَدِ,كَقَنْطَرَةِ الرُّومِيِّ أَقْسَمَ رَبُّهَا,Before Islam: VIth century,tawil_complete,tawil_complete
3195,Tarafa Ibn Al Abd,Moallaqa,24,بَعِيدَةُ وَخْدِ الرِّجْلِ مَوَّارَةُ اليَدِ,صُهَابِيَّةُ العُثْنُونِ مُوجَدَةُ القَرَا,Before Islam: VIth century,tawil_complete,tawil_complete
3196,Tarafa Ibn Al Abd,Moallaqa,25,لَهَا عَضُدَاهَا فِي سَقِيفٍ مُسَنَّدِ,أُمِرَّتْ يَدَاهَا فَتْلَ شَزْرٍ وَأُجْنِحَتْ,Before Islam: VIth century,tawil_complete,tawil_complete
3197,Tarafa Ibn Al Abd,Moallaqa,26,لَهَا كَتِفَاهَا فِي مُعَالَى مُصَعَّدِ,جَنُوحٌ دِفَاقٌ عَنْدَلٌ ثُمَّ أُفْرِعَتْ,Before Islam: VIth century,tawil_complete,tawil_complete
3198,Tarafa Ibn Al Abd,Moallaqa,27,مَوَارِدُ مِنْ خَلْقَاءَ فِي ظَهْرِ قَرْدَدِ,كَأَنَّ عُلُوبَ النِّسْعِ فِي دَأَبَاتِهَا,Before Islam: VIth century,tawil_complete,tawil_complete
3199,Tarafa Ibn Al Abd,Moallaqa,28,بَنَائِقُ غُرٍّ فِي قَمِيصٍ مُقَدَّدِ,تَلَاقَى وَأَحْيَانًا تَبِينُ كَأَنَّهَا,Before Islam: VIth century,tawil_complete,tawil_complete
3200,Tarafa Ibn Al Abd,Moallaqa,29,كَسُكَّانِ بُوصِيٍّ بِدَجْلَةَ مُصْعِدِ,وَأَتْلَعُ نَهَّاضٌ إِذَا صَعَّدَتْ بِهِ,Before Islam: VIth century,tawil_complete,tawil_complete
3201,Tarafa Ibn Al Abd,Moallaqa,30,وَعَى المُلْتَقَى مِنْهَا إِلَى حَرْفِ مِبْرَدِ,وَجُمْجُمَةٌ مِثْلُ العَلَاةِ كَأَنَّمَا,Before Islam: VIth century,tawil_complete,tawil_complete
3202,Tarafa Ibn Al Abd,Moallaqa,31,كَسِبْتِ اليَمَانِي قَدُّهُ لَمْ يُجَرَّدِ,وَخَدٌّ كَقِرْطَاسِ الشَّآمِي وَمِشْفَرٌ,Before Islam: VIth century,tawil_complete,tawil_complete
3203,Tarafa Ibn Al Abd,Moallaqa,32,بِكَهْفَيْ حِجَاجَيْ صَخْرَةٍ قَلْتِ مَوْرِدِ,وَعَيْنَانِ كَالمَاوِيَّتَيْنِ اسْتَكَنَّتَا,Before Islam: VIth century,tawil_complete,tawil_complete
3204,Tarafa Ibn Al Abd,Moallaqa,33,كَمَكْحُولَتَيْ مَذْعُورَةٍ أُمِّ فَرْقَدِ,طَحُورَانِ عُوَّارَ القَذَى فَتَرَاهُمَا,Before Islam: VIth century,tawil_complete,tawil_complete
3205,Tarafa Ibn Al Abd,Moallaqa,34,لِهَجْسٍ خَفِيٍّ أَوْ لِصَوْتٍ مُنَدَّدِ,وَصَادِقَتَا سَمْعِ التَّوَجُّسِ لِلسُّرَى,Before Islam: VIth century,tawil_complete,tawil_complete
3206,Tarafa Ibn Al Abd,Moallaqa,35,كَسَامِعَتَيْ شَاةٍ بِحَوْمَلَ مُفْرَدِ,مُؤَلَّلَتَانِ تَعْرِفُ العِتْقَ فِيهِمَا,Before Islam: VIth century,tawil_complete,tawil_complete
3207,Tarafa Ibn Al Abd,Moallaqa,36,كَمِرْدَاةِ صَخْرٍ فِي صَفِيحٍ مُصَمَّدِ,وَأَرْوَعُ نَبَّاضٌ أَحَذُّ مُلَمْلَمٌ,Before Islam: VIth century,tawil_complete,tawil_complete
3208,Tarafa Ibn Al Abd,Moallaqa,37,عَتِيقٌ مَتَى تَرْجُمْ بِهِ الأَرْضَ تَزْدَدِ,وَأَعْلَمُ مَخْرُوتٌ مِنَ الأَنْفِ مَارِنٌ,Before Islam: VIth century,tawil_complete,tawil_complete
3209,Tarafa Ibn Al Abd,Moallaqa,38,مَخَافَةَ مَلْوِيٍّ مِنَ القَدِّ مُحْصَدِ,وَإِنْ شِئْتُ لَمْ تُرْقِلْ وَإِنْ شِئْتُ أَرْقَلَتْ,Before Islam: VIth century,tawil_complete,tawil_complete
3210,Tarafa Ibn Al Abd,Moallaqa,39,وَعَامَتْ بِضَبْعَيْهَا نَجَاءَ الخَفَيْدَدِ,وَإِنْ شِئْتُ سَامَى وَاسِطَ الكَوْرِ رَأْسُهَا,Before Islam: VIth century,tawil_complete,tawil_complete
3211,Tarafa Ibn Al Abd,Moallaqa,40,أَلَا لَيْتَنِي أَفْدِيكَ مِنْهَا وَأَفْتَدِي,عَلَى مِثْلِهَا أَمْضِي إِذَا قَالَ صَاحِبِي,Before Islam: VIth century,tawil_complete,tawil_complete
3212,Tarafa Ibn Al Abd,Moallaqa,41,أَلَا لَيْتَنِي أَفْدِيكَ مِنْهَا وَأَفْتَدِي,عَلَى مِثْلِهَا أَمْضِي إِذَا قَالَ صَاحِبِي,Before Islam: VIth century,tawil_complete,tawil_complete
3213,Tarafa Ibn Al Abd,Moallaqa,42,مُصَابًا وَلَوْ أَمْسَى عَلَى غَيْرِ مَرْصَدِ,وَجَاشَتْ إِلَيْهِ النَّفْسُ خَوْفًا وَخَالَهُ,Before Islam: VIth century,tawil_complete,tawil_complete
3214,Tarafa Ibn Al Abd,Moallaqa,43,عُنِيْتُ فَلَمْ أَكْسَلْ وَلَمْ أَتَبَلَّدِ,إِذَا القَوْمُ قَالُوا مَنْ فَتًى خِلْتُ أَنَّنِي,Before Islam: VIth century,tawil_complete,tawil_complete
3215,Tarafa Ibn Al Abd,Moallaqa,44,وَقَدْ خَبَّ آلُ الأمْعَزِ المُتَوَقِّدِ,أَحَلْتُ عَلَيْهَا بِالقَطِيْعِ فَأَجْذَمَتْ,Before Islam: VIth century,tawil_complete,tawil_complete
3216,Tarafa Ibn Al Abd,Moallaqa,45,تُرِي رَبَّهَا أَذْيَالَ سَحْلٍ مُمَدَّدِ,فَذَالَتْ كَمَا ذَالَتْ ولِيْدَةُ مَجْلِسٍ,Before Islam: VIth century,tawil_complete,tawil_complete
3217,Tarafa Ibn Al Abd,Moallaqa,46,وَإِنْ تَلْتَمِسْنِي فِي الحَوَانِيتِ تَصْطَدِ,فَإِنْ تَبْغِنِي فِي حَلْقَةِ القَوْمِ تَلْقِنِي,Before Islam: VIth century,tawil_complete,tawil_complete
3218,Tarafa Ibn Al Abd,Moallaqa,47,إِلَى ذِرْوَةِ البَيْتِ الشَّرِيْفِ المُصَمَّدِ,وَإِنْ يَلْتَقِ الحَيُّ الجَمِيْعُ تُلاَقِنِي,Before Islam: VIth century,tawil_complete,tawil_complete
3219,Tarafa Ibn Al Abd,Moallaqa,48,تَرُوحُ عَلَينَا بَيْنَ بُرْدٍ وَمُجْسَدِ,نَدَامَايَ بِيْضٌ كَالنُّجُومِ وَقَيْنَةٌ,Before Islam: VIth century,tawil_complete,tawil_complete
3220,Tarafa Ibn Al Abd,Moallaqa,49,بِجَسِّ النُّدَامَى بَضَّةُ المُتَجَرَّدِ,رَحِيبٌ قِطَابُ الجَيْبِ مِنْهَا رَقِيقَةٌ,Before Islam: VIth century,tawil_complete,tawil_complete
3221,Tarafa Ibn Al Abd,Moallaqa,50,عَلَى رِسْلِهَا مَطْرُوقَةً لَمْ تَشَدَّدِ,إِذَا نَحْنُ قُلْنَا أَسْمِعِيْنَا انْبَرَتْ لَنَا,Before Islam: VIth century,tawil_complete,tawil_complete
3222,Tarafa Ibn Al Abd,Moallaqa,51,تَجَاوُبَ أَظْآرٍ عَلَى رُبَعٍ رَدِ,إِذَا رَجَّعَتْ فِي صَوْتِهَا خِلْتَ صَوْتَهَا,Before Islam: VIth century,tawil_complete,tawil_complete
3223,Tarafa Ibn Al Abd,Moallaqa,52,وَبَيْعِي وَإِنْفَاقِي طَرِيفِي وَمُتْلَدِي,وَمَا زَالَ تَشْرَابِي الخُمُورَ وَلَذَّتِي,Before Islam: VIth century,tawil_complete,tawil_complete
3224,Tarafa Ibn Al Abd,Moallaqa,53,وَأُفْرِدْتُ إِفْرَادَ البَعِيرِ المُعَبَّدِ,إِلَى أنْ تَحَامَتْنِي العَشِيرَةُ كُلُّهَا,Before Islam: VIth century,tawil_complete,tawil_complete
3225,Tarafa Ibn Al Abd,Moallaqa,54,وَلَا أَهْلُ هَذَاكَ الطِّرَافِ المُمَدَّدِ,رَأَيْتُ بَنِي غَبْرَاءَ لَا يُنْكِرُونَنِي,Before Islam: VIth century,tawil_complete,tawil_complete
3226,Tarafa Ibn Al Abd,Moallaqa,55,وَأَنْ أَنْهَلَ اللَّذَّاتِ هَلْ أَنْتَ مُخْلِدِي,أَلَا أَيُّ هَذَا اللَّائِمِي أَحْضُرَ الوَغَى,Before Islam: VIth century,tawil_complete,tawil_complete
3227,Tarafa Ibn Al Abd,Moallaqa,56,فَدَعْنِي أُبَادِرْهَا بِمَا مَلَكَتْ يَدِي,فَإِنْ كُنْتَ لَا تَسْطِيعُ دَفْعَ مَنِيَّتِي,Before Islam: VIth century,tawil_complete,tawil_complete
3228,Tarafa Ibn Al Abd,Moallaqa,57,وَجَدِّكَ لَمْ أَحْفِلْ مَتَى قَامَ عُوَّدِي,وَلَوْلَا ثَلَاثٌ هُنَّ مِنْ عَيْشَةِ الفَتَى,Before Islam: VIth century,tawil_complete,tawil_complete
3229,Tarafa Ibn Al Abd,Moallaqa,58,كُمَيْتٍ مَتَى مَا تُعْلَ بِالمَاءِ تُزْبِدِ,فَمِنْهُنَّ سَبْقِي العَاذِلَاتِ بِشَرْبَةٍ,Before Islam: VIth century,tawil_complete,tawil_complete
3230,Tarafa Ibn Al Abd,Moallaqa,59,كَسِيدِ الغَضَا نَبَّهْتَهُ المُتَوَرِّدِ,وَكَرِّي إِذَا نَادَى المُضَافُ مُجَنَّبًا,Before Islam: VIth century,tawil_complete,tawil_complete
3231,Tarafa Ibn Al Abd,Moallaqa,60,بِبَهْكَنَةٍ تَحْتَ الخِبَاءِ المُعَمَّدِ,وَتَقْصِيرُ يَوْمِ الدَّجْنِ وَالدَّجْنُ مُعْجِبٌ,Before Islam: VIth century,tawil_complete,tawil_complete
3232,Tarafa Ibn Al Abd,Moallaqa,61,عَلَى عُشَرٍ أَوْ خِرْوَعٍ لَمْ يُخَضَّدِ,كَأَنَّ البُرِينَ وَالدَّمَالِيجَ عُلِّقَتْ,Before Islam: VIth century,tawil_complete,tawil_complete
3233,Tarafa Ibn Al Abd,Moallaqa,62,سَتَعْلَمُ إِنْ مُتْنَا غَدًا أَيُّنَا الصَّدِي,كَرِيمٌ يُرَوِّي نَفْسَهُ فِي حَيَاتِهِ,Before Islam: VIth century,tawil_complete,tawil_complete
3234,Tarafa Ibn Al Abd,Moallaqa,63,كَقَبْرِ غَوِيٍّ فِي البَطَالَةِ مُفْسِدِ,أَرَى قَبْرَ نَحَّامٍ بَخِيْلٍ بِمَالِهِ,Before Islam: VIth century,tawil_complete,tawil_complete
3235,Tarafa Ibn Al Abd,Moallaqa,64,صَفَائِحُ صُمٌّ مِنْ صَفِيْحٍ مُنَضَّدِ,تَرَى جُثْوَنَيْنِ مِن تُرَابٍ عَلَيْهِمَا,Before Islam: VIth century,tawil_complete,tawil_complete
3236,Tarafa Ibn Al Abd,Moallaqa,65,عَقِيلَةَ مَالِ الفَاحِشِ المُتَشَدِّدِ,أَرَى المَوْتَ يَعْتَامُ الكِرَامَ وَيَصْطَفِي,Before Islam: VIth century,tawil_complete,tawil_complete
3237,Tarafa Ibn Al Abd,Moallaqa,66,وَمَا تَنْقُصِ الأيَّامُ وَالدَّهْرُ يَنْفَدِ,أَرَى العَيْشَ كَنْزًا نَاقِصًا كُلَّ لَيْلَةٍ,Before Islam: VIth century,tawil_complete,tawil_complete
3238,Tarafa Ibn Al Abd,Moallaqa,67,لَكَالطِّوَلِ المُرْخَى وثِنْيَاهُ بِاليَدِ,لَعَمْرُكَ إِنَّ المَوتَ مَا أَخْطَأَ الفَتَى,Before Islam: VIth century,tawil_complete,tawil_complete
3239,Tarafa Ibn Al Abd,Moallaqa,68,مَتَى أَدْنُ مِنْهُ يَنْأَ عَنِّي وَيَبْعُدِ,فَمَا لِي أَرَانِي وَابْنَ عَمِّيَ مَالِكًا,Before Islam: VIth century,tawil_complete,tawil_complete
3240,Tarafa Ibn Al Abd,Moallaqa,69,كَمَا لَامَنِي فِي الحَيِّ قُرْطُ بْنُ مَعْبَدِ,يَلُومُ وَمَا أَدْرِي عَلَامَ يَلُومُنِي,Before Islam: VIth century,tawil_complete,tawil_complete
3241,Tarafa Ibn Al Abd,Moallaqa,70,كَأَنَّا وَضَعْنَاهُ إِلَى رَمْسِ مُلْحَدِ,وَأَيْأَسَنِي مِنْ كُلِّ خَيْرٍ طَلَبْتُهُ,Before Islam: VIth century,tawil_complete,tawil_complete
3242,Tarafa Ibn Al Abd,Moallaqa,71,نَشَدْتُ فَلَمْ أَغْفِلْ حَمَولَةَ مَعْبَدِ,عَلَى غَيْرِ شَيْءٍ قُلْتُهُ غَيْرَ أَنَّنِي,Before Islam: VIth century,tawil_complete,tawil_complete
3243,Tarafa Ibn Al Abd,Moallaqa,72,مَتَى يَكُ أَمْرٌ لِلنَّكِيثَةِ أَشْهَدِ,وَقَرَّبْتُ بِالقُرْبَى وَجَدِّكَ إِنَّنِي,Before Islam: VIth century,tawil_complete,tawil_complete
3244,Tarafa Ibn Al Abd,Moallaqa,73,وَإِنْ يَأْتِكَ الأَعْدَاءُ بِالجَهْدِ أَجْهَدِ,وَإِنْ أُدْعَ لِلْجُلَّى أَكُنْ مِنْ حُمَاتِهَا,Before Islam: VIth century,tawil_complete,tawil_complete
3245,Tarafa Ibn Al Abd,Moallaqa,74,بِكَأْسِ حِيَاضِ المَوْتِ قَبْلَ التَّهَدُّدِ,وَإِنْ يَقْذِفُوا بِالقَذْعِ عِرْضَكَ أَسْقِهِمْ,Before Islam: VIth century,tawil_complete,tawil_complete
3246,Tarafa Ibn Al Abd,Moallaqa,75,هِجَائِي وَقَذْفِي بِالشَّكَاةِ وَمُطْرَدِي,بِلَا حَدَثٍ أَحْدَثْتُهُ وَكَمُحْدَثٍ,Before Islam: VIth century,tawil_complete,tawil_complete
3247,Tarafa Ibn Al Abd,Moallaqa,76,لَفَرَّجَ كَرْبِي أَوْ لَأَنْظَرَنِي غَدِي,فَلَوْ كَانَ مَوْلَايَ امْرَأً هُوَ غَيْرَهُ,Before Islam: VIth century,tawil_complete,tawil_complete
3248,Tarafa Ibn Al Abd,Moallaqa,77,عَلَى الشُّكْرِ وَالتَّسْآلِ أَوْ أَنَا مُفْتَدِ,وَلَكِنَّ مَوْلَايَ امْرُؤٌ هُوَ خَانِقِي,Before Islam: VIth century,tawil_complete,tawil_complete
3249,Tarafa Ibn Al Abd,Moallaqa,78,عَلَى المَرْءِ مِنْ وَقْعِ الحُسَامِ المُهَنَّدِ,وَظُلْمُ ذَوِي القُرْبَى أَشَدُّ مَضَاضَةً,Before Islam: VIth century,tawil_complete,tawil_complete
3250,Tarafa Ibn Al Abd,Moallaqa,79,وَلَوْ حَلَّ بَيْتِي نَائِيًا عِنْدَ ضَرْغَدِ,فَذَرْنِي وَخُلْقِي إِنَّنِي لَكَ شَاكِرٌ,Before Islam: VIth century,tawil_complete,tawil_complete
3251,Tarafa Ibn Al Abd,Moallaqa,80,وَلَوْ شَاءَ رَبِّي كُنْتُ عَمْرُو بْنَ مَرْثَدِ,فَلَوْ شَاءَ رَبِّي كُنْتُ قَيْسَ بْنَ خَالِدٍ,Before Islam: VIth century,tawil_complete,tawil_complete
3252,Tarafa Ibn Al Abd,Moallaqa,81,بَنُونَ كِرَامٌ سَادَةٌ لِمُسَوَّدِ,فَأَصْبَحْتُ ذَا مَالٍ كَثِيرٍ وَزَارَنِي,Before Islam: VIth century,tawil_complete,tawil_complete
3253,Tarafa Ibn Al Abd,Moallaqa,82,خَشَاشٌ كَرَأْسِ الحَيَّةِ المُتَوَقِّدِ,أَنَا الرَّجُلُ الضَّرْبُ الَّذِي تَعْرِفُونَهُ,Before Islam: VIth century,tawil_complete,tawil_complete
3254,Tarafa Ibn Al Abd,Moallaqa,83,لِعَضْبِ رَقِيقِ الشَّفْرَتَيْنِ مُهَنَّدِ,فَآلَيْتُ لَا يَنْفَكُّ كَشْحِي بِطَانَةً,Before Islam: VIth century,tawil_complete,tawil_complete
3255,Tarafa Ibn Al Abd,Moallaqa,84,كَفَى العَوْدَ مِنْهُ البَدْءُ لَيْسَ بِمِعْضَدِ,حُسَامٍ إِذَا مَا قُمْتُ مُنْتَصِرًا بِهِ,Before Islam: VIth century,tawil_complete,tawil_complete
3256,Tarafa Ibn Al Abd,Moallaqa,85,إِذَا قِيلَ مَهْلًا قَالَ حَاجِزُهُ قَدِي,أَخِي ثِقَةٍ لَا يَنْثَنِي عَنْ ضَرِيبَةٍ,Before Islam: VIth century,tawil_complete,tawil_complete
3257,Tarafa Ibn Al Abd,Moallaqa,86,مَنِيعًا إِذَا بَلَّتْ بِقَائِمِهِ يَدِي,إِذَا ابْتَدَرَ القَوْمُ السِّلَاحَ وَجَدْتَنِي,Before Islam: VIth century,tawil_complete,tawil_complete
3258,Tarafa Ibn Al Abd,Moallaqa,87,بَوَادِيَهَا أَمْشِي بِعَضْبٍ مُجَرَّدِ,وَبَرْكٍ هُجُودٍ قَدْ أَثَارَتْ مَخَافَتِي,Before Islam: VIth century,tawil_complete,tawil_complete
3259,Tarafa Ibn Al Abd,Moallaqa,88,عَقِيلَةَ شَيْخٍ كَالوَبِيلِ يَلَنْدَدِ,فَمَرَّتْ كَهَاةٌ ذَاتُ خَيْفٍ جُلَالَةٌ,Before Islam: VIth century,tawil_complete,tawil_complete
3260,Tarafa Ibn Al Abd,Moallaqa,89,أَلَسْتَ تَرَى أَنْ قَدْ أَتَيْتَ بِمُؤْيَدِ,يَقُولُ وَقَدْ تَرَّ الوَظِيفُ وَسَاقُهَا,Before Islam: VIth century,tawil_complete,tawil_complete
3261,Tarafa Ibn Al Abd,Moallaqa,90,شَدِيدٌ عَلَيْنَا بَغْيُهُ مُتَعَمِّدِ,وقَالَ أَلَا مَاذَا تَرَونَ بِشَارِبٍ,Before Islam: VIth century,tawil_complete,tawil_complete
3262,Tarafa Ibn Al Abd,Moallaqa,91,وَإِلَّا تَكُفُّوا قَاصِيَ البَرْكِ يَزْدَدِ,وَقَالَ ذَرُوهُ إِنَّمَا نَفْعُهَا لَهُ,Before Islam: VIth century,tawil_complete,tawil_complete
3263,Tarafa Ibn Al Abd,Moallaqa,92,وَيُسْغَى عَلَيْنَا بِالسَّدِيفِ المُسَرْهَدِ,فَظَلَّ الإِمَاءُ يَمْتَلِلْنَ حُوَارَهَا,Before Islam: VIth century,tawil_complete,tawil_complete
3264,Tarafa Ibn Al Abd,Moallaqa,93,وَشُقِّي عَلَيَّ الجَيْبَ يَا ابْنَةَ مَعْبَدِ,فَإِنْ مُتُّ فَانْعِيْنِي بِمَا أَنَا أَهْلُهُ,Before Islam: VIth century,tawil_complete,tawil_complete
3265,Tarafa Ibn Al Abd,Moallaqa,94,كَهَمِّي وَلَا يُغْنِي غَنَائِي وَمَشْهَدِي,وَلَا تَجْعَلِينِي كَامْرِئٍ لَيْسَ هَمُّهُ,Before Islam: VIth century,tawil_complete,tawil_complete
3266,Tarafa Ibn Al Abd,Moallaqa,95,ذَلُولٍ بِأَجْمَاعِ الرِّجَالِ مُلَهَّدِ,بَطِيءٍ عَنْ الجُلَّى سَرِيعٍ إِلَى الخَنَى,Before Islam: VIth century,tawil_complete,tawil_complete
3267,Tarafa Ibn Al Abd,Moallaqa,96,عَدَاوَةُ ذِي الأَصْحَابِ وَالمُتَوَحِّدِ,فَلَوْ كُنْتُ وَغْلًا فِي الرِّجَالِ لَضَرَّنِي,Before Islam: VIth century,tawil_complete,tawil_complete
3268,Tarafa Ibn Al Abd,Moallaqa,97,عَلَيْهِمْ وَإِقْدَامِي وَصِدْقِي وَمَحْتِدِي,وَلَكِنْ نَفَى عَنِّي الرِّجَالَ جَرَاءَتِي,Before Islam: VIth century,tawil_complete,tawil_complete
3269,Tarafa Ibn Al Abd,Moallaqa,98,نَهَارِي ولَا لَيْلِي عَلَيَّ بِسَرْمَدِ,لَعَمْرُكَ مَا أَمْرِي عَلَيَّ بُغُمَّةٍ,Before Islam: VIth century,tawil_complete,tawil_complete
3270,Tarafa Ibn Al Abd,Moallaqa,99,حِفَاظًا عَلَى عَوْرَاتِهِ وَالتَّهَدُّدِ,وَيَوْمٍ حَبَسْتُ النَّفْسَ عِنْدَ عِرَاكِهِ,Before Islam: VIth century,tawil_complete,tawil_complete
3271,Tarafa Ibn Al Abd,Moallaqa,100,مَتَى تَعْتَرِكْ فِيهِ الفَرَائِصُ تُرْعَدِ,عَلَى مَوْطِنٍ يَخْشَى الفَتَى عِنْدَهُ الرَّدَى,Before Islam: VIth century,tawil_complete,tawil_complete
3272,Tarafa Ibn Al Abd,Moallaqa,101,عَلَى النَّارِ وَاسْتَوْدَعْتُهُ كَفَّ مُجْمِدِ,وَأَصْفَرَ مَضْبُوحٍ نَظَرْتُ حِوَارَهُ,Before Islam: VIth century,tawil_complete,tawil_complete
3273,Tarafa Ibn Al Abd,Moallaqa,102,وَيَأْتِيْكَ بِالأَخْبَارِ مَنْ لَمْ تُزَوِّدِ,سَتُبْدِي لَكَ الأيَّامُ مَا كُنْتَ جَاهِلًا,Before Islam: VIth century,tawil_complete,tawil_complete
3274,Tarafa Ibn Al Abd,Moallaqa,103,بَتَاتًا وَلَمْ تَضْرِبْ لَهُ وَقْتَ مَوْعِدِ,وَيَأْتِيكَ بِالأَخْبَارِ مَنْ لَمْ تَبِعْ لَهُ,Before Islam: VIth century,tawil_complete,tawil_complete
1163,Zohayr Ibn Abi Salma,Amin Aali Layla,1,بِذِي حُرُضٍ مَاثِلَاتٍ مُثُولَا,أَمِنْ آلِ لَيْلَى عَرَفْتَ الطُّلُولَا,Before Islam: VIth century,motaqaarib_complete,motaqaarib_complete
1164,Zohayr Ibn Abi Salma,Amin Aali Layla,2,نَ عَنْ فَرْطِ حَوْلَيْنِ رَقًّا مُحِيلَا,بَلَيْنَ وَتَحْسِبُ آيَاتِهِنْ,Before Islam: VIth century,motaqaarib_complete,motaqaarib_complete
1165,Zohayr Ibn Abi Salma,Amin Aali Layla,3,أَعْصِي النُّهَاةَ وَأُمْضِي الفُؤُولَا,إِلَيْكَ سِنَانُ الغَدَاةَ الرَّحِيلُ,Before Islam: VIth century,motaqaarib_complete,motaqaarib_complete
1166,Zohayr Ibn Abi Salma,Amin Aali Layla,4,بَنِي وَائِلٍ وَارْهَبَيْهِ جَدِيلَا,فَلَا تَأْمَنِي غَزْوَ أَفْرَاسِهِ,Before Islam: VIth century,motaqaarib_complete,motaqaarib_complete
1167,Zohayr Ibn Abi Salma,Amin Aali Layla,5,بِالقَوْمِ فِي الغَزْوِ حَتَّى يُطِيلَا,وَكَيْفَ اتِّقَاءُ امْرِئٍ لَا يَؤُوبُ,Before Islam: VIth century,motaqaarib_complete,motaqaarib_complete
1168,Zohayr Ibn Abi Salma,Amin Aali Layla,6,غَزَوْنَ مَخَاضًا وَأُدِّينَ حَوْلَا,بِشُعْثٍ مُعَطَّلَةٍ كَالقِسِيِّي,Before Islam: VIth century,motaqaarib_complete,motaqaarib_complete
1169,Zohayr Ibn Abi Salma,Amin Aali Layla,7,وَضُمَّرُهَا قَافِلَاتٌ قُفُولَا,نَوَاشِزَ أَطْبَاقُ أَعْنَاقِهَا,Before Islam: VIth century,motaqaarib_complete,motaqaarib_complete
1170,Zohayr Ibn Abi Salma,Amin Aali Layla,8,رِ لَمْ تُلْفَ فِي القَوْمِ نِكْسًا ضَئِيلَا,إِذَا أَدْلَجُوا لِحِوَالِ الغِوَا,Before Islam: VIth century,motaqaarib_complete,motaqaarib_complete
1171,Zohayr Ibn Abi Salma,Amin Aali Layla,9,حِ لَيْلَةَ ذَلِكَ عِضًّا بَسِيلَا,وَلَكِنَّ جَلْدًا جَمِيعَ السِّلَا,Before Islam: VIth century,motaqaarib_complete,motaqaarib_complete
1172,Zohayr Ibn Abi Salma,Amin Aali Layla,10,أَنَاخَ فَشَنَّ عَلَيْهِ الشَّلِيلَا,فَلَمَّا تَبَلَّجَ مَا فَوْقَهُ,Before Islam: VIth century,motaqaarib_complete,motaqaarib_complete
1173,Zohayr Ibn Abi Salma,Amin Aali Layla,11,تَرُدُّ القَوَاضِبَ عَنْهَا فُلُولَا,وَضَاعَفَ مِنْ فَوْقِهَا نَثْرَةً,Before Islam: VIth century,motaqaarib_complete,motaqaarib_complete
1174,Zohayr Ibn Abi Salma,Amin Aali Layla,12,لِ تُغْشَي عَلَى قَدَمَيْهِ فُضُولَا,مُضَاعَفَةً كَأَضَاةِ المَسِي,Before Islam: VIth century,motaqaarib_complete,motaqaarib_complete
1175,Zohayr Ibn Abi Salma,Amin Aali Layla,13,لِلْوَازِعِيهِنَّ خَلُّوا السَّبِيلَا,فَنَهْنَهَهَا سَاعَةً ثُمَّ قَالَ,Before Islam: VIth century,motaqaarib_complete,motaqaarib_complete
1176,Zohayr Ibn Abi Salma,Amin Aali Layla,14,بِ جَأْوَاءَ تُتْبِعُ شُخْبًا ثَعُولَا,فَأَتْبَعَهُمْ فَيْلَقًا كَالسَّرَا,Before Islam: VIth century,motaqaarib_complete,motaqaarib_complete
1177,Zohayr Ibn Abi Salma,Amin Aali Layla,15,رِعَالًا سِرَاعًا تُبَارِي رَعِيلَا,عَنَاجِيجَ فِي كُلِّ رَهْوٍ تَرَى,Before Islam: VIth century,motaqaarib_complete,motaqaarib_complete
1178,Zohayr Ibn Abi Salma,Amin Aali Layla,16,ءِ يَرْكُضْنَ مِيلًا وَيَنْزِعْنَ مِيلَا,جَوَانِحَ يَخْلِجْنَ خَلْجَ الظِّبَا,Before Islam: VIth century,motaqaarib_complete,motaqaarib_complete
1179,Zohayr Ibn Abi Salma,Amin Aali Layla,17,وَظَلَّ عَلَى القَوْمِ يَوْمًا طَوِيلَا,فَظَلَّ قَصِيرًا عَلَى صَحْبِهِ,Before Islam: VIth century,motaqaarib_complete,motaqaarib_complete
703,Zohayr Ibn Abi Salma,Bana Alkhalit,1,وَزَوَّدُوكَ اشْتِيَاقًا أَيَّةً سَلَكُوا,بَانَ الخَلِيطُ وَلَمْ يَأْوُوا لِمَنْ تَرَكُوا,Before Islam: VIth century,bassit_complete,bassit_complete
704,Zohayr Ibn Abi Salma,Bana Alkhalit,2,إِلَى الظَّهِيرَةِ أَمْرٌ بَيْنَهُمْ لَبِكُ,رَدَّ القِيَانُو جَمَالَ الحَيِّ فَاحْتَمَلُوا,Before Islam: VIth century,bassit_complete,bassit_complete
705,Zohayr Ibn Abi Salma,Bana Alkhalit,3,تَخَالُجُ الأَمْرِ إِنَّ الأَمْرَ مُشْتَرَكُ,مَا إِنْ يَكَادُ يُخَلِّيهِمْ لِوِجْهَتِهِمْ,Before Islam: VIth century,bassit_complete,bassit_complete
706,Zohayr Ibn Abi Salma,Bana Alkhalit,4,وَمِنْهُمُ بِالقَسُومِيَّاتِ مُعْتَرَكُ,ضَحَّوْا قَلِيلًا قَفَا كُثْبَانِ أَسْنُمَةٍ,Before Islam: VIth century,bassit_complete,bassit_complete
707,Zohayr Ibn Abi Salma,Bana Alkhalit,5,يُغْشِي السَّفَائِنَ مَوْجَ اللُّجَّةِ العَرَكُ,يَغْشَى الحُدَاةُ بِهِمْ وَعْثَ الكَثِيبِ كَمَا,Before Islam: VIth century,bassit_complete,bassit_complete
708,Zohayr Ibn Abi Salma,Bana Alkhalit,6,مَاءٌ بِشَرْقِيِّ سَلْمَى فَيْدُ أَوْ رَكَكُ,ثُمَّ اسْتَمَرُّوا وَقَالُوا إِنَّ مَوْعِدُكُمْ,Before Islam: VIth century,bassit_complete,bassit_complete
709,Zohayr Ibn Abi Salma,Bana Alkhalit,7,يُزْجِي أَوَائِلَهَا التَّبْغِيلُ وَالرَّتَكُ,هَلْ تُبْلِغَنِّيَ أَدْنَى دَارِهِمْ قُلُصٌ,Before Islam: VIth century,bassit_complete,bassit_complete
710,Zohayr Ibn Abi Salma,Bana Alkhalit,8,إِلَّا القُطُوعُو عَلَى الأَكْوَارِ وَالوَرَكُ,مُقْوَرَّةٌ تَتَبَارَى لَا شَوَارَ لَهَا,Before Islam: VIth century,bassit_complete,bassit_complete
711,Zohayr Ibn Abi Salma,Bana Alkhalit,9,عَلَى لَوَاحِبَ بِيضٍ بَيْنَهَا الشَّرَكُ,مِثْلُ النِّعَامِ إِذَا هَيَّجْتَهَا ارْتَفَعَتْ,Before Islam: VIth century,bassit_complete,bassit_complete
712,Zohayr Ibn Abi Salma,Bana Alkhalit,10,قُمْرًا مَرَاتِعُهَا القِيعَانُ وَالنَّبَكُ,وَقَدْ أَرُوحُ أَمَامَ الحَيِّ مُقْتَنِصًا,Before Islam: VIth century,bassit_complete,bassit_complete
713,Zohayr Ibn Abi Salma,Bana Alkhalit,11,جَرْدَاءُ لَا فَحَجٌ فِيهَا وَلَا صَكَكُ,وَصَاحِبِي وَرْدَةٌ نَهْدٌ مَرَاكِلُهَا,Before Islam: VIth century,bassit_complete,bassit_complete
714,Zohayr Ibn Abi Salma,Bana Alkhalit,12,حَتَّى إِذَا ضُرِبَتْ بِالسَّوْطِ تَبْتَرِكُ,مَرًّا كِفَاتًا إِذَا مَا المَاءُ أَسْهَلَهَا,Before Islam: VIth century,bassit_complete,bassit_complete
715,Zohayr Ibn Abi Salma,Bana Alkhalit,13,وَرْدٌ وَأَفْرَدَ عَنْهَا أُخْتَهَا الشَّبَكُ,كَأَنَّهَا مِنْ قَطَا الأَجْبَابِ حَانَ لَهَا,Before Islam: VIth century,bassit_complete,bassit_complete
716,Zohayr Ibn Abi Salma,Bana Alkhalit,14,بِالسِيِّ مَا تُنْبِتُ القَفْعَاءُ وَالحَسَكُ,جُونِيَّةٌ كَحَصَاةِ القَسْمِ مَرْتَعُهَا,Before Islam: VIth century,bassit_complete,bassit_complete
717,Zohayr Ibn Abi Salma,Bana Alkhalit,15,طَارَتْ وَفِي كَفِّهِ مِنْ رِيشِهَا بَتَكُ,حَتَّى إِذَا مَا هَوَتْ كَفُّ الغُلَامِ لَهَا,Before Islam: VIth century,bassit_complete,bassit_complete
718,Zohayr Ibn Abi Salma,Bana Alkhalit,16,رِيشَ القَوَادِمِ لَمْ تُنْصَبْ لَهُ الشَّرَكُ,أَهْوَى لَهَا أَسْفَعَ الخَدَّيْنِ مُطَّرِقٌ,Before Islam: VIth century,bassit_complete,bassit_complete
719,Zohayr Ibn Abi Salma,Bana Alkhalit,17,نَفْسًا بِمَا سَوْفَ يُنْجِيهَا وَتَتَّرِكُ,لَا شَيْءَ أَسْرَعُ مِنْهَا وَهْيَ طَيِّبَةٌ,Before Islam: VIth century,bassit_complete,bassit_complete
720,Zohayr Ibn Abi Salma,Bana Alkhalit,18,عِنْدَ الذَّنَابِى فَلَا فَوْتٌ وَلَا دَرَكُ,دُونَ السَّمَاءِ وَفَوْقَ الأَرْضِ قَدْرُهُمَا,Before Islam: VIth century,bassit_complete,bassit_complete
721,Zohayr Ibn Abi Salma,Bana Alkhalit,19,يَكَادُ يَخْطَفُهَا طَوْرًا وَتَهْتَلِكُ,عِنْدَ الذَّنَابَى لَهَا صَوْتٌ وَأَزْمِلَةٌ,Before Islam: VIth century,bassit_complete,bassit_complete
722,Zohayr Ibn Abi Salma,Bana Alkhalit,20,مِنْهُو وَقَدْ طَمِعَ الأَظْفَارُ وَالحَنَكُ,ثُمَّ اسْتَمَرَّتْ إِلَى الوَادِي فَأَلْجَأَهَا,Before Islam: VIth century,bassit_complete,bassit_complete
723,Zohayr Ibn Abi Salma,Bana Alkhalit,21,مِنَ الأَبَاطِحِ فِي حَافَاتِهِ البُرَكُ,حَتَّى اسْتَغَاثَتْ بِمَاءٍ لَا رِشَاءَ لَهُ,Before Islam: VIth century,bassit_complete,bassit_complete
724,Zohayr Ibn Abi Salma,Bana Alkhalit,22,رِيحٌ خَرِيقٌ لِضَاحِي مَائِهِ حَبَكُ,مُكَلَّلٌ بِأُصُولِ النَّجْمِ تَنْسُجُهُ,Before Islam: VIth century,bassit_complete,bassit_complete
725,Zohayr Ibn Abi Salma,Bana Alkhalit,23,خَافَ العُيُونَ فَلَمْ يُنْظَرْ بِهِ الحَشَكُ,كَمَا اسْتَغَاثَ بِسَيْءٍ فَزُّ غَيْطَلَةٍ,Before Islam: VIth century,bassit_complete,bassit_complete
726,Zohayr Ibn Abi Salma,Bana Alkhalit,24,كَمَنْصِبِ العِتْرِ دَمَّى رَأْسُهُ النَّسَكُ,فَزَلَّ عَنْهَا وَوَافَى رَأْسَ مَرْقَبَةٍ,Before Islam: VIth century,bassit_complete,bassit_complete
727,Zohayr Ibn Abi Salma,Bana Alkhalit,25,بِأَيِّ حَبْلٍ جِوَارٍ كُنْتُ أَمْتَسِكُ,هَلَّا سَأَلْتِ بَنِي الصَّيْدَاءِ كُلُّهُمُ,Before Islam: VIth century,bassit_complete,bassit_complete
728,Zohayr Ibn Abi Salma,Bana Alkhalit,26,لَوْ كَانَ قَوْمُكَ فِي أَسْبَابِهِ هَلَكُوا,فَلَنْ يَقُولُوا بِحَبْلٍ وَاهِنٍ خَلَقٍ,Before Islam: VIth century,bassit_complete,bassit_complete
93,Zohayr Ibn Abi Salma,Bana Alkhalit,27,لَمْ يَلْقَهَا سُوقَةٌ قَبْلِي وَلَا مَلِكُ,يَا حَارِ لَا أُرْمَيَنْ مِنْكُمْ بِدَاهِيَةٍ,Before Islam: VIth century,bassit_complete,bassit_complete
729,Zohayr Ibn Abi Salma,Bana Alkhalit,28,تَمْعَكْ بِعَرْضِكَ إِنَّ الغَادِرَ المَعَكُ,أُرْدُدْ يَسَارًا وَلَا تَعْنُفْ عَلَيْهِ وَلَا,Before Islam: VIth century,bassit_complete,bassit_complete
730,Zohayr Ibn Abi Salma,Bana Alkhalit,29,يَلْوُونَ مَا عِنْدَهُمْ حَتَّى إِذَا نَهَكُوا,وَلَا تَكُونَنْ كَأَقْوَامٍ عَلِمْتُهُمُ,Before Islam: VIth century,bassit_complete,bassit_complete
731,Zohayr Ibn Abi Salma,Bana Alkhalit,30,مَخَافَةَ الشَّرِّ فَارْتَدُّوا لِمَا تَرَكُوا,طَابَتْ نُفُوسُهُمُ عَنْ حَقِّ خَصْمِهِمُ,Before Islam: VIth century,bassit_complete,bassit_complete
732,Zohayr Ibn Abi Salma,Bana Alkhalit,31,فَاقْدِرْ بِذَرْعِكَ وَانْظُرْ أَيْنَ تَنْسَلِكُ,تَعَلَّمَنْ هَا لَعَمْرِ اللَّهِ ذَا قَسَمًا,Before Islam: VIth century,bassit_complete,bassit_complete
733,Zohayr Ibn Abi Salma,Bana Alkhalit,32,فِي دِينِ عَمْرٍ وَحَالَتْ بَيْنَنَا فَدَكُ,لَئِنْ حَلَلْتَ بِجَوٍّ فِي بَنِي أَسَدٍ,Before Islam: VIth century,bassit_complete,bassit_complete
734,Zohayr Ibn Abi Salma,Bana Alkhalit,33,بَاقٍ كَمَا دَنَسَ القِبْطِيَّةَ الوَدَكُ,لَيَأْتِيَنَّكَ مِنِّي مَنْطِقٌ قَذِعٌ,Before Islam: VIth century,bassit_complete,bassit_complete
2739,Zohayr Ibn Abi Salma,Moallaqa,1,بِحَوْمَانَةِ الدُّرَّاجِ فَالمُتَثَلَّمِ,أَمِنْ أُمِّ أَوْفَى دِمْنَةٌ لَمْ تَكَلَّمِي,Before Islam: VIth century,tawil_complete,tawil_complete
2740,Zohayr Ibn Abi Salma,Moallaqa,2,مَرَاجِيعُ وَشْمٍ فِي نَوَاشِرِ مِعْصَمِ,وَدَارٌ لَهَا بِالرَّقْمَتَيْنِي كَأَنَّهَا,Before Islam: VIth century,tawil_complete,tawil_complete
2741,Zohayr Ibn Abi Salma,Moallaqa,3,وَأَطْلَاؤُهَا يَنْهَضْنَ مِنْ كُلِّ مَجْثَمِ,بِهَا العَيْنُ وَالأَرْآمُ يَمْشِينَ خِلْفَةً,Before Islam: VIth century,tawil_complete,tawil_complete
2742,Zohayr Ibn Abi Salma,Moallaqa,4,فَلَأْيًا عَرَفْتُ الدَّارَ بَعْدَ تَوَهُّمِ,وَقَفْتُ بِهَا مِنْ بَعْدِ عِشْرِينَ حِجَّةً,Before Islam: VIth century,tawil_complete,tawil_complete
2743,Zohayr Ibn Abi Salma,Moallaqa,5,وَنُؤْيًا كَجِذْمِ الحَوْضِ لَمْ يَتَثَلَّمِ,أَثَافِيَ سُفْعًا فِي مُعَرَّسِ مِرْجَلٍ,Before Islam: VIth century,tawil_complete,tawil_complete
2744,Zohayr Ibn Abi Salma,Moallaqa,6,أَلَا انْعِمْ صَبَاحًا أَيُّهَا الرَّبْعُ وَاسْلَمِ,فَلَمَّا عَرَفْتُ الدَّارَ قُلْتُ لِرَبْعِهَا,Before Islam: VIth century,tawil_complete,tawil_complete
2745,Zohayr Ibn Abi Salma,Moallaqa,7,تَحَمَّلْنَ بِالعَلْيَاءِ مِنْ فَوْقِ جُرْثُمِ,تَبَصَّرْ خَلِيلِي هَلْ تَرَى مِنْ ظَعَائِنٍ,Before Islam: VIth century,tawil_complete,tawil_complete
2746,Zohayr Ibn Abi Salma,Moallaqa,8,وَكَمْ بِالقَنَانِ مِنْ مُحِلٍّ وَمُحْرِمِ,جَعَلْنَ القَنَانَ عَنْ يَمِينٍ وَحَزْنَهُ,Before Islam: VIth century,tawil_complete,tawil_complete
2747,Zohayr Ibn Abi Salma,Moallaqa,9,وِرَادٍ حَوَاشِيهَا مُشَاكِهَةُ الدَّمِ,عَلَوْنَ بِأَنْمَاطٍ عِتَاقٍ وَكِلَّةٍ,Before Islam: VIth century,tawil_complete,tawil_complete
2749,Zohayr Ibn Abi Salma,Moallaqa,10,عَلَى كُلِّ قَيْنِيٍّ قَشِيبٍ وَ مُفْأَمِ,ظَهَرْنَ مِنَ السُّوبَانِ ثُمَّ جَزَعْنَهُ,Before Islam: VIth century,tawil_complete,tawil_complete
2748,Zohayr Ibn Abi Salma,Moallaqa,11,عَلَيْهِنَّ دَلُّ النَّاعِمِ المُتَنَعِّمِ,وَوَرَّكْنَ فِي السُّوبَانِ يَعْلُونَ مَتْنَهُ,Before Islam: VIth century,tawil_complete,tawil_complete
2750,Zohayr Ibn Abi Salma,Moallaqa,12,فَهُنَّ وَوَادِي الرَّسِّ كَاليَدِ لِلْفَمِ,بَكَرْنَ بُكُورًا وَاسْتَحَرْنَ بِسُحْرَةٍ,Before Islam: VIth century,tawil_complete,tawil_complete
2751,Zohayr Ibn Abi Salma,Moallaqa,13,أَنِيقٌ لِعَيْنِ النَّاظِرِ المُتَوَسِّمِ,وَفِيهِنَّ مَلْهًى لِلَّطِيفِ وَمَنْظَرٌ,Before Islam: VIth century,tawil_complete,tawil_complete
2752,Zohayr Ibn Abi Salma,Moallaqa,14,نَزَلْنَ بِهِ حَبُّ الفَنَا لَمْ يُحَطَّمِ,كَأَنَّ فُتَاتَ العِهْنِ فِي كُلِّ مَنْزِلٍ,Before Islam: VIth century,tawil_complete,tawil_complete
2753,Zohayr Ibn Abi Salma,Moallaqa,15,وَضَعْنَ عِصِيَّ الحَاضِرِ المُتَخَيِّمِ,فَلَمَّا وَرَدْنَ المَاءَ زُرْقًا جِمَامُهُ,Before Islam: VIth century,tawil_complete,tawil_complete
2754,Zohayr Ibn Abi Salma,Moallaqa,16,عَلَيْهِ خَيَالَاتُ الأَحِبَّةِ يَحْلُمِ,تُذَكِّرُنِي الأَحْلَامَ لَيْلَى وَمَنْ تُطِفْ,Before Islam: VIth century,tawil_complete,tawil_complete
2755,Zohayr Ibn Abi Salma,Moallaqa,17,تَبَزَّلَ مَا بَيْنَ العَشِيرَةِ بِالدَّمِ,سَعَى سَاعِيَا غَيْظِ بْنِ مُرَّةَ بَعْدَمَا,Before Islam: VIth century,tawil_complete,tawil_complete
2756,Zohayr Ibn Abi Salma,Moallaqa,18,رِجَالٌ بَنَوْهُ مِنْ قُرَيْشٍ وَجُرْهُمِ,فَأَقْسَمْتُ بِالبَيْتِ الذِي طَافَ حَوْلَهُ,Before Islam: VIth century,tawil_complete,tawil_complete
2758,Zohayr Ibn Abi Salma,Moallaqa,19,عَلَى كُلِّ حَالٍ مِنْ سَحِيلٍ وَمُبْرَمِ,يَمِينًا لَنِعْمَ السَّيِّدَانِ وُجِدْتُمَا,Before Islam: VIth century,tawil_complete,tawil_complete
2759,Zohayr Ibn Abi Salma,Moallaqa,20,تَفَانَوْا وَدَقُّوا بَيْنَهُمْ عِطْرَ مَنْشَمِ,تَدَارَكْتُمَا عَبْسًا وَذُبْيَانَ بَعْدَمَا,Before Islam: VIth century,tawil_complete,tawil_complete
2760,Zohayr Ibn Abi Salma,Moallaqa,21,بِمَالٍ وَمَعْرُوفٍ مِنَ الأَمْرِ نَسْلَمِ,وَقَدْ قُلْتُمَا إِنْ نُدْرِكِ السِّلْمَ وَاسِعًا,Before Islam: VIth century,tawil_complete,tawil_complete
2761,Zohayr Ibn Abi Salma,Moallaqa,22,بَعِيدَيْنِ فِيهَا مِنْ عُقُوقٍ وَمَأْثَمِ,فَأَصْبَحْتُمَا مِنْهَا عَلَى خَيْرِ مَوْطِنٍ,Before Islam: VIth century,tawil_complete,tawil_complete
2762,Zohayr Ibn Abi Salma,Moallaqa,23,وَمَنْ يَسْتَبِحْ كَنْزًا مِنَ المَجْدِ يَعْظُمِ,عَظِيمَيْنِ فِي عُلْيَا مَعَدٍّ هُدِيتُمَا,Before Islam: VIth century,tawil_complete,tawil_complete
2763,Zohayr Ibn Abi Salma,Moallaqa,24,مَغَانِمُ شَتَّى مِنْ إِفَالٍ مُزَنَّمِ,وَأَصْبَحَ يُحْدَى فِيهِمُ مِنْ تِلَادِكُمْ,Before Islam: VIth century,tawil_complete,tawil_complete
2764,Zohayr Ibn Abi Salma,Moallaqa,25,يُنَجِّمُهَا مَنْ لَيْسَ فِيهَا بِمُجْرِمِ,تُعَفَّى الكُلُومُ بِالمِئَيْنَ فَأَصْبَحَتْ,Before Islam: VIth century,tawil_complete,tawil_complete
2765,Zohayr Ibn Abi Salma,Moallaqa,26,وَلَمْ يُهَرْيِقُوا بَيْنَهُمْ مِلْءَ مِحْجَمِ,يُنَجِّمُهَا قَوْمٌ لِقَوْمٍ غَرَامَةً,Before Islam: VIth century,tawil_complete,tawil_complete
2766,Zohayr Ibn Abi Salma,Moallaqa,27,وَذُبْيَانَ هَلْ أَقْسَمْتُمُ كُلَّ مُقْسَمِ,أَلَا أَبْلِغِ الأَحْلَافَ عَنِّي رِسَالَةً,Before Islam: VIth century,tawil_complete,tawil_complete
2767,Zohayr Ibn Abi Salma,Moallaqa,28,لِيَخْفَى وَمَهْمَا يُكْتَمِ اللَّهُ يَعْلَمِ,فَلَا تَكْتُمُنَّ اللَّهَ مَا فِي نُفُوسِكُمْ,Before Islam: VIth century,tawil_complete,tawil_complete
2768,Zohayr Ibn Abi Salma,Moallaqa,29,لِيَوْمِ الحِسَابِ أَوْ يُعَجَّلْ فَيُنْقَمِ,يُؤَخَّرْ فَيُوضَعْ فِي كِتَابٍ فَيُدَّخَرْ,Before Islam: VIth century,tawil_complete,tawil_complete
2769,Zohayr Ibn Abi Salma,Moallaqa,30,وَمَا هُوَ عَنْهَا بِالحَدِيثِ المُرَجَّمِ,وَمَا الحَرْبُ إِلَّا مَا عَلِمْتُمْ وَذُقْتُمُ,Before Islam: VIth century,tawil_complete,tawil_complete
2770,Zohayr Ibn Abi Salma,Moallaqa,31,وَتَضْرَ إِذَا ضَرَّيْتُمُوهَا فَتَضْرَمِ,مَتَى تَبْعَثُوهَا تَبْعَثُوهَا ذَمِيمَةً,Before Islam: VIth century,tawil_complete,tawil_complete
2771,Zohayr Ibn Abi Salma,Moallaqa,32,وَتَلْقَحْ كِشَافًا ثُمَّ تُنْتَجْ فَتُتْئِمِ,فَتَعْرُكُكُمْ عَرْكَ الرَّحَى بِثِفَالِهَا,Before Islam: VIth century,tawil_complete,tawil_complete
2772,Zohayr Ibn Abi Salma,Moallaqa,33,كَأَحْمَرِ عَادٍ ثُمَّ تُرْضِعْ فَتَفْطِمِ,فَتُنْتِجْ لَكُمْ غِلْمَانَ أَشْأَمَ كُلُّهُمْ,Before Islam: VIth century,tawil_complete,tawil_complete
2773,Zohayr Ibn Abi Salma,Moallaqa,34,قُرَى بِالعِرَاقِ مِنْ قَفِيزٍ وَدِرْهَمِ,فَتُغْلِلْ لَكُمْ مَا لَا تُغِلُّ لِأَهْلِهَا,Before Islam: VIth century,tawil_complete,tawil_complete
2774,Zohayr Ibn Abi Salma,Moallaqa,35,بِمَا لَا يُؤَاتِيهِمْ حُصَيْنُ بْنُ ضَمْضَمِ,لَعَمْرِي لَنِعْمَ الحَيِّ جَرَّ عَلَيْهِمُ,Before Islam: VIth century,tawil_complete,tawil_complete
2775,Zohayr Ibn Abi Salma,Moallaqa,36,فَلَا هُوَ أَبْدَاهَا وَلَمْ يَتَقَدَّمِ,وَكَانَ طَوَى كَشْحًا عَلَى مُسْتَكِنَّةٍ,Before Islam: VIth century,tawil_complete,tawil_complete
2776,Zohayr Ibn Abi Salma,Moallaqa,37,عَدُوِّي بِأَلْفٍ مِنْ وَرَائِيَ مُلْجَمِ,وَقَالَ سَأَقْضِي حَاجَتِي ثُمَّ أَتَّقِي,Before Islam: VIth century,tawil_complete,tawil_complete
2777,Zohayr Ibn Abi Salma,Moallaqa,38,لَدَى حَيْثُ أَلْقَتْ رَحْلَهَا أُمُّ قَشْعَمِ,فَشَدَّ فَلَمْ يُفْزِعْ بُيُوتًا كَثِيرَةً,Before Islam: VIth century,tawil_complete,tawil_complete
2778,Zohayr Ibn Abi Salma,Moallaqa,39,لَهُ لِبَدٌ أَظْفَارُهُ لَمْ تُقَلَّمِ,لَدَى أَسَدٍ شَاكِي السِّلَاحِ مُقَذَّفٍ,Before Islam: VIth century,tawil_complete,tawil_complete
2779,Zohayr Ibn Abi Salma,Moallaqa,40,سَرِيعًا وَإِلَّا يُبْدِ بِالظُّلْمِ يَظْلِمِ,جَرِيءٍ مَتَى يُظْلَمْ يُعَاقَبْ بِظُلْمِهِ,Before Islam: VIth century,tawil_complete,tawil_complete
2780,Zohayr Ibn Abi Salma,Moallaqa,41,غِمَارًا تَفَرَّى بِالسِّلَاحِ وَبِالدَّمِ,دَعَوْا ظِمْئَهُمْ حَتَّى إِذَا تَمَّ أَوْرَدُوا,Before Islam: VIth century,tawil_complete,tawil_complete
2781,Zohayr Ibn Abi Salma,Moallaqa,42,إِلَى كَلَأٍ مُسْتَوْبَلٍ مُتَوَخِّمِ,فَقَضَّوْا مَنَايَا بَيْنَهُمْ ثُمَّ أَصْدَرُوا,Before Islam: VIth century,tawil_complete,tawil_complete
2782,Zohayr Ibn Abi Salma,Moallaqa,43,دَمَ ابْنِ نَهِيكٍ أَوْ قَتِيلِ المُثَلَّمِ,لَعَمْرُكَ مَا جَرَّتْ عَلَيْهِمْ رِمَاحُهُمْ,Before Islam: VIth century,tawil_complete,tawil_complete
2783,Zohayr Ibn Abi Salma,Moallaqa,44,وَلَا وَهَبٍ مِنْهَا وَلَا ابْنِ المُخَزَّمِ,وَلَا شَارَكَتْ فِي المَوْتِ فِي دَمِ نَوْفَلٍ,Before Islam: VIth century,tawil_complete,tawil_complete
2784,Zohayr Ibn Abi Salma,Moallaqa,45,عُلَالَةَ أَلْفٍ بَعْدَ أَلْفٍ مُصَتَّمِ,فَكُلًّا أَرَاهُمْ أَصْبَحُوا يَعْقِلُونَهُ,Before Islam: VIth century,tawil_complete,tawil_complete
2785,Zohayr Ibn Abi Salma,Moallaqa,46,صَحِيحَاتِ مَالٍ طَالِعَاتٍ بِمَخْرِمِ,تُسَاقُ إِلَى قَوْمٍ لِقَوْمٍ غَرَامَةً,Before Islam: VIth century,tawil_complete,tawil_complete
2786,Zohayr Ibn Abi Salma,Moallaqa,47,إِذَا طَرَقَتْ إِحْدَى اللَّيَالِي بِمُعْظَمِ,لِحَيِّ حَلَالٍ يَعْصِمُ النَّاسَ أَمْرَهُمْ,Before Islam: VIth century,tawil_complete,tawil_complete
2787,Zohayr Ibn Abi Salma,Moallaqa,48,وَلَا الجَارِمُ الجَانِي عَلَيْهِمْ بِمُسْلَمِ,كِرَامٍ فَلَا ذُو الضِّغْنِ يُدْرِكُ تَبْلَهُ,Before Islam: VIth century,tawil_complete,tawil_complete
2788,Zohayr Ibn Abi Salma,Moallaqa,49,ثَمَانِينَ حَوْلًا لَا أَبَا لَكَ يَسْأَمِ,سَئِمْتُ تَكَالِيفَ الحَيَاةِ وَمَنْ يَعِشْ,Before Islam: VIth century,tawil_complete,tawil_complete
2789,Zohayr Ibn Abi Salma,Moallaqa,50,تُمِتْهُ وَمَنْ تُخْطِئْ يُعَمَّرْ فَيَهْرَمِ,رَأَيْتُ المَنَايَا خَبْطَ عَشْوَاءَ مَنْ تُصِبْ,Before Islam: VIth century,tawil_complete,tawil_complete
2790,Zohayr Ibn Abi Salma,Moallaqa,51,وَلَكِنَّنِي عَنْ عِلْمِ مَا فِي غَدٍ عَمِ,وَأَعْلَمُ مَا فِي اليَوْمِ وَالأَمْسِ قَبْلَهُ,Before Islam: VIth century,tawil_complete,tawil_complete
2791,Zohayr Ibn Abi Salma,Moallaqa,52,يُضَرَّسْ بِأَنْيَابٍ وَيُوطَأْ بِمَنْسِمِ,وَمَنْ لَمْ يُصَانِعْ فِي أُمُورٍ كَثِيرَةٍ,Before Islam: VIth century,tawil_complete,tawil_complete
2792,Zohayr Ibn Abi Salma,Moallaqa,53,عَلَى قَوْمِهِ يُسْتَغْنَ عَنْهُ وَيُذْمَمِ,وَمَنْ يَكُ ذَا فَضْلٍ فَيَبْخَلْ بِفَضْلِهِ,Before Islam: VIth century,tawil_complete,tawil_complete
2793,Zohayr Ibn Abi Salma,Moallaqa,54,يَفِرْهُ وَمَنْ لَا يَتَّقِ الشَّتْمَ يُشْتَمِ,وَمَنْ يَجْعَلِ المَعْرُوفَ مِنْ دُونِ عِرْضِهِ,Before Islam: VIth century,tawil_complete,tawil_complete
2794,Zohayr Ibn Abi Salma,Moallaqa,55,يَكُنْ حَمْدُهُ ذَمًّا عَلَيْهِ وَيَنْدَمِ,وَمَنْ يَجْعَلِ المَعْرُوفَ فِي غَيْرِ أَهْلِهِ,Before Islam: VIth century,tawil_complete,tawil_complete
2795,Zohayr Ibn Abi Salma,Moallaqa,56,يُهَدَّمْ وَمَنْ لَا يَظْلِمِ النَّاسَ يُظْلَمِ,وَمَنْ لَمْ يَذُدْ عَنْ حَوْضِهِ بِسِلَاحِهِ,Before Islam: VIth century,tawil_complete,tawil_complete
2796,Zohayr Ibn Abi Salma,Moallaqa,57,وَلَوْ رَامَ أَسْبَابَ السَّمَاءِ بِسُلَّمِ,وَمَنْ هَابَ أَسْبَابَ المَنَايَا يَنَلْنَهُ,Before Islam: VIth century,tawil_complete,tawil_complete
2797,Zohayr Ibn Abi Salma,Moallaqa,58,يُطِيعُ العَوَالِي رُكِّبَتْ كُلَّ لَهْذَمِ,وَمَنْ يَعْصِ أَطْرَافَ الزُّجَاجِ فَإِنَّهُ,Before Islam: VIth century,tawil_complete,tawil_complete
2798,Zohayr Ibn Abi Salma,Moallaqa,59,إِلَى مُطْمَئِنِّ البِرِّ لَا يَتَجَمْجَمِ,وَمَنْ يُوفِ لَا يُذْمَمْ وَمَنْ يُفْضِ قَلْبُهُ,Before Islam: VIth century,tawil_complete,tawil_complete
2799,Zohayr Ibn Abi Salma,Moallaqa,60,وَمَنْ لَا يُكَرِّمْ نَفْسَهُ لَا يُكَرَّمِ,وَمَنْ يَغْتَرِبْ يَحْسَبْ عَدُوًّا صَدِيقَهُ,Before Islam: VIth century,tawil_complete,tawil_complete
2800,Zohayr Ibn Abi Salma,Moallaqa,61,وَإِنْ خَالَهَا تَخْفَى عَلَى النَّاسِ تُعْلَمِ,وَمَهْمَا تَكُنْ عِنْدَ امْرِئٍ مِنْ خَلِيقَةٍ,Before Islam: VIth century,tawil_complete,tawil_complete
2801,Zohayr Ibn Abi Salma,Moallaqa,62,زِيَادَتُهُ أَوْ نَقْصُهُ فِي التَّكَلُّمِ,وَكَائِنْ تَرَى مِنْ صَامِتٍ لَكَ مُعْجِبٍ,Before Islam: VIth century,tawil_complete,tawil_complete
2802,Zohayr Ibn Abi Salma,Moallaqa,63,وَلَا يُعْفِهَا يَوْمًا مِنَ الذُّلِّ يَنْدَمِ,وَمَنْ لَا يَزَلْ يَسْتَرْحِلُ النَّاسَ نَفْسَهُ,Before Islam: VIth century,tawil_complete,tawil_complete
2803,Zohayr Ibn Abi Salma,Moallaqa,64,فَلَمْ يَبْقَ إِلَّا صُورَةُ اللَّحْمِ وَالدَّمِ,لِسَانُ الفَتَى نِصْفٌ وَنِصْفٌ فُؤَادُهُ,Before Islam: VIth century,tawil_complete,tawil_complete
2804,Zohayr Ibn Abi Salma,Moallaqa,65,وَإِنَّ الفَتَى بَعْدَ السَّفَاهَةِ يَحْلُمِ,وَإِنَّ سَفَاهَ الشَّيْخِ لَا حِلْمَ بَعْدَهُ,Before Islam: VIth century,tawil_complete,tawil_complete
2805,Zohayr Ibn Abi Salma,Moallaqa,66,وَمَنْ يُكْثِرِ التِّسْآلَ يَوْمًا سَيُحْرَمِ,سَأَلْنَا فَأَعْطَيْتُمْ وَعُدْنَا فَعُدْتُمُ,Before Islam: VIth century,tawil_complete,tawil_complete
