POET,POEM,VERSE,PART1,PART2,ERA,POEM_METER,VERSE_METER
Abdelmonim Al Rifaaii,Nagwa,1,تَجْرِي وَأَحْلَامِيَ فِي غَيِّهَا,تَمْضِي إِلَى حَيْثُ البَعِيدِ البَعِيدْ,Modern,sarii_complete,sarii_complete
Abdelmonim Al Rifaaii,Nagwa,2,أَنْتَ مُجِدٌّ سَالِكٌ دَرْبَهُ,يَدْفَعُهُ الشَّوْقُ إِلَى مَا يُرِيدْ,Modern,sarii_complete,sarii_complete
Abdelmonim Al Rifaaii,Nagwa,3,وَلِي خَيَالٌ سَارِحٌ بِالمُنَى,يَسُوقُنِي حِينًا وَحِينًا يَحِيدْ,Modern,sarii_complete,sarii_complete
Abdelmonim Al Rifaaii,Nagwa,4,كَأَنَّنِي وَالكَوْنُ فِي قَبْضَتِي,مُوَزَّعٌ فِيهِ شَرِيدٌ طَرِيدْ,Modern,sarii_complete,sarii_complete
Abdelmonim Al Rifaaii,Nagwa,5,أَنْتَ عَلَى العَهْدِ وَقَدْ صُنْتَهُ,عَلَى الزَّمَانِ السَّرْمَدِيِّ الأَبِيدْ,Modern,sarii_complete,sarii_complete
Abdelmonim Al Rifaaii,Nagwa,6,هَلْ مَرَّ فِي شَطِّكَ مِنْ شَاعِرٍ,لَهُ غَرَامٌ كُلَّ يَوْمٍ جَدِيدْ,Modern,sarii_complete,sarii_complete
Abdelmonim Al Rifaaii,Nagwa,7,يَسْمُو إِلَى الذِّرْوَةِ فِي زَهْوِهَا,وَيَنْثَنِي وَالسَّهْلُ رَحْبٌ مَدِيدْ,Modern,sarii_complete,sarii_complete
Abdelmonim Al Rifaaii,Nagwa,8,يَا لَيْتَنِي وَالسِّحْرُ عَالِي الذِّرَى,أَرْقَى إِلَى ذَاكَ الجَمَالُ الفَرِيدْ,Modern,sarii_complete,sarii_complete
Abdelmonim Al Rifaaii,Nagwa,9,وَأَنْشُقُ الزَّهْرَةَ فِي أَوْجِهَا,بَيْنَ هَوَى صَعْبٍ وَوَصْلٍ عَنِيدْ,Modern,sarii_complete,sarii_complete
Abdelmonim Al Rifaaii,Nagwa,10,وَتَرْتَعُ النَّجْوَى عَلَى عَرْشِهَا,وَيَنْتَشِي الوَجْدُ وَيَحْلُو النَّشِيدْ,Modern,sarii_complete,sarii_complete
Abdelmonim Al Rifaaii,Nagwa,11,أَوْ لَيْتَنِي أَهْوِي إِلَى جَدْوَلٍ,حَيْثُ الرِّضَا بَعْضُ كِفَافٍ زَهِيدْ,Modern,sarii_complete,sarii_complete
Abdelmonim Al Rifaaii,Nagwa,12,أَرْتَشِفُ القَطْرَةَ لَا أَرْتَوِي,وَرُبَّ صَادٍ لَا يَرُومُ المَزِيدْ,Modern,sarii_complete,sarii_complete
Abdelmonim Al Rifaaii,Nagwa,13,أَسْأَلُهُ عَنْ شَأْنِهِ مَا لَهُ,عَافَ الرُّبَا وَاخْتَارَ ذَاكَ الصَّعِيدْ,Modern,sarii_complete,sarii_complete
Abdelmonim Al Rifaaii,Nagwa,14,آهٍ عَلَى هَمْسِ الجَوَى حَوْلَهُ,وَقُبْلَةً تَحْيَا وَأُخْرَى تَبِيدْ,Modern,sarii_complete,sarii_complete
Abdelmonim Al Rifaaii,Nagwa,15,وَسَاعِدٌ يَقْوَى عَلَى سَاعِدٍ,وَالتَّفُ خَصْرَانٌ وَجِيدٌ وَجِيدْ,Modern,sarii_complete,sarii_complete
Abdelmonim Al Rifaaii,Nagwa,16,خَوَاطِرٌ يَا نِيلُ أَيْقَظْتَهَا,مَاذَا عَلَى رَجْعِ الصَّدَى لَوْ يُعِيدْ,Modern,sarii_complete,sarii_complete
Abdelmonim Al Rifaaii,Nagwa,17,مَاذَا عَلَى الشَّاعِرِ لَوْ جَنَّحَتْ,بِهِ القَوَافِي وَاسْتَجَابَ القَصِيدْ,Modern,sarii_complete,sarii_complete
Abdelmonim Al Rifaaii,Nagwa,18,غَدًا سَأَرْوِي لَكَ مِنْ قِصَّتِي,عَنْ بَارِقٍ لَاحَ وَأُفْقٍ جَدِيدْ,Modern,sarii_complete,sarii_complete
Abdulrahman Al Souaydi,Bochraa FaInna Annasra Waafaanaa,1,بُشْرَى فَإِنَّ النَّصْرَ وَافَانَا,وَكَوْكَبُ النَّصْرِ لَقَدْ زَانَا,Modern,sarii_complete,sarii_complete
Abdulrahman Al Souaydi,Bochraa FaInna Annasra Waafaanaa,2,وَأَقْبَلَ الإِقْبَالَ فِي طَالِعٍ,فَوْقَ سُمُوتِ العِزِّ مُزْدَانَا,Modern,sarii_complete,sarii_complete
Abdulrahman Al Souaydi,Bochraa FaInna Annasra Waafaanaa,3,وَفَلَكُ المَجْدِ غَدًا دَائِرًا,بِأَنْجُمِ الفَخْرِ كَمَا كَانَا,Modern,sarii_complete,sarii_complete
Abdulrahman Al Souaydi,Bochraa FaInna Annasra Waafaanaa,4,وَالنَّصْرُ أَمْسَى نَجْمَهُ زَاهِرًا,زَيَّنَهُ الإِقْبَالُ فَازْدَانَا,Modern,sarii_complete,sarii_complete
Abdulrahman Al Souaydi,Bochraa FaInna Annasra Waafaanaa,5,وَالمَلِكُ السَّامِي غَدَا قَدْرُهُ,فَوْقَ السُّهَا نَاجِمِ كَيْوَانَا,Modern,sarii_complete,sarii_complete
Abdulrahman Al Souaydi,Bochraa FaInna Annasra Waafaanaa,6,فَخْرُ الوَرَى فَجْرُ الهُدَى نَيِّرٌ,بِهِ اسْتَضَاءَتْ آلَ عُثْمَانَا,Modern,sarii_complete,sarii_complete
Abdulrahman Al Souaydi,Bochraa FaInna Annasra Waafaanaa,7,ظُلْمَةُ أَهْلِ الجُورِ زَالَتْ بِهِ,مَا هُوَ إِلَّا شَمْسُ دُنْيَانَا,Modern,sarii_complete,sarii_complete
Abdulrahman Al Souaydi,Bochraa FaInna Annasra Waafaanaa,8,تَاجُ المُلُوكِ الصِّيدِ ذُو هِمَّةٍ,عَلْيَاءَ تَسْتَصْغِرُ ثَهْلَانَا,Modern,sarii_complete,sarii_complete
Abdulrahman Al Souaydi,Bochraa FaInna Annasra Waafaanaa,9,مَوْلَى النَّدَى مَوْلَى مِنَ المَالِ مَا,يَعْجُزُ عَنْهُ الخَطُّ حُسْبَانَا,Modern,sarii_complete,sarii_complete
Abdulrahman Al Souaydi,Bochraa FaInna Annasra Waafaanaa,10,ذُو رَاحَةٍ أَنْدَى مِنَ البَحْرِ إِذْ,قَدْ أَنْبَتَتْ لِلْوَفْدِ عُقْيَانَا,Modern,sarii_complete,sarii_complete
Abdulrahman Al Souaydi,Bochraa FaInna Annasra Waafaanaa,11,يَسْتَرُّ بِالجَائِي يَرُومُ العَطَا,مِنْهُ وَلَوْ أَنْفَسَ مَا كَانَا,Modern,sarii_complete,sarii_complete
Abdulrahman Al Souaydi,Bochraa FaInna Annasra Waafaanaa,12,فَكَعْبَةَ الوَفْدِ غَدَتْ دَارُهُ,حَيْثُ بَنَى لِلْحَمْدِ أَرْكَانَا,Modern,sarii_complete,sarii_complete
Abdulrahman Al Souaydi,Bochraa FaInna Annasra Waafaanaa,13,لِلْوَارِدِينَ الجُودِ مِنْ كَفِّهِ,أَسَالُ جَيْحُونًا وَجَيْحَانَا,Modern,sarii_complete,sarii_complete
Abdulrahman Al Souaydi,Bochraa FaInna Annasra Waafaanaa,14,عِمَادُ أَهْلِ العِزِّ رُكْنُ العُلَى,أَحْسَنُ أَهْلِ الجُودِ إِحْسَانَا,Modern,sarii_complete,sarii_complete
Abdulrahman Al Souaydi,Bochraa FaInna Annasra Waafaanaa,15,البَطَلُ المِغْوَارُ وَقْتَ اللِّقَا,وَفِي الوَغَى لَا زَالَ طَعَّانَا,Modern,sarii_complete,sarii_complete
Abdulrahman Al Souaydi,Bochraa FaInna Annasra Waafaanaa,16,لِكُلِّ قَرْمِ هِيبَةً لَمْ يَدِنْ,وَكُلُّ جَبَّارٍ لَهُ دَانَا,Modern,sarii_complete,sarii_complete
Abdulrahman Al Souaydi,Bochraa FaInna Annasra Waafaanaa,17,تَوَهُّمًا تُفْرَقُ مِنْهُ العِدَى,إِنْ قِيلَ ذَا سِرْبُ سُلَيْمَانَا,Modern,sarii_complete,sarii_complete
Abdulrahman Al Souaydi,Bochraa FaInna Annasra Waafaanaa,18,مَا انْفَكَّ مُذْ غَرَّبَ أَسْيَافُهُ,وَطَّنَهَا الهَامَاتِ إِيطَانَا,Modern,sarii_complete,sarii_complete
Abdulrahman Al Souaydi,Bochraa FaInna Annasra Waafaanaa,19,أَمَا تَرَى المِغْوَارَ فِي وَقْعَةِ الْ,أَحْزَابِ كَمْ جُنْدُلِ فُرْسَانَا,Modern,sarii_complete,sarii_complete
Abdulrahman Al Souaydi,Bochraa FaInna Annasra Waafaanaa,20,إِذْ بَصْرَةُ الفَيْحَاءَ قَدْ أَجْدَبَتْ,وَكَانَ فِيهَا الشَّهْمُ سُلْطَانَا,Modern,sarii_complete,sarii_complete
Abdulrahman Al Souaydi,Bochraa FaInna Annasra Waafaanaa,21,فَرَامَ أَنْ يُخْرِجَ أَجْنَادَهُ,مِنْهَا إِلَى أَكْنَافِ بُغْدَانَا,Modern,sarii_complete,sarii_complete
Abdulrahman Al Souaydi,Bochraa FaInna Annasra Waafaanaa,22,لِكَيْ يَخِفَّ الجَدْبُ عَنْهَا وَكَيْ,يَشْمَلُ مِنْهُ اللُّطْفُ سُكَّانَا,Modern,sarii_complete,sarii_complete
Abdulrahman Al Souaydi,Bochraa FaInna Annasra Waafaanaa,23,فَسَارَ بِالجَحْفَلِ عَنْ قُطْرِهَا,مُتَّخِذَ الحِلَّةِ أَوْطَانَا,Modern,sarii_complete,sarii_complete
Abdulrahman Al Souaydi,Bochraa FaInna Annasra Waafaanaa,24,وَحَيْثَمَا خَيَّمَ فِي دَوِّهَا,قَدْ حَصَّلَتْ دُونَ القُرَى شَانَا,Modern,sarii_complete,sarii_complete
Abdulrahman Al Souaydi,Bochraa FaInna Annasra Waafaanaa,25,وَاسْتَرَّ أَهْلَوْهَا بِمَنْ زَادَهُمْ,إِذْ أَمِنُوا ظُلْمًا وَعُدْوَانَا,Modern,sarii_complete,sarii_complete
Abdulrahman Al Souaydi,Bochraa FaInna Annasra Waafaanaa,26,لَكِنَّ فِي بَغْدَادَ مُذْ شَاعَ ذَا,حَازَتْ أَهَالِي البَغْيِ أَحْزَانَا,Modern,sarii_complete,sarii_complete
Abdulrahman Al Souaydi,Bochraa FaInna Annasra Waafaanaa,27,فَاجْتَمِعُوا عِنْدَ مَلِيكٍ لَهُمْ,وَارْتَكِبُوا غَدْرًا وَكُفْرَانَا,Modern,sarii_complete,sarii_complete
Abdulrahman Al Souaydi,Bochraa FaInna Annasra Waafaanaa,28,مِنْ كُلِّ جَوَّاظٍ عَرِيضِ القَفَا,عَنْ حِلْيَةِ الإِنْصَافِ عِرْيَانَا,Modern,sarii_complete,sarii_complete
Abdulrahman Al Souaydi,Bochraa FaInna Annasra Waafaanaa,29,لَمَّا يَزَلْ مِنْ عَقْلِهِ جَائِعًا,وَمِنْ عَظِيمِ النُّوكِ شَبْعَانَا,Modern,sarii_complete,sarii_complete
Abdulrahman Al Souaydi,Bochraa FaInna Annasra Waafaanaa,30,حَاصُوا كَحُمْرِ الوَحْشِ مِنْ حِينِهِمْ,وَاضْطَرَبَ المَجْلِسُ أَحْيَانَا,Modern,sarii_complete,sarii_complete
Abdulrahman Al Souaydi,Bochraa FaInna Annasra Waafaanaa,31,وَأَجْمَعُوا أَنَّ مَلِيكَ الوَرَى,حَادَ عَنِ الدَّوْلَةِ عِصْيَانَا,Modern,sarii_complete,sarii_complete
Abdulrahman Al Souaydi,Bochraa FaInna Annasra Waafaanaa,32,وَأَنَّهُ مَالَ إِلَى غَدْرِنَا,وَأَنَّهُ جَاءَ لِيَنْكَانَا,Modern,sarii_complete,sarii_complete
Abdulrahman Al Souaydi,Bochraa FaInna Annasra Waafaanaa,33,فَعِنْدَ ذَا قَرَرِ مُفْتِيهِمْ,بِحَرْبِهِ جَهْلًا وَخُذْلَانَا,Modern,sarii_complete,sarii_complete
Abdulrahman Al Souaydi,Bochraa FaInna Annasra Waafaanaa,34,جَهَّزَ جَيْشَ الظُّلْمِ وَالِيُهُمْ,مُجَمِّعًا عَجْمًا وَعُرْبَانَا,Modern,sarii_complete,sarii_complete
Abdulrahman Al Souaydi,Bochraa FaInna Annasra Waafaanaa,35,وَحَاوَلُوا أَنْ يَبْلَغُوا مَأْرَبًا,مِنْ فَارِسِ العَصْرِ سُلَيْمَانَا,Modern,sarii_complete,sarii_complete
Abdulrahman Al Souaydi,Bochraa FaInna Annasra Waafaanaa,36,لَكِنَّهُمْ خَابُوا لِمَا شَاهَدُوا,مِنْهُ رُحَاةَ الحَرْبِ طَحَّانَا,Modern,sarii_complete,sarii_complete
Abdulrahman Al Souaydi,Bochraa FaInna Annasra Waafaanaa,37,إِذْ قَامَ كَالقِسْوَرِ مِنْ غَيْلِهِ,تَحْفُهُ الأَشْبَالُ فُرْسَانَا,Modern,sarii_complete,sarii_complete
Abdulrahman Al Souaydi,Bochraa FaInna Annasra Waafaanaa,38,وَجَرَدَ الأَبْيَضَ مِنْ جَفْنِهِ,وَاعْتَقَلَ الأَسْمَرَ طَعَّانَا,Modern,sarii_complete,sarii_complete
Abdulrahman Al Souaydi,Bochraa FaInna Annasra Waafaanaa,39,وَاقْتَحَمَ الحَرْبَ كَلَيْثٍ إِذَا,صَادَفَ بَعْضَ الصَّيْدِ غُرْثَانَا,Modern,sarii_complete,sarii_complete
Abdulrahman Al Souaydi,Bochraa FaInna Annasra Waafaanaa,40,أَحْمَى وَطَيْسَ الحَرْبِ حَتَّى غَدَا,لَهُ قُتَامُ الجَوِّ دُخَّانَا,Modern,sarii_complete,sarii_complete
Abdulrahman Al Souaydi,Bochraa FaInna Annasra Waafaanaa,41,وَلَمْ يَزَلْ يَرْدِي بِهِنْدَيْهِ الْ,أَبْطَالِ أَمْثَالًا وَأَقْرَانَا,Modern,sarii_complete,sarii_complete
Abdulrahman Al Souaydi,Bochraa FaInna Annasra Waafaanaa,42,حَتَّى إِذَا قَابَلَ جَمْعًا لَهُمْ,وَلُّوا وَقَالُوا أَنَّهُ جَانَا,Modern,sarii_complete,sarii_complete
Abdulrahman Al Souaydi,Bochraa FaInna Annasra Waafaanaa,43,فَرَّقَهُمْ أَيْدِي سَبَا فِي الفُلَا,وَقَدْ قَرَى نَسْرًا وَسُرْحَانَا,Modern,sarii_complete,sarii_complete
Abdulrahman Al Souaydi,Bochraa FaInna Annasra Waafaanaa,44,تَبًّا لَهُمْ عِشْرُونَ أَلْفًا لَهُمْ,وَعَسْكَرُ المِغْوَارِ أَلْفَانَا,Modern,sarii_complete,sarii_complete
Abdulrahman Al Souaydi,Bochraa FaInna Annasra Waafaanaa,45,فَكَيْفَ وَلَّى بَعْضَهُمْ هَارِبًا,وَبَعْضُهُمْ صَاحِبُ أَكْفَانَا,Modern,sarii_complete,sarii_complete
Abdulrahman Al Souaydi,Bochraa FaInna Annasra Waafaanaa,46,بُشْرَاكَ يَا شَهْمُ فَذِي نِعْمَةٌ,دُونَ الوَرَى أَوْلَاكَ مَوْلَانَا,Modern,sarii_complete,sarii_complete
Abdulrahman Al Souaydi,Bochraa FaInna Annasra Waafaanaa,47,فَالنَّصْرُ قَدْ خَصَّكَ دُونَ الوَرَى,وَحَفَّكَ الإِقْبَالُ أَزْمَانَا,Modern,sarii_complete,sarii_complete
Abdulrahman Al Souaydi,Bochraa FaInna Annasra Waafaanaa,48,نَصَرْتَ بِالرُّعْبِ وَذِي وَقْعَةِ الْ,أَحْزَابِ فَافْخَرْ بِالَّذِي كَانَا,Modern,sarii_complete,sarii_complete
Abdulrahman Al Souaydi,Bochraa FaInna Annasra Waafaanaa,49,حَيْثُ لَكُمْ بِالمُصْطَفَى أُسْوَةٌ,حَمِيدَةٌ نِلْتَ بِهَا شَانَا,Modern,sarii_complete,sarii_complete
Abdulrahman Al Souaydi,Bochraa FaInna Annasra Waafaanaa,50,مُذْ بَلَغَ الخِنْكَارُ أَخْبَارَهُ,وَلَّاهُ لِلرَّأْفَةِ بَغْدَانَا,Modern,sarii_complete,sarii_complete
Abdulrahman Al Souaydi,Bochraa FaInna Annasra Waafaanaa,51,حَيْثُ رَآهُ بَاسِلًا فَاتِكَا,يُرْدِي العَدَى فُرْسًا وَعُرْبَانَا,Modern,sarii_complete,sarii_complete
Abdulrahman Al Souaydi,Bochraa FaInna Annasra Waafaanaa,52,ذَا نَجْدَةٍ غَوْثٍ صَرِيخٍ أَخَا الْ,جُودَةِ حَسَّانًا وَحَسَّانَا,Modern,sarii_complete,sarii_complete
Abdulrahman Al Souaydi,Bochraa FaInna Annasra Waafaanaa,53,بَعْدَ العَنَا نَالَ لَذِيذَ العُلَى,وَاغْتَنَمَ الرَّاحَةَ تَعْبَانَا,Modern,sarii_complete,sarii_complete
Abdulrahman Al Souaydi,Bochraa FaInna Annasra Waafaanaa,54,كَمَا اسْتَلَذَّ النَّوْمُ بَعْدَ الكَرَى,فَغَمَّضَ السَّاهِرُ أَجْفَانَا,Modern,sarii_complete,sarii_complete
Abdulrahman Al Souaydi,Bochraa FaInna Annasra Waafaanaa,55,حَمْدًا لَكَ اللَّهُمَّ زَالَ العَنَا,بِهِ وَمَا قَدْ كَانَ أَشْقَانَا,Modern,sarii_complete,sarii_complete
Abdulrahman Al Souaydi,Bochraa FaInna Annasra Waafaanaa,56,وَاسْتَبْشَرَتْ بَغْدَادُ إِذْ حَلَّهَا,فَفَاخَرَتْ مُدْنًا وَبُلْدَانَا,Modern,sarii_complete,sarii_complete
Abdulrahman Al Souaydi,Bochraa FaInna Annasra Waafaanaa,57,مَا هِيَ إِلَّا بَهْجَةً يَتِمَتْ,بَعْدَكَ لَا تَرُوقُ أَغْصَانَا,Modern,sarii_complete,sarii_complete
Abdulrahman Al Souaydi,Bochraa FaInna Annasra Waafaanaa,58,أَضْنَى قِوَاهَا طُولَ هَذَا النَّوَى,حَتَّى أَتَتْ بِالسُّقْمِ بُرْهَانَا,Modern,sarii_complete,sarii_complete
Abdulrahman Al Souaydi,Bochraa FaInna Annasra Waafaanaa,59,بِظَعْنِكُمْ عَنْهَا مَنَارَ الهُدَى,أُخْفِي فَلَا يَطِيعُ تِبْيَانَا,Modern,sarii_complete,sarii_complete
Abdulrahman Al Souaydi,Bochraa FaInna Annasra Waafaanaa,60,وَمُذْ حَلَلْتَ الآنَ فِي رَحْبِهَا,بَدَتْ بِهَا الأَنْوَارُ إِعْلَانَا,Modern,sarii_complete,sarii_complete
Abdulrahman Al Souaydi,Bochraa FaInna Annasra Waafaanaa,61,لَا أَوْحَشَ اللَّهُ رُبُوعًا بِهَا,مِنْكَ وَلَا أَوْحَشَ سُكَّانَا,Modern,sarii_complete,sarii_complete
Abdulrahman Al Souaydi,Bochraa FaInna Annasra Waafaanaa,62,لَا بَرَحَتْ لِمَجْدِكُمْ مَنْزِلَا,وَللثَّنَا وَالحَمْدِ أَوْطَانَا,Modern,sarii_complete,sarii_complete
Abdulrahman Al Souaydi,Bochraa FaInna Annasra Waafaanaa,63,مَوْلَايَ أَعْدَاكَ غَدُوا خَضَعَا,خَوْفًا وَكُلٌّ لَكَ قَدْ دَانَا,Modern,sarii_complete,sarii_complete
Abdulrahman Al Souaydi,Bochraa FaInna Annasra Waafaanaa,64,هِبْ أَنَّهُمْ سَاؤُوا فَأَحْسِنْ بِهِمْ,لِلَّهِ إِذْ أَوْلَاكَ إِحْسَانَا,Modern,sarii_complete,sarii_complete
Abdulrahman Al Souaydi,Bochraa FaInna Annasra Waafaanaa,65,قَدَرْتَ وَالعَفْوُ هُوَ المُرْتَجَى,إِذْ هُوَ مِنْ شِيمَةِ مَوْلَانَا,Modern,sarii_complete,sarii_complete
Abdulrahman Al Souaydi,Bochraa FaInna Annasra Waafaanaa,66,وَاغْضُضْ بِطَرْفِ الحِلْمِ عَنْ غَيِّهِمْ,وَامْنَحَهُمْ عَفْوًا وَغُفْرَانَا,Modern,sarii_complete,sarii_complete
Abdulrahman Al Souaydi,Bochraa FaInna Annasra Waafaanaa,67,فَالحَمْدُ لِلَّهِ غَدُوا مُثْلَةً,كَفَاهُمُ ذُلًّا وَخُسْرَانَا,Modern,sarii_complete,sarii_complete
Abdulrahman Al Souaydi,Bochraa FaInna Annasra Waafaanaa,68,لَا زِلْتَ فِينَا حَاكِمًا عَادِلَا,وَدُمْتَ لِلْعَاصِينَ حَنَّانَا,Modern,sarii_complete,sarii_complete
Abdulrahman Al Souaydi,Bochraa FaInna Annasra Waafaanaa,69,بُشْرَى لَنَا آلَ الزُّوَيْرَاءِ إِذْ,عَزِيزُنَا النَّاصِرُ وَافَانَا,Modern,sarii_complete,sarii_complete
Abdulrahman Al Souaydi,Bochraa FaInna Annasra Waafaanaa,70,أَسْعَدَنَا اللَّهُ بِهِ بَعْدَمَا,بِغَيْرِهِ قَدْ كَانَ أَشْقَانَا,Modern,sarii_complete,sarii_complete
Abdulrahman Al Souaydi,Bochraa FaInna Annasra Waafaanaa,71,وَدَوْلَةُ الأَوْبَاشِ زَالَتْ بِهِ,مُذْ حَلَّ صَدْرُ الدَّسْتِ سُلْطَانَا,Modern,sarii_complete,sarii_complete
Abdulrahman Al Souaydi,Bochraa FaInna Annasra Waafaanaa,72,وَآيَةُ الإِقْبَالِ قَدْ أَرَّخَتْ,المُلْكُ أَضْحَى لِسُلَيْمَانَا,Modern,sarii_complete,sarii_complete
Abi Alatahiya,Inna Al Fanae,1,إِنَّ الفَنَاءَ مِنَ البَقَاءِ قَرِيبُ,إِنَّ الزَّمَانَ إِذَا رَمَى لَمُصِيبُ,Abbassi: VIIIth - XVIth,kamil_complete,kamil_complete
Abi Alatahiya,Inna Al Fanae,2,إِنَّ الزَّمَانَ لِأَهْلِهِ لَمُؤَدَّبٌ,لَوْ كَانَ يَنْفَعُ فِيهِمُ التَّأْدِيبُ,Abbassi: VIIIth - XVIth,kamil_complete,kamil_complete
Abi Alatahiya,Inna Al Fanae,3,صِفَةُ الزَّمَانِ حَكِيمَةٌ وَبَلِيغَةٌ,إِنَّ الزَّمَانَ لَشَاعِرٌ وَخَطِيبُ,Abbassi: VIIIth - XVIth,kamil_complete,kamil_complete
Abi Alatahiya,Inna Al Fanae,4,وَأَرَاكَ تَلْتَمِسُ البَقَاءَ وَطُولُهُ,لَكَ مُهْرِمٌ وَمُعَذِّبٌ وَمُذِيبُ,Abbassi: VIIIth - XVIth,kamil_complete,kamil_complete
Abi Alatahiya,Inna Al Fanae,5,وَلَقَدْ رَأَيْتُكَ لِلزَّمَانِ مُجَرِّبًا,لَوْ كَانَ يُحْكِمُ رَأْيَكَ التَّجْرِيبُ,Abbassi: VIIIth - XVIth,kamil_complete,kamil_complete
Abi Alatahiya,Inna Al Fanae,6,وَلَقَدْ يُكَلِّمُكَ الزَّمَانُ بِأَلْسُنٍ عَرَبِيَّةٍ,وَأَرَاكَ لَسْتَ تُجِيبُ,Abbassi: VIIIth - XVIth,kamil_complete,kamil_complete
Abi Alatahiya,Inna Al Fanae,7,لَوْ كُنْتَ تَفْهَمُ عَنْ زَمَانِكَ قَوْلَهُ,لَعَرَاكَ مِنْهُ تَفَجُّعٌ وَنَحِيبُ,Abbassi: VIIIth - XVIth,kamil_complete,kamil_complete
Abi Alatahiya,Inna Al Fanae,8,أَلْحَحْتَ فِي طَلَبِ الصِّبَا وَضَلَالِهِ,وَالمَوْتُ مِنْكَ وَإِنْ كَرِهْتَ قَرِيبُ,Abbassi: VIIIth - XVIth,kamil_complete,kamil_complete
Abi Alatahiya,Inna Al Fanae,9,وَلَقَدْ عَقَلْتَ وَمَا أَرَاكَ بِعَاقِلٍ,وَلَقَدْ طَلَبْتَ وَمَا أَرَاكَ تُصِيبُ,Abbassi: VIIIth - XVIth,kamil_complete,kamil_complete
Abi Alatahiya,Inna Al Fanae,10,وَلَقَدْ سَكَنْتَ صُحُونَ دَارِ تَقَلُّبٍ,أَبْلَى وَأَفْنَى دَارَكَ التَّقْلِيبُ,Abbassi: VIIIth - XVIth,kamil_complete,kamil_complete
Abi Alatahiya,Inna Al Fanae,11,أَمَعَ المَمَاتِ يَطِيبُ عَيْشُكَ يَا أَخِي,هَيْهَاتَ لَيْسَ مَعَ المَمَاتِ يَطِيبُ,Abbassi: VIIIth - XVIth,kamil_complete,kamil_complete
Abi Alatahiya,Inna Al Fanae,12,زُغْ كَيْفَ شِئْتَ عَنِ البِلَى فَلَهُو عَلَى,كُلَّ ابْنِ أُنْثَى حَافِظٌ وَرَقِيبُ,Abbassi: VIIIth - XVIth,kamil_complete,kamil_complete
Abi Alatahiya,Inna Al Fanae,13,كَيْفَ اغْتَرَرْتَ بِصَرْفِ دَهْرِكَ يَا أَخِي,كَيْفَ اغْتَرَرْتَ بِهِ وَأَنْتَ لَبِيبُ,Abbassi: VIIIth - XVIth,kamil_complete,kamil_complete
Abi Alatahiya,Inna Al Fanae,14,وَلَقَدْ حَلَبْتَ الدَّهْرَ أَشْطُرَ دَرِّهِ,حِقَبًا وَأَنْتَ مُجَرِّبٌ وَأَرِيبُ,Abbassi: VIIIth - XVIth,kamil_complete,kamil_complete
Abi Alatahiya,Inna Al Fanae,15,وَالمَوْتُ يَرْتَصِدُ النُّفُوسَ وَكُلُّنَا,لِلْمَوْتِ فِيهِ وَلِلتُّرَابِ نَصِيبُ,Abbassi: VIIIth - XVIth,kamil_complete,kamil_complete
Abi Alatahiya,Inna Al Fanae,16,إِنْ كُنْتَ لَسْتَ تُنِيبُ إِنْ وَثَبَ البِلَى,بَلْ يَا أَخِي فَمَتَى أَرَاكَ تُنِيبُ,Abbassi: VIIIth - XVIth,kamil_complete,kamil_complete
Abi Alatahiya,Inna Al Fanae,17,لِلَّهِ دَرُّكَ عَائِبًا مُتَسَرِّعًا,أَيَعِيبُ مَنْ هُوَ بِالعُيُوبِ مَعِيبُ,Abbassi: VIIIth - XVIth,kamil_complete,kamil_complete
Abi Alatahiya,Inna Al Fanae,18,وَلَقَدْ عَجِبْتُ لِغَفْلَتِي وَلِغِرَّتِي,وَالمَوْتُ يَدْعُونِي غَدًا فَأُجِيبُ,Abbassi: VIIIth - XVIth,kamil_complete,kamil_complete
Abi Alatahiya,Inna Al Fanae,19,وَلَقَدْ عَجِبْتُ لِطُولِ أَمْنِ مَنِيَّتِي,وَلَهَا إِلَيَّ تَوَثُّبٌ وَدَبِيبُ,Abbassi: VIIIth - XVIth,kamil_complete,kamil_complete
Abi Alatahiya,Inna Al Fanae,20,لِلَّهِ عَقْلِي مَا يَزَالُ يَخُونَنِي,وَلَقَدْ أَرَاهُ وَإِنَّهُ لَصَلِيبُ,Abbassi: VIIIth - XVIth,kamil_complete,kamil_complete
Abi Alatahiya,Inna Al Fanae,21,لِلَّهِ أَيَّامٌ نَعِمْتُ بِلِينِهَا,أَيَّامَ لِي غُصْنُ الشَّبَابِ رَطِيبُ,Abbassi: VIIIth - XVIth,kamil_complete,kamil_complete
Abi Alatahiya,Inna Al Fanae,22,إِنَّ الشَّبَابَ لَنَافِقٌ عِنْدَ النِّسَا,مَا لِلْمَشِيبِ مِنَ النِّسَاءِ حَبِيبُ,Abbassi: VIIIth - XVIth,kamil_complete,kamil_complete
Abi Alatahiya,Maa Lilmaqaabiri,1,مَا لِلْمَقَابِرِ لَا تُجِي,بُ إِذَا دَعَاهُنَّ الكَئِيبُ,Abbassi: VIIIth - XVIth,kamil_partial,kamil_partial
Abi Alatahiya,Maa Lilmaqaabiri,2,حُفَرٌ مُسَتَّرَةٌ عَلَيْ,هِنَّ الجَنَادِلُ وَالكَئِيبُ,Abbassi: VIIIth - XVIth,kamil_partial,kamil_partial
Abi Alatahiya,Maa Lilmaqaabiri,3,فِيهِنَّ وِلْدَانٌ وَأَطْ,فَالٌ وَشُبَّانٌ وَشِيبُ,Abbassi: VIIIth - XVIth,kamil_partial,kamil_partial
Abi Alatahiya,Maa Lilmaqaabiri,4,كَمْ مِنْ حَبِيبٍ لَمْ تَكُنْ,نَفْسِي بِفُرْقَتِهِ تَطِيبُ,Abbassi: VIIIth - XVIth,kamil_partial,kamil_partial
Abi Alatahiya,Maa Lilmaqaabiri,5,غَادَرْتُهُ فِي بَعْضِهِنْ,نَ مُجَدَّلًا وَهُوَ الحَبِيبُ,Abbassi: VIIIth - XVIth,kamil_partial,kamil_partial
Abi Alatahiya,Maa Lilmaqaabiri,6,وَسَلَوْتُ عَنْهُ وَإِنَّمَا,عَهْدِي بِرُؤْيَتِهِ قَرِيبُ,Abbassi: VIIIth - XVIth,kamil_partial,kamil_partial
Abi Alatahiya,Sobhaana Allami Al Ghoyoub,1,سُبْحَانَ عَلَّامِ الغُيُوبِ,عَجَبًا لِتَصْرِيفِ الخُطُوبِ,Abbassi: VIIIth - XVIth,kamil_partial,kamil_partial
Abi Alatahiya,Sobhaana Allami Al Ghoyoub,2,تَعْرُو فُرُوعَ الآمِنِي,نَ وَتَجْتَنِي ثَمَرَ القُلُوبِ,Abbassi: VIIIth - XVIth,kamil_partial,kamil_partial
Abi Alatahiya,Sobhaana Allami Al Ghoyoub,3,حَتَّى مَتَى يَا نَفْسُ تَغْ,تَرِّينَ بِالأَمَلِ الكَذُوبِ,Abbassi: VIIIth - XVIth,kamil_partial,kamil_partial
Abi Alatahiya,Sobhaana Allami Al Ghoyoub,4,يَا نَفْسُ تُوبِي قَبْلَ أَنْ,لَا تَسْتَطِيعِي أَنْ تَتُوبِي,Abbassi: VIIIth - XVIth,kamil_partial,kamil_partial
Abi Alatahiya,Sobhaana Allami Al Ghoyoub,5,وَاسْتَغْفِرِي لِذُنُوبِكِ الرَّ,حْمَانَ غَفَّارَ الذُّنُوبِ,Abbassi: VIIIth - XVIth,kamil_partial,kamil_partial
Abi Alatahiya,Sobhaana Allami Al Ghoyoub,6,أَمَّا الحَوَادِثُ فَالرِّيَا,حُ بِهِنَّ دَائِمَةُ الهُبُوبِ,Abbassi: VIIIth - XVIth,kamil_partial,kamil_partial
Abi Alatahiya,Sobhaana Allami Al Ghoyoub,7,وَالمَوْتُ خَلْقٌ وَاحِدٌ,وَالخَلْقُ مُخْتَلِفُ الضُّرُوبِ,Abbassi: VIIIth - XVIth,kamil_partial,kamil_partial
Abi Alatahiya,Sobhaana Allami Al Ghoyoub,8,وَالسَّعْيُ فِي طَلَبِ التُّقَى,مِنْ خَيْرِ مُكْتَسَبِ الكَسُوبِ,Abbassi: VIIIth - XVIth,kamil_partial,kamil_partial
Abi Alatahiya,Sobhaana Allami Al Ghoyoub,9,وَلَقَلَّ مَا يَنْجُو الفَتَى الْ,مَحْمُودُ مِنْ لَطْخِ العُيُوبِ,Abbassi: VIIIth - XVIth,kamil_partial,kamil_partial
Abou Al Fayd Al Kattani,Itha waradna maaa madyana,1,إِذَا مَا وَرَدْنَا مَاءَ مَدْيَنَ أَشْرَقَتْ,مَوَارِدَ وَرْدِي فِي انْتِهَازِيِ فُرْصَتِى,Modern,tawil_complete,tawil_complete
Abou Al Fayd Al Kattani,Itha waradna maaa madyana,2,وَإِبْتُ بِمَا أَرْجُو مِنَ الدَّهْرِ إِذْ مَرَا,مُ وَصْلٍ لِأَوْجِ الدَّائِرَاتِ بِجُذْبَتِي,Modern,tawil_complete,tawil_complete
Abou Al Fayd Al Kattani,Itha waradna maaa madyana,3,فَتَنْخَرِطُ الأَرْوَاحُ مِنِّي بِمَشْهَدِ,المَعَارِفِ وَالأَسْرَارِ مِنْ حَيْثُ نَشْأَتِي,Modern,tawil_complete,tawil_complete
Abou Al Fayd Al Kattani,Itha waradna maaa madyana,4,وَلَكِنْ إِذَا رِمْتِ الوُرُودَ وَقَدْ كُلِمْ,تُ مِنْ ظَمَإٍ فِي الهَاجِرَاتِ الظَّمِيئَةِ,Modern,tawil_complete,tawil_complete
Abou Al Fayd Al Kattani,Itha waradna maaa madyana,5,وَجِئْتُ لِحَيِّ القَوْمِ أَرْجُو شَرَابَهُمْ,بِلَا مَهْرِ أَرْوَاحٍ وَلَا بَذْلِ مُهْجَتِي,Modern,tawil_complete,tawil_complete
Abou Al Fayd Al Kattani,Itha waradna maaa madyana,6,وَلَا فَانِيًا عَنْ زِينَةِ الزُّخْرُفَا مَنُّ,هَوَائِيَةِ الدُّنْيَا بِغَشْيَةِ غَفْلَتِي,Modern,tawil_complete,tawil_complete
Abou Al Fayd Al Kattani,Itha waradna maaa madyana,7,وَلَا خَالِعًا عَنِّي ثِيَابَ خَوَاطِرٍ,تُكَدِّرُ قَلْبِي عَنْ وِصَالِي لِحَضْرَتِي,Modern,tawil_complete,tawil_complete
Abou Al Fayd Al Kattani,Itha waradna maaa madyana,8,وَلَا فَاتِقًا رِتْقَ الغِشَاوَاتِ عَنْ قُلَيْ,بِ مِنْ كَدَرَاتِ الجِسْمِ فِي أَصْلِ طِينَتِي,Modern,tawil_complete,tawil_complete
Abou Al Fayd Al Kattani,Itha waradna maaa madyana,9,وَلَا رَاتِقًا فَتْقَ القَوَاطِعِ مِنْ حَضِي,ضِ سُفْلِيَاتِ الأَوْهَامِ فِي قَفْصِ شَهْوَتِي,Modern,tawil_complete,tawil_complete
Abou Al Fayd Al Kattani,Itha waradna maaa madyana,10,وَلَا سَاهِرًا فِي الحَيِّ أَرْجُو وِصَالَهَا,وَلَا سَاهِيًا عَنْ كُلِّ كُلِّي وَجُمْلَتِي,Modern,tawil_complete,tawil_complete
Abou Al Fayd Al Kattani,Itha waradna maaa madyana,11,وَلَا صَارِفًا عَنِّي حِبَالَ الهَوَى وَلَا,تَصَامَمْتُ عَمَّا يَقْطَعَنْ وَصْلَ وِصْلَتِي,Modern,tawil_complete,tawil_complete
Abou Al Fayd Al Kattani,Itha waradna maaa madyana,12,وَلَا كَفْكَفَتْ عَنِّي دُمُوعُ غَوَادِقٍ,تُطَهِّرُ جَفْنِي مِنْ سِوَاهَا وَتَوْبَتِي,Modern,tawil_complete,tawil_complete
Abou Al Fayd Al Kattani,Itha waradna maaa madyana,13,وَلَا تَائِبًا مِنْ كُلِّ ذِئْبٍ وَخَاطِرٍ,وَوَهْمٍ وَإِلْبَاسٍ وَتَكْدُرِّ أُكْلَتِي,Modern,tawil_complete,tawil_complete
Abou Al Fayd Al Kattani,Itha waradna maaa madyana,14,وَلَا رَاجِعًا عَمَّا تُرَاوِدُنِي الحُظُو,ظُ مِمَّا سَيُرْدِينِي بِأَسْبَابِ هَفْوَتِي,Modern,tawil_complete,tawil_complete
Abou Al Fayd Al Kattani,Itha waradna maaa madyana,15,وَقُلْتُ لِبَوَّابِ القُلُوبِ الأَخِيرَةِ,لِمَا أَجْهَدَتْهُ الدَّهْرِيَاتُ بِسَوْرَتِي,Modern,tawil_complete,tawil_complete
Abou Al Fayd Al Kattani,Itha waradna maaa madyana,16,فَقَالَ وَمَا فِي الحُبِّ يَطْمَعُ فَارْحَمِي,أَسِيرِكِ قَدْ أَبْلَتْهُ كُلُّ عَظِيمَةِ,Modern,tawil_complete,tawil_complete
Abou Al Fayd Al Kattani,Itha waradna maaa madyana,17,وَلَا فَضَّلَ مَنْ أَثْخَنَتْهُ صَوَارِمٌ,بِأَلْحَاظِ لَيْلَاهُ أَغِثْنِي بِعِطْفَةِ,Modern,tawil_complete,tawil_complete
Abou Al Fayd Al Kattani,Itha waradna maaa madyana,18,فَقُلْتُ وَهَلْ أَقْوَى عَلَى شَرْطِكُمْ فَقَا,لَ إِنْ صَحَّ مِنْكَ الحُبُّ تَقْوَى لِصُحْبَتِي,Modern,tawil_complete,tawil_complete
Abou Al Fayd Al Kattani,Itha waradna maaa madyana,19,وَإِسْتَأْذَنُوا الحِجَابَ يَسْتَأْذِنُوا لَنَا,لِنَحْظَى بِمَا تَرْجُو الأَمَانِي وَبُغْيَتِي,Modern,tawil_complete,tawil_complete
Abou Al Fayd Al Kattani,Itha waradna maaa madyana,20,وَكَيْفَ لَنَا بِالشُّرْبِ إِنْ لَمْ تَكُنْ لَنَا,دَرَاهِمَ عِنْدَ الحَانَوِي وَأَهِبَّتِي,Modern,tawil_complete,tawil_complete
Abou Al Fayd Al Kattani,Itha waradna maaa madyana,21,فَقُلْتُ لَقَدْ أُرِبْ مَحَاسِنَكُمْ عَلَى,عُقُولِ وَ مَا أَدْرِي بِأَيَّةِ وِجْهَةِ,Modern,tawil_complete,tawil_complete
Abou Al Fayd Al Kattani,Itha waradna maaa madyana,22,أُقَابِلُكُمْ يَا أَهْلَ وِدٍّ وَهَمٍّ هُمْ,فَمَنُّوا فَإِنَّ الشَّوْقَ أَوْدَى بِصَوْلَتِي,Modern,tawil_complete,tawil_complete
Abou Al Fayd Al Kattani,Itha waradna maaa madyana,23,وَأَنْهَكَنِي قَدْ أَوْدَعَتْنِي مَحَاسِنَا,شَنَاشِنَكُمْ قَرَّبْتِ نَفْسِي وَمُهْجَتِي,Modern,tawil_complete,tawil_complete
Abou Al Fayd Al Kattani,Itha waradna maaa madyana,24,وَأَبْلَيْتِ جِسْمِي فِي هَوَاكُمْ وَأَسْهَرْتِ,جُفُونِي أُرَاعِي الطَّيْفَ فِي كُلِّ لَحْظَةِ,Modern,tawil_complete,tawil_complete
Abou Al Fayd Al Kattani,Itha waradna maaa madyana,25,وَطَهَّرْتُ قَلْبِي مِنْ سِوَاكُمْ فَلَا أَرُو,مُ فِي الكَوْنِ إِلَّا أَنْتُمُ فِي طَوِيَّتِي,Modern,tawil_complete,tawil_complete
Abou Al Fayd Al Kattani,Itha waradna maaa madyana,26,وَأَكْثَرْتُ مِنْ ذِكْرِي لَكُمْ فَتَشَرَّفَتْ,مَكَامِنُ أَرْكَانِي بِذِكْرِ أَحِبَّتِي,Modern,tawil_complete,tawil_complete
Abou Al Fayd Al Kattani,Itha waradna maaa madyana,27,وَآلَيْتُ لَا أَنْفَكُّ أَرْعَى وِصَالَكُمْ,إِلَى جَنَّةِ الفِرْدَوْسِ فِي أَوْجِ غُرْفَةِ,Modern,tawil_complete,tawil_complete
Abou Al Fayd Al Kattani,Itha waradna maaa madyana,28,وَأَحْبَبْتُ مَنْ أَحْبَبْتُمُوهُ وَإِنَّ دِي,نِ يَهْوَى الَّذِي أَحْبَبْتُمُوهُو شَكِيمَتِي,Modern,tawil_complete,tawil_complete
Abou Al Fayd Al Kattani,Itha waradna maaa madyana,29,فَقَالَ لَقَدْ أَدْلَيْتُ حُجَّةَ عَاشِقٍ,وَأَوْمَأْتُ بِالتِّهْيَامِ فِي شَأْنِ وِصْلَتِي,Modern,tawil_complete,tawil_complete
Abou Al Fayd Al Kattani,Itha waradna maaa madyana,30,فَقُلْتُ وَإِنَّ الحُسْنَ مِنْ شَأْنِهِ الدَّلَا,لُ فَارِعْ أَسِيرًا قَدْ غَدَا بِالأَعِنَّةِ,Modern,tawil_complete,tawil_complete
Abou Al Fayd Al Kattani,Itha waradna maaa madyana,31,عَلَى كُلِّ حَالٍ قَلْبِ وَقْفٌ عَلَيْكُمُ,وَإِنْ مِتُّ فِي الأَعْتَابِ مِتُّ بِعِشْقَتِي,Modern,tawil_complete,tawil_complete
Abou Al Fayd Al Kattani,Itha waradna maaa madyana,32,فَإِنْ لَمْ يَكُنْ خِبْرٌ فَأَحْيَا بِمَا أَتَا,نِ مِنْ خَبَرٍ نِعْمَ السَّمِيرِ لِنِهْمَتِي,Modern,tawil_complete,tawil_complete
Abou Al Fayd Al Kattani,Itha waradna maaa madyana,33,وَهَا أَنَا مَطْرُوحٌ عَلَى البَابِ أَرْتَجِي,عَوَاطِفَكُمْ فِي كُلِّ صُبْحٍ وَرَوْحَةِ,Modern,tawil_complete,tawil_complete
Abou Al kasem Al Chabbi,Gannaho al amso,1,غَنَّاهُ الأَمْسُ وَأَطْرَبَهُ,وَشَجَاهُ اليَوْمُ فَمَا غَدُهُ,Modern,motadaarak_complete,motadaarak_complete
Abou Al kasem Al Chabbi,Gannaho al amso,2,قَدْ كَانَ لَهُو قَلْبٌ كَالطِّفْلِ,يَدُ الأَحْلَامِ تُهَدْهِدُهُ,Modern,motadaarak_complete,motadaarak_complete
Abou Al kasem Al Chabbi,Gannaho al amso,3,مُذْ كَانَ لَهُو مَلَكٌ فِي الكَوْنِ,جَمِيلُ الطَّلْعَةِ يَعْبُدُهُ,Modern,motadaarak_complete,motadaarak_complete
Abou Al kasem Al Chabbi,Gannaho al amso,4,فِي جَوْفِ اللَّيْلِ يُنَاجِيهِ,وَأَمَامَ الفَجْرِ يُمَجِّدُهُ,Modern,motadaarak_complete,motadaarak_complete
Abou Al kasem Al Chabbi,Gannaho al amso,5,وَعَلَى الهَضَبَاتِ يُغَنِّيهِ,آيَاتِ الحُبِّ وَيُنْشِدُهُ,Modern,motadaarak_complete,motadaarak_complete
Abou Al kasem Al Chabbi,Gannaho al amso,6,لَوْلَاهُ لَمَا عَذُبَتْ فِي,الكَوْنِ مَصَادِرُهُو وَمَوَارِدُهُ,Modern,motadaarak_complete,motadaarak_complete
Abou Al kasem Al Chabbi,Gannaho al amso,7,وَلَمَا فَاضَتْ بِالشِّعْرِ الحَ,يِّ مَشَاعِرُهُو وَقَصَائِدُهُ,Modern,motadaarak_complete,motadaarak_complete
Abou Al kasem Al Chabbi,Gannaho al amso,8,تَمْشِي فِي الغَابِ فَتَتْبَعُهُ,أَفْرَاحُ الحُبِّ وَتَنْشُدُهُ,Modern,motadaarak_complete,motadaarak_complete
Abou Al kasem Al Chabbi,Gannaho al amso,9,وَيَرَى الآفَاقَ فَيُبْصِرُهَا,زُمَرًا فِي النُّورِ تُرَاصِدُهُ,Modern,motadaarak_complete,motadaarak_complete
Abou Al kasem Al Chabbi,Gannaho al amso,10,وَيَرَى الأَطْيَارَ فَيَحْسَبُهَا,أَحْلَامَ الحُبِّ تُغَرِّدُهُ,Modern,motadaarak_complete,motadaarak_complete
Abou Al kasem Al Chabbi,Gannaho al amso,11,وَيَرَى الأَزْهَارَ فَيَحْسَبُهَا,بَسَمَاتِ الحُبِّ تُوَارِدُهُ,Modern,motadaarak_complete,motadaarak_complete
Abou Al kasem Al Chabbi,Gannaho al amso,12,فَيَخَالُ الكَوْنَ يُنَاجِيهِ,وَجَمَالَ العَالَمِ يُسْعِدُهُ,Modern,motadaarak_complete,motadaarak_complete
Abou Al kasem Al Chabbi,Gannaho al amso,13,وَنُجُومَ اللَّيْلِ تُضَاحِكُهُ,وَنَسِيمَ الغَابِ يُطَارِدُهُ,Modern,motadaarak_complete,motadaarak_complete
Abou Al kasem Al Chabbi,Gannaho al amso,14,وَيَخَالُ الوَرْدَ يُدَاعِبُهُ,فَرِحًا فَتُعَابِثُهُو يَدُهُ,Modern,motadaarak_complete,motadaarak_complete
Abou Al kasem Al Chabbi,Gannaho al amso,15,وَيَرَى اليُنْبُوعَ وَنَظْرَتَهُ,وَنَسِيمُ الصُّبْحِ يُجَعِّدُهُ,Modern,motadaarak_complete,motadaarak_complete
Abou Al kasem Al Chabbi,Gannaho al amso,16,وَخَرِيرُ المَاءِ لَهُو نَغَمٌ,نَسَمَاتُ الغَابِ تُرَدِّدُهُ,Modern,motadaarak_complete,motadaarak_complete
Abou Al kasem Al Chabbi,Gannaho al amso,17,وَيَرَى الأَعْشَابَ وَقَدْ سَمَقَتْ,بَيْنَ الأَشْجَارِ تُشَاهِدُهُ,Modern,motadaarak_complete,motadaarak_complete
Abou Al kasem Al Chabbi,Gannaho al amso,18,وَنِطَاقُ الطِّفْلِ تُنَمِّقُهَا,فَيَجُلُّ الحُبَّ وَيَحْمَدُهُ,Modern,motadaarak_complete,motadaarak_complete
Abou Al kasem Al Chabbi,Gannaho al amso,19,يَا لِلْأَيَّامِ فَكَمْ سَرَّتْ,قَلْبًا فِي النَّاسِ لِتُكْمِدُهُ,Modern,motadaarak_complete,motadaarak_complete
Abou Al kasem Al Chabbi,Gannaho al amso,20,هِيَ مِثْلُ العَاهِرِ عَاشِقُهَا,تَسْقِيهِ الخَمْرَ وَتَطْرُدُهُ,Modern,motadaarak_complete,motadaarak_complete
Abou Al kasem Al Chabbi,Gannaho al amso,21,يُعْطِيكَ اليَوْمُ حَلَاوَتَهَا,كَالشَّهْدِ لِيَسْلُبَهَا غَدُهُ,Modern,motadaarak_complete,motadaarak_complete
Abou Al kasem Al Chabbi,Gannaho al amso,22,بِالأَمْسِ يُعَانِقُهَا فَرِحًا,وَيُضَاجِعُهَا فَتُوَسِّدُهُ,Modern,motadaarak_complete,motadaarak_complete
Abou Al kasem Al Chabbi,Gannaho al amso,23,وَاليَوْمَ يُسَايِرُهَا شَبَحًا,أَضْنَاهُ الحُزْنُ وَنَكَّدَهُ,Modern,motadaarak_complete,motadaarak_complete
Abou Al kasem Al Chabbi,Gannaho al amso,24,يَتْلُو فِي الغَابِ مَرَاثِيهِ,وَجُذُوعُ السَّرْوِ تُسَانِدُهُ,Modern,motadaarak_complete,motadaarak_complete
Abou Al kasem Al Chabbi,Gannaho al amso,25,وَيُمَاشِي النَّاسَ وَمَا أَحَدٌ,مِنْهُمْ يَشْجِيهِ تَفَرُّدُهُ,Modern,motadaarak_complete,motadaarak_complete
Abou Al kasem Al Chabbi,Gannaho al amso,26,فِي لَيْلِ الوَحْشَةِ مِسْرَاهُ,وَبِكَهْفِ الوَحْدَةِ مَرْقَدُهُ,Modern,motadaarak_complete,motadaarak_complete
Abou Al kasem Al Chabbi,Gannaho al amso,27,أَصْوَاتُ الأَمْسِ تُعَذِّبُهُ,وَخَيَالُ المَوْتِ يُهَدِّدُهُ,Modern,motadaarak_complete,motadaarak_complete
Abou Al kasem Al Chabbi,Gannaho al amso,28,بِالأَمْسِ لَهُو شَفَقٌ فِي الكَوْ,نِ يُضِيءُ الأُفْقَ تَوَرُّدُهُ,Modern,motadaarak_complete,motadaarak_complete
Abou Al kasem Al Chabbi,Gannaho al amso,29,وَاليَوْمَ لَقَدْ غَشَّاهُ اللَّيْلُ,فَمَا فِي العَالَمِ يُسْعِدُهُ,Modern,motadaarak_complete,motadaarak_complete
Abou Al kasem Al Chabbi,Gannaho al amso,30,غَنَّاهُ الأَمْسُ وَأَطْرَبَهُ,وَشَجَاهُ اليَوْمَ فَمَا غَدُهُ,Modern,motadaarak_complete,motadaarak_complete
Abou Al kasem Al Chabbi,Yaa Labtissamati Qalbin,1,يَا لَبْتِسَامَةِ قَلْبٍ,مَطْلُولَةٍ بِدُمُوعِهْ,Modern,mojtath_complete,mojtath_complete
Abou Al kasem Al Chabbi,Yaa Labtissamati Qalbin,2,غَاضَتْ فَلَمْ تُبْقِ إِلَّا,الدُّمُوعَ بَيْنَ صُدُوعِهْ,Modern,mojtath_complete,mojtath_complete
Abou Al kasem Al Chabbi,Yaa Labtissamati Qalbin,3,فَظَلَّ يَهْتُفُ مِنْ شَجْ,وِهِي وَفَرْطِ وُلُوعِهْ,Modern,mojtath_complete,mojtath_complete
Abou Al kasem Al Chabbi,Yaa Labtissamati Qalbin,4,وَيْحَ الحَيَاةِ أَمَا تَنْ,قَضِي لَدَيْهَا الرَّزَايَا,Modern,mojtath_complete,mojtath_complete
Abou Al kasem Al Chabbi,Yaa Labtissamati Qalbin,5,أَمَا يُكَفْكِفُ هَذَا الزَّ,مَانُ صَوْبَ البَلَايَا,Modern,mojtath_complete,mojtath_complete
Abou Al kasem Al Chabbi,Yaa Labtissamati Qalbin,6,يَا دَهْرُ رِفْقًا فَإِنَّ القُ,لُوبَ أَمْسَتْ شَظَايَا,Modern,mojtath_complete,mojtath_complete
Abou Al kasem Al Chabbi,Yaa Labtissamati Qalbin,7,يَا قَلْبُ نَهْنِهْ دُمُوعَ,الأَسَى وَلَوْعَةَ رُوعِكْ,Modern,mojtath_complete,mojtath_complete
Abou Al kasem Al Chabbi,Yaa Labtissamati Qalbin,8,إِنَّ الدُّهُورَ البَوَاكِي,غَنِيَّةٌ عَنْ دُمُوعِكْ,Modern,mojtath_complete,mojtath_complete
Abou Al kasem Al Chabbi,Yaa Labtissamati Qalbin,9,حَسْبُ الحَيَاةِ أَسَاهَا,فَاطْوِ الأَسَى فِي صُدُوعِكْ,Modern,mojtath_complete,mojtath_complete
Abou Al kasem Al Chabbi,Yaa Labtissamati Qalbin,10,وَاحْلُمْ بِفَجْرِ اللَّيَالِي فَفَجْ,رُهَا فِي هُجُوعِكْ,Modern,mojtath_complete,mojtath_complete
Abou Al kasem Al Chabbi,Yaa Labtissamati Qalbin,11,وَإِنْ غَفَوْتَ فَإِنَّ الْ,حَيَاةَ لَيْسَتْ تَرُوعُكْ,Modern,mojtath_complete,mojtath_complete
Abou Al kasem Al Chabbi,Yaa Labtissamati Qalbin,12,وَسَوْفَ يَمْضِي شِتَاءُ الأَسَى,وَيَأْتِي رَبِيعُكْ,Modern,mojtath_complete,mojtath_complete
Abou Al kasem Al Chabbi,Yaa Labtissamati Qalbin,13,بَيْنَ القُبُورِ فَتَاةٌ,جَارَ الزَّمَانُ عَلَيْهَا,Modern,mojtath_complete,mojtath_complete
Abou Al kasem Al Chabbi,Yaa Labtissamati Qalbin,14,فَافْتَكَّ مِنْهَا بِعُنْفٍ,كَفُّ الرَّدَى أَبَوَيْهَا,Modern,mojtath_complete,mojtath_complete
Abou Al kasem Al Chabbi,Yaa Labtissamati Qalbin,15,تَقُولُ وَاللَّيْلُ سَاجٍ,وَالقَبْرُ مُصْغٍ إِلَيْهَا,Modern,mojtath_complete,mojtath_complete
Abou Al kasem Al Chabbi,Yaa Labtissamati Qalbin,16,يَا لَيْتَنِي مِتُّ مِنْ قَبْ,لِ أَنْ تَسُوءَ حَيَاتِي,Modern,mojtath_complete,mojtath_complete
Abou Al kasem Al Chabbi,Yaa Labtissamati Qalbin,17,وَيَنْضُبَ الدَّمْعَ مِنْ لَوْ,عَتِي وَمِنْ حَسَرَاتِي,Modern,mojtath_complete,mojtath_complete
Abou Al kasem Al Chabbi,Yaa Labtissamati Qalbin,18,مَنْ لِي بِحُفْرَةِ قَبْرٍ,تَضُمُّنِي وَشَكَاتِي,Modern,mojtath_complete,mojtath_complete
Abou Al kasem Al Chabbi,Yaa Labtissamati Qalbin,19,فِي الحَيِّ صَبٌّ يُعَانِي,فِي الصَّدْرِ دَاءً دَفِينَا,Modern,mojtath_complete,mojtath_complete
Abou Al kasem Al Chabbi,Yaa Labtissamati Qalbin,20,وَفِي الفُؤَادِ جِوًى كَا,مِنًا وَحِسًّا مَكِينَا,Modern,mojtath_complete,mojtath_complete
Abou Al kasem Al Chabbi,Yaa Labtissamati Qalbin,21,حَتَّى دَهَتْهُ اللَّيَالِي,وَجَرَّعَتْهُ مَنُونَهْ,Modern,mojtath_complete,mojtath_complete
Abou Al kasem Al Chabbi,Yaa Labtissamati Qalbin,22,فَشَيَّعَ المَيْتَ جَمْعٌ,مِنْ حَيِّهِ يَنْدُبُونَهْ,Modern,mojtath_complete,mojtath_complete
Abou Al kasem Al Chabbi,Yaa Labtissamati Qalbin,23,حَتَّى إِذَا مَا أَرَادُوا,رِصْفَ الصَّفَائِحِ دُونَهْ,Modern,mojtath_complete,mojtath_complete
Abou Al kasem Al Chabbi,Yaa Labtissamati Qalbin,24,نَاحَتْ عَلَيْهِ فَتَاةٌ,وَيْلِي لِمَنْ تَتْرُكُونَهْ,Modern,mojtath_complete,mojtath_complete
Abou Al kasem Al Chabbi,Yaa Labtissamati Qalbin,25,كَانَ الصَّبِيُّ يَصِيدُ,الفَرَاشَ بَيْنَ الزُّهُورِ,Modern,mojtath_complete,mojtath_complete
Abou Al kasem Al Chabbi,Yaa Labtissamati Qalbin,26,فَدَاسَ زَهْرًا نَدِيًّا,أَلْقَى بِهِ فِي الغَدِيرِ,Modern,mojtath_complete,mojtath_complete
Abou Al kasem Al Chabbi,Yaa Labtissamati Qalbin,27,فَأَخْرَجُوهُ وَلَكِنْ,بَعْدَ القَضَاءِ الأَخِيرِ,Modern,mojtath_complete,mojtath_complete
Abou Al kasem Al Chabbi,Yaa Labtissamati Qalbin,28,فَخَرَّتِ الأُمُّ حَوْلَ الصَّبِ,يِّ تَصْرُخُ وَيْلِي,Modern,mojtath_complete,mojtath_complete
Abou Al kasem Al Chabbi,Yaa Labtissamati Qalbin,29,فَقُلْتُ وَالقَلْبُ دَامٍ,وَالنَّاسُ يَبْكُونَ حَوْلِي,Modern,mojtath_complete,mojtath_complete
Abou Al kasem Al Chabbi,Yaa Labtissamati Qalbin,30,مَا أَسْخَفَ العَيْشَ تَقْ,ضِي عَلَيْهِ زِلَّةُ نَعْلِ,Modern,mojtath_complete,mojtath_complete
Abou Al kasem Al Chabbi,Yaa Labtissamati Qalbin,31,شَيْخٌ شَأَتْهُ دُهُورَ الْ,أَسَى وَحِيدٌ شَتِيتُ,Modern,mojtath_complete,mojtath_complete
Abou Al kasem Al Chabbi,Yaa Labtissamati Qalbin,32,بَيْنَ الخَرَائِبِ يُمْسِي,عَلَى الطَّوَى وَيَبِيتُ,Modern,mojtath_complete,mojtath_complete
Abou Al kasem Al Chabbi,Yaa Labtissamati Qalbin,33,فِي ظُلْمَةِ اللَّيْلِ فَاضَتْ,عَلَى الوُجُودِ حَيَاتُهْ,Modern,mojtath_complete,mojtath_complete
Abou Al kasem Al Chabbi,Yaa Labtissamati Qalbin,34,وَطَرْفُهُ يَرْمُقُ النَّجْ,مَ مِلْؤُهُ عَبَرَاتُهْ,Modern,mojtath_complete,mojtath_complete
Abou Al kasem Al Chabbi,Yaa Labtissamati Qalbin,35,وَمَا حَوَالَيْهِ إِلَّا الخَ,رَابُ يُشْجِي صُمَاتُهْ,Modern,mojtath_complete,mojtath_complete
Abou Al kasem Al Chabbi,Yaa Labtissamati Qalbin,36,فَمَا بُكَاهُ فَتَاهُ,وَلَا بَكَتْهُ فَتَاتُهْ,Modern,mojtath_complete,mojtath_complete
Abou Al kasem Al Chabbi,Yaa Labtissamati Qalbin,37,يَا زَهْرَةً سَامَهَا العَا,بِرُونَ خَسْفًا وَهَوْنَا,Modern,mojtath_complete,mojtath_complete
Abou Al kasem Al Chabbi,Yaa Labtissamati Qalbin,38,لَوْ كُنْتِ شَوْكًا عَضُوضًا,مَا دَاسَكِ العَابِرُونَا,Modern,mojtath_complete,mojtath_complete
Abou Al kasem Al Chabbi,Yaa Labtissamati Qalbin,39,لِأَنَّهُمْ يَجْهَلُونَ الوَحْيَ,الَّذِي تُضْمِرِينَا,Modern,mojtath_complete,mojtath_complete
Abou Al kasem Al Chabbi,Yaa Labtissamati Qalbin,40,هُمْ يَسْخَرُونَ بِهَمْسِ,الزُّهُورِ وَهْوَ بَدِيعُ,Modern,mojtath_complete,mojtath_complete
Abou Al kasem Al Chabbi,Yaa Labtissamati Qalbin,41,وَيُنْصِتُونَ لِصَوْتِ الأَشْوَاكِ,وَهْوَ مُرِيعُ,Modern,mojtath_complete,mojtath_complete
Abou Al kasem Al Chabbi,Yaa Labtissamati Qalbin,42,فَلَا تُبَالِ بِقَوْمٍ,الحَقُّ فِيهِمْ صَرِيعُ,Modern,mojtath_complete,mojtath_complete
Abou Al kasem Al Chabbi,Yaa Labtissamati Qalbin,43,رَبَّاهُ كَمْ مِنْ فَتَاةٍ,تَشْكُو الحَيَاةَ وَتَبْكِي,Modern,mojtath_complete,mojtath_complete
Abou Al kasem Al Chabbi,Yaa Labtissamati Qalbin,44,وَمُعْدَمٍ بَوَّأَتْهُ الدُّهُورُ,مَقْعَدَ ضَنْكِ,Modern,mojtath_complete,mojtath_complete
Abou Al kasem Al Chabbi,Yaa Labtissamati Qalbin,45,وَيَائِسٍ مَاتَ فِي,لُبِّهِ المَرَامُ الوَحِيدُ,Modern,mojtath_complete,mojtath_complete
Abou Al kasem Al Chabbi,Yaa Labtissamati Qalbin,46,وَتَائِهٍ ضَاعَ بَيْنَ القِفَارِ,وَهْوَ فَرِيدُ,Modern,mojtath_complete,mojtath_complete
Abou Al kasem Al Chabbi,Yaa Labtissamati Qalbin,47,حَتَّى طَوَتْهُ مِنَ,العَاصِفَاتِ رِيحٌ شَرُودُ,Modern,mojtath_complete,mojtath_complete
Abou Al kasem Al Chabbi,Yaa Labtissamati Qalbin,48,رَبَّاهُ رُحْمَاكَ إِنَّ الزَّمَانَ,فَضٌّ شَدِيدُ,Modern,mojtath_complete,mojtath_complete
Abou Al kasem Al Chabbi,Yaa Labtissamati Qalbin,49,يَا طَائِرَ الشِّعْرِ رَوِّحْ,عَلَى الحَيَاةِ الكَئِيبَهْ,Modern,mojtath_complete,mojtath_complete
Abou Al kasem Al Chabbi,Yaa Labtissamati Qalbin,50,وَامْسَحْ بِرِيشِكَ دَمْعَ,القُلُوبِ فَهْيَ غَرِيبَهْ,Modern,mojtath_complete,mojtath_complete
Abou Al kasem Al Chabbi,Yaa Labtissamati Qalbin,51,وَعَزِّهَا عَنْ أَسَاهَا,فَقَدْ دَهَتْهَا المُصِيبَهْ,Modern,mojtath_complete,mojtath_complete
Abou Al kasem Al Chabbi,Yaa Labtissamati Qalbin,52,وَأَنْتَ رُوحٌ جَمِيلٌ,بَيْنَ الهِضَابِ الجَدِيبَهْ,Modern,mojtath_complete,mojtath_complete
Abou Al kasem Al Chabbi,Yaa Labtissamati Qalbin,53,فَانْفُخْ بِهَا مِنْ لَهِيبِ,السَّمَاءِ رُوحًا خَضِيبَهْ,Modern,mojtath_complete,mojtath_complete
Abou Al kasem Al Chabbi,Yaa Labtissamati Qalbin,54,وَابْعَثْ بِسِحْرِكَ فِي,قَلْبِهَا ضُرَامُ الشَّبِيبَهْ,Modern,mojtath_complete,mojtath_complete
Abou Al kasem Al Chabbi,Yaa Rafiiki,1,يَا رَفِيقِي وَأَيْنَ أَنْتَ فَقَدْ,أَعْمَتْ جُفُونِي عَوَاصِفُ الأَيَّامِ,Modern,khafif_complete,khafif_complete
Abou Al kasem Al Chabbi,Yaa Rafiiki,2,وَرَمَتْنِي بِمَهْمَهٍ قَاتِمٍ قَفْرٍ,تُغَشِّيهِ دَاجِيَاتُ الغَمَامِ,Modern,khafif_complete,khafif_complete
Abou Al kasem Al Chabbi,Yaa Rafiiki,3,خُذْ بِكَفِّي وَغَنِّنِي يَا رَفِيقِي,فَسَبِيلُ الحَيَاةِ وَعْرٌ أَمَامِي,Modern,khafif_complete,khafif_complete
Abou Al kasem Al Chabbi,Yaa Rafiiki,4,كُلَّمَا سِرْتُ زَلَّ بِي فِيهِ مَهْوَى,تَتَضَاعَى بِهِ وُحُوشُ الحِمَامِ,Modern,khafif_complete,khafif_complete
Abou Al kasem Al Chabbi,Yaa Rafiiki,5,شَعَّبَتْهُ الدُّهُورُ وَانْطَمَسَ النُّورُ,وَقَامَتْ بِنَا بَنَاتُ الظَّلَامِ,Modern,khafif_complete,khafif_complete
Abou Al kasem Al Chabbi,Yaa Rafiiki,6,رَاقِصَاتٍ يَخْلُبْنَ فِي حَلَكِ اللَّيْلِ,وَيَلْعَبْنَ بِالقُلُوبِ الدَّوَامِي,Modern,khafif_complete,khafif_complete
Abou Al kasem Al Chabbi,Yaa Rafiiki,7,غَنِّنِي فَالغِنَاءُ يَدْرَأُ عَنَّا السَّاحِرَ,الجِنَّ سَاكِنَ الآجَامِ,Modern,khafif_complete,khafif_complete
Abou Al kasem Al Chabbi,Yaa Rafiiki,8,قَدْ تَفَكَّرْتُ فِي الوُجُودِ فَأَعْيَانِي,وَأَدْبَرْتُ آيِسًا لِظَلَامِي,Modern,khafif_complete,khafif_complete
Abou Al kasem Al Chabbi,Yaa Rafiiki,9,أَنْشُدُ الرَّاحَةَ البَعِيدَةَ لَكِنْ,خَابَ ظَنِّي وَأَخْطَأَتْ أَحْلَامِي,Modern,khafif_complete,khafif_complete
Abou Al kasem Al Chabbi,Yaa Rafiiki,10,فَمَعِي فِي جَوَانِحِي أَبَدَ الدَّهْرِ,فُؤَادٌ إِلَى الحَقِيقَةِ ظَامِي,Modern,khafif_complete,khafif_complete
Abou Al kasem Al Chabbi,Yaa Rafiiki,11,مَا تَرَاخَى الزَّمَانُ إِلَّا وَأَلْقَى,فِي طَوَايَاهُو قَبْضَةً مِنْ ضُرَامِ,Modern,khafif_complete,khafif_complete
Abou Al kasem Al Chabbi,Yaa Rafiiki,12,تَتَلَظَّى يَدُ الحَيَاةِ وَزَادَتْ,مُعْضِلَاتُ الدُّهُورِ وَالأَعْوَامِ,Modern,khafif_complete,khafif_complete
Abou Al kasem Al Chabbi,Yaa Rafiiki,13,أَظْمَأَتْ مُهْجَتِي الحَيَاةُ فَهَلْ,يَوْمًا تُبَلُّ الحَيَاةُ بَعْضَ أَوَامِي,Modern,khafif_complete,khafif_complete
Abou Al kasem Al Chabbi,Yaa Rafiiki,14,يَا رَفِيقِي مَا أَحْسُبُ المَنْبَعَ المَنْشُودَ,إِلَّا وَرَاءَ لَيْلِ الرِّجَامِ,Modern,khafif_complete,khafif_complete
Abou Al kasem Al Chabbi,Yaa Rafiiki,15,غَنِّنِي يَا أُخَيَّ فَالكَوْنُ تَيْهَاءُ,بِهَا قَدْ تَمَزَّقَتْ أَقْدَامِي,Modern,khafif_complete,khafif_complete
Abou Al kasem Al Chabbi,Yaa Rafiiki,16,غَنِّنِي عَلَّنِي أُنِيمُ هُمُومِي,إِنَّنِي قَدْ مَلَلْتُ مِنْ تَهْيَامِي,Modern,khafif_complete,khafif_complete
Abou Al kasem Al Chabbi,Yaa Rafiiki,17,يَا رَفِيقِي أَمَا تَفَكَّرْتَ فِي النَّاسِ,وَمَا يَحْمِلُونَ مِنْ آلَامِ,Modern,khafif_complete,khafif_complete
Abou Al kasem Al Chabbi,Yaa Rafiiki,18,فَلَقَدْ حَزَّ فِي فُؤَادِي مَا,يَلْقَوْنَ مِنْ صَوْلَةِ الأَسَى الظَّلَّامِ,Modern,khafif_complete,khafif_complete
Abou Al kasem Al Chabbi,Yaa Rafiiki,19,فَإِذَا سَرَّنِي مِنَ الفَجْرِ نُورٌ,سَاءَنِي مَا يُسِرُّ قَلْبُ الظَّلَامِ,Modern,khafif_complete,khafif_complete
Abou Al kasem Al Chabbi,Yaa Rafiiki,20,كَمْ بِقَلْبِ الظَّلَامِ مِنْ أَنَّةٍ,تَهْفُو بِغَصَّاتِ صِبْيَةٍ أَيْتَامِ,Modern,khafif_complete,khafif_complete
Abou Al kasem Al Chabbi,Yaa Rafiiki,21,وَنَشِيجٍ مُضَرَّمٍ مِنْ فَتَاةٍ,أَبْهَظَتْهَا قَوَارِعُ الأَيَّامِ,Modern,khafif_complete,khafif_complete
Abou Al kasem Al Chabbi,Yaa Rafiiki,22,وَنُوَاحٍ يَفِيضُ مِنْ قَلْبِ أُمٍّ,فُجِعَتْ فِي وَحِيدِهَا البَسَّامِ,Modern,khafif_complete,khafif_complete
Abou Al kasem Al Chabbi,Yaa Rafiiki,23,فَطَمَ المَوْتُ طِفْلَهَا وَهْوَ نُورٌ,فِي دُجَاهَا مِنْ قَبْلِ عَهْدِ الفِطَامِ,Modern,khafif_complete,khafif_complete
Abou Al kasem Al Chabbi,Yaa Rafiiki,24,وَأَنِينٍ مِنْ مُعْدَمٍ ذِي سَقَامٍ,عَضَّهُ الدَّهْرُ بِالخُطُوبِ الجِسَامِ,Modern,khafif_complete,khafif_complete
Abou Al kasem Al Chabbi,Yaa Rafiiki,25,مَا إِخَالُ النُّجُومَ إِلَّا دُمُوعًا,ذَرَفَتْهَا مَحَاجِرُ الأَعْوَامِ,Modern,khafif_complete,khafif_complete
Abou Al kasem Al Chabbi,Yaa Rafiiki,26,فَلَقَدْ ضَرَّمَ الشُّجُونَ بَنُوهَا,فَإِذَا بِالشُّجُونِ سَيْلٌ طَامِ,Modern,khafif_complete,khafif_complete
Abou Al kasem Al Chabbi,Yaa Rafiiki,27,وَإِذَا بِالحَيَاةِ فِي مَلْعَبِ الدَّهْرِ,تَدُوسُ الرُّؤُوسَ بِالأَقْدَامِ,Modern,khafif_complete,khafif_complete
Abou Al kasem Al Chabbi,Yaa Rafiiki,28,وَإِذَا الكَوْنُ فِلْذَةٌ مِنْ جَحِيمٍ,تَتَغَذَّى بِكُلِّ قَلْبٍ دَامِ,Modern,khafif_complete,khafif_complete
Abou Al kasem Al Chabbi,Yaa Rafiiki,29,وَهُمُ فِي جَحِيمِهِمْ يَتَنَاغَوْنَ,بِمَا فِي الوُجُودِ مِنْ أَنْغَامِ,Modern,khafif_complete,khafif_complete
Abou Al kasem Al Chabbi,Yaa Rafiiki,30,عَجَبًا لِلنُّفُوسِ وَهْيَ بَوَاكٍ,عَجَبًا لِلْقُلُوبِ وَهْيَ دَوَامِ,Modern,khafif_complete,khafif_complete
Abou Al kasem Al Chabbi,Yaa Rafiiki,31,كَيْفَ تَشْدُو وَفِي مَحَاجِرِهَا الدَّمْعُ,وَتَلْهُو مَا بَيْنَ سُودِ المَوَامِي,Modern,khafif_complete,khafif_complete
Abou Al kasem Al Chabbi,Yaa Rafiiki,32,يَا رَفِيقِي لَقَدْ ضَلَلْتُ طَرِيقِي,وَتَخَطَّتْ مِحَجَّتِي أَقْدَامِي,Modern,khafif_complete,khafif_complete
Abou Al kasem Al Chabbi,Yaa Rafiiki,33,خُذْ بِكَفِّي فَإِنَّنِي تَائِهٌ أَعْمَى,كَثِيرُ الضَّلَالِ وَالأَوْهَامِ,Modern,khafif_complete,khafif_complete
Abou Al kasem Al Chabbi,Yaa Rafiiki,34,وَانْفُخِ النَّايَ فَالحَيَاةُ ظَلَامٌ,مَا لِمُرْتَادِهِ مِنَ الهَوْلِ حَامِ,Modern,khafif_complete,khafif_complete
Abou Al kasem Al Chabbi,Yaa Rafiiki,35,مِلْءُ آفَاقِهِ فَحِيحُ الأَفَاعِي,وَعَجِيجُ الآثَامِ وَالآلَامِ,Modern,khafif_complete,khafif_complete
Abou Al kasem Al Chabbi,Yaa Rafiiki,36,فَانْفُخِ النَّايَ إِنَّهُو هِبَتُو الأَمْ,لَاكِ لِلْمُسْتَعِيذِ بِالإِلْهَامِ,Modern,khafif_complete,khafif_complete
Abou Al kasem Al Chabbi,Yaa Rafiiki,37,وَاغْذُذِ السَّيْرَ فَالنَّهَارُ بَعِيدٌ,وَسَبِيلُ الحَيَاةِ جَمُّ الظَّلَامِ,Modern,khafif_complete,khafif_complete
Abou Alalae Al Maarri,Ijtanib Annass,1,إِجْتَنِبِ النَّاسَ وَعِشْ وَاحِدًا,لَا تَظْلِمِ القَوْمَ وَلَا تُظْلَمِ,Abbassi: VIIIth - XVIth,sarii_complete,sarii_complete
Abou Alalae Al Maarri,Ijtanib Annass,2,وَجَدْتُ دُنْيَاكَ وَإِنْ سَاعَفَتْ,لَا بُدَّ مِنْ وَقْعَتِهَا الصَّيْلَمِ,Abbassi: VIIIth - XVIth,sarii_complete,sarii_complete
Abou Alalae Al Maarri,Ijtanib Annass,3,لَوْ بُعِثَ المَنْصُورُ نَادَى أَيَا,مَدِينَةَ التَّسْلِيمِ لَا تَسْلَمِي,Abbassi: VIIIth - XVIth,sarii_complete,sarii_complete
Abou Alalae Al Maarri,Ijtanib Annass,4,قَدْ سَكَنَ القَفْرَ بَنُو هَاشِمٍ,وَانْتَقَلَ المُلْكُ إِلَى الدَّيْلَمِ,Abbassi: VIIIth - XVIth,sarii_complete,sarii_complete
Abou Alalae Al Maarri,Ijtanib Annass,5,لَوْ كُنْتُ أَدْرِي أَنَّ عُقْبَاهُمُ,لِذَاكَ لَمْ أَقْتُلْ أَبَا مُسْلِمِ,Abbassi: VIIIth - XVIth,sarii_complete,sarii_complete
Abou Alalae Al Maarri,Ijtanib Annass,6,قَدْ خَدَمَ الدَّوْلَةَ مُسْتَنْصِحًا,فَأَلْبَسَتْهُو شِيَةَ العِظْلِمِ,Abbassi: VIIIth - XVIth,sarii_complete,sarii_complete
Abou Alalae Al Maarri,Ijtanib Annass,7,مَا دَامَ غَيْرُ اللَّهِ مِنْ دَائِمٍ,فَاغْضَبْ عَلَى الأَقْدَارِ أَوْ سَلِّمِ,Abbassi: VIIIth - XVIth,sarii_complete,sarii_complete
Abou Alalae Al Maarri,Ijtanib Annass,8,طَوَّفْتَ فِي الآفِقِ عَصْرًا فَمَا,أَسْفَرْتَ مِنْ حِنْدِسِكَ المُظْلِمِ,Abbassi: VIIIth - XVIth,sarii_complete,sarii_complete
Abou Alalae Al Maarri,Ijtanib Annass,9,سَأَلْتَ أَقْوَامًا فَلَمْ تُلْفِ مَنْ,يَهْدِيكَ مِنْ رُشْدٍ إِلَى مَعْلَمِ,Abbassi: VIIIth - XVIth,sarii_complete,sarii_complete
Abou Alalae Al Maarri,Ijtanib Annass,10,فَاحْلَمْ عَنِ الجَاهِلِ مُسْتَكْبِرًا,فَالعَيْنُ إِنْ تَلْقَ الكَرَى تَحْلَمِ,Abbassi: VIIIth - XVIth,sarii_complete,sarii_complete
Abou Alalae Al Maarri,Ijtanib Annass,11,إِنَّ وَفَاةَ النِّكْسِ فِي جُبْنِهِ,مِثْلُ وَفَاةِ الفَارِسِ المُعْلَمِ,Abbassi: VIIIth - XVIth,sarii_complete,sarii_complete
Abou Alalae Al Maarri,Kollon 3la Makrouhihi,1,كُلٌّ عَلَى مَكْرُوهِهِ مُسْبَلُ,وَحَازِمُ الأَقْوَامِ لَا يُنْسِلُ,Abbassi: VIIIth - XVIth,sarii_complete,sarii_complete
Abou Alalae Al Maarri,Kollon 3la Makrouhihi,2,فَسْلٌ أَبُو عَالَمِنَا آدَمٌ,وَنَحْنُ مِنْ وَالِدِنَا أَفْسَلُ,Abbassi: VIIIth - XVIth,sarii_complete,sarii_complete
Abou Alalae Al Maarri,Kollon 3la Makrouhihi,3,لَوْ تَعْلَمُ النَّحْلُ بِمِشْتَارِهَا,لَمْ تَرَهَا فِي جَبَلٍ تَعْسِلُ,Abbassi: VIIIth - XVIth,sarii_complete,sarii_complete
Abou Alalae Al Maarri,Kollon 3la Makrouhihi,4,وَالخَيْرُ مَحْبُوبٌ وَلَكِنَّهُ,يَعْجِزُ عَنْهُ الحَيُّ أَوْ يَكْسَلُ,Abbassi: VIIIth - XVIth,sarii_complete,sarii_complete
Abou Alalae Al Maarri,Kollon 3la Makrouhihi,5,وَالأَرْضُ لِلطُّوفَانِ مُشْتَاقَةٌ,لَعَلَّهَا مِنْ رَدَنٍ تُغْسَلُ,Abbassi: VIIIth - XVIth,sarii_complete,sarii_complete
Abou Alalae Al Maarri,Kollon 3la Makrouhihi,6,قَدْ كَثُرَ الشَّرُّ عَلَى ظَهْرِهَا,وَاتُّهِمَ المُرْسِلُ وَالمُرْسَلُ,Abbassi: VIIIth - XVIth,sarii_complete,sarii_complete
Abou Alalae Al Maarri,Kollon 3la Makrouhihi,7,وَأَمْقَرَتْ أَفْعَالُ سُكَّانِهَا,فَهُمْ ذِئَابٌ فِي الفَضَا عُسَّلُ,Abbassi: VIIIth - XVIth,sarii_complete,sarii_complete
Abou Alalae Al Maarri,Kollon 3la Makrouhihi,8,وَمَنْ يَكُنْ يَوْمَ الوَغَى بَاسِلًا,فَالمَوْتُ فِي حَمْلَتِهِ أَبْسَلُ,Abbassi: VIIIth - XVIth,sarii_complete,sarii_complete
Abou Alalae Al Maarri,Kollon 3la Makrouhihi,9,وَجَرْعَهُ الذَّيْفَانِ مَشْرُوبَةٌ,وَغَيْرُهَا المُسْتَعْذَبُ السَّلْسَلُ,Abbassi: VIIIth - XVIth,sarii_complete,sarii_complete
Abou Alalae Al Maarri,Kollon 3la Makrouhihi,10,فَأْتِ جَمِيلًا لَمْ يَقَعْ بَأْسُنَا,بِأَنَّهُ يَوْمًا بِهِ يُوسَلُ,Abbassi: VIIIth - XVIth,sarii_complete,sarii_complete
Abou Alalae Al Maarri,Marhaban Bil Mawti,1,مَرْحَبًا بِالمَوْتِ وَالعَيْشُ دُجًى,وَحِمَامُ المَرْءِ كَالفَجْرِ سَطَعْ,Abbassi: VIIIth - XVIth,ramal_complete,ramal_complete
Abou Alalae Al Maarri,Marhaban Bil Mawti,2,أَمَلٌ أُحْصِدَ لَا تُرْسِلُهُ,كَفُّ حَيٍّ فَإِذَا مَاتَ انْقَطَعْ,Abbassi: VIIIth - XVIth,ramal_complete,ramal_complete
Abou Alalae Al Maarri,Marhaban Bil Mawti,3,أَمَرَ الحَازِمُ نَفْسًا بِالتُّقَى,ذَاكَ أَمْرٌ مِنْ لَبِيبٍ لَمْ يُطَعْ,Abbassi: VIIIth - XVIth,ramal_complete,ramal_complete
Abou Alalae Al Maarri,Marhaban Bil Mawti,4,كَمْ أَرَادَ الخُلْدَ قَوْمٌ فَرَأُوا,مَسْلَكًا إِنْ يُلْتَمَسْ لَا يُسْتَطَعْ,Abbassi: VIIIth - XVIth,ramal_complete,ramal_complete
Abou Alalae Al Maarri,Marhaban Bil Mawti,5,لَسْتُ أَدْرِي أَلِقِسْمِ المَالِ أَمْ,لِاقْتِضَابِ الرَّأْسِ يُدْعَى بِالنَّطَعْ,Abbassi: VIIIth - XVIth,ramal_complete,ramal_complete
Abou Alalae Al Maarri,Marhaban Bil Mawti,6,طَلَبَ المُشْتَارُ أَرْيًا فَإِذَا,جُثَّةُ البَائِسِ فِي الأَرْضِ قِطَعْ,Abbassi: VIIIth - XVIth,ramal_complete,ramal_complete
Abou Alalae Al Maarri,Qifee waqfatan,1,قِفِي وَقْفَةً تَعْلَمِي,وَإِنْ سَلِمُوا فَاسْلَمِي,Abbassi: VIIIth - XVIth,motaqaarib_partial,motaqaarib_partial
Abou Alalae Al Maarri,Qifee waqfatan,2,فَمَا قُلْتُ مِنْ لَوْعَةٍ,أَلِمِّي بِنَا يَا لَمِ,Abbassi: VIIIth - XVIth,motaqaarib_partial,motaqaarib_partial
Abou Alalae Al Maarri,Qifee waqfatan,3,وَكَيْفَ صُعُودِي إِلَى,الثُّرَيَّا بِلَا سُلَمِ,Abbassi: VIIIth - XVIth,motaqaarib_partial,motaqaarib_partial
Abou Alalae Al Maarri,Qifee waqfatan,4,أَيَخْلُصُ هَذَا الوَرَى,مِنَ الحِنْدِسِ المُظْلِمِ,Abbassi: VIIIth - XVIth,motaqaarib_partial,motaqaarib_partial
Abou Alalae Al Maarri,Qifee waqfatan,5,وَأَيُّهُمُ لَمْ يَكُنْ,ظَلُومًا وَلَمْ يُظْلَمِ,Abbassi: VIIIth - XVIth,motaqaarib_partial,motaqaarib_partial
Abou Alalae Al Maarri,Qifee waqfatan,6,وَلَا بُدَّ لِلْحَادِثَا,تِ مِنْ وَقْعَةٍ صَيْلَمِ,Abbassi: VIIIth - XVIth,motaqaarib_partial,motaqaarib_partial
Abou Alalae Al Maarri,Qifee waqfatan,7,تُبِيدُ أَعَادِيَهُمْ,مَعَ التُّرْكِ وَالدَّيْلَمِ,Abbassi: VIIIth - XVIth,motaqaarib_partial,motaqaarib_partial
Abou Alalae Al Maarri,Qifee waqfatan,8,وَتَثْنِيكَ فِي رَاحَةٍ,كَأَنَّكَ لَمْ تُؤْلَمِ,Abbassi: VIIIth - XVIth,motaqaarib_partial,motaqaarib_partial
Abou Alalae Al Maarri,Qifee waqfatan,9,وَلَمْ يُبْقِ صِرْفُ الرَّدَى,عَلَى بَطَلٍ مُعْلَمِ,Abbassi: VIIIth - XVIth,motaqaarib_partial,motaqaarib_partial
Abou Alalae Al Maarri,Qifee waqfatan,10,يُخَضِّبُ هَامَ العِدَى,بِنَحْوٍ مِنَ العِظْلِمِ,Abbassi: VIIIth - XVIth,motaqaarib_partial,motaqaarib_partial
Abou Alalae Al Maarri,Qifee waqfatan,11,وَكَمْ بَذَّ مِنْ قُرَحٍ,مَدَى الجَذَعِ الأَزْلَمِ,Abbassi: VIIIth - XVIth,motaqaarib_partial,motaqaarib_partial
Abou Alalae Al Maarri,Qifee waqfatan,12,وَلَسْتَ مِنَ الرَّكْبِ إِذْ,يَعُوجُونَ فِي المَعْلَمِ,Abbassi: VIIIth - XVIth,motaqaarib_partial,motaqaarib_partial
Abou Alalae Al Maarri,Qifee waqfatan,13,إِذَا طَمِعُوا فَاقْتَنِعْ,وَإِنْ جَهِلُوا فَاحْلَمِ,Abbassi: VIIIth - XVIth,motaqaarib_partial,motaqaarib_partial
Abou Alalae Al Maarri,Qifee waqfatan,14,وَلَا يَدْنَوَنَّ الفَتَى,لِعِرْسٍ وَلَا يُولِمِ,Abbassi: VIIIth - XVIth,motaqaarib_partial,motaqaarib_partial
Abou Alalae Al Maarri,Qifee waqfatan,15,فَإِنْ ظَهَرَتْ زَلَّتِي,فَقُلْ لِرَفِيقِي لُمِ,Abbassi: VIIIth - XVIth,motaqaarib_partial,motaqaarib_partial
Abou Firas Al Hamadani,Allawmo Lil3aachiqin,1,اللَّوْمُ لِلْعَاشِقِينَ لُومُ,لِأَنَّ خَطْبَ الهَوَى عَظِيمُ,Abbassi: VIIIth - XVIth,bassit_mokhlaa,bassit_mokhlaa
Abou Firas Al Hamadani,Allawmo Lil3aachiqin,2,فَكَيْفَ تَرْجَوْنَ لِي سُلُوًّا,وَعِنْدِيَ المُقْعِدُ المُقِيمُ,Abbassi: VIIIth - XVIth,bassit_mokhlaa,bassit_mokhlaa
Abou Firas Al Hamadani,Allawmo Lil3aachiqin,3,وَمُقْلَتِي مِلْؤُهَا دُمُوعٌ,وَأَضْلُعِي حَشْوُهَا كُلُومُ,Abbassi: VIIIth - XVIth,bassit_mokhlaa,bassit_mokhlaa
Abou Firas Al Hamadani,Allawmo Lil3aachiqin,4,يَا قَوْمِ إِنِّي امْرُؤٌ كَتُومٌ,تَصْحَبُنِي مُقْلَةٌ نَمُومُ,Abbassi: VIIIth - XVIth,bassit_mokhlaa,bassit_mokhlaa
Abou Firas Al Hamadani,Allawmo Lil3aachiqin,5,اللَّيْلُ لِلْعَاشِقِينَ سِتْرٌ,يَا لَيْتَ أَوْقَاتُهُ تَدُومُ,Abbassi: VIIIth - XVIth,bassit_mokhlaa,bassit_mokhlaa
Abou Firas Al Hamadani,Allawmo Lil3aachiqin,6,نَدِيمِيَ النَّجْمُ طُولَ لَيْلِي,حَتَّى إِذَا غَارَتِ النُّجُومُ,Abbassi: VIIIth - XVIth,bassit_mokhlaa,bassit_mokhlaa
Abou Firas Al Hamadani,Allawmo Lil3aachiqin,7,أَسْلَمَنِي الصُّبْحُ لِلْبَلَايَا,فَلَا حَبِيبٌ وَلَا نَدِيمُ,Abbassi: VIIIth - XVIth,bassit_mokhlaa,bassit_mokhlaa
Abou Firas Al Hamadani,Allawmo Lil3aachiqin,8,بِرَمْلَتَيْ عَالِجٍ رُسُومٌ,يَطُولُ مِنْ دُونِهَا الرَّسِيمُ,Abbassi: VIIIth - XVIth,bassit_mokhlaa,bassit_mokhlaa
Abou Firas Al Hamadani,Allawmo Lil3aachiqin,9,أَنَخْتُ فِيهِنَّ يَعْمَلَاتٍ,مَا عَهْدُ إِرْقَالِهَا ذَمِيمُ,Abbassi: VIIIth - XVIth,bassit_mokhlaa,bassit_mokhlaa
Abou Firas Al Hamadani,Allawmo Lil3aachiqin,10,آجَدَهَا قَطْعُ كُلِّ وَادٍ,أَخْصَبَهُ نَبْتُهُ العَمِيمُ,Abbassi: VIIIth - XVIth,bassit_mokhlaa,bassit_mokhlaa
Abou Firas Al Hamadani,Allawmo Lil3aachiqin,11,رَدَّتْ عَلَى الدَّهْرِ فِي سُرَاهَا,مَا وَهَبَ النَّجْمُ وَالنُّجُومُ,Abbassi: VIIIth - XVIth,bassit_mokhlaa,bassit_mokhlaa
Abou Firas Al Hamadani,Allawmo Lil3aachiqin,12,تِلْكَ سَجَايَا مِنَ اللَّيَالِي,لِلْبُؤْسِ مَا يَخْلُقُ النَّعِيمُ,Abbassi: VIIIth - XVIth,bassit_mokhlaa,bassit_mokhlaa
Abou Firas Al Hamadani,Allawmo Lil3aachiqin,13,بَيْنَ ضُلُوعِي هَوًى مُقِيمٌ,لِآلِ وَرْقَاءَ لَايَرِيمُ,Abbassi: VIIIth - XVIth,bassit_mokhlaa,bassit_mokhlaa
Abou Firas Al Hamadani,Allawmo Lil3aachiqin,14,يُغَيِّرُ الدَّهْرُ كُلَّ شَيْءٍ,وَهْوَ صَحِيحٌ لَهُمْ سَلِيمُ,Abbassi: VIIIth - XVIth,bassit_mokhlaa,bassit_mokhlaa
Abou Firas Al Hamadani,Allawmo Lil3aachiqin,15,أَمْنَعُ مَنْ رَامَهُ سِوَاهُمْ,مِنْهُ كَمَا تُمْنَعُ الحَرِيمُ,Abbassi: VIIIth - XVIth,bassit_mokhlaa,bassit_mokhlaa
Abou Firas Al Hamadani,Allawmo Lil3aachiqin,16,وَهَلْ يُسَاوِيهِمُ قَرِيبٌ,أَمْ هَلْ يُدَانِيهِمُ حَمِيمُ,Abbassi: VIIIth - XVIth,bassit_mokhlaa,bassit_mokhlaa
Abou Firas Al Hamadani,Allawmo Lil3aachiqin,17,وَنَحْنُ فِي عُصْبَةٍ وَأَهْلٍ,تَضُمُّ أَغْصَانَنَا أَرُومُ,Abbassi: VIIIth - XVIth,bassit_mokhlaa,bassit_mokhlaa
Abou Firas Al Hamadani,Allawmo Lil3aachiqin,18,لَمْ تَتَفَرَّقْ بِنَا خُؤُولٌ,فِي جَذْمِ عِزٍّ وَلَا عُمُومُ,Abbassi: VIIIth - XVIth,bassit_mokhlaa,bassit_mokhlaa
Abou Firas Al Hamadani,Allawmo Lil3aachiqin,19,سَمَتْ بِنَا وَائِلٌ وَفَازَتْ,بِالعِزِّ أَخْوَالُنَا تَمِيمُ,Abbassi: VIIIth - XVIth,bassit_mokhlaa,bassit_mokhlaa
Abou Firas Al Hamadani,Allawmo Lil3aachiqin,20,وَدَادُهُمْ خَالِصٌ صَحِيحٌ,وَعَهْدُهُمْ ثَابِتٌ مُقِيمُ,Abbassi: VIIIth - XVIth,bassit_mokhlaa,bassit_mokhlaa
Abou Firas Al Hamadani,Allawmo Lil3aachiqin,21,فَذَاكَ مِنْهُم بِنَا حَدِيثٌ,وَهْوَ لِآبًائِنَا قَدِيمُ,Abbassi: VIIIth - XVIth,bassit_mokhlaa,bassit_mokhlaa
Abou Firas Al Hamadani,Allawmo Lil3aachiqin,22,نَرْعَاهُ مَا طُرِّقَتْ بِحَمْلٍ,أُنْثَى وَمَا أَطْفَلَتْ بَغُومُ,Abbassi: VIIIth - XVIth,bassit_mokhlaa,bassit_mokhlaa
Abou Firas Al Hamadani,Allawmo Lil3aachiqin,23,نُدْنِي بَنِي عَمِّنَا إِلَيْنَا,فَضْلًا كَمَا يَفْعَلُ الكَرِيمُ,Abbassi: VIIIth - XVIth,bassit_mokhlaa,bassit_mokhlaa
Abou Firas Al Hamadani,Allawmo Lil3aachiqin,24,أَيْدٍ لَهُمْ عِنْدَ كُلِّ خَطْبٍ,يُثْنَى بِهَا الفَادِحُ الجَسِيمُ,Abbassi: VIIIth - XVIth,bassit_mokhlaa,bassit_mokhlaa
Abou Firas Al Hamadani,Allawmo Lil3aachiqin,25,وَأَلْسُنٌ دُونَهُمْ حِدَادٌ,لُدٌّ إِذَا قَامَتِ الخُصُومُ,Abbassi: VIIIth - XVIth,bassit_mokhlaa,bassit_mokhlaa
Abou Firas Al Hamadani,Allawmo Lil3aachiqin,26,لَمْ تَنْأَ عَنَّا لَهُمْ قُلُوبٌ,وَإِنْ نَأَتْ مِنْهُمُ جُسُومُ,Abbassi: VIIIth - XVIth,bassit_mokhlaa,bassit_mokhlaa
Abou Firas Al Hamadani,Allawmo Lil3aachiqin,27,فَلَا عَدِمْنَا لَهُمْ ثَنَاءً,كَأَنَّهُ اللُؤْلُؤُ النَّظِيمُ,Abbassi: VIIIth - XVIth,bassit_mokhlaa,bassit_mokhlaa
Abou Firas Al Hamadani,Allawmo Lil3aachiqin,28,لَقَدْ نَمَتْنَا لَهُمْ أُصُولٌ,مَا مَسَّ أَعْرَاقَهُنَّ لُومُ,Abbassi: VIIIth - XVIth,bassit_mokhlaa,bassit_mokhlaa
Abou Firas Al Hamadani,Allawmo Lil3aachiqin,29,تَبْقَى وَيَبْقَوْنَ فِي نَعِيمٍ,مَا بَقِيَ الرُّكْنُ وَالحَطِيمُ,Abbassi: VIIIth - XVIth,bassit_mokhlaa,bassit_mokhlaa
Abou Firas Al Hamadani,Liayyikomou athkoro,1,لِأَيِّكُمُ أَذْكُرُ,وَفِي أَيِّكُمْ أَفْكِرُ,Abbassi: VIIIth - XVIth,motaqaarib_partial,motaqaarib_partial
Abou Firas Al Hamadani,Liayyikomou athkoro,2,وَكَمْ لِي عَلَى بَلْدَةٍ,بُكَاءٌ وَمُسْتَعْبَرُ,Abbassi: VIIIth - XVIth,motaqaarib_partial,motaqaarib_partial
Abou Firas Al Hamadani,Liayyikomou athkoro,3,فَفِي حَلَبٍ عُدَّتِي,وَعِزِّيَ وَالمَفْخَرُ,Abbassi: VIIIth - XVIth,motaqaarib_partial,motaqaarib_partial
Abou Firas Al Hamadani,Liayyikomou athkoro,4,وَفِي مَنْبِجٍ مِنْ رِضَا,هُ أَنْفَسُ مَا أَذْخَرُ,Abbassi: VIIIth - XVIth,motaqaarib_partial,motaqaarib_partial
Abou Firas Al Hamadani,Liayyikomou athkoro,5,وَمَنْ حُبُّهُ زُلْفَةٌ,بِهَا يُكْرَمُ المَحْشَرُ,Abbassi: VIIIth - XVIth,motaqaarib_partial,motaqaarib_partial
Abou Firas Al Hamadani,Liayyikomou athkoro,6,وَأَصْبِيَةٌ كَالفِرَا,خِ أَكْبَرُهُمْ أَصْغَرُ,Abbassi: VIIIth - XVIth,motaqaarib_partial,motaqaarib_partial
Abou Firas Al Hamadani,Liayyikomou athkoro,7,وَقَوْمٌ أَلِفْنَاهُمُ,وَغُصْنُ الصِّبَا أَخْضَرُ,Abbassi: VIIIth - XVIth,motaqaarib_partial,motaqaarib_partial
Abou Firas Al Hamadani,Liayyikomou athkoro,8,يُخَيَّلُ لِي أَمْرُهُمْ,كَأَنَّهُمُ حُضَّرُ,Abbassi: VIIIth - XVIth,motaqaarib_partial,motaqaarib_partial
Abou Firas Al Hamadani,Liayyikomou athkoro,9,فَحُزْنِيَ لَا يَنْقَضِي,وَدَمْعِيَ مَا يَفْتُرُ,Abbassi: VIIIth - XVIth,motaqaarib_partial,motaqaarib_partial
Abou Firas Al Hamadani,Liayyikomou athkoro,10,وَمَا هَذِهِ أَدْمُعِي,وَلَا ذَا الَّذِي أُضْمِرُ,Abbassi: VIIIth - XVIth,motaqaarib_partial,motaqaarib_partial
Abou Firas Al Hamadani,Liayyikomou athkoro,11,وَلَكِنْ أُدَارِي الدُّمُو,عَ وَأَسْتُرُ مَا أَسْتُرُ,Abbassi: VIIIth - XVIth,motaqaarib_partial,motaqaarib_partial
Abou Firas Al Hamadani,Liayyikomou athkoro,12,مَخَافَةَ قَوْلِ الوُشَا,ةِ مِثْلُكَ لَا يَصْبِرُ,Abbassi: VIIIth - XVIth,motaqaarib_partial,motaqaarib_partial
Abou Firas Al Hamadani,Liayyikomou athkoro,13,أَيَا غَفْلَتَا كَيْفَ لَا,أُرَجِّي الَّذِي أَحْذَرُ,Abbassi: VIIIth - XVIth,motaqaarib_partial,motaqaarib_partial
Abou Firas Al Hamadani,Liayyikomou athkoro,14,وَمَاذَا القُنُوطُ الَّذِي,أَرَاهُ فَأَسْتَشْعِرُ,Abbassi: VIIIth - XVIth,motaqaarib_partial,motaqaarib_partial
Abou Firas Al Hamadani,Liayyikomou athkoro,15,أَمَا مَنْ بَلَانِي بِهِ,عَلَى كَشْفِهِ أَقْدَرُ,Abbassi: VIIIth - XVIth,motaqaarib_partial,motaqaarib_partial
Abou Firas Al Hamadani,Liayyikomou athkoro,16,بَلَى إِنَّ لِي سَيِّدًا,مَوَاهِبُهُ أَكْثَرُ,Abbassi: VIIIth - XVIth,motaqaarib_partial,motaqaarib_partial
Abou Firas Al Hamadani,Liayyikomou athkoro,17,وَإِنِّي غَزِيرُ الذُّنُوبِ,وَإِحْسَانُهُ أَغْزَرُ,Abbassi: VIIIth - XVIth,motaqaarib_partial,motaqaarib_partial
Abou Firas Al Hamadani,Liayyikomou athkoro,18,بِذَنْبِيَ أَوْرَدْتَنِي,وَمِنْ فَضْلِكَ المَصْدَرُ,Abbassi: VIIIth - XVIth,motaqaarib_partial,motaqaarib_partial
Abou Firas Al Hamadani,Yaa Hasratan,1,يَا حَسْرَةً مَا أَكَادُ أَحْمِلُهَا,آخِرُهَا مُزْعِجٌ وَأَوَّلُهَا,Abbassi: VIIIth - XVIth,monsarih_complete,monsarih_complete
Abou Firas Al Hamadani,Yaa Hasratan,2,عَلِيلَةٌ بِالشَّآمِ مُفْرَدَةٌ,بَاتَ بِأَيْدِي العِدَى مُعَلِّلُهَا,Abbassi: VIIIth - XVIth,monsarih_complete,monsarih_complete
Abou Firas Al Hamadani,Yaa Hasratan,3,تُمْسِكُ أَحْشَاءَهَا عَلَى حُرَقٍ,تُطْفِئُهَا وَالهُمُومُ تُشْعِلُهَا,Abbassi: VIIIth - XVIth,monsarih_complete,monsarih_complete
Abou Firas Al Hamadani,Yaa Hasratan,4,إِذَا اطْمَأَنَّتْ وَأَيْنَ أَوْ هَدَأَتْ,عَنَّتْ لَهَا ذُكْرَةٌ تُقَلْقِلُهَا,Abbassi: VIIIth - XVIth,monsarih_complete,monsarih_complete
Abou Firas Al Hamadani,Yaa Hasratan,5,تَسْأَلُ عَنَّا الرُّكْبَانَ جَاهِدَةً,بِأَدْمُعٍ مَاتَكَادُ تُمْهِلُهَا,Abbassi: VIIIth - XVIth,monsarih_complete,monsarih_complete
Abou Firas Al Hamadani,Yaa Hasratan,6,يَامَنْ رَأَى لِي بِحِصْنِ خِرْشَنَةٍ,أُسْدَ شَرًى فِي القُيُودِ أَرْجُلُهَا,Abbassi: VIIIth - XVIth,monsarih_complete,monsarih_complete
Abou Firas Al Hamadani,Yaa Hasratan,7,يَامَنْ رَأَى لِي الدُّرُوبَ شَامِخَةً,دُونَ لِقَاءِ الحَبِيبِ أَطْوَلُهَا,Abbassi: VIIIth - XVIth,monsarih_complete,monsarih_complete
Abou Firas Al Hamadani,Yaa Hasratan,8,يَامَنْ رَأَى لِي القُيُودَ مُوثَقَةٌ,عَلَى حَبِيبِ الفُؤَادِ أَثْقَلُهَا,Abbassi: VIIIth - XVIth,monsarih_complete,monsarih_complete
Abou Firas Al Hamadani,Yaa Hasratan,9,يَا أَيُّهَا الرَّاكِبَانِ هَلْ لَكُمَا,فِي حَمْلِ نَجْوَى يَخِفُّ مَحْمَلُهَا,Abbassi: VIIIth - XVIth,monsarih_complete,monsarih_complete
Abou Firas Al Hamadani,Yaa Hasratan,10,قَوْلًا لَهَا إِنْ وَعَتْ مَقَالَكُمَا,وَإِنَّ ذِكْرِي لَهَا لَيُذْهِلُهَا,Abbassi: VIIIth - XVIth,monsarih_complete,monsarih_complete
Abou Firas Al Hamadani,Yaa Hasratan,11,يَا أُمَّتَا هَذِهِ مَنَازِلُنَا,نَتْرِكُهَا تَارَةً وَنَنْزِلُهَا,Abbassi: VIIIth - XVIth,monsarih_complete,monsarih_complete
Abou Firas Al Hamadani,Yaa Hasratan,12,يَا أُمَّتَا هَذِهِ مَوَارِدُنَا,نَعُلُّهَا تَارَةً وَنُنْهِلُهَا,Abbassi: VIIIth - XVIth,monsarih_complete,monsarih_complete
Abou Firas Al Hamadani,Yaa Hasratan,13,أَسْلَمَنَا قَوْمُنَا إِلَى نُوَبٍ,أَيْسَرُهَا فِي القُلُوبِ أَقْتَلُهَا,Abbassi: VIIIth - XVIth,monsarih_complete,monsarih_complete
Abou Firas Al Hamadani,Yaa Hasratan,14,وَاسْتَبْدَلُوا بَعْدَنَا رِجَالَ وَغًى,يَوَدُّ أَدْنَى عُلَايَ أَمْثَلُهَا,Abbassi: VIIIth - XVIth,monsarih_complete,monsarih_complete
Abou Firas Al Hamadani,Yaa Hasratan,15,لَيْسَتْ تَنَالُ القُيُودُ مِنْ قَدَمِي,وَفِي اتِّبَاعِي رِضَاكَ أَحْمِلُهَا,Abbassi: VIIIth - XVIth,monsarih_complete,monsarih_complete
Abou Firas Al Hamadani,Yaa Hasratan,16,يَا سَيِّدًا مَا تُعَدُّ مَكْرُمَةٌ,إِلَّا وَفِي رَاحَتَيْهِ أَكْمَلُهَا,Abbassi: VIIIth - XVIth,monsarih_complete,monsarih_complete
Abou Firas Al Hamadani,Yaa Hasratan,17,لَا تَتَيَمَّمْ وَالمَاءُ تُدْرِكُهُ,غَيْرُكَ يَرْضَى الصُّغْرَى وَيَقْبَلُهَا,Abbassi: VIIIth - XVIth,monsarih_complete,monsarih_complete
Abou Firas Al Hamadani,Yaa Hasratan,18,إِنَّ بَنِي العَمِّ لَسْتَ تَخْلُفُهُمْ,إِنْ عَادَتِ الأُسْدُ عَادَ أَشْبُلُهَا,Abbassi: VIIIth - XVIth,monsarih_complete,monsarih_complete
Abou Firas Al Hamadani,Yaa Hasratan,19,أَنْتَ سَمَاءٌ وَنَحْنُ أَنْجُمُهَا,أَنْتَ بِلَادٌ وَنَحْنُ أَجْبُلُهَا,Abbassi: VIIIth - XVIth,monsarih_complete,monsarih_complete
Abou Firas Al Hamadani,Yaa Hasratan,20,أَنْتَ سَحَابٌ وَنَحْنُ وَابِلُهُ,أَنْتَ يَمِينٌ وَنَحْنُ أَنْمُلُهَا,Abbassi: VIIIth - XVIth,monsarih_complete,monsarih_complete
Abou Firas Al Hamadani,Yaa Hasratan,21,بِأَيِّ عُذْرٍ رَدَدْتَ وَالِهَةً,عَلَيْكَ دُونَ الوَرَى مُعَوَّلُهَا,Abbassi: VIIIth - XVIth,monsarih_complete,monsarih_complete
Abou Firas Al Hamadani,Yaa Hasratan,22,جَاءَتْكَ تَمْتَاحُ رَدَّ وَاحِدِهَا,يَنْتَظِرُ النَّاسُ كَيْفَ تُقْفِلُهَا,Abbassi: VIIIth - XVIth,monsarih_complete,monsarih_complete
Abou Firas Al Hamadani,Yaa Hasratan,23,سَمَحْتَ مِنِّي بِمُهْجَةٍ كَرُمَتْ,أَنْتَ عَلَى يَأْسِهَا مُؤَمَّلُهَا,Abbassi: VIIIth - XVIth,monsarih_complete,monsarih_complete
Abou Firas Al Hamadani,Yaa Hasratan,24,إِنْ كُنْتَ لَمْ تَبْذِلِ الفِدَاءَ لَهَا,فَلَمْ أَزَلْ فِي رِضَاكَ أَبْذِلُهَا,Abbassi: VIIIth - XVIth,monsarih_complete,monsarih_complete
Abou Firas Al Hamadani,Yaa Hasratan,25,تِلْكَ المَوَدَّاتُ كَيْفَ تُهْمِلُهَا,تِلْكَ المَوَاعِيدُ كَيْفَ تُغْفِلُهَا,Abbassi: VIIIth - XVIth,monsarih_complete,monsarih_complete
Abou Firas Al Hamadani,Yaa Hasratan,26,تِلْكَ العُقُودُ الَّتِي عَقَدْتَ لَنَا,كَيْفَ وَقَدْ أُحْكِمَتْ تُحَلِّلُهَا,Abbassi: VIIIth - XVIth,monsarih_complete,monsarih_complete
Abou Firas Al Hamadani,Yaa Hasratan,27,أَرْحَامُنَا مِنْكَ لَمْ تُقَطِّعُهَا,وَلَمْ تَزَلْ دَائِبًا تُوَصِّلُهَا,Abbassi: VIIIth - XVIth,monsarih_complete,monsarih_complete
Abou Firas Al Hamadani,Yaa Hasratan,28,أَيْنَ المَعَالِي الَّتِي عُرِفْتَ بِهَا,تَقُولُهَا دَائِمًا وَتَفْعَلُهَا,Abbassi: VIIIth - XVIth,monsarih_complete,monsarih_complete
Abou Firas Al Hamadani,Yaa Hasratan,29,يَا وَاسِعَ الدَّارِ كَيْفَ تُوسِعُهَا,وَنَحْنُ فِي صَخْرَةٍ نُزَلْزِلُهَا,Abbassi: VIIIth - XVIth,monsarih_complete,monsarih_complete
Abou Firas Al Hamadani,Yaa Hasratan,30,يَا نَاعِمَ الثَّوْبِ كَيْفَ تُبْدِلُهُ,ثِيَابُنَا الصُّوفُ مَا نُبَدِّلُهَا,Abbassi: VIIIth - XVIth,monsarih_complete,monsarih_complete
Abou Firas Al Hamadani,Yaa Hasratan,31,يَا رَاكِبَ الخَيْلِ لَوْ بَصُرْتَ بِنَا,نَحْمِلُ أَقْيَادُنَا وَنَنْقُلُهَا,Abbassi: VIIIth - XVIth,monsarih_complete,monsarih_complete
Abou Firas Al Hamadani,Yaa Hasratan,32,رَأَيْتَ فِي الضُّرِّ أَوْجُهًا كَرُمَتْ,فَارَقَ فِيكَ الجَمَالَ أَجْمَلُهَا,Abbassi: VIIIth - XVIth,monsarih_complete,monsarih_complete
Abou Firas Al Hamadani,Yaa Hasratan,33,قَدْ أَثَّرَ الدَّهْرُ فِي مَحَاسِنِهَا,تَعْرِفُهَا تَارَةً وَتَجْهَلُهَا,Abbassi: VIIIth - XVIth,monsarih_complete,monsarih_complete
Abou Firas Al Hamadani,Yaa Hasratan,34,فَلَا تَكِلْنَا فِيهَا إِلَى أَحَدٍ,مُعِلُّهَا مُحْسِنًا يُعَلِّلُهَا,Abbassi: VIIIth - XVIth,monsarih_complete,monsarih_complete
Abou Firas Al Hamadani,Yaa Hasratan,35,لَا يَفْتَحُ النَّاسُ بَابَ مَكْرُمَةٍ,صَاحِبُهَا المُسْتَغَاثُ يُقْفِلُهَا,Abbassi: VIIIth - XVIth,monsarih_complete,monsarih_complete
Abou Firas Al Hamadani,Yaa Hasratan,36,أَيَنْبَرِي دُونَكَ الكِرَامُ لَهَا,وَأَنْتَ قَمْقَامُهَا وَأَحْمَلُهَا,Abbassi: VIIIth - XVIth,monsarih_complete,monsarih_complete
Abou Firas Al Hamadani,Yaa Hasratan,37,وَأَنْتَ إِنْ عَنَّ حَادِثٌ جَلَلٌ,قُلَّبُهَا المُرْتَجَى وَحُوَّلُهَا,Abbassi: VIIIth - XVIth,monsarih_complete,monsarih_complete
Abou Firas Al Hamadani,Yaa Hasratan,38,مِنْكَ تَرَدَّى بِالفَضْلِ أَفْضَلُهَا,مِنْكَ أَفَادَ النَّوَالَ أَنْوَلُهَا,Abbassi: VIIIth - XVIth,monsarih_complete,monsarih_complete
Abou Firas Al Hamadani,Yaa Hasratan,39,فَإِنْ سَأَلْنَا سِوَاكَ عَارِفَةً,فَبَعْدَ قَطْعِ الرَّجَاءِ نَسْأَلُهَا,Abbassi: VIIIth - XVIth,monsarih_complete,monsarih_complete
Abou Firas Al Hamadani,Yaa Hasratan,40,إِذَا رَأَيْنَا أُولَى الكِرَامِ بِهَا,يُضِيعُهَا جَاهِدًا وَيُهْمِلُهَا,Abbassi: VIIIth - XVIth,monsarih_complete,monsarih_complete
Abou Firas Al Hamadani,Yaa Hasratan,41,لَمْ يَبْقَ فِي النَّاسِ أُمَّةٌ عُرِفَتْ,إِلَّا وَفَضْلُ الأَمِيرِ يَشْمَلُهَا,Abbassi: VIIIth - XVIth,monsarih_complete,monsarih_complete
Abou Firas Al Hamadani,Yaa Hasratan,42,نَحْنُ أَحَقُّ الوَرَى بِرَأْفَتِهِ,فَأَيْنَ عَنَّا وَأَيْنَ مَعْدِلُهَا,Abbassi: VIIIth - XVIth,monsarih_complete,monsarih_complete
Abou Firas Al Hamadani,Yaa Hasratan,43,يَا مُنْفِقَ المَالِ لَا يُرِيدُ بِهِ,إِلَّا المَعَالِي الَّتِي يُؤَثِّلُهَا,Abbassi: VIIIth - XVIth,monsarih_complete,monsarih_complete
Abou Firas Al Hamadani,Yaa Hasratan,44,أَصْبَحْتَ تَشْرِي مَكَارِمًا فُضُلًا,فِدَاؤُنَا قَدْ عَلِمْتَ أَفْضَلُهَا,Abbassi: VIIIth - XVIth,monsarih_complete,monsarih_complete
Abou Firas Al Hamadani,Yaa Hasratan,45,لَا يَقْبَلُ اللَّهُ قَبْلَ فَرْضِكَ ذَا,نَافِلَةً عِنْدَهُو تُنَفِّلُهَا,Abbassi: VIIIth - XVIth,monsarih_complete,monsarih_complete
Abou Nawas,Hamilo Al Hawa,1,حَامِلُ الهَوَى تَعِبٌ,يَسْتَخِفُّهُ الطَّرَبُ,Abbassi: VIIIth - XVIth,moqtadab_complete,moqtadab_complete
Abou Nawas,Hamilo Al Hawa,2,إِنْ بَكَى يُحَقُّ لَهُ,لَيْسَ مَا بِهِ لَعِبُ,Abbassi: VIIIth - XVIth,moqtadab_complete,moqtadab_complete
Abou Nawas,Hamilo Al Hawa,3,تَضْحَكِينَ لَاهِيَةً,وَالمُحِبُّ يَنْتَحِبُ,Abbassi: VIIIth - XVIth,moqtadab_complete,moqtadab_complete
Abou Nawas,Hamilo Al Hawa,4,تَعْجَبِينَ مِنْ سَقَمِي,صِحَّتِي هِيَ العَجَبُ,Abbassi: VIIIth - XVIth,moqtadab_complete,moqtadab_complete
Abou Nawas,Hamilo Al Hawa,5,كُلَّمَا انْقَضَى سَبَبٌ,مِنْكِ عَادَ لِي سَبَبُ,Abbassi: VIIIth - XVIth,moqtadab_complete,moqtadab_complete
Abou Nawas,Ilaahana,1,إِلَاهَنَا مَا أَعْدَلَكْ,,Abbassi: VIIIth - XVIth,rajaz_manhouk,rajaz_manhouk
Abou Nawas,Ilaahana,2,مَلِيكَ كُلُّ مَنْ مَلَكْ,,Abbassi: VIIIth - XVIth,rajaz_manhouk,rajaz_manhouk
Abou Nawas,Ilaahana,3,لَبَّيْكَ قَدْ لَبَّيْتُ لَكْ,,Abbassi: VIIIth - XVIth,rajaz_manhouk,rajaz_manhouk
Abou Nawas,Ilaahana,4,لَبَّيْكَ إِنَّ الحَمْدَ لَكْ,,Abbassi: VIIIth - XVIth,rajaz_manhouk,rajaz_manhouk
Abou Nawas,Ilaahana,5,وَالمُلْكُ لَا شَرِيكَ لَكْ,,Abbassi: VIIIth - XVIth,rajaz_manhouk,rajaz_manhouk
Abou Nawas,Ilaahana,6,وَاللَّيْلُ لَمَّا أَنْ حَلَكْ,,Abbassi: VIIIth - XVIth,rajaz_manhouk,rajaz_manhouk
Abou Nawas,Ilaahana,7,وَالسَّابِحَاتُ فِي الفَلَكْ,,Abbassi: VIIIth - XVIth,rajaz_manhouk,rajaz_manhouk
Abou Nawas,Ilaahana,8,عَلَى مَجَارِي المُنْسَلَكْ,,Abbassi: VIIIth - XVIth,rajaz_manhouk,rajaz_manhouk
Abou Nawas,Ilaahana,9,مَا خَابَ عَبْدٌ أَمَّلَكْ,,Abbassi: VIIIth - XVIth,rajaz_manhouk,rajaz_manhouk
Abou Nawas,Ilaahana,10,أَنْتَ لَهُو حَيْثُ سَلَكْ,,Abbassi: VIIIth - XVIth,rajaz_manhouk,rajaz_manhouk
Abou Nawas,Ilaahana,11,لَوْلَاكَ يَا رَبُّ هَلَكْ,,Abbassi: VIIIth - XVIth,rajaz_manhouk,rajaz_manhouk
Abou Nawas,Ilaahana,12,كُلُّ نَبِيٍّ وَمَلَكْ,,Abbassi: VIIIth - XVIth,rajaz_manhouk,rajaz_manhouk
Abou Nawas,Ilaahana,13,وَكُلُّ مَنْ أَهَلَّ لَكْ,,Abbassi: VIIIth - XVIth,rajaz_manhouk,rajaz_manhouk
Abou Nawas,Ilaahana,14,سَبَّحَ أَوْ لَبَّى فَلَكْ,,Abbassi: VIIIth - XVIth,rajaz_manhouk,rajaz_manhouk
Abou Nawas,Ilaahana,15,يَا مُخْطِئًا مَا أَغْفَلَكْ,,Abbassi: VIIIth - XVIth,rajaz_manhouk,rajaz_manhouk
Abou Nawas,Ilaahana,16,عَجِّلْ وَبَادِرْ أَجَلَكْ,,Abbassi: VIIIth - XVIth,rajaz_manhouk,rajaz_manhouk
Abou Nawas,Ilaahana,17,وَاخْتِمْ بِخَيْرٍ عَمَلَكْ,,Abbassi: VIIIth - XVIth,rajaz_manhouk,rajaz_manhouk
Abou Nawas,Ilaahana,18,لَبَّيْكَ إِنَّ المُلْكَ لَكْ,,Abbassi: VIIIth - XVIth,rajaz_manhouk,rajaz_manhouk
Abou Nawas,Ilaahana,19,وَالحَمْدَ وَالنِّعْمَةَ لَكْ,,Abbassi: VIIIth - XVIth,rajaz_manhouk,rajaz_manhouk
Abou Nawas,Ilaahana,20,وَالعِزَّ لَا شَرِيكَ لَكْ,,Abbassi: VIIIth - XVIth,rajaz_manhouk,rajaz_manhouk
Abou Nawas,Lama Tajalla,1,لَمَّا تَجَلَّى اللَّيْلُ وَابْيَضَّ الأُفُقْ,,Abbassi: VIIIth - XVIth,rajaz_machtour,rajaz_machtour
Abou Nawas,Lama Tajalla,2,وَانْجَابَ سِتْرُ اللَّيْلِ عَنْ وَجْهِ الطُّرُقْ,,Abbassi: VIIIth - XVIth,rajaz_machtour,rajaz_machtour
Abou Nawas,Lama Tajalla,3,بَاكَرَنِي سَهْلُ المُحَيَّا وَالخُلُقْ,,Abbassi: VIIIth - XVIth,rajaz_machtour,rajaz_machtour
Abou Nawas,Lama Tajalla,4,نَدْبٌ إِذَا اسْتَنْدَبْتَهُو شَهْمٌ لَبِقْ,,Abbassi: VIIIth - XVIth,rajaz_machtour,rajaz_machtour
Abou Nawas,Lama Tajalla,5,يَدْعُو إِلَا الصَّيْدِ أَلَا قُلْتَ انْطَلِقْ,,Abbassi: VIIIth - XVIth,rajaz_machtour,rajaz_machtour
Abou Nawas,Lama Tajalla,6,بِأَكْلُبٍ غُضْفٍ صَحِيحَاتِ الحَدَقْ,,Abbassi: VIIIth - XVIth,rajaz_machtour,rajaz_machtour
Abou Nawas,Lama Tajalla,7,مِنْ أَصْفَرِ اللَّوْنِ وَمَبْيَضٍّ يَقَقْ,,Abbassi: VIIIth - XVIth,rajaz_machtour,rajaz_machtour
Abou Nawas,Lama Tajalla,8,كَأَنَّمَا أُذْنَاهُ مِنْ بَعْضِ المَزَقْ,,Abbassi: VIIIth - XVIth,rajaz_machtour,rajaz_machtour
Abou Nawas,Lama Tajalla,9,لَوْ يُلْصَقُ الخَدُّو بِأُذْنِنْ لَالْتَصَقْ,,Abbassi: VIIIth - XVIth,rajaz_machtour,rajaz_machtour
Abou Nawas,3azzou Akhillaya Qalbi,1,عَزُّوا أَخِلَّايَ قَلْبِي,فَقَدْ أُصِبْتُ بِلُبِّي,Abbassi: VIIIth - XVIth,mojtath_complete,mojtath_complete
Abou Nawas,3azzou Akhillaya Qalbi,2,الحَمْدُ لِلَّهِ رَبِّي,مَاذَا لَقَيْتُ فَحَسْبِي,Abbassi: VIIIth - XVIth,mojtath_complete,mojtath_complete
Abou Nawas,3azzou Akhillaya Qalbi,3,مَا لِي عَلَى الحُبِّ عَتْبٌ,أَنَّا وَقَعْتُ بِذَنْبِي,Abbassi: VIIIth - XVIth,mojtath_complete,mojtath_complete
Abou Nawas,3azzou Akhillaya Qalbi,4,لَقَدْ دَعَانِي وَصَحْبِي,فَجِئْتُ مِنْ بَيْنِ صَحْبِي,Abbassi: VIIIth - XVIth,mojtath_complete,mojtath_complete
Abou Nawas,3azzou Akhillaya Qalbi,5,يَا حِبُّ مَلَّكْتَ رِقِّي,مَنْ لَا يُسَرُّ بِقُرْبِي,Abbassi: VIIIth - XVIth,mojtath_complete,mojtath_complete
Abou Nawas,3azzou Akhillaya Qalbi,6,وَمَنْ يُعَذِّبُ رُوحِي,بِكُلِّ نَوْعٍ وَضَرْبِ,Abbassi: VIIIth - XVIth,mojtath_complete,mojtath_complete
Abou Nawas,3azzou Akhillaya Qalbi,7,فَكَمْ عَصَبْتُ بِرَأْسِي,وَكَمْ عَرَكْتُ بِجَنْبِي,Abbassi: VIIIth - XVIth,mojtath_complete,mojtath_complete
Abou Nawas,3azzou Akhillaya Qalbi,8,وَلَسْتُ أُحْمَلُ مِنْهُ,إِلَّا عَلَى ظَهْرِ صَعْبِ,Abbassi: VIIIth - XVIth,mojtath_complete,mojtath_complete
Abou Nawas,3azzou Akhillaya Qalbi,9,يَا قَاتِلِي أَنْتَ وَاللَّا,هِ فِي الحُكُومَةِ تِرْبِي,Abbassi: VIIIth - XVIth,mojtath_complete,mojtath_complete
Abou Nawas,3azzou Akhillaya Qalbi,10,أَتَيْتُ حِبِّي وَحِبِّي,بِكْرٌ بِخَاتَمِ رَبِّي,Abbassi: VIIIth - XVIth,mojtath_complete,mojtath_complete
Abou Nawas,3azzou Akhillaya Qalbi,11,فَكُنْتُ أَوَّلَ حَيٍّ,إِفْتَضَّ عُذْرَةَ حُبِّي,Abbassi: VIIIth - XVIth,mojtath_complete,mojtath_complete
Abou Nawas,3azzou Akhillaya Qalbi,12,وَلَيْسَ لِي مِنْكَ إِلَّا,كَرْبٌ عَلَى إِثْرِ كَرْبِ,Abbassi: VIIIth - XVIth,mojtath_complete,mojtath_complete
Abou Nawas,3azzou Akhillaya Qalbi,13,تَبِيعُ وَصْلِي بِهَجْرِي,وَعَفْوَ سِلْمِي بِحَرْبِي,Abbassi: VIIIth - XVIth,mojtath_complete,mojtath_complete
Abou Nawas,3azzou Akhillaya Qalbi,14,أَنَا الفِدَاءُ لِظَبْيٍ,مُفَتَّرِ اللَّحْظِ رَطْبِ,Abbassi: VIIIth - XVIth,mojtath_complete,mojtath_complete
Abou Nawas,3azzou Akhillaya Qalbi,15,مَنْ لَيْسَ يَخْفَى عَلَيْهِ,حُبِّي وَلَكِنْ يُغَبِّي,Abbassi: VIIIth - XVIth,mojtath_complete,mojtath_complete
Abou Nawas,3azzou Akhillaya Qalbi,16,لَوْ شَاءَ قَالَا وَلَكِنْ,فِيهِ حَيًا وَتَأَبِّي,Abbassi: VIIIth - XVIth,mojtath_complete,mojtath_complete
Abou Nawas,3azzou Akhillaya Qalbi,17,مَا جَازَ هَذَا إِلَيْنَا الْ,أَقْوَامَ إِلَّا لِحُبِّي,Abbassi: VIIIth - XVIth,mojtath_complete,mojtath_complete
Abou Tamam,Lamma Raayto Al Amra,1,لَمَّا رَأَيْتُ الأَمْرَ أَمْرًا جِدَّا,وَلَمْ أَجِدْ مِنَ القِيَامِ بُدَّا,Abbassi: VIIIth - XVIth,rajaz_complete,rajaz_complete
Abou Tamam,Lamma Raayto Al Amra,2,لَبِسْتُ جِلْدَ نَمِرٍ مُعْتَدَّا,وَجِلْدَ ضِرْغَامٍ يَقُدُّ قَدَّا,Abbassi: VIIIth - XVIth,rajaz_complete,rajaz_complete
Abou Tamam,Lamma Raayto Al Amra,3,جَمَعْتُ جَمْعَ العَرَبِ الأَشِدَّا,جَمْعًا يُلِدُّ الظَّالِمَ الأَشَدَّا,Abbassi: VIIIth - XVIth,rajaz_complete,rajaz_complete
Abou Tamam,Lamma Raayto Al Amra,4,يَهُدُّ أَرْكَانَ الجِبَالِ هَدَّا,كَانَ تَمِيمٌ لِأَبِينَا عَبْدَا,Abbassi: VIIIth - XVIth,rajaz_complete,rajaz_complete
Abou Tamam,Lamma Raayto Al Amra,5,أَسْوَدَ نَضَّاحَ المَقَدِّ جَعْدَا,وَنَحْنُ كُنَّا لِلنَّبِيِّ جُنْدَا,Abbassi: VIIIth - XVIth,rajaz_complete,rajaz_complete
Abou Tamam,Lamma Raayto Al Amra,6,يَوْمَ بُزَاخَاتٍ وَرَدْنَ وِرْدَا,وَعُدَّ لِي بَدْرًا وَعُدَّ أُحْدَا,Abbassi: VIIIth - XVIth,rajaz_complete,rajaz_complete
Abou Tamam,Lamma Raayto Al Amra,7,وَطَيِّءٌ قَدْ أَلْبَسَتْنِي بُرْدَا,حَتَّى فَخَرْتُ فَهَزَمْتُ العَبْدَا,Abbassi: VIIIth - XVIth,rajaz_complete,rajaz_complete
Abou Tamam,Mithla Widdi,1,مِثْلَ وِدِّي لَا يُغَيِّرُهُ,لَكَ هِجْرَانٌ وَلَا بُعُدُ,Abbassi: VIIIth - XVIth,madid_complete,madid_complete
Abou Tamam,Mithla Widdi,2,وَجُفُونِي لَا يَزَالُ بِهَا,طَيْفُ حِلْمٍ مِنْكَ يَطَّرِدُ,Abbassi: VIIIth - XVIth,madid_complete,madid_complete
Abou Tamam,Mithla Widdi,3,وَضَمِيرِي أَنْتَ تَعْلَمُهُ,لَكَ لَا يَلْوِي بِهِ أَحَدُ,Abbassi: VIIIth - XVIth,madid_complete,madid_complete
Abou Tamam,Mithla Widdi,4,يَا مُقِيدَ الشَّوْقِ مِنْ كَبِدِي,آهِ لَا صَبْرٌ وَلَا جَلَدُ,Abbassi: VIIIth - XVIth,madid_complete,madid_complete
Abou Tamam,Mithla Widdi,5,جَرَحَتْنِي مِنْكَ جَارِحَةٌ,كُلُّ أَعْضَائِي لَهَا عَدَدُ,Abbassi: VIIIth - XVIth,madid_complete,madid_complete
Acharif Arradi,Amaa Konta Ma3a Alhayyi,1,أَمَا كُنْتَ مَعَ الحَيِّ,صَبَاحًا حِينَ وَلَّيْنَا,Abbassi: VIIIth - XVIth,hazaj_complete,hazaj_complete
Acharif Arradi,Amaa Konta Ma3a Alhayyi,2,وَقَدْ صَاحَ بِنَا المَجْدُ,إِلَى أَيْنَ إِلَى أَيْنَا,Abbassi: VIIIth - XVIth,hazaj_complete,hazaj_complete
Acharif Arradi,Amaa Konta Ma3a Alhayyi,3,إِلَى أَنْ أُدْرِكَ العِرْقُ,فَثُبْنَا ثُمَّ لَاقَيْنَا,Abbassi: VIIIth - XVIth,hazaj_complete,hazaj_complete
Acharif Arradi,Amaa Konta Ma3a Alhayyi,4,حُمِينَا بِالحَفِيظَاتِ,فَقَارَعْنَا وَحَامَيْنَا,Abbassi: VIIIth - XVIth,hazaj_complete,hazaj_complete
Acharif Arradi,Amaa Konta Ma3a Alhayyi,5,فَلَا تَسْأَلْ عَنِ الكَاسِ الْ,لَتِي فِيهَا تَسَاقَيْنَا,Abbassi: VIIIth - XVIth,hazaj_complete,hazaj_complete
Acharif Arradi,Amaa Konta Ma3a Alhayyi,6,تَنَاكَيْنَا فَلَمَّا غَ,لَبَ الأَمْرُ تَبَاكَيْنَا,Abbassi: VIIIth - XVIth,hazaj_complete,hazaj_complete
Acharif Arradi,Amaa Konta Ma3a Alhayyi,7,عَنِ الحِلْمِ تَحَاجَزْنَا,وَبِالضِّغْنِ تَلَاقَيْنَا,Abbassi: VIIIth - XVIth,hazaj_complete,hazaj_complete
Acharif Arradi,Amaa Konta Ma3a Alhayyi,8,وَلَوْلَا أَطَّةُ الأَرْحَا,مِ أَعْذَرْنَا وَأَبْلَيْنَا,Abbassi: VIIIth - XVIth,hazaj_complete,hazaj_complete
Acharif Arradi,Amaa Konta Ma3a Alhayyi,9,إِذَا نَاشَدَتِ القُرْبَى,تَبَاقَيْنَا وَأَبْقَيْنَا,Abbassi: VIIIth - XVIth,hazaj_complete,hazaj_complete
Acharif Arradi,Amaa Konta Ma3a Alhayyi,10,بَنِي أَعْمَامِنَا مَهْلًا,سَيَنْأَى بَيْنُ دَارَيْنَا,Abbassi: VIIIth - XVIth,hazaj_complete,hazaj_complete
Acharif Arradi,Amaa Konta Ma3a Alhayyi,11,وَيَغْدُو رَهَجُ الرَّوْعِ,لِحَامًا بَيْنَ غَارَيْنَا,Abbassi: VIIIth - XVIth,hazaj_complete,hazaj_complete
Acharif Arradi,Amaa Konta Ma3a Alhayyi,12,إِذَا مَا ضَرَبَ النَّقْعُ,عَلَى الحَرْبِ رِوَاقَيْنَا,Abbassi: VIIIth - XVIth,hazaj_complete,hazaj_complete
Acharif Arradi,Amaa Konta Ma3a Alhayyi,13,عَسَى الأَرْحَامُ تَثْنِينَا,إِذَا نَحْنُ تَبَاغَيْنَا,Abbassi: VIIIth - XVIth,hazaj_complete,hazaj_complete
Acharif Arradi,Amaa Konta Ma3a Alhayyi,14,تَبَالُوا لِتُلَاقُونَا,فَإِنَّا قَدْ تَبَالَيْنَا,Abbassi: VIIIth - XVIth,hazaj_complete,hazaj_complete
Acharif Arradi,Amaa Konta Ma3a Alhayyi,15,فَلَمْ يَلْقَ لَنَا العَاجِ,مُ رِعْدِيدًا وَلَا هَيْنَا,Abbassi: VIIIth - XVIth,hazaj_complete,hazaj_complete
Acharif Arradi,Amaa Konta Ma3a Alhayyi,16,لَنَا كُلُّ غُلَامٍ هَمْ,مُهُو أَنْ يَرِدَ الحَيْنَا,Abbassi: VIIIth - XVIth,hazaj_complete,hazaj_complete
Acharif Arradi,Amaa Konta Ma3a Alhayyi,17,يُخَالُ مُوَفِّيًا نَذِرًا,بِهِ أَوْ قَاضِيًا دَيْنَا,Abbassi: VIIIth - XVIth,hazaj_complete,wafir_partial
Acharif Arradi,Amaa Konta Ma3a Alhayyi,18,حَدِيدُ السَّمْعِ فِي حَيْثُ,تَكُونُ الأُذُنُ العَيْنَا,Abbassi: VIIIth - XVIth,hazaj_complete,hazaj_complete
Acharif Arradi,Amaa Konta Ma3a Alhayyi,19,غِرَارُ النَّوْمِ يَجْلُو عَنْ,لِحَاظِ الضَّرِمِ الرَّيْنَا,Abbassi: VIIIth - XVIth,hazaj_complete,hazaj_complete
Acharif Arradi,Amaa Konta Ma3a Alhayyi,20,إِذَا السَّيْرُ حَذَا أَيْدِي الْ,رِكَابِ الدَّمَ وَالأَيْنَا,Abbassi: VIIIth - XVIth,hazaj_complete,hazaj_complete
Acharif Arradi,Amaa Konta Ma3a Alhayyi,21,أَذَاتَ الطَّوْقِ تَجْلُو فِي,هِ بَرَّاقَ الطُّلَى لَيْنَا,Abbassi: VIIIth - XVIth,hazaj_complete,hazaj_complete
Acharif Arradi,Amaa Konta Ma3a Alhayyi,22,قِفِي أُخْبِرْكِ عَنْ صَبْرِي,إِذَا أَوْعَدْتِنِي البَيْنَا,Abbassi: VIIIth - XVIth,hazaj_complete,hazaj_complete
Acharif Arradi,Amaa Konta Ma3a Alhayyi,23,سَلِي عَنْ هَيْئَةِ السَّيْفِ,شُجَاعَ القَوْمِ لَا القَيْنَا,Abbassi: VIIIth - XVIth,hazaj_complete,hazaj_complete
Acharif Arradi,Amaa Konta Ma3a Alhayyi,24,لَنَا السَّبْقُ بِأَقْدَامٍ,إِلَى المَجْدِ تَسَاعَيْنَا,Abbassi: VIIIth - XVIth,hazaj_complete,hazaj_complete
Acharif Arradi,Amaa Konta Ma3a Alhayyi,25,تَرَيْ زَمْجَرَةَ الآسَا,دِ هَمْسًا بَيْنَ غَابَيْنَا,Abbassi: VIIIth - XVIth,hazaj_complete,hazaj_complete
Acharif Arradi,Amaa Konta Ma3a Alhayyi,26,إِذَا سَاوَمَنَا الضَّيْمُ,عَلَى الأَعْرَاضِ غَالِينَا,Abbassi: VIIIth - XVIth,hazaj_complete,hazaj_complete
Acharif Arradi,Amaa Konta Ma3a Alhayyi,27,وَإِنْ نَازَعَنَا الحَقُّ,عِنَانَ المَالِ أَلْقَيْنَا,Abbassi: VIIIth - XVIth,hazaj_complete,hazaj_complete
Acharif Arradi,Amaa Konta Ma3a Alhayyi,28,إِذَا مَا رَوَّحَ الأُعْيَا,نُ أَعْطَيْنَا وَأَمْطَيْنَا,Abbassi: VIIIth - XVIth,hazaj_complete,hazaj_complete
Acharif Arradi,Amaa Konta Ma3a Alhayyi,29,يَظُنُّ المُجْتَدِي أَنَّا,عَلَى الجُودِ تَوَاطَيْنَا,Abbassi: VIIIth - XVIth,hazaj_complete,hazaj_complete
Acharif Arradi,Amaa Konta Ma3a Alhayyi,30,مَلَكْنَا مَقْطَعَ الرِّزْقِ,فَأَفْقَرْنَا وَأَغْنَيْنَا,Abbassi: VIIIth - XVIth,hazaj_complete,hazaj_complete
Acharif Arradi,Amaa Konta Ma3a Alhayyi,31,وَحُزْنَا طَاعَةَ الدَّهْرِ,فَأَغْضَبْنَا وَأَرْضَيْنَا,Abbassi: VIIIth - XVIth,hazaj_complete,hazaj_complete
Acharif Arradi,Amaa Konta Ma3a Alhayyi,32,مَتَى لَمْ يُطِعِ الجُودُ,سَخَونَا أَوْ تَسَاخَيْنَا,Abbassi: VIIIth - XVIth,hazaj_complete,hazaj_complete
Acharif Arradi,Amaa Konta Ma3a Alhayyi,33,سِرَاعًا فَتَفَاقَدْنَا,جَمِيعًا وَتَنَاعَيْنَا,Abbassi: VIIIth - XVIth,hazaj_complete,hazaj_complete
Acharif Arradi,Amaa Konta Ma3a Alhayyi,34,إِذَا مَا ثَوَّبَ الدَّاعِي,إِلَى المَوْتِ تَدَاعَيْنَا,Abbassi: VIIIth - XVIth,hazaj_complete,hazaj_complete
Acharif Arradi,Amaa Konta Ma3a Alhayyi,35,وَمَا يَنْفَعُنَا يَوْمًا,إِذَا نَحْنُ تَفَادَيْنَا,Abbassi: VIIIth - XVIth,hazaj_complete,hazaj_complete
Acharif Arradi,Amaa Konta Ma3a Alhayyi,36,وَمَا أَعْلَمَنَا أَنَّا,إِلَى الغَايَةِ أَجْرَيْنَا,Abbassi: VIIIth - XVIth,hazaj_complete,hazaj_complete
Ahmed Al Kiwani,Foaadon miloho amalo,1,فُؤَادٌ مِلْؤُهُ أَلَمُ,وَجِسْمٌ حَشْوُهُ سَقَمُ,Othoman: XIIIth - XXth,wafir_partial,wafir_partial
Ahmed Al Kiwani,Foaadon miloho amalo,2,وَعَيْنٌ كُحْلَهَا سَهَرٌ,وَطَرْفٌ دَمْعُهُ دِيَمُ,Othoman: XIIIth - XXth,wafir_partial,wafir_partial
Ahmed Al Kiwani,Foaadon miloho amalo,3,وَقَلْبٌ وَجْدُهُ يَزْدَا,دُ إِنْ وَصَلُوا وَإِنْ صَرَمُوا,Othoman: XIIIth - XXth,wafir_partial,wafir_partial
Ahmed Al Kiwani,Foaadon miloho amalo,4,وَأَغْيَدُّ لَحْظِهِ يَبْلُو,سَرَائِرُنَا وَيَتَّهِمُ,Othoman: XIIIth - XXth,wafir_partial,wafir_partial
Ahmed Al Kiwani,Foaadon miloho amalo,5,فَيَنْكَشِفُ الضَّمِيرُ لَهُ,وَلَمْ يَنْطِقْ هُنَاكَ فَمُ,Othoman: XIIIth - XXth,wafir_partial,wafir_partial
Ahmed Al Kiwani,Foaadon miloho amalo,6,يُجَرِّحُنِي بِمُقْلَتِهِ,جِرَاحًا لَيْسَ تَلْتَئِمُ,Othoman: XIIIth - XXth,wafir_partial,wafir_partial
Ahmed Al Kiwani,Foaadon miloho amalo,7,فَأَقْضِي بَيْنَ جُلَّاسِي,وَيَحْيِينِي وَمَا عَلِمُوا,Othoman: XIIIth - XXth,wafir_partial,wafir_partial
Ahmed Al Kiwani,Foaadon miloho amalo,8,قَلِيلُ العَدْلِ وَالإِنْصَا,فِ وَهْوَ الخَصْمُ وَالحَكَمُ,Othoman: XIIIth - XXth,wafir_partial,wafir_partial
Ahmed Al Kiwani,Foaadon miloho amalo,9,يُصَدُّ فِي أَعِدَّائِي,فَيَأْخُذُنِي بِمَا زَعَمُوا,Othoman: XIIIth - XXth,wafir_partial,wafir_partial
Ahmed Al Kiwani,Foaadon miloho amalo,10,يُعَذِّبُنِي بِلَا ذَنْبٍ,وَيَجْفُونِي وَيَنْتَقِمُ,Othoman: XIIIth - XXth,wafir_partial,wafir_partial
Ahmed Al Kiwani,Foaadon miloho amalo,11,وَأَسْلَاكٌ مِنَ الشَّكْوَى,وَلَكِنْ دُرَّهَا كَلِمُ,Othoman: XIIIth - XXth,wafir_partial,wafir_partial
Ahmed Al Kiwani,Foaadon miloho amalo,12,أُجَمْجِمُهَا وَتَسْبِقُنِي,وَأَنْثُرُهَا فَتَنْتَظِمُ,Othoman: XIIIth - XXth,wafir_partial,wafir_partial
Ahmed Al Kiwani,Foaadon miloho amalo,13,كَأَدْمُعِ عَاشِقٍ كَلَفٍ,يُكَفْكِفُهَا وَتَنْسَجِمُ,Othoman: XIIIth - XXth,wafir_partial,wafir_partial
Ahmed Al Kiwani,Foaadon miloho amalo,14,وَنَدْمَانٌ طَرَدْتَ نُعَا,سَهُ وَاللَّيْلُ يَنْهَزِمُ,Othoman: XIIIth - XXth,wafir_partial,wafir_partial
Ahmed Al Kiwani,Foaadon miloho amalo,15,وَجَفْنُ غَمَامِهِ يَبْكِي,وَثَغْرُ البَرْقِ يَبْتَسِمُ,Othoman: XIIIth - XXth,wafir_partial,wafir_partial
Ahmed Al Kiwani,Foaadon miloho amalo,16,وَجَيْشُ الصُّبْحِ يَصْدِمُ عَسْكَرَ,الظُّلَمَا وَيَقْتَحِمُ,Othoman: XIIIth - XXth,wafir_partial,wafir_partial
Ahmed Al Kiwani,Foaadon miloho amalo,17,لَهُ مِنْ لَوِّ دَمْعِيَ إِذْ,بَدَا فِي شَرْقِهِ عَلَمُ,Othoman: XIIIth - XXth,wafir_partial,wafir_partial
Ahmed Al Kiwani,Foaadon miloho amalo,18,بِصَافِيَةٍ مُشَعْشَعَةٍ,تَصُبُّ فَتَتْجَلِي الظُّلَمُ,Othoman: XIIIth - XXth,wafir_partial,wafir_partial
Ahmed Al Kiwani,Foaadon miloho amalo,19,مَدَامٍ عَمَّرَتْ حِقَبًا,فَأَبْلَى جِسْمُهَا القِدَمُ,Othoman: XIIIth - XXth,wafir_partial,wafir_partial
Ahmed Al Kiwani,Foaadon miloho amalo,20,وَغَابَتْ رَقَّةٌ حَتَّى,كَأَنَّ وُجُودَهَا عَدَمُ,Othoman: XIIIth - XXth,wafir_partial,wafir_partial
Ahmed Al Kiwani,Foaadon miloho amalo,21,فَقُلْتُ أَلَا تَرَى هَمِّي,أُدَافِعُهُ وَيَزْدَحِمُ,Othoman: XIIIth - XXth,wafir_partial,wafir_partial
Ahmed Al Kiwani,Foaadon miloho amalo,22,أَنُكْرِي مَعْرِضًا عَنِّي,وَتُهْمِلُنِي وَتَهْتَضِمُ,Othoman: XIIIth - XXth,wafir_partial,wafir_partial
Ahmed Al Kiwani,Foaadon miloho amalo,23,وَلَيْسَ لِدَفْعِ هَمِّ النَّفْسِ,إِلَّا الرَّاحُ وَالنَّغَمُ,Othoman: XIIIth - XXth,wafir_partial,wafir_partial
Ahmed Al Kiwani,Foaadon miloho amalo,24,فَهَلْ لَكَ فِي مُسَاعَدَتِي,فَوِدُّ الحَرِّ يَغْتَنِمُ,Othoman: XIIIth - XXth,wafir_partial,wafir_partial
Ahmed Al Kiwani,Foaadon miloho amalo,25,فَأَطْرُقُ رَأْسَهُ خَجَلًا,وَغَنَّى وَهْوَ مُحْتَشِمُ,Othoman: XIIIth - XXth,wafir_partial,wafir_partial
Ahmed Al Kiwani,Foaadon miloho amalo,26,عِتَابٌ لَيْسَ يَنْصَرِمُ,وَحُبٌّ لَيْسَ يَنْكَتِمُ,Othoman: XIIIth - XXth,wafir_partial,wafir_partial
Ahmed Al Kiwani,Foaadon miloho amalo,27,فَأَزْكَى نَارَ أَشْوَاقِي,وَزَادَ الوَجْدُ وَالأَلَمُ,Othoman: XIIIth - XXth,wafir_partial,wafir_partial
Ahmed Al Kiwani,Foaadon miloho amalo,28,فَقَدْ أَيْقَنْتَ إِنَّ الحُ,بَّ دَاءٌ لَيْسَ يَنْحَسِمُ,Othoman: XIIIth - XXth,wafir_partial,wafir_partial
Ahmed Al Kiwani,Wajdon Lahou,1,وَجْدٌ لَهُ فِي الحَشَا دَبِيبٌ,يُشْفِقُ مِنْ حَرِّهِ اللَّهِيبُ,Othoman: XIIIth - XXth,bassit_mokhlaa,bassit_mokhlaa
Ahmed Al Kiwani,Wajdon Lahou,2,وَغِلَّةٌ مَا لَهَا شِفَاءٌ,وَعِلَّةٌ مَا لَهَا طَبِيبُ,Othoman: XIIIth - XXth,bassit_mokhlaa,bassit_mokhlaa
Ahmed Al Kiwani,Wajdon Lahou,3,مَا تَرَكَ الشَّوْقَ وَالتَّنَائِي,مِنِّي سِوَى مَدْمَعٌ يَصُوبُ,Othoman: XIIIth - XXth,bassit_mokhlaa,bassit_mokhlaa
Ahmed Al Kiwani,Wajdon Lahou,4,تَنَفَّسِي لِلْعَلِيلِ عَلَّ الْ,عَلِيلُ يَرْتَاحُ يَا جُنُوبُ,Othoman: XIIIth - XXth,bassit_mokhlaa,bassit_mokhlaa
Ahmed Al Kiwani,Wajdon Lahou,5,سَقَاكَ يَا عَهْدَنَا وَحَيَّا,كَ بِاللِّوَى عَارِضٌ سَكُوبُ,Othoman: XIIIth - XXth,bassit_mokhlaa,bassit_mokhlaa
Ahmed Al Kiwani,Wajdon Lahou,6,أَعَائِدٌ عَيْشَنَا الرَّطِيبُ,فَرُبَّمَا أَخْصَبَ الجَدِيبُ,Othoman: XIIIth - XXth,bassit_mokhlaa,bassit_mokhlaa
Ahmed Al Kiwani,Wajdon Lahou,7,أَيَّامَ رَوْضُ الشَّبَابِ غَضٌّ,وَحَيْثُ بَرْدُ الهَوَى قَشِيبُ,Othoman: XIIIth - XXth,bassit_mokhlaa,bassit_mokhlaa
Ahmed Al Kiwani,Wajdon Lahou,8,إِذْ يُسْكِرُ الشُّرْبُ وَالحُمَيَّا,مِنْ فَمِهِ الشَّادِنِ الرَّبِيبُ,Othoman: XIIIth - XXth,bassit_mokhlaa,bassit_mokhlaa
Ahmed Al Kiwani,Wajdon Lahou,9,يُدِيرُ كَاسَ الأَدَابِ صَرْفًا,وَالرَّاحُ مِنْ رِيقِهِ يَشُوبُ,Othoman: XIIIth - XXth,bassit_mokhlaa,bassit_mokhlaa
Ahmed Al Kiwani,Wajdon Lahou,10,القَدُّ وَالثَّغْرُ وَالمُحَيَّا,وَالبَدْرُ وَالدُّرُّ وَالقَضِيبُ,Othoman: XIIIth - XXth,bassit_mokhlaa,bassit_mokhlaa
Ahmed Al Kiwani,Wajdon Lahou,11,يَرُوعُنِي لَحْظَةَ الغَضُوبِ,كَأَنَّهُ صَارِمٌ مُهِيبُ,Othoman: XIIIth - XXth,bassit_mokhlaa,bassit_mokhlaa
Ahmed Al Kiwani,Wajdon Lahou,12,إِذَا خَلَوْنَا بِلَا رَقِيبٍ,أَشْكُو هَوَاهُ فَلَا يُجِيبُ,Othoman: XIIIth - XXth,bassit_mokhlaa,bassit_mokhlaa
Ahmed Al Kiwani,Wajdon Lahou,13,قُمْ نَشْتَكِي الشَّوْقَ يَا سَمِيرِي,فَأَنْتَ وَافِي الهَوَى تَسِيبُ,Othoman: XIIIth - XXth,bassit_mokhlaa,bassit_mokhlaa
Ahmed Al Kiwani,Wajdon Lahou,14,بَانُوا وَوَجْهُ الزَّمَانِ طَلْقٌ,فَصَارَ فِي وَجْهِهِ قَطُوبُ,Othoman: XIIIth - XXth,bassit_mokhlaa,bassit_mokhlaa
Ahmed Al Kiwani,Wajdon Lahou,15,فَلَا نَدِيمٌ وَلَا صَدِيقٌ,وَلَا أَنِيسٌ وَلَا حَبِيبُ,Othoman: XIIIth - XXth,bassit_mokhlaa,bassit_mokhlaa
Ahmed Al Kiwani,Wajdon Lahou,16,يَفْدِيكَ قَلْبٌ لَهُ وَجِيبٌ,فِي جَسَدٍ كُلُّهُ نَدُوبُ,Othoman: XIIIth - XXth,bassit_mokhlaa,bassit_mokhlaa
Ahmed Al Kiwani,Wajdon Lahou,17,تَحْضُرُ لِي بَعْضُهُ الأَمَانِي,وَالشَّوْقُ عَنِّي بِهِ يَغِيبُ,Othoman: XIIIth - XXth,bassit_mokhlaa,bassit_mokhlaa
Ahmed Al Kiwani,Wajdon Lahou,18,أَظُنُّ أَنْ قَدْ نَسَيْتَ عَهْدًا,لَمْ يَنْسَهُ المُدْنِفُ الكَئِيبُ,Othoman: XIIIth - XXth,bassit_mokhlaa,bassit_mokhlaa
Ahmed Al Kiwani,Wajdon Lahou,19,وَقَدْ مَنَحْتُ الأَغْيَارَ قُرْبًا,وَإِنَّ قُرْبَ المُرِيبِ حُوبُ,Othoman: XIIIth - XXth,bassit_mokhlaa,bassit_mokhlaa
Ahmed Al Kiwani,Wajdon Lahou,20,وَلَيْسَ يَجْفِي المُحِبُّ شَيْءٌ,وَظَنَّ أَهْلَ الهَوَى يُصِيبُ,Othoman: XIIIth - XXth,bassit_mokhlaa,bassit_mokhlaa
Ahmed Al Kiwani,Wajdon Lahou,21,قُلُوبُهُمْ كُلَّهَا عُيُونٌ,وَكُلُّ أَجْسَامِهِمْ قُلُوبُ,Othoman: XIIIth - XXth,bassit_mokhlaa,bassit_mokhlaa
Ahmed Al Kiwani,Wajdon Lahou,22,وَمَنْ يَكُنْ عَاشِقًا عَفِيفًا,تَكَادُ تَبْدُو لَهُ الغُيُوبُ,Othoman: XIIIth - XXth,bassit_mokhlaa,bassit_mokhlaa
Ahmed Al Kiwani,Wajdon Lahou,23,قَدْ يُرْزَقُ الشَّيْءُ غَيْرَ عَانٍ,وَيُحْرَمُ الطَّالِبُ الأَرِيبُ,Othoman: XIIIth - XXth,bassit_mokhlaa,bassit_mokhlaa
Ahmed Al Kiwani,Wajdon Lahou,24,مَا ذَاقَ صَفْوُ الدَّنَا فَصِيحٌ,وَرُبَّمَا مَلَّهُ حَبِيبُ,Othoman: XIIIth - XXth,bassit_mokhlaa,bassit_mokhlaa
Ahmed Al Kiwani,Wajdon Lahou,25,وَمَا تَصَدَّى حَرٌّ لِأَمْرٍ,إِلَّا أَتَتْ دُونَهُ الخَطُوبُ,Othoman: XIIIth - XXth,bassit_mokhlaa,bassit_mokhlaa
Ahmed Al Kiwani,Wajdon Lahou,26,لَا تَطْلُبَنَّ عِلَةَ لَحْظٍ,قَدْ أُبْهِمَ الأَمْرَ بِالَّبِيبِ,Othoman: XIIIth - XXth,bassit_mokhlaa,bassit_mokhlaa
Ahmed Al Kiwani,Wajdon Lahou,27,وَمُضْمَرٌ فِي حَشَاهُ ضَغْنًا,يَذِيعُهُ لَحْظُهُ المُرِيبُ,Othoman: XIIIth - XXth,bassit_mokhlaa,bassit_mokhlaa
Ahmed Al Kiwani,Wajdon Lahou,28,يَسُومُ وِدِّي بِالمَالِ جَهْلًا,وَكِبْرُهُ دُونَهُ رَقِيبُ,Othoman: XIIIth - XXth,bassit_mokhlaa,bassit_mokhlaa
Ahmed Al Kiwani,Wajdon Lahou,29,هَيْهَاتَ ذُلِّ القَنُوعِ يَوْمًا,مَا النَّجْمُ مِنْ لَامِسٍ قَرِيبُ,Othoman: XIIIth - XXth,bassit_mokhlaa,bassit_mokhlaa
Ahmed Al Kiwani,Wajdon Lahou,30,لَا يَسْتَطِيبُ الحَيَاةَ حُرٌّ,إِذَا اسْتَرَقَّ الهَزَبْرَ ذِيبُ,Othoman: XIIIth - XXth,bassit_mokhlaa,bassit_mokhlaa
Ahmed Al Kiwani,Wajdon Lahou,31,قَدْ يَمْلِكُ الحُرُّ بِابْتِسَامٍ,وَلَا يَرَى بَشَرُهْ قُطُوبُ,Othoman: XIIIth - XXth,bassit_mokhlaa,bassit_mokhlaa
Ahmed Al Kiwani,Wajdon Lahou,32,وَالمَالُ مَا لَمْ تَهَبْهُ آلُ,وَالقُوتُ عَنْهُ إِذًا يَنُوبُ,Othoman: XIIIth - XXth,bassit_mokhlaa,bassit_mokhlaa
Ahmed Al Kiwani,Wajdon Lahou,33,أَقْسَمْتُ بِالعَيْسِ كَالحَنَايَا,قَدْ شَفَّهَا السَّيْرُ وَالسُّهُوبُ,Othoman: XIIIth - XXth,bassit_mokhlaa,bassit_mokhlaa
Ahmed Al Kiwani,Wajdon Lahou,34,يَحْمِلْنَ مَيْلَ الطَّلَى نَشَاوَى,مِنَ السُّرَى مُسْهِمٌ لَغُوبُ,Othoman: XIIIth - XXth,bassit_mokhlaa,bassit_mokhlaa
Ahmed Al Kiwani,Wajdon Lahou,35,حَتَّى أَلَمُّوا بِالبَيْتِ شَعْثًا,وَخَصَّتِ عَنْهُمُ الذُّنُوبُ,Othoman: XIIIth - XXth,bassit_mokhlaa,bassit_mokhlaa
Ahmed Al Kiwani,Wajdon Lahou,36,إِنَّ العُلَا أَصْبَحَتْ خَلَاءً,فَالحُرُّ بَيْنَ الوَرَى غَرِيبُ,Othoman: XIIIth - XXth,bassit_mokhlaa,bassit_mokhlaa
Ahmed Chawqui,Afifo Al Jahri,1,عَفِيفُ الجَهْرِ وَالهَمْسِ,قَضَى الوَاجِبَ بِالأَمْسِ,Modern,hazaj_complete,hazaj_complete
Ahmed Chawqui,Afifo Al Jahri,2,وَلَمْ يَعْرِضْ لِذِي حَقٍّ,بِنُقْصَانٍ وَلَا بَخْسِ,Modern,hazaj_complete,hazaj_complete
Ahmed Chawqui,Afifo Al Jahri,3,وَعِنْدَ النَّاسِ مَجْهُولٌ,وَفِي أَلْسُنِهِمْ مَنْسِي,Modern,hazaj_complete,hazaj_complete
Ahmed Chawqui,Afifo Al Jahri,4,وَفِيهِ رِقَّةُ القَلْبِ,لِآلَامِ بَنِي الجِنْسِ,Modern,hazaj_complete,hazaj_complete
Ahmed Chawqui,Afifo Al Jahri,5,فَلَا يَغْبِطُ ذَا نُعْمَى,وَيَرْثِي لِأَخِي البُؤْسِ,Modern,hazaj_complete,hazaj_complete
Ahmed Chawqui,Afifo Al Jahri,6,وَلِلْمَحْرُومِ وَالعَافِي,حَوَالَيْ زَادِهِ كُرْسِي,Modern,hazaj_complete,hazaj_complete
Ahmed Chawqui,Afifo Al Jahri,7,وَمَا نَمَّ وَلَا هَمَّ,بِبَعْضِ الكَيْدِ وَالدَّسِّ,Modern,hazaj_complete,hazaj_complete
Ahmed Chawqui,Afifo Al Jahri,8,يَنَامُ اللَّيْلَ مَسْرُورًا,قَلِيلَ الهَمِّ وَالهَجْسِ,Modern,hazaj_complete,hazaj_complete
Ahmed Chawqui,Afifo Al Jahri,9,وَيُصْبِحُ لَا غُبَارَ عَلَى,سَرِيرَتِهِ كَمَا يُمْسِي,Modern,hazaj_complete,wafir_partial
Ahmed Chawqui,Afifo Al Jahri,10,فَيَا أَسْعَدَ مَنْ يَمْشِي,عَلَى الأَرْضِ مِنَ الإِنْسِ,Modern,hazaj_complete,hazaj_complete
Ahmed Chawqui,Afifo Al Jahri,11,وَمَنْ طَهَّرَهُ اللَّهُ,مِنَ الرِّيبَةِ وَالرِّجْسِ,Modern,hazaj_complete,hazaj_complete
Ahmed Chawqui,Afifo Al Jahri,12,أَنِلْ قَدْرِيَ تَشْرِيفًا,وَهَبْ لِي قُرْبَكَ القُدْسِي,Modern,hazaj_complete,hazaj_complete
Ahmed Chawqui,Afifo Al Jahri,13,عَسَى نَفْسُكَ أَنْ تُدْ,مَجَ فِي أَحْلَامِهَا نَفْسِي,Modern,hazaj_complete,hazaj_complete
Ahmed Chawqui,Afifo Al Jahri,14,فَأَلْقَى بَعْضَ مَا تَلْقَى,مِنَ الغِبْطَةِ وَالأُنْسِ,Modern,hazaj_complete,hazaj_complete
Ahmed Chawqui,Akhathat Na3chaki Misrou,1,أَخَذَتْ نَعْشَكِ مِصْرُو بِاليَمِينِ,وَحَوَتْهُ مِنْ يَدِ الرُّوحِ الأَمِينِ,Modern,ramal_complete,ramal_complete
Ahmed Chawqui,Akhathat Na3chaki Misrou,2,لَقِيَتْ طُهْرَ بَقَايَاكِي كَمَا,لَقِيَتْ يَثْرِبُ أُمَّ المُؤْمِنِينَ,Modern,ramal_complete,ramal_complete
Ahmed Chawqui,Akhathat Na3chaki Misrou,3,فِي سَوَادِيهَا وَفِي أَحْشَائِهَا,وَوَرَاءَ النَّحْرِ مِنْ حَبْلِ الوَتِينِ,Modern,ramal_complete,ramal_complete
Ahmed Chawqui,Akhathat Na3chaki Misrou,4,خَرَجَتْ مِنْ قَصْرِكِ البَاكِي إِلَى,رَمْلَةِ الثَّغْرِ إِلَى القَصْرِ الحَزِينِ,Modern,ramal_complete,ramal_complete
Ahmed Chawqui,Akhathat Na3chaki Misrou,5,أَخَذَتْ بَيْنَ اليَتَامَى مَذْهَبًا,وَمَشَتْ فِي عَبَرَاتِ البَائِسِينَ,Modern,ramal_complete,ramal_complete
Ahmed Chawqui,Akhathat Na3chaki Misrou,6,وَرَمَتْ طَرْفًا إِلَى البَحْرِ تَرَى,مِنْ وَرَاءِ الدَّمْعِ أَسْرَابَ السَّفِينِ,Modern,ramal_complete,ramal_complete
Ahmed Chawqui,Akhathat Na3chaki Misrou,7,فَبَدَتْ جَارِيَةٌ فِي حِضْنِهَا,فَنَنُ الوَرْدِ وَفَرْعُ اليَاسَمِينِ,Modern,ramal_complete,ramal_complete
Ahmed Chawqui,Akhathat Na3chaki Misrou,8,وَعَلَى جُؤْجُئِهَا نُورُ الهُدَى,وَعَلَى سُكَّانِهَا نُورُ اليَقِينِ,Modern,ramal_complete,ramal_complete
Ahmed Chawqui,Akhathat Na3chaki Misrou,9,حَمَلَتْ مِنْ شَاطِئِي مَرْمَرَةٌ,جَوْهَرَ السُّؤْدُدِ وَالكَنْزَ الثَّمِينِ,Modern,ramal_complete,ramal_complete
Ahmed Chawqui,Akhathat Na3chaki Misrou,10,وَطَوَتْ بَحْرًا بِبَحْرٍ وَجَرَتْ,فِي الأُجَاجِ المِلْحِ بِالعَذْبِ المَعِينِ,Modern,ramal_complete,ramal_complete
Ahmed Chawqui,Akhathat Na3chaki Misrou,11,وَاسْتَقَلَّتْ دُرَّةً كَانَتْ سَنًى,وَسَنَاءً فِي جِبَاهِ المَالِكِينَ,Modern,ramal_complete,ramal_complete
Ahmed Chawqui,Akhathat Na3chaki Misrou,12,ذَهَبَتْ عَنْ عِلْيَةٍ صَيْدٍ وَعَنْ,خُرَّدٍ مِنْ خَفِرَاتِ البَيْتِ عَيْنُ,Modern,ramal_complete,ramal_complete
Ahmed Chawqui,Akhathat Na3chaki Misrou,13,وَالتَّقِيَّاتُ بَنَاتُ المُتَّقِي,وَالأَمِينَاتُ بُنَيَّاتُ الأَمِينِ,Modern,ramal_complete,ramal_complete
Ahmed Chawqui,Akhathat Na3chaki Misrou,14,لَبِسَتْ فِي مَطْلَعِ العِزِّ الضُّحَى,وَنَضَتْهُو كَالشُّمُوسِ الآفِلِينَ,Modern,ramal_complete,ramal_complete
Ahmed Chawqui,Akhathat Na3chaki Misrou,15,يَدُهَا بَانِيَةٌ غَارِسَةٌ,كَيَدِ الشَّمْسِ وَإِنْ غَابَ الجَبِينُ,Modern,ramal_complete,ramal_complete
Ahmed Chawqui,Akhathat Na3chaki Misrou,16,رَبَّةُ العَرْشَيْنِ فِي دَوْلَتِهَا,قَدْ رَكِبْتِ اليَوْمَ عَرْشَ العَالَمِينَ,Modern,ramal_complete,ramal_complete
Ahmed Chawqui,Akhathat Na3chaki Misrou,17,أُضْجِعَتْ قَبْلَكِ فِيهِ مَرْيَمٌ,وَتَوَارَى بِنِسَاءِ المُرْسَلِينَ,Modern,ramal_complete,ramal_complete
Ahmed Chawqui,Akhathat Na3chaki Misrou,18,إِنَّهُ رَحْلُ الأَوَالِي شَدَّهُ,لَهُمُ آدَمُ رُسْلِ الآخَرِينَ,Modern,ramal_complete,ramal_complete
Ahmed Chawqui,Akhathat Na3chaki Misrou,19,إِخْلَعِي الأَلْقَابَ إِلَّا لَقَبًا,عَبْقَرِيًّا هُوَ أُمُّ المُحْسِنِينَ,Modern,ramal_complete,ramal_complete
Ahmed Chawqui,Akhathat Na3chaki Misrou,20,وَدَعِي المَالَ يَسْرِ سُنَّتَهُ,يَمْضِ عَنْ قَوْمٍ لِأَيْدِي آخَرِينَ,Modern,ramal_complete,ramal_complete
Ahmed Chawqui,Akhathat Na3chaki Misrou,21,وَاقْذِفِي بِالهَمِّ فِي وَجْهِ الثَّرَى,وَاطْرَحِي مِنْ حَالِقٍ عِبْءَ السِّنِينَ,Modern,ramal_complete,ramal_complete
Ahmed Chawqui,Akhathat Na3chaki Misrou,22,وَاسْخَرِي مِنْ شَانِئٍ أَوْ شَامِتٍ,لَيْسَ بِالمُخْطِئِ يَوْمُ الشَّامِتِينَ,Modern,ramal_complete,ramal_complete
Ahmed Chawqui,Akhathat Na3chaki Misrou,23,وَتَعَزِّي عَنْ عَوَادِي دَوْلَةٍ,لَمْ تَدُمْ فِي وَلَدٍ أَوْ فِي قَرِينِ,Modern,ramal_complete,ramal_complete
Ahmed Chawqui,Akhathat Na3chaki Misrou,24,وَازْهَدِي فِي مَوْكِبٍ لَوْ شِئْتِهِ,لَتَغَطَّى وَجْهُهَا بِالدَّارِعَيْنُ,Modern,ramal_complete,ramal_complete
Ahmed Chawqui,Akhathat Na3chaki Misrou,25,مَا الَّذِي رَدَّ عَلَى أَصْحَابِهِ,لَيْسَ يُحْيِي مَوْكِبُ الدَّفْنِ الدَّفِينِ,Modern,ramal_complete,ramal_complete
Ahmed Chawqui,Akhathat Na3chaki Misrou,26,رُبَّ مَحْمُولٍ عَلَى المِدْفَعِ مَا,مَنَعَ الحَوْضَ وَلَا حَاطَ العَرِينِ,Modern,ramal_complete,ramal_complete
Ahmed Chawqui,Akhathat Na3chaki Misrou,27,بَاطِلٌ مِنْ أُمَمٍ مَخْدُوعَةٍ,يَتَحَدَّوْنَ بِهِ الحَقَّ المُبِينِ,Modern,ramal_complete,ramal_complete
Ahmed Chawqui,Akhathat Na3chaki Misrou,28,فِي فَرُوقٍ وَرُبَاهَا مَأْتَمٌ,ذَرَفَتْ آمَاقَهَا فِيهِ العُيُونُ,Modern,ramal_complete,ramal_complete
Ahmed Chawqui,Akhathat Na3chaki Misrou,29,قَامَ فِيهَا مِنْ عَقِيلَاتِ الحِمَى,مَلَأٌ بُدِّلْنَ مِنْ عِزٍّ بِهَوْنِ,Modern,ramal_complete,ramal_complete
Ahmed Chawqui,Akhathat Na3chaki Misrou,30,أُسَرٌ مَالَتْ بِهَا الدُّنْيَا فَلَمْ,تَلْقَ إِلَّا عِنْدَكِ الرُّكْنَ الرَّكِينِ,Modern,ramal_complete,ramal_complete
Ahmed Chawqui,Akhathat Na3chaki Misrou,31,قَدْ خَلَا بَيْبَكُ مِنْ حَاتِمِهِ,وَمِنَ الكَاسِينَ فِيهِ الطَّاعِمِينَ,Modern,ramal_complete,ramal_complete
Ahmed Chawqui,Akhathat Na3chaki Misrou,32,طَارَتِ النِّعْمَةُ عَنْ أَيْكَتِهِ,وَانْقَضَى مَا كَانَ مِنْ خَفْضٍ وَلِينِ,Modern,ramal_complete,ramal_complete
Ahmed Chawqui,Akhathat Na3chaki Misrou,33,اليَتَامَى نُوَّحٌ نَاحِيَةً,وَالمَسَاكِينُ يَمُدُّونَ الرَّنِينِ,Modern,ramal_complete,ramal_complete
Ahmed Chawqui,Akhathat Na3chaki Misrou,34,دَوْلَةٌ مَالَتْ وَسُلْطَانٌ خَلَا,دُوِّلَتْ نُعْمَاهُ بَيْنَ الأَقْرَبِينَ,Modern,ramal_complete,ramal_complete
Ahmed Chawqui,Akhathat Na3chaki Misrou,35,مُنْهِضُ الشَّرْقِ عَلِيٌّ لَمْ يَزَلْ,مِنْ بَنِيهِ سَيِّدٌ فِي عَابِدِينَ,Modern,ramal_complete,ramal_complete
Ahmed Chawqui,Akhathat Na3chaki Misrou,36,يُصْلِحُ اللَّهُ بِهِ مَا أَفْسَدَتْ,فَتَرَاتُ الدَّهْرِ مِنْ دُنْيَا وَدِينِ,Modern,ramal_complete,ramal_complete
Ahmed Chawqui,Akhathat Na3chaki Misrou,37,أُمَّ عَبَّاسٍ وَمَا لِي لَمْ أَقُلْ,أُمَّ مِصْرَا مِنْ بَنَاتٍ وَبَنِينِ,Modern,ramal_complete,ramal_complete
Ahmed Chawqui,Akhathat Na3chaki Misrou,38,كُنْتِ كَالوَرْدِ لَهُمْ وَاسْتَقْبَلُوا,دَوْلَةَ الرَّيْحَانِ حِينًا بَعْدَ حِينِ,Modern,ramal_complete,ramal_complete
Ahmed Chawqui,Akhathat Na3chaki Misrou,39,فَيُقَالُ الأُمُّ فِي مَوْكِبِهَا,وَيُقَالُ الحَرَمُ العَالِي المَصُونِ,Modern,ramal_complete,ramal_complete
Ahmed Chawqui,Akhathat Na3chaki Misrou,40,العَفِيفِيُّ عَفَافٌ وَهُدًى,كَالبَقِيعِ الطُّهْرِ ضَمَّ الطَّاهِرِينَ,Modern,ramal_complete,ramal_complete
Ahmed Chawqui,Akhathat Na3chaki Misrou,41,أُدْخُلِي الجَنَّةَ مِنْ رَوْضَتِهِ,إِنَّ فِيهَا غُرْفَةً لِلصَّابِرِينَ,Modern,ramal_complete,ramal_complete
Ahmed Chawqui,Bayna Sam3i Allah,1,بَيْنَ سَمْعِ اللَّهِ وَالبَصَرِي,أَنْتِ يَا مَحْرُوسَةَ النَّفَرِ,Modern,madid_complete,madid_complete
Ahmed Chawqui,Bayna Sam3i Allah,2,إِسْتَعِدِّي فِي كَلَاءَتِهِ,وَاخْرُجِي فِي ذِمَّةِ القَدَرِ,Modern,madid_complete,madid_complete
Ahmed Chawqui,Bayna Sam3i Allah,3,وَأَضِيئِي البَحْرَ وَاتَّسِمِي,بِحُجُولِ اليُمْنِ وَالغَرَرِ,Modern,madid_complete,madid_complete
Ahmed Chawqui,Bayna Sam3i Allah,4,ضَاقَ بَحْرُ الرُّومِ عَنْ مَلِكٍ,زَاخِرٍ فِي الحَلِّ وَالسَّفَرِ,Modern,madid_complete,madid_complete
Ahmed Chawqui,Bayna Sam3i Allah,5,يَمْلَأُ الدُّنْيَا هُدَى وَنَدَى,شِيمَتِي عُثْمَانُ أَوْ عُمَرُ,Modern,madid_complete,madid_complete
Ahmed Chawqui,Bayna Sam3i Allah,6,قَدْ أَخَذْنَا الدَّهْرَ مِنْهُ رِضَى,لَمْ يُحَارِبْنَا وَلَمْ يَجُرِ,Modern,madid_complete,madid_complete
Ahmed Chawqui,Bayna Sam3i Allah,7,وَمَشَيْنَا فِي مَنَاقِبِهِ,فَسَبِقْنَا كُلُّ مُفْتَخِرِ,Modern,madid_complete,madid_complete
Ahmed Chawqui,Bayna Sam3i Allah,8,يَا هِلَالَ الشَّرْقِ حَيْثُ سَرَى,وَسَمَاءُ البَدْوِ وَالحَضَرِ,Modern,madid_complete,madid_complete
Ahmed Chawqui,Bayna Sam3i Allah,9,وَابْنُ مُحْيِي الأَرْضَ مِنْ عَدَمٍ,وَمُدَاوِي الأَرْضِ مِنْ عَسَرِ,Modern,madid_complete,madid_complete
Ahmed Chawqui,Bayna Sam3i Allah,10,النَّقِيُّ الفَضْلُ مِنْ رِيَبٍ,وَالسَّلِيمُ الحُلْمُ مِنْ كَدَرِ,Modern,madid_complete,madid_complete
Ahmed Chawqui,Bayna Sam3i Allah,11,كُلَّمَا يُمِّمْتَ مَنْزِلَةً,بُشِّرَتْ بِالغَيْثِ وَالمَطَرِ,Modern,madid_complete,madid_complete
Ahmed Chawqui,Bayna Sam3i Allah,12,قَدْ رَآكِ الغَرْبُ فِي كِبَرٍ,مَا رَآكَ الغَرْبُ فِي الصِّغَرِ,Modern,madid_complete,madid_complete
Ahmed Chawqui,Bayna Sam3i Allah,13,نِلْتُ بِالمِيلَادِ مِنْ فِطَنٍ,مَا يَنَالُ النَّاسُ بِالعُمَرِ,Modern,madid_complete,madid_complete
Ahmed Chawqui,Bayna Sam3i Allah,14,قَصْرُ رَأْسِ التِّينِ مُزْدَحِمٌ,بِوُفُودِ المُلْكِ وَالزُّمَرِ,Modern,madid_complete,madid_complete
Ahmed Chawqui,Bayna Sam3i Allah,15,لِوَدَاعٍ بَعْدَهُو لَكُمَا,خَطَوَاتِ الشَّمْسِ وَالقَمَرِ,Modern,madid_complete,madid_complete
Ahmed Chawqui,Bayna Sam3i Allah,16,إِنَّ يَوْمًا وَدَّعُوكَ بِهِ,نَبَوِيُّ الفَجْرِ وَالأَثَرِ,Modern,madid_complete,madid_complete
Ahmed Chawqui,Bayna Sam3i Allah,17,قَامَ دِينٌ فِي صَبِيحَتِهِ,وَاسْتَبَانَ الرُّشْدُ لِلْبَشَرِ,Modern,madid_complete,madid_complete
Ahmed Chawqui,Bayna Sam3i Allah,18,وَاسْتَضَاءَ العَالِمُونَ نُهَى,بِمُبِينِ الآيِ وَالسُّوَرِ,Modern,madid_complete,madid_complete
Ahmed Chawqui,Bayna Sam3i Allah,19,كَلِمَاتٌ دُونَ بَاهِرِهَا,فِي النُّهَى الآيَاتِ فِي النَّظَرِ,Modern,madid_complete,madid_complete
Ahmed Chawqui,Bayna Sam3i Allah,20,سُلِّمَ الدُّنْيَا وَضُرَّتُهَا,وَنِظَامُ النَّاسِ وَالعُصَرِ,Modern,madid_complete,madid_complete
Ahmed Chawqui,Fachawdato Riwaayaton,1,فَشَوْدَةٌ رِوَايَةٌ,لِلْمُبْصِرِينَ آيَةٌ,Modern,rajaz_partial,rajaz_partial
Ahmed Chawqui,Fachawdato Riwaayaton,2,قَدْ مُثِّلَتْ فِي العَصْرِ,لِيَهْتَدِي فِي مِصْرِ,Modern,rajaz_partial,rajaz_partial
Ahmed Chawqui,Fachawdato Riwaayaton,3,فَمَا اهْتَدَى وَلَا عَقَلْ,وَلَا دَرَى كُنْهُ الحِيَلْ,Modern,rajaz_partial,rajaz_partial
Ahmed Chawqui,Fachawdato Riwaayaton,4,بَلْ شَهِدَ التَّمْثِيلَا,ثُمَّ انْثَنَى بَخِيلَا,Modern,rajaz_partial,rajaz_partial
Ahmed Chawqui,Fachawdato Riwaayaton,5,مُوَلِّيَ الأَكْتَافِ,فِي سَاعَةِ الإِسْعَافِ,Modern,rajaz_partial,rajaz_partial
Ahmed Chawqui,Fachawdato Riwaayaton,6,فَلَا تَلُمْ فَرَنْسَا,وَفَضْلَهَا لَا تَنْسَا,Modern,rajaz_partial,rajaz_partial
Ahmed Chawqui,Fachawdato Riwaayaton,7,وَقُلْ لِمَنْ رَامَ السَّبَبْ,شَقَاءُ مِصْرَ قَدْ غَلَبْ,Modern,rajaz_partial,rajaz_partial
Ahmed Chawqui,Fachawdato Riwaayaton,8,مُرْشَانُ فِي النِّيلِ الْتَقَى,مِنْ بعْدِ مَا عَزَّ اللِّقَا,Modern,rajaz_partial,rajaz_partial
Ahmed Chawqui,Fachawdato Riwaayaton,9,تَقَابَلَا فِي سُلَّمٍ,عَلَى الصَّفَا الأَتَمِّ,Modern,rajaz_partial,rajaz_partial
Ahmed Chawqui,Fachawdato Riwaayaton,10,حَيْثُ المِيَاهُ تَجْرِي,نَهْرًا بِجَنْبِ نَهْرٍ,Modern,rajaz_partial,rajaz_partial
Ahmed Chawqui,Fachawdato Riwaayaton,11,وَالأَرْضُ بِكْرٌ لَمْ تَزَلْ,كَمَا دَحَاهَا فِي الأَزَلْ,Modern,rajaz_partial,rajaz_partial
Ahmed Chawqui,Fachawdato Riwaayaton,12,تُخْرِجُ أَصْنَافَ الثَّمَرْ,تُنْبِتُ أَجْنَاسَ الزَّهَرْ,Modern,rajaz_partial,rajaz_partial
Ahmed Chawqui,Fachawdato Riwaayaton,13,تَفِيضُ بِالمَأْكُولِ,مِنْ عَدَسٍ وَفُولِ,Modern,rajaz_partial,rajaz_partial
Ahmed Chawqui,Fachawdato Riwaayaton,14,تُرَابُهَا التِّبْرُ السَّنِي,وَكَمْ بِهَا مِنْ مَعْدَنِ,Modern,rajaz_partial,rajaz_partial
Ahmed Chawqui,Fachawdato Riwaayaton,15,وَغَرْسَهَا ابْنَ يَوْمِهْ,لِمَرْشَنٍ وَقَوْمِهْ,Modern,rajaz_partial,hazaj_complete
Ahmed Chawqui,Fachawdato Riwaayaton,16,مُرْشَانَ فِيهَا قَدْ ثَبَتْ,كَأَنَّهُ عُودٌ نَبَتْ,Modern,rajaz_partial,rajaz_partial
Ahmed Chawqui,Fachawdato Riwaayaton,17,يَلِينُ لِلْعَوَاصِفْ,فَمَا لَهُ مِنْ قَاصِفْ,Modern,rajaz_partial,rajaz_partial
Ahmed Chawqui,Fachawdato Riwaayaton,18,أَخْرَجَهُ دِلْكَاسُ,أُلْعُوبَةً لِلنَّاسِ,Modern,rajaz_partial,rajaz_partial
Ahmed Chawqui,Fachawdato Riwaayaton,19,أُلْعُوبَةً وَتَنْقَضَى,قَدْ خَابَ فِيهَا مَنْ رَضَى,Modern,rajaz_partial,rajaz_partial
Ahmed Chawqui,Fachawdato Riwaayaton,20,وَكَيْفَ كَانَ العَاقِبَهْ,فَإِنَّ مِصْرَ الخَائِبَهْ,Modern,rajaz_partial,rajaz_partial
Ahmed Chawqui,Fachawdato Riwaayaton,21,إِذْ لَمْ يَكُنْ لِبُطْرُسِ,مِنْ طَاقَةٍ بِدَلْكَسِي,Modern,rajaz_partial,rajaz_partial
Ahmed Chawqui,Fachawdato Riwaayaton,22,وَلَا لَهُ مِنْ بُورَى,يَسْمَعُ سَالِسْبُورَى,Modern,rajaz_partial,rajaz_partial
Ahmed Chawqui,Fachawdato Riwaayaton,23,وَلَا لَهُ مِنْ أُمَّةٍ,تُنْجِدُهُ فِي الغُمَّةِ,Modern,rajaz_partial,rajaz_partial
Ahmed Chawqui,Fachawdato Riwaayaton,24,وَلَا لَهُ مِنْ دَوْلَةٍ,تَمُدُّهُ بِالصُّولَةِ,Modern,rajaz_partial,rajaz_partial
Ahmed Chawqui,Fachawdato Riwaayaton,25,وَلَا لَهُ وَلَا لَهُ,لِلَّهِ مَا أَجَلَّهُ,Modern,rajaz_partial,rajaz_partial
Ahmed Chawqui,Fachawdato Riwaayaton,26,وَبَعْدَ هَذَا فَاسْمَعْ,يَا خَالِيَ البَالِ وَعْ,Modern,rajaz_partial,rajaz_partial
Ahmed Chawqui,Fachawdato Riwaayaton,27,النِّيلُ كَانَ نَائِمَا,رَأَى المُجُورَ قَائِمَا,Modern,rajaz_partial,rajaz_partial
Ahmed Chawqui,Fachawdato Riwaayaton,28,يَضْرِبُهُ فِي رَأْسِهِ,يَحْسِبُهُ فِي رَمْسِهِ,Modern,rajaz_partial,rajaz_partial
Ahmed Chawqui,Fachawdato Riwaayaton,29,خَاطِبْهُ يَا نِيلُ,يَا أَيُّهَا القَتِيلُ,Modern,rajaz_partial,
Ahmed Chawqui,Fachawdato Riwaayaton,30,يَا تَارِكَ البِلَادِ,لِأَفْسَدِ الأَوْلَادِ,Modern,rajaz_partial,rajaz_partial
Ahmed Chawqui,Fachawdato Riwaayaton,31,يَا ضَائِعَ المِيرَاثِ,وَالصِّبْيَةِ الأَحْدَاثِ,Modern,rajaz_partial,rajaz_partial
Ahmed Chawqui,Fachawdato Riwaayaton,32,ذُبِحْتُ بِالسِّكِينِ,مِنْ غَادِرٍ مُهِينٍ,Modern,rajaz_partial,rajaz_partial
Ahmed Chawqui,Fachawdato Riwaayaton,33,وَكَانَ أَهْلَكَ المَدَى,وَالحَبْلَ كَانُوا وَاليَدَا,Modern,rajaz_partial,rajaz_partial
Ahmed Chawqui,Fachawdato Riwaayaton,34,فَمَا صَرَخْتُ صَرْخَهْ,بَلْ قَدْ ذَهَبْتُ فَرْخَهْ,Modern,rajaz_partial,rajaz_partial
Ahmed Chawqui,Fachawdato Riwaayaton,35,قَدْ سَقَطَتْ فِي زَيْرٍ,أَوْ وَقَعَتْ فِي البَيْرِ,Modern,rajaz_partial,rajaz_partial
Ahmed Chawqui,Fachawdato Riwaayaton,36,فَلَا تَلُمْنِي بَعْدَ ذَا,إِذَا تَعَمَّدْتَ الأَذَى,Modern,rajaz_partial,rajaz_partial
Ahmed Chawqui,Fachawdato Riwaayaton,37,إِنِّى أَنَا المُحَامِي,عَنْكَ لَدَى الأَنَامِ,Modern,rajaz_partial,rajaz_partial
Ahmed Chawqui,Fachawdato Riwaayaton,38,لَا بُدَّ لِي مِنْ حِصَّةٍ,قَبْلَ ضَيَاعِ الفُرْصَةِ,Modern,rajaz_partial,rajaz_partial
Ahmed Chawqui,Fachawdato Riwaayaton,39,إِذْ قَدْ غَدَا فِي النِّيَّهْ,أَنْ تُحْفَظَ القَضِيَّهْ,Modern,rajaz_partial,rajaz_partial
Ahmed Chawqui,Fachawdato Riwaayaton,40,فَهَبَّ دَاعِيَ النِّيلِ,مِنْ نَوْمِهِ الطَّوِيلِ,Modern,rajaz_partial,rajaz_partial
Ahmed Chawqui,Fachawdato Riwaayaton,41,يَقُولُ مَا مُرْشَانُ,يَا أَيُّهَا الشَّيْطَانُ,Modern,rajaz_partial,rajaz_partial
Ahmed Chawqui,Fachawdato Riwaayaton,42,يَا أَسَدَ القِفَارِ,يَا حَيَّةَ البَرَارِي,Modern,rajaz_partial,rajaz_partial
Ahmed Chawqui,Fachawdato Riwaayaton,43,يَا سَمَكًا عَوَّامَا,يَا طَائِرًا حَوَّامَا,Modern,rajaz_partial,rajaz_partial
Ahmed Chawqui,Fachawdato Riwaayaton,44,يَا لَبْكَةَ العَجِينِ,يَا بَلَّةً فِي الطِّينِ,Modern,rajaz_partial,rajaz_partial
Ahmed Chawqui,Fachawdato Riwaayaton,45,يَا ضَجَّةَ الطُّبُولِ,عَلَى طَرِيقِ الغُولِ,Modern,rajaz_partial,rajaz_partial
Ahmed Chawqui,Fachawdato Riwaayaton,46,يَا خَارِجًا مِنْ عُلَبِهْ,يَا حَادِثًا مِنْ لُعَبِهْ,Modern,rajaz_partial,rajaz_partial
Ahmed Chawqui,Fachawdato Riwaayaton,47,يَا مُشْكِلًا لَمَّا نَزَلْ,وَمُشْكِلَيْنِ إِنْ رَحَلْ,Modern,rajaz_partial,rajaz_partial
Ahmed Chawqui,Fachawdato Riwaayaton,48,وَإِنْ أَرَدْتَ جِدِّي,فَأَنْتَ خَيْرٌ عِنْدِي,Modern,rajaz_partial,rajaz_partial
Ahmed Chawqui,Fachawdato Riwaayaton,49,مِنْ كُلِّ ذِي قَلْبٍ بَطَلْ,لِجَنَّةِ الأَرْضِ وَصَلْ,Modern,rajaz_partial,rajaz_partial
Ahmed Chawqui,Fachawdato Riwaayaton,50,مَا كَانَتِ الشُّهُورُ,يَكْفِي لَهَا طَابُورُ,Modern,rajaz_partial,rajaz_partial
Ahmed Chawqui,Fachawdato Riwaayaton,51,وَلَا الحَمَامُ الأَزْرَقْ,يَعْصِمُ مِنْهُ زَوْرَقْ,Modern,rajaz_partial,rajaz_partial
Ahmed Chawqui,Fachawdato Riwaayaton,52,وَلَا الأُسُودُ السُّودُ,يَصُدُّهَا بَارُودُ,Modern,rajaz_partial,rajaz_partial
Ahmed Chawqui,Fachawdato Riwaayaton,53,وَلَا مَجَاهِلَ الثَّرَى,تُطْوَى كَمَا تُطْوَى القُرَى,Modern,rajaz_partial,rajaz_partial
Ahmed Chawqui,Fachawdato Riwaayaton,54,سَلَكْتَهَا يَا غَازِي,أَبِيَّةَ المَجَازِ,Modern,rajaz_partial,rajaz_partial
Ahmed Chawqui,Fachawdato Riwaayaton,55,حَتَّى مَلَكْتَ مَجْرَى,بَحْرَ الغَزَالِ طُرَّا,Modern,rajaz_partial,rajaz_partial
Ahmed Chawqui,Fachawdato Riwaayaton,56,تَبِيعُهُ وَتَشْتَرِي,بِرَايَةٍ وَعَسْكَرِي,Modern,rajaz_partial,hazaj_complete
Ahmed Chawqui,Fachawdato Riwaayaton,57,لَكِنْ تَعَالَ قُلْ لِي,وَلَا تَكُنْ مُضِلِّي,Modern,rajaz_partial,rajaz_partial
Ahmed Chawqui,Fachawdato Riwaayaton,58,مَنْ ذَا أَبَاحَكَ الحِمَى,مَنْ ذَا حَبَاكَ المَغْنَمَا,Modern,rajaz_partial,rajaz_partial
Ahmed Chawqui,Fachawdato Riwaayaton,59,مَنْ ذَا لِهَذَا جَرَّا,مَنْ ذَا عَلَيْهِ جَرَّا,Modern,rajaz_partial,rajaz_partial
Ahmed Chawqui,Fachawdato Riwaayaton,60,بَحْرُ الغَزَالِ مِنِّي,كَيْفَ يَزُولُ عَنِّي,Modern,rajaz_partial,rajaz_partial
Ahmed Chawqui,Fachawdato Riwaayaton,61,وَهَذِهِ فَشَوْدَهْ,رَبِيبَتِي المَعْهُودَهْ,Modern,rajaz_partial,rajaz_partial
Ahmed Chawqui,Fachawdato Riwaayaton,62,كَيْفَ أَسَاءَ فِيهَا,وَكَيْفَ تَقْتَنِيهَا,Modern,rajaz_partial,rajaz_partial
Ahmed Chawqui,Fachawdato Riwaayaton,63,فَانْدَفَعَ المَاجُورُ,بِسِحْرِهِ يَدُورُ,Modern,rajaz_partial,rajaz_partial
Ahmed Chawqui,Fachawdato Riwaayaton,64,وَقَالَ قَوْلًا مُقْنِعَا,أَثْبَتَ فِيهِ مَا ادَّعَى,Modern,rajaz_partial,rajaz_partial
Ahmed Chawqui,Fachawdato Riwaayaton,65,يَا سَيِّدَ الأَنْهَارِ,وَمَالِكَ الدِّيَارِ,Modern,rajaz_partial,rajaz_partial
Ahmed Chawqui,Fachawdato Riwaayaton,66,مَاذَا يَهُمُّكَ السَّقَطْ,مِنْ بَعْدِ مَا الرَّأْسُ سَقَطْ,Modern,rajaz_partial,rajaz_partial
Ahmed Chawqui,Fachawdato Riwaayaton,67,وَجَاءَ سَالِسْبُورِي,لِمِصْرَ فِي سُرُورِ,Modern,rajaz_partial,rajaz_partial
Ahmed Chawqui,Fachawdato Riwaayaton,68,يَقُولُ وَهْيَ تَسْتَمِعْ,يَخْدَعُهَا فَتَنْخَدِعْ,Modern,rajaz_partial,rajaz_partial
Ahmed Chawqui,Fachawdato Riwaayaton,69,يَا مِصْرَ يَا فَتَاتِي,يَا زِينَةَ البَنَاتِ,Modern,rajaz_partial,rajaz_partial
Ahmed Chawqui,Fachawdato Riwaayaton,70,يَا مُشْتَهَى إِنْكِلْتِرَهْ,يَا بِنْتَ أُخْتِ لِنْدِرَهْ,Modern,rajaz_partial,rajaz_partial
Ahmed Chawqui,Fachawdato Riwaayaton,71,يَا مُنْيَةَ التَّامِيزْ,وَالوَطَنِ العَزِيزْ,Modern,rajaz_partial,rajaz_partial
Ahmed Chawqui,Fachawdato Riwaayaton,72,بَلْ يَا أَتَانَ المَلِكَهْ,يَا أَلْفَ أَلْفَ سِكَّهْ,Modern,rajaz_partial,rajaz_partial
Ahmed Chawqui,Fachawdato Riwaayaton,73,يَا نَاقَةَ السِّرْدَارِ,وَجَيْشِهِ الجَرَّارِ,Modern,rajaz_partial,rajaz_partial
Ahmed Chawqui,Fachawdato Riwaayaton,74,يَا أَصْلَ مَا قَدْ إِكْتَسَبْ,مِنْ ثَرْوَةٍ وَمِنْ تَعَبْ,Modern,rajaz_partial,rajaz_partial
Ahmed Chawqui,Fachawdato Riwaayaton,75,يَا بَلَدًا مَا فِيهِ,ذُو نَاظِرٍ يَبْكِيهِ,Modern,rajaz_partial,rajaz_partial
Ahmed Chawqui,Fachawdato Riwaayaton,76,يَا أُمَّةً وَلَا وَطَنْ,يَا مَنْزِلًا لِمَنْ سَكَنْ,Modern,rajaz_partial,rajaz_partial
Ahmed Chawqui,Fachawdato Riwaayaton,77,يَا مَوْطِئَ الأَقْدَامِ,يَا فِتْنَةَ الأَقْوَامِ,Modern,rajaz_partial,rajaz_partial
Ahmed Chawqui,Fachawdato Riwaayaton,78,إِنِّي أَرَى النَّشَّالَا,يَخْتَلِسُ الخُلْخَالَا,Modern,rajaz_partial,rajaz_partial
Ahmed Chawqui,Fachawdato Riwaayaton,79,هَيَّا نَصِيحُ السَّارِقَا,وَنُشْهِدُ الخَلَائِقَا,Modern,rajaz_partial,rajaz_partial
Ahmed Chawqui,Fachawdato Riwaayaton,80,وَبُطْرُسُ الوُزَرَّا,يُحَرِّرُونَ المَحْضَرَا,Modern,rajaz_partial,hazaj_complete
Ahmed Chawqui,Fachawdato Riwaayaton,81,وَيُثْبِتُونَ فِيهِ,تُهْمَةَ سَارِقِيهِ,Modern,rajaz_partial,rajaz_partial
Ahmed Chawqui,Fachawdato Riwaayaton,82,وَبَعْدَ عَرْشِ الشَّكْوَى,نُقِيمُ نَحْنُ الدَّعْوَى,Modern,rajaz_partial,rajaz_partial
Ahmed Chawqui,Fachawdato Riwaayaton,83,وَنُظْهِرُ النُّصُوصَا,وَنَطْرُدُ اللُّصُوصَا,Modern,rajaz_partial,hazaj_complete
Ahmed Chawqui,Fachawdato Riwaayaton,84,أَوْلَا فَقَدْ خَابَ الأَمَلْ,وَلَا سَبِيلَ لِلْعَمَلْ,Modern,rajaz_partial,rajaz_partial
Ahmed Chawqui,Fachawdato Riwaayaton,85,فَمَا أَتَمَّ قَوْلَهُ,أَنْ ضَحِكَتْ مِصْرَ لَهُ,Modern,rajaz_partial,rajaz_partial
Ahmed Chawqui,Fachawdato Riwaayaton,86,وَأَقْبَلَتْ تَقُولُ,يَا أَيُّهَا المَأْمُولُ,Modern,rajaz_partial,rajaz_partial
Ahmed Chawqui,Fachawdato Riwaayaton,87,يَا سَنَدِي وَعُمْدَتِي,يَا عُدَّتِي لِشِدَّتِي,Modern,rajaz_partial,rajaz_partial
Ahmed Chawqui,Fachawdato Riwaayaton,88,بُطْرُسُ مِنْ عَبِيدِكَا,وَالكُلُّ مِنْ جُنُودِكَا,Modern,rajaz_partial,rajaz_partial
Ahmed Chawqui,Fachawdato Riwaayaton,89,فَاقْضِ بِمَا تَشَاءُ,لَا يُنْقَضُ القَضَاءُ,Modern,rajaz_partial,rajaz_partial
Ahmed Chawqui,Fachawdato Riwaayaton,90,تَاللَّهِ مَا أَخْرَجْتَهُمْ,بِالعُنْفِ إِذْ أَحْرَجْتَهُمْ,Modern,rajaz_partial,rajaz_partial
Ahmed Chawqui,Fachawdato Riwaayaton,91,لَكِنَّنِي أَرَدْتُ,وَلِلْجَمِيعِ كِدْتُ,Modern,rajaz_partial,rajaz_partial
Ahmed Chawqui,Fachawdato Riwaayaton,92,إِنِّ أَنَا الدَّهَاءُ,عَنِّي رَوَى النِّسَاءُ,Modern,rajaz_partial,rajaz_partial
Ahmed Chawqui,Fachawdato Riwaayaton,93,وَسَوْفَ أُنْسِي النَّاسَا,لُورِينَ وَالأَلْزَاسَا,Modern,rajaz_partial,rajaz_partial
Ahmed Chawqui,Fachawdato Riwaayaton,94,هَلْ عَلِمَتْ إِنْكِلْتِرَا,أَيُّ لِوَاءٍ يُزْدَرَى,Modern,rajaz_partial,rajaz_partial
Ahmed Chawqui,Fachawdato Riwaayaton,95,أَيُّ عَزِيزٍ هَانَا,أَيُّ قَدِيرٍ وَدَنَا,Modern,rajaz_partial,ramal_partial
Ahmed Chawqui,Fachawdato Riwaayaton,96,أَيُّ الشُّعُوبِ تُفْضَحْ,أَيُّ اللُّيُوثِ تُجْرَحْ,Modern,rajaz_partial,rajaz_partial
Ahmed Chawqui,Fachawdato Riwaayaton,97,فَلْتَجْتَنِ الثَّأْرَاتُ,وَلْتَرْقَبِ السَّاعَاتُ,Modern,rajaz_partial,rajaz_partial
Ahmed Chawqui,Fachawdato Riwaayaton,98,إِلَيْكُمُ عَنْ بُطْرُسْ,نَادِرَةً فِي المَجْلِسْ,Modern,rajaz_partial,rajaz_partial
Ahmed Chawqui,Fachawdato Riwaayaton,99,إِذْ قَالَتِ النِّظَارُ,يَا مَنْ لَهُ الفَخَارُ,Modern,rajaz_partial,rajaz_partial
Ahmed Chawqui,Fachawdato Riwaayaton,100,يَا أَكْفَأَ الوِزَارَهْ,يَا صَاحِبَ المَهَارَهْ,Modern,rajaz_partial,rajaz_partial
Ahmed Chawqui,Modnaka,1,مُضْنَاكَ جَفَاهُ مَرْقَدُهُ,وَبَكَاهُ وَرَحَّمَ عَوَّدُهُ,Modern,motadaarak_complete,motadaarak_complete
Ahmed Chawqui,Modnaka,2,حَيْرَانُ القَلْبِ مُعَذَّبُهُ,مَقْرُوحُ الجَفْنِ مُسَهَّدُهُ,Modern,motadaarak_complete,motadaarak_complete
Ahmed Chawqui,Modnaka,3,أَوْدَى حَرْفًا إِلَّا رَمَقًا,يُبْقِيهِ عَلَيْكَ وَتُنْفِدُهُ,Modern,motadaarak_complete,motadaarak_complete
Ahmed Chawqui,Modnaka,4,يَسْتَهْوِي الوُرْقَ تَأَوُّهُهُ,وَيُذِيبُ الصَّخْرَ تَنَهُّدُهُ,Modern,motadaarak_complete,motadaarak_complete
Ahmed Chawqui,Modnaka,5,وَيُنَاجِي النَّجْمَ وَيُتْعِبُهُ,وَيُقِيمُ اللَّيْلَ وَيُقْعِدُهُ,Modern,motadaarak_complete,motadaarak_complete
Ahmed Chawqui,Modnaka,6,وَيُعَلِّمُ كُلَّ مُطَوَّقَةٍ,شَجَنًا فِي الدَّوْحِ تُرَدِّدُهُ,Modern,motadaarak_complete,motadaarak_complete
Ahmed Chawqui,Modnaka,7,كَمْ مَدَّ لِطَيْفِكَ مِنْ شَرَكٍ,وَتَأَدَّبَ لَا يَتَصَيَّدُهُ,Modern,motadaarak_complete,motadaarak_complete
Ahmed Chawqui,Modnaka,8,فَعَسَاكَ بِغُمْضٍ مُسْعِفُهُ,وَلَعَلَّ خَيَالَكَ مُسْعِدُهُ,Modern,motadaarak_complete,motadaarak_complete
Ahmed Chawqui,Modnaka,9,الحُسْنُ حَلَفْتُ بِيُوسُفِهِ,وَالسُّورَةِ إِنَّكِ مُفْرَدُهُ,Modern,motadaarak_complete,motadaarak_complete
Ahmed Chawqui,Modnaka,10,قَدْ وَدَّ جَمَالَكَ أَوْ قَبَسًا,حَوْرَاءُ الخُلْدِ وَأَمْرَدُهُ,Modern,motadaarak_complete,motadaarak_complete
Ahmed Chawqui,Modnaka,11,وَتَمَنَّتْ كُلُّ مُقَطِّعَةٍ,يَدَهَا لَوْ تُبْعَثُ تَشْهَدُهُ,Modern,motadaarak_complete,motadaarak_complete
Ahmed Chawqui,Modnaka,12,جَحَدَتْ عَيْنَاكَ زَكِيَّ دَمِي,أَكَذَلِكَ خَدُّكَ يَجْحَدُهُ,Modern,motadaarak_complete,motadaarak_complete
Ahmed Chawqui,Modnaka,13,قَدْ عَزَّ شُهُودِي إِذْ رَمَتَا,فَأَشَرْتُ لِخَدِّكَ أُشْهِدُهُ,Modern,motadaarak_complete,motadaarak_complete
Ahmed Chawqui,Modnaka,14,وَهَمَمْتُ بِجِيدِكَ أَشْرِكُهُ,فَأَبَى وَاسْتَكْبَرَ أَصْيَدُهُ,Modern,motadaarak_complete,motadaarak_complete
Ahmed Chawqui,Modnaka,15,وَهَزَزْتُ قَوَامَكَ أَعْطِفُهُ,فَنَبَا وَتَمَنَّعَ أَمْلَدُهُ,Modern,motadaarak_complete,motadaarak_complete
Ahmed Chawqui,Modnaka,16,سَبَبٌ لِرِضَاكَ أُمَهِّدُهُ,مَا بَالُ الخَصْرِ يُعَقِّدُهُ,Modern,motadaarak_complete,motadaarak_complete
Ahmed Chawqui,Modnaka,17,بَيْنِي فِي الحُبِّ وَبَيْنَكَ مَا,لَا يَقْدِرُ وَاشٍ يُفْسِدُهُ,Modern,motadaarak_complete,motadaarak_complete
Ahmed Chawqui,Modnaka,18,مَا بَالُ العَازِلِ يَفْتَحُ لِي,بَابَ السُّلْوَانِ وَأَوْصِدُهُ,Modern,motadaarak_complete,motadaarak_complete
Ahmed Chawqui,Modnaka,19,وَيَقُولُ تَكَادُ تُجَنُّ بِهِ,فَأَقُولُ وَأُوشِكُ أَعْبَدُهُ,Modern,motadaarak_complete,motadaarak_complete
Ahmed Chawqui,Modnaka,20,مَوْلَايَ وَرُوحِي فِي يَدِهِ,قَدْ ضَيَّعَهَا سَلِمَتْ يَدُهُ,Modern,motadaarak_complete,motadaarak_complete
Ahmed Chawqui,Modnaka,21,نَاقُوسُ القَلْبِ يُدَقُّ لَهُ,وَحَنَايَا الأَضْلُعِ مَعْبَدُهُ,Modern,motadaarak_complete,motadaarak_complete
Ahmed Chawqui,Modnaka,22,قَسَمًا بِثَنَايَا لُؤْلُؤِهَا,قَسَمَ اليَاقُوتِ مُنَضَّدُهُ,Modern,motadaarak_complete,motadaarak_complete
Ahmed Chawqui,Modnaka,23,وَرَضَابٍ يُوعَدُ كَوْثَرُهُ,مَقْتُولُ العِشْقِ وَمُشْهَدُهُ,Modern,motadaarak_complete,motadaarak_complete
Ahmed Chawqui,Modnaka,24,وَبِخَالٍ كَادَ يُحَجُّ لَهُ,لَوْ كَانَ يُقَبَّلُ أَسْوَدُهُ,Modern,motadaarak_complete,motadaarak_complete
Ahmed Chawqui,Modnaka,25,وَقَوَامٍ يَرْوِي الغُصْنُ لَهُ,نَسَبًا وَالرُّمْحُ يُفَنِّدُهُ,Modern,motadaarak_complete,motadaarak_complete
Ahmed Chawqui,Modnaka,26,وَبِخُصْرٍ أَوْهَنُ مِنْ جَلَدِي,وَعَوَادِي الهَجْرِ تُبَدِّدُهُ,Modern,motadaarak_complete,motadaarak_complete
Ahmed Chawqui,Modnaka,27,مَا خُنْتُ هَوَاكِ وَلَا خَطَرَتْ,سَلْوَى بِالقَلْبِ تُبَرِّدُهُ,Modern,motadaarak_complete,motadaarak_complete
Ahmed Chawqui,Yabna Zaydoun Marhaba,1,يَا ابْنَ زَيْدُونَ مَرْحَبَا,قَدْ أَطَلْتَ التَّغَيُّبَا,Modern,khafif_partial,khafif_partial
Ahmed Chawqui,Yabna Zaydoun Marhaba,2,إِنَّ دِيوَانَكَ الَّذِي,ظَلَّ سِرًّا مُحَجَّبَا,Modern,khafif_partial,khafif_partial
Ahmed Chawqui,Yabna Zaydoun Marhaba,3,يَشْتَكِي اليُتْمَ دُرُّهُ,وَيُقَاسِي التَّغَرُّبَا,Modern,khafif_partial,khafif_partial
Ahmed Chawqui,Yabna Zaydoun Marhaba,4,صَارَ فِي كُلِّ بَلْدَةٍ,لِلْأَلِبَّاءِ مَطْلَبَا,Modern,khafif_partial,khafif_partial
Ahmed Chawqui,Yabna Zaydoun Marhaba,5,جَاءَنَا كَامِلٌ بِهِ,عَرَبِيًّا مُهَذَّبَا,Modern,khafif_partial,khafif_partial
Ahmed Chawqui,Yabna Zaydoun Marhaba,6,تَجِدُ النَّصَّ مُعْجِبَا,وَتَرَى الشَّرْحَ أَعْجَبَا,Modern,khafif_partial,khafif_partial
Ahmed Chawqui,Yabna Zaydoun Marhaba,7,أَنْتَ فِي القَوْلِ كُلِّهِ,أَجْمَلُ النَّاسِ مَذْهَبَا,Modern,khafif_partial,khafif_partial
Ahmed Chawqui,Yabna Zaydoun Marhaba,8,بِأَبِي أَنْتَ هَيْكَلًا,مِنْ فُنُونٍ مُرَكَّبَا,Modern,khafif_partial,khafif_partial
Ahmed Chawqui,Yabna Zaydoun Marhaba,9,شَاعِرًا أَمْ مُصَوِّرًا,كُنْتَ أَمْ كُنْتَ مُطْرِبَا,Modern,khafif_partial,khafif_partial
Ahmed Chawqui,Yabna Zaydoun Marhaba,10,نُرْسِلُ اللَّحْنَ كُلَّهُ,مُبْدِعًا فِيهِ مُغْرِبَا,Modern,khafif_partial,khafif_partial
Ahmed Chawqui,Yabna Zaydoun Marhaba,11,أَحْسَنَ النَّاسَ هَاتِفًا,بِالغَوَانِي مُشَبِّبَا,Modern,khafif_partial,khafif_partial
Ahmed Chawqui,Yabna Zaydoun Marhaba,12,وَنَزِيلَ المُتَوَّجِي,نَ النَّدِيمَ المُقَرَّبَا,Modern,khafif_partial,khafif_partial
Ahmed Chawqui,Yabna Zaydoun Marhaba,13,كَمْ سَقَاهُمْ بِشِعْرِهِ,مِدْحَةً أَوْ تَعَتُّبَا,Modern,khafif_partial,khafif_partial
Ahmed Chawqui,Yabna Zaydoun Marhaba,14,وَمِنَ المَدْحِ مَا جَزَى,وَأَذَاعَ المَنَاقِبَا,Modern,khafif_partial,khafif_partial
Ahmed Chawqui,Yabna Zaydoun Marhaba,15,وَإِذَا الهَجْوُ هَاجَهُ,لِمُعَانَاتِهِ أَبَى,Modern,khafif_partial,khafif_partial
Ahmed Chawqui,Yabna Zaydoun Marhaba,16,وَرَآهُ رَذِيلَةً,لَا تُمَاشِي التَّأَدُّبَا,Modern,khafif_partial,khafif_partial
Ahmed Chawqui,Yabna Zaydoun Marhaba,17,مَا رَأَى النَّاسُ شَاعِرًا,فَاضِلَ الخُلْقِ طَيِّبَا,Modern,khafif_partial,khafif_partial
Ahmed Chawqui,Yabna Zaydoun Marhaba,18,دَسَّ لِلنَّاشِقِينَ فِي,زَنْبَقِ الشِّعْرِ عَقْرَبَا,Modern,khafif_partial,khafif_partial
Ahmed Chawqui,Yabna Zaydoun Marhaba,19,جُلْتَ فِي الخُلْدِ جَوْلَةً,هَلْ عَنِ الخُلْدِ مِنْ نَبَا,Modern,khafif_partial,khafif_partial
Ahmed Chawqui,Yabna Zaydoun Marhaba,20,صِفْ لَنَا مَا وَرَاءَهُ,مِنْ عُيُونٍ وَمِنْ رُبَى,Modern,khafif_partial,khafif_partial
Ahmed Chawqui,Yabna Zaydoun Marhaba,21,وَنَعِيمٍ وَنَضْرَةٍ,وَظِلَالٍ مِنَ الصِّبَا,Modern,khafif_partial,khafif_partial
Ahmed Chawqui,Yabna Zaydoun Marhaba,22,وَصِفِ الحُورَ مُوجَزًا,وَإِذَا شِئْتَ مُطْنِبَا,Modern,khafif_partial,khafif_partial
Ahmed Chawqui,Yabna Zaydoun Marhaba,23,قُمْ تَرَى الأَرْضَ مِثْلَمَا,كُنْتُمُو أَمْسِ مَلْعَبَا,Modern,khafif_partial,khafif_partial
Ahmed Chawqui,Yabna Zaydoun Marhaba,24,وَتَرَى العَيْشَ لَمْ يَزَلْ,لِبَنِي المَوْتِ مَأْرَبَا,Modern,khafif_partial,khafif_partial
Ahmed Chawqui,Yabna Zaydoun Marhaba,25,وَتَرَى ذَاكَ بِالَّذِي,عِنْدَ هَذَا مُعَذَّبَا,Modern,khafif_partial,khafif_partial
Ahmed Chawqui,Yabna Zaydoun Marhaba,26,إِنَّ مَرْوَانَ عُصْبَةٌ,يَصْنَعُونَ العَجَائِبَا,Modern,khafif_partial,khafif_partial
Ahmed Chawqui,Yabna Zaydoun Marhaba,27,طَوَّفُوا الأَرْضَ مَشْرِقًا,بِالأَيَادِي وَمَغْرِبَا,Modern,khafif_partial,khafif_partial
Ahmed Chawqui,Yabna Zaydoun Marhaba,28,هَالَةٌ أَطْلَعَتْكَ فِي,ذِرْوَةِ المَجْدِ كَوْكَبَا,Modern,khafif_partial,khafif_partial
Ahmed Chawqui,Yabna Zaydoun Marhaba,29,أَنْتَ لِلْفَتْحِ تَنْتَمِي,وَكَفَى الفَتْحُ مَنْصِبَا,Modern,khafif_partial,khafif_partial
Ahmed Chawqui,Yabna Zaydoun Marhaba,30,لَسْتُ أَرْضَى بِغَيْرِهِ,لَكَ جَدًّا وَلَا أَبَا,Modern,khafif_partial,khafif_partial
Ahmed Rami,Ila Um Kolthoum,1,مَا جَالَ فِي خَاطِرِي أَنِّي سَأُرْثِيهَا,بَعْدَ الَّذِي صُغْتُ مِنْ أَشْجَى أَغَانِيهَا,Modern,bassit_complete,bassit_complete
Ahmed Rami,Ila Um Kolthoum,2,قَدْ كُنْتُ أَسْمَعُهَا تَشْدُو فَتُطْرِبُنِي,وَاليَوْمَ أَسْمَعُنِي أَبْكِي وَأَبْكِيهَا,Modern,bassit_complete,bassit_complete
Ahmed Rami,Ila Um Kolthoum,3,صَحِبْتُهَا مِنْ ضُحَى عُمْرِي وَعِشْتُ لَهَا,أَدِفُّ شَهْدَ المَعَانِي ثُمَّ أَهْدِيهَا,Modern,bassit_complete,bassit_complete
Ahmed Rami,Ila Um Kolthoum,4,سُلَافَةً مِنْ جُنَى فِكْرِي وَعَاطِفَتِي,تُدِيرُهَا حَوْلَ أَرْوَاحٍ تُنَاجِيهَا,Modern,bassit_complete,bassit_complete
Ahmed Rami,Ila Um Kolthoum,5,لَحْنًا يَدِبُّ إِلَى الأَسْمَاعِ يَبْهَرُهَا,بِمَا حَوَى مِنْ جَمَالٍ فِي تَغَنِّيهَا,Modern,bassit_complete,bassit_complete
Ahmed Rami,Ila Um Kolthoum,6,وَمَنْطِقًا سَاحِرًا تَسْرِي هَوَاتِفُهُ,إِلَى قُلُوبِ مُحِبِّيهَا فَتَسْبِيهَا,Modern,bassit_complete,bassit_complete
Ahmed Rami,Ila Um Kolthoum,7,وَبِي مِنَ الشَّجْوِ مِنْ تَغْرِيدِ مَلْهَمَتِي,مَا قَدْ نَسِيتُ بِهِ الدُّنْيَا وَمَا فِيهَا,Modern,bassit_complete,bassit_complete
Ahmed Rami,Ila Um Kolthoum,8,وَمَا ظَنَنْتُ وَأَحْلَامِي تُسَامِرُنِي,أَنِّي سَأَسْهَرُ فِي ذِكْرَى لَيَالِيهَا,Modern,bassit_complete,bassit_complete
Ahmed Rami,Ila Um Kolthoum,9,يَا دُرّةََ الفَنِّ يَا أَبْهَى لَآلِئِهِ,سُبْحَانَ رَبِّي َبِديعِ الكَوْنِ بَارِيهَا,Modern,bassit_complete,bassit_complete
Ahmed Rami,Ila Um Kolthoum,10,مَهْمَا أَرَادَ بَيَانِي أَنْ يُصَوِّرَهَا,لَا يَسْتَطِيعُ لَهَا وَصْفًا وَتَشْبِيهَا,Modern,bassit_complete,bassit_complete
Ahmed Rami,Ila Um Kolthoum,11,فَرِيدَةٌ مِنْ عَطَايَاهُ يَجُودُ بِهَا,عَلَى بَرَايَاهُ تُرْوِيحًا وَتَرْفِيهَا,Modern,bassit_complete,bassit_complete
Ahmed Rami,Ila Um Kolthoum,12,وَآيَةٌ مِنْ لَدُنْهُ لَا يَمَنُّ بِهَا,إِلَّا عَلَى نَادِرٍ مِنْ مُسْتَحِقِّيهَا,Modern,bassit_complete,bassit_complete
Ahmed Rami,Ila Um Kolthoum,13,صَوْتٌ بَعِيدُ المَدَى رَيَّا مَنِاهِلَهُ,بِهِ مِنَ النَّبَرَاتِ الغُرِّ صَافِيهَا,Modern,bassit_complete,bassit_complete
Ahmed Rami,Ila Um Kolthoum,14,وَآهَةٌ مِنْ صَمِيمِ القَلْبِ تُرْسِلُهَا,إِلَى جِرَاحِ ذَوِي الشَّكْوَى فَتَشْفِيهَا,Modern,bassit_complete,bassit_complete
Ahmed Rami,Ila Um Kolthoum,15,وَفِطْنَةٌ لِمَعَانِي مَا تَرَدَّدَهُ,تَجْلُو بِتَرْنِيمِهَا أَسْرَارَ خَافِيهَا,Modern,bassit_complete,bassit_complete
Ahmed Rami,Ila Um Kolthoum,16,تَشْدُو فَتَسْمَعُ نَجْوَى رُوحِ قَائِلِهَا,وَتَسْتَبِينُ جَمَالَ اللَّحْنِ مَنْ فِيهَا,Modern,bassit_complete,bassit_complete
Ahmed Rami,Ila Um Kolthoum,17,كَأَنَّمَا جَمَعَتْ إِبْدَاعَ نَاظِمِهَا,شِعْرًا وَوَاضِعِهَا لَحْنًا لِشَادِيهَا,Modern,bassit_complete,bassit_complete
Ahmed Rami,Ila Um Kolthoum,18,يَا بِنْتَ مِصْرٍ وَيَا رَمْزَ الوَفَاءِ لَهَا,قَدَّمْتِ أَغْلَى الَّذِي يُهْدَى لِوَادِيهَا,Modern,bassit_complete,bassit_complete
Ahmed Rami,Ila Um Kolthoum,19,كُنْتِ الأَنِيسَ لَهَا أَيَّامَ بَهْجَتِهَا,وَكُنْتِ أَصْدَقَ بَاكٍ فِي مَآسِيهَا,Modern,bassit_complete,bassit_complete
Ahmed Rami,Ila Um Kolthoum,20,أَخَذْتِ مُنْذُ الصِّبَا تَطْوِينَ شَقَّتَهَا,وَتَبْعَثِينَ الشَّجَا فِي رُوحِ أَهْلِيهَا,Modern,bassit_complete,bassit_complete
Ahmed Rami,Ila Um Kolthoum,21,حَتَّى رَفَعْتِ عَلَى أَرْجَائِهَا عَلَمًا,يَرِفُّ بِاسْمِكِ فِي أَعْلَى رَوَابِيهَا,Modern,bassit_complete,bassit_complete
Ahmed Rami,Ila Um Kolthoum,22,وَحِينَ أَحْدَقَ بِالأَرْضِ الَّتِي نَشَرَتْ,عَلَيْكِ أَفْيَاءَهَا شَرٌّ يُعَنِّيهَا,Modern,bassit_complete,bassit_complete
Ahmed Rami,Ila Um Kolthoum,23,أَهَبْتِ بِالشَّعْبِ أَنْ يَسْعَى لِنَجْدَتِهَا,بِالمَالِ وَالجُهْدِ إِحْيَاءً لِمَاضِيهَا,Modern,bassit_complete,bassit_complete
Ahmed Rami,Ila Um Kolthoum,24,وَطُفْتِ بِالعُرْبِ تَبْغِينَ النَّصِيرَ لَهَا,وَالمُسْتَعَانَ عَلَى إِقْصَاءِ عَادِيهَا,Modern,bassit_complete,bassit_complete
Ahmed Rami,Ila Um Kolthoum,25,حَتَّى إِذَا صَدَقَتْ فِي العَوْنِ هِمَّتُهُمْ,وَجَاءَهَا النَّصْرُ وَانْجَابَتْ غَوَاشِيهَا,Modern,bassit_complete,bassit_complete
Ahmed Rami,Ila Um Kolthoum,26,عَادَ الصَّفَاءُ لَهَا وَارْتَاحَ خَاطِرُهَا,بَعْدَ القَضَاءِ عَلَى مَا كَانَ يُضْنِيهَا,Modern,bassit_complete,bassit_complete
Ahmed Rami,Ila Um Kolthoum,27,وَأَقْبَلَ الغَرْبُ يَسْعَى فِي مَوَدَّتِهَا,لِمَا رَأَى مِنْ طُمُوحٍ فِي أَمَانِيهَا,Modern,bassit_complete,bassit_complete
Ahmed Rami,Ila Um Kolthoum,28,يَا مَنْ أَسِيتُمْ عَلَيْهَا بَعْدَ غِيبَتِهَا,لَا تَجْزَعُوا فَلَهَا ذِكْرٌ سَيُبْقِيهَا,Modern,bassit_complete,bassit_complete
Ahmed Rami,Ila Um Kolthoum,29,وَكَيْفَ تُنْسَى وَهَذَا صَوْتُهَا غَرِدٌ,يَرِنُّ فِي مَسْمَعِ الدُّنْيَا وَيُشْجِيهَا,Modern,bassit_complete,bassit_complete
Ahmed Rami,Ila Um Kolthoum,30,أَضْفَى إِلَاهِي عَلَيْهَا ظِلَّ رَحْمَتِهِ,وَظَلَّ مِنْ مَنْهَلِ الرِّضْوَانِ يَسْقِيهَا,Modern,bassit_complete,bassit_complete
Ahmed Rami,Ila Um Kolthoum,31,تَبْلَى العِظَامُ وَتَبْقَى الرُّوحُ خَالِدَةً,حَتَّى تُرَدَّ إِلَيْهَا يَوْمَ يُحْيِيهَا,Modern,bassit_complete,bassit_complete
Al Aacha,Moallaqa,1,وَدِّعْ هُرَيْرَةَ إِنَّ الرَّكْبَ مُرْتَحِلُ,وَهَلْ تُطِيقُ وَدَاعًا أَيُّهَا الرَّجُلُ,Before Islam: VIth century,bassit_complete,bassit_complete
Al Aacha,Moallaqa,2,غَرَّاءُ فَرْعَاءُ مَصْقُولٌ عَوَارِضُهَا,تَمْشِي الهُوَيْنَا كَمَا يَمْشِي الوَجِي الوَحِلُ,Before Islam: VIth century,bassit_complete,bassit_complete
Al Aacha,Moallaqa,3,كَأَنَّ مِشْيَتَهَا مِنْ بَيْتِ جَارَتِهَا,مَرُّ السَّحَابَةِ لَا رَيْثٌ وَلَا عَجَلُ,Before Islam: VIth century,bassit_complete,bassit_complete
Al Aacha,Moallaqa,4,تَسْمَعُ لِلْحَلْيِ وَسْوَاسًا إِذَا انْصَرَفَتْ,كَمَا اسْتَعَانَ بِرِيحٍ عِشْرِقٌ زَجِلُ,Before Islam: VIth century,bassit_complete,bassit_complete
Al Aacha,Moallaqa,5,لَيْسَتْ كَمَنْ يَكْرَهُ الجِيرَانُ طَلْعَتَهَا,وَلَا تَرَاهَا لِسِرِّ الجَارِ تَخْتَتِلُ,Before Islam: VIth century,bassit_complete,bassit_complete
Al Aacha,Moallaqa,6,يَكَادُ يَصْرَعُهَا لَوْلَا تَشَدُّدُهَا,إِذَا تَقُومُ إِلَى جَارَاتِهَا الكَسَلُ,Before Islam: VIth century,bassit_complete,bassit_complete
Al Aacha,Moallaqa,7,إِذَا تُعَالِجُ قِرْنًا سَاعَةً فَتَرَتْ,وَاهْتَزَّ مِنْهَا ذَنُوبُ المَتْنِ وَالكَفَلُ,Before Islam: VIth century,bassit_complete,bassit_complete
Al Aacha,Moallaqa,8,مِلْءُ الوِشَاحِ وَصِفْرُ الدِّرْعِ بَهْكَنَةٌ,إِذَا تَأَتَّى يَكَادُ الخَصْرُ يَنْخَزِلُ,Before Islam: VIth century,bassit_complete,bassit_complete
Al Aacha,Moallaqa,9,صَدَّتْ هُرَيْرَةُ عَنَّا مَا تُكَلِّمُنَا,جَهْلًا بِأُمِّ خُلَيْدٍ حَبْلَ مَنْ تَصِلُ,Before Islam: VIth century,bassit_complete,bassit_complete
Al Aacha,Moallaqa,10,أَأَنْ رَأَتْ رَجُلًا أَعْشَى أَضَرَّ بِهِ,رَيْبُ المَنُونِ وَدَهْرٌ مُفْنِدٌ خَبِلُ,Before Islam: VIth century,bassit_complete,bassit_complete
Al Aacha,Moallaqa,11,نِعْمَ الضَّجِيعُ غَدَاةَ الدَّجْنِ يَصْرَعُهَا,لِلَذَّةِ المَرْءِ لَا جَافٍ وَلَا تَفِلُ,Before Islam: VIth century,bassit_complete,bassit_complete
Al Aacha,Moallaqa,12,هِرْكَولَةٌ فُنُقٌ دُرْمٌ مَرَافِقُهَا,كَأَنَّ أَخْمَصَهَا بِالشَّوْكِ مُنْتَعِلُ,Before Islam: VIth century,bassit_complete,bassit_complete
Al Aacha,Moallaqa,13,إِذَا تَقُومُ يَضُوعُ المِسْكُ أَصْوِرَةً,وَالزِّنْبَقُ الوَرْدُ مِنْ أَرْدَانِهَا شَمِلُ,Before Islam: VIth century,bassit_complete,bassit_complete
Al Aacha,Moallaqa,14,مَا رَوْضَةٌ مِنْ رِيَاضِ الحُزْنِ مُعْشَبَةٌ,خَضْرَاءُ جَادَ عَلَيْهَا مُسْبِلٌ هَطِلُ,Before Islam: VIth century,bassit_complete,bassit_complete
Al Aacha,Moallaqa,15,يُضَاحِكُ الشَّمْسَ مِنْهَا كَوْكَبٌ شَرِقٌ,مُؤَزَّرٌ بِعَمِيمِ النَّبْتِ مُكْتَهِلُ,Before Islam: VIth century,bassit_complete,bassit_complete
Al Aacha,Moallaqa,16,يَوْمًا بِأَطْيَبَ مِنْهَا نَشْرَ رَائِحَةٍ,وَلَا بِأَحْسَنَ مِنْهَا إِذْ دَنَا الأُصُلُ,Before Islam: VIth century,bassit_complete,bassit_complete
Al Aacha,Moallaqa,17,عَلَّقْتُهَا عَرَضًا وَعَلَّقَتْ رَجُلًا,غَيْرِي وَعَلَّقَ أُخْرَى غَيْرَهَا الرَّجُلُ,Before Islam: VIth century,bassit_complete,bassit_complete
Al Aacha,Moallaqa,18,وَعَلَّقَتْهُ فَتَاةٌ مَا يُحَاوِلُهَا,مِنْ أَهْلِهَا مَيِّتٌ يَهْذِي بِهَا وَهِلُ,Before Islam: VIth century,bassit_complete,bassit_complete
Al Aacha,Moallaqa,19,وَعُلِّقَتْنِي أُخَيْرَى مَا تُلَائِمُنِي,فَاجْتَمَّعَا الحُبُّ حُبًّا كُلُّهُو تَبِلُ,Before Islam: VIth century,bassit_complete,bassit_complete
Al Aacha,Moallaqa,20,فَكُلُّنَا مُغْرَمٌ يَهْذِي بِصَاحِبِهِ,نَاءٍ وَدَانٍ وَمَحْبُولٌ وَمُحْتَبِلُ,Before Islam: VIth century,bassit_complete,bassit_complete
Al Aacha,Moallaqa,21,قَالَتْ هُرَيْرَةُ لَمَّا جِئْتُ زَائِرَهَا,وَيْلِي عَلَيْكَ وَوَيْلِي مِنْكَ يَا رَجُلُ,Before Islam: VIth century,bassit_complete,bassit_complete
Al Aacha,Moallaqa,22,يَا مَنْ يَرَى عَارِضًا قَدْ بِتُّ أَرْقُبُهُ,كَأَنَّمَا البَرْقُ فِي حَافَاتِهِ الشُّعَلُ,Before Islam: VIth century,bassit_complete,bassit_complete
Al Aacha,Moallaqa,23,لَهُ رِدَافٌ وَجَوْزٌ مُفْأَمٌ عَمِلٌ,مُنَطَّقٌ بِسِجَالِ المَاءِ مُتَّصِلُ,Before Islam: VIth century,bassit_complete,bassit_complete
Al Aacha,Moallaqa,24,لَمْ يُلْهِنِي اللَّهْوُ عَنْهُ حِينَ أَرْقُبُهُ,وَلَا اللَّذَاذَةُ مِنْ كَأْسٍ وَلَا الكَسَلُ,Before Islam: VIth century,bassit_complete,bassit_complete
Al Aacha,Moallaqa,25,فَقُلْتُ لِلشُّرْبِ فِي دُرْنَى وَقَدْ ثَمِلُوا,شِيمُوا وَكَيْفَ يَشِيمُ الشَّارِبُ الثَّمِلُ,Before Islam: VIth century,bassit_complete,bassit_complete
Al Aacha,Moallaqa,26,بَرْقًا يُضِيءُ عَلَى أَجْزَاعِ مَسْقِطِهِ,وَبِالخَبِيَّةِ مِنْهُ عَارِضٌ هَطِلُ,Before Islam: VIth century,bassit_complete,bassit_complete
Al Aacha,Moallaqa,27,قَالُوا نِمَارٌ فَبَطْنُ الخَالِ جَادَهُمَا,فَالعَسْجَدِيَّةُ فَالأَبْلَاءُ فَالرِّجَلُ,Before Islam: VIth century,bassit_complete,bassit_complete
Al Aacha,Moallaqa,28,فَالسَّفْحُ يَجْرِي فَخِنْزِيرٌ فَبُرْقَتُهُ,حَتَّى تَدَافَعَ مِنْهُ الرَّبْوُ فَالجَبَلُ,Before Islam: VIth century,bassit_complete,bassit_complete
Al Aacha,Moallaqa,29,حَتَّى تَحَمَّلَ مِنْهُ المَاءُ تَكْلِفَةً,رَوْضُ القَطَا فَكَثِيبُ الغَيْنَةِ السَّهِلُ,Before Islam: VIth century,bassit_complete,bassit_complete
Al Aacha,Moallaqa,30,يَسْقِي دِيَارًا لَهَا قَدْ أَصْبَحَتْ عُزُبًا,زُورًا تَجَانَفَ عَنْهَا القَوْدُ وَالرَّسَلُ,Before Islam: VIth century,bassit_complete,bassit_complete
Al Aacha,Moallaqa,31,وَبَلْدَةً مِثْلِ ظَهْرِ التُّرْسِ مُوحِشَةٍ,لِلْجِنِّ بِاللَّيْلِ فِي حَافَاتِهَا زَجَلُ,Before Islam: VIth century,bassit_complete,bassit_complete
Al Aacha,Moallaqa,32,لَا يَتَنَمَّى لَهَا بِالقَيْظِ يَرْكَبُهَا,إِلَّا الَّذِينَ لَهُمْ فِيمَا أَتَوا مَهَلُ,Before Islam: VIth century,bassit_complete,bassit_complete
Al Aacha,Moallaqa,33,جَاوَزْتُهَا بِطَلِيحٍ جَسْرَةٍ سُرُحٍ,فِي مِرْفَقَيْهَا إِذَا اسْتَعْرَضْتَهَا فَتَلُ,Before Islam: VIth century,bassit_complete,bassit_complete
Al Aacha,Moallaqa,34,إِمَّا تَرَيْنَا حُفَاةً لَا نِعَالَ لَنَا,إِنَّا كَذَلِكَ مَا نَحْفَى وَنَنْتَعِلُ,Before Islam: VIth century,bassit_complete,bassit_complete
Al Aacha,Moallaqa,35,فَقَدْ أُخَالِسُ رَبَّ البَيْتِ غَفْلَتَهُ,وَقَدْ يُحَاذِرُ مِنِّي ثُمَّ مَا يَئِلُ,Before Islam: VIth century,bassit_complete,bassit_complete
Al Aacha,Moallaqa,36,وَقَدْ أَقُودُ الصَّبَى يَوْمًا فَيَتْبَعُنِي,وَقَدْ يُصَاحِبُنِي ذُو الشِّرَّةِ الغَزِلُ,Before Islam: VIth century,bassit_complete,bassit_complete
Al Aacha,Moallaqa,37,وَقَدْ غَدَوْتُ إِلَى الحَانُوتِ يَتْبَعُنِي,شَاوٍ مِشَلٌّ شَلُولٌ شُلْشُلٌ شَوِلُ,Before Islam: VIth century,bassit_complete,bassit_complete
Al Aacha,Moallaqa,38,فِي فِتْيَةٍ كَسُيُوفِ الهِنْدِ قَدْ عَلِمُوا,أَنْ لَيْسَ يَدْفَعُ عَنْ ذِي الحِيلَةِ الحِيَلُ,Before Islam: VIth century,bassit_complete,bassit_complete
Al Aacha,Moallaqa,39,نَازَعْتُهُمْ قُضُبَ الرَّيْحَانِ مُتَّكِئًا,وَقَهْوَةً مُزَّةٌ رَاوُوقُهَا خَضِلُ,Before Islam: VIth century,bassit_complete,bassit_complete
Al Aacha,Moallaqa,40,لَا يَسْتَفِيقُونَ مِنْهَا وَهْيَ رَاهِنَةٌ,إِلَّا بِهَاتِ وَإِنْ عَلُّوا وَإِنْ نَهِلُوا,Before Islam: VIth century,bassit_complete,bassit_complete
Al Aacha,Moallaqa,41,يَسْعَى بِهَا ذُو زُجَاجَاتٍ لَهُ نُطَفٌ,مُقَلِّصٌ أَسْفَلَ السِّرْبَالِ مُعْتَمِلُ,Before Islam: VIth century,bassit_complete,bassit_complete
Al Aacha,Moallaqa,42,وَمُسْتَجِيبٍ تَخَالُ الصَّنْجَ يَسْمَعُهُ,إِذَا تُرَجِّعُ فِيهِ القَيْنَةُ الفُضُلُ,Before Islam: VIth century,bassit_complete,bassit_complete
Al Aacha,Moallaqa,43,مِنْ كُلِّ ذَلِكَ يَوْمٌ قَدْ لَهَوْتُ بِهِ,وَفِي التَّجَارِبِ طُولُ اللَّهْوِ وَالغَزَلُ,Before Islam: VIth century,bassit_complete,bassit_complete
Al Aacha,Moallaqa,44,وَالسَّاحِبَاتُ ذُيُولَ الخَزِّ آوِنَةً,وَالرَّافِلَاتُ عَلَى أَعْجَازِهَا العِجَلُ,Before Islam: VIth century,bassit_complete,bassit_complete
Al Aacha,Moallaqa,45,أَبْلِغْ يَزِيدَ بَنِي شَيْبَانَ مَأْلُكَةً,أَبَا ثُبَيْتٍ أَمَا تَنْفَكُّ تَأْتَكِلُ,Before Islam: VIth century,bassit_complete,bassit_complete
Al Aacha,Moallaqa,46,أَلَسْتَ مُنْتَهِيًا عَنْ نَحْتِ أَثْلَتِنَا,وَلَسْتَ ضَائِرَهَا مَا أَطَّتِ الإِبِلُ,Before Islam: VIth century,bassit_complete,bassit_complete
Al Aacha,Moallaqa,47,تُغْرِي بِنَا رَهْطَ مَسْعُودٍ وَإِخْوَتِهِ,عِنْدَ اللِّقَاءِ فَتُرْدِي ثُمَّ تَعْتَزِلُ,Before Islam: VIth century,bassit_complete,bassit_complete
Al Aacha,Moallaqa,48,لَأَعْرِفَنَّكَ إِنْ جَدَّ النَّفِيرُ بِنَا,وَشُبَّتِ الحَرْبُ بِالطُّوَّافِ وَاحْتَمَلُوا,Before Islam: VIth century,bassit_complete,bassit_complete
Al Aacha,Moallaqa,49,كَنَاطِحٍ صَخْرَةً يَوْمًا لِيَفْلِقَهَا,فَلَمْ يَضِرْهَا وَأَوْهَى قَرْنَهُ الوَعِلُ,Before Islam: VIth century,bassit_complete,bassit_complete
Al Aacha,Moallaqa,50,لَأَعْرِفَنَّكَ إِنْ جَدَّتْ عَدَاوَتُنَا,وَالْتُمِسَ النَّصْرُ مِنْكُمْ عَوْضُ تُحْتَمَلُ,Before Islam: VIth century,bassit_complete,bassit_complete
Al Aacha,Moallaqa,51,تُلْزِمُ أَرْمَاحَ ذِي الجَدَّيْنِ سَوْرَتَنَا,عِنْدَ اللِّقَاءِ فَتُرْدِيهِمْ وَتَعْتَزِلُ,Before Islam: VIth century,bassit_complete,bassit_complete
Al Aacha,Moallaqa,52,لَا تَقْعُدَنَّ وَقَدْ أَكَّلْتَهَا حَطَبًا,تَعُوذُ مِنْ شَرِّهَا يَوْمًا وَتَبْتَهِلُ,Before Islam: VIth century,bassit_complete,bassit_complete
Al Aacha,Moallaqa,53,قَدْ كَانَ فِي أَهْلِ كَهْفٍ إِنْ هُمُ قَعَدُوا,وَالجَاشِرِيَّةِ مَنْ يَسْعَى وَيَنْتَضِلُ,Before Islam: VIth century,bassit_complete,bassit_complete
Al Aacha,Moallaqa,54,سَائِلْ بَنِي أَسَدٍ عَنَّا فَقَدْ عَلِمُوا,أَنْ سَوْفَ يَأْتِيكَ مِنْ أَنْبَائِنَا شَكَلُ,Before Islam: VIth century,bassit_complete,bassit_complete
Al Aacha,Moallaqa,55,وَاسْأَلْ قُشَيْرًا وَعَبْدَ اللَّهِ كُلُّهُمُ,وَاسْأَلْ رَبِيعَةَ عَنَّا كَيْفَ نَفْتَعِلُ,Before Islam: VIth century,bassit_complete,bassit_complete
Al Aacha,Moallaqa,56,إِنَّا نُقَاتِلُهُمْ ثُمَّتَ نَقْتُلُهُمْ,عِنْدَ اللِّقَاءِ وَهُمْ جَارُوا وَهُمْ جَهِلُوا,Before Islam: VIth century,bassit_complete,bassit_complete
Al Aacha,Moallaqa,57,كَلَّا زَعَمْتُمْ بِأَنَّا لَا نُقَاتِلُكُمْ,إِنَّا لِأَمْثَالِكُمْ يَا قَوْمَنَا قُتُلُ,Before Islam: VIth century,bassit_complete,bassit_complete
Al Aacha,Moallaqa,58,حَتَّى يَظَلَّ عَمِيدُ القَوْمِ مُتَّكِئًا,يَدْفَعُ بِالرَّاحِ عَنْهُو نِسْوَةٌ عُجُلُ,Before Islam: VIth century,bassit_complete,bassit_complete
Al Aacha,Moallaqa,59,أَصَابَهُ هِنْدُوَانِيٌّ فَأَقْصَدَهُ,أَوْ ذَابِلٌ مِنْ رِمَاحِ الخَطِّ مُعْتَدِلُ,Before Islam: VIth century,bassit_complete,bassit_complete
Al Aacha,Moallaqa,60,قَدْ نَطْعَنُ العِيرَ فِي مَكْنُونِ فَائِلِهِ,وَقَدْ يَشِيطُ عَلَى أَرْمَاحِنَا البَطَلُ,Before Islam: VIth century,bassit_complete,bassit_complete
Al Aacha,Moallaqa,61,هَلْ تَنْتَهُونَ وَلَا يَنْهَى ذَوِي شَطَطٍ,كَالطَّعْنِ يَذْهَبُ فِيهِ الزَّيْتُ وَالفُتُلُ,Before Islam: VIth century,bassit_complete,bassit_complete
Al Aacha,Moallaqa,62,إِنِّي لَعَمْرُ الَّذِي خَطَّتْ مَنَاسِمُهَا,لَهُو وَسِيقَ إِلَيْهِ البَاقِرُ الغُيُلُ,Before Islam: VIth century,bassit_complete,bassit_complete
Al Aacha,Moallaqa,63,لَئِنْ قَتَلْتُمْ عَمِيدًا لَمْ يَكُنْ صَدَدًا,لَنَقْتُلَنْ مِثْلَهُ مِنْكُمْ فَنَمْتَثِلُ,Before Islam: VIth century,bassit_complete,bassit_complete
Al Aacha,Moallaqa,64,لَئِنْ مُنِيتَ بِنَا عَنْ غِبِّ مَعْرَكَةٍ,لَمْ تُلْفِنَا مِنْ دِمَاءِ القَوْمِ نَنْتَفِلُ,Before Islam: VIth century,bassit_complete,bassit_complete
Al Aacha,Moallaqa,65,نَحْنُ الفَوَارِسُ يَوْمَ الحِنْوِ ضَاحِيَةً,جَنْبِي فُطَيْمَةَ لَا مَيْلٌ وَلَا عُزُلُ,Before Islam: VIth century,bassit_complete,bassit_complete
Al Aacha,Moallaqa,66,قَالُوا الرُّكُوبَ فَقُلْنَا تِلْكَ عَادَتُنَا,أَوْ تَنْزِلُونَ فَإِنَّا مَعْشَرٌ نُزُلُ,Before Islam: VIth century,bassit_complete,bassit_complete
Al Akhtal,Kad Gharrahom,1,قَدْ غَرَّهُمْ مِنِّي لَئِيمٌ جَنْبَا,,Amawi: VIIth - VIIIth,rajaz_machtour,rajaz_machtour
Al Akhtal,Kad Gharrahom,2,أَلْأَمُ خَلْقِ اللَّهِ طُرًّا عُصْبَا,,Amawi: VIIth - VIIIth,rajaz_machtour,rajaz_machtour
Al Akhtal,Kad Gharrahom,3,وَلَيْسَ فِي دَارٍ يَحُلُّ الأَشْبَا,,Amawi: VIIth - VIIIth,rajaz_machtour,rajaz_machtour
Al Akhtal,Kad Gharrahom,4,وَلَا يَذُبُّ المُصْمَئِلَّ الشَّوْذَبَا,,Amawi: VIIth - VIIIth,rajaz_machtour,rajaz_machtour
Al Akhtal,Kad Gharrahom,5,إِنِّي وَجَدْتُ مِنْ سَوَادٍ ثَعْلَبَا,,Amawi: VIIth - VIIIth,rajaz_machtour,rajaz_machtour
Al Akhtal,Kad Gharrahom,6,كَانَ لِعَمْرُ بْنِ قُعَيْنٍ تَوْلَبَا,,Amawi: VIIth - VIIIth,rajaz_machtour,rajaz_machtour
Al Akhtal,Kad Gharrahom,7,كَانَ إِذَا قَرَّبَ جَحْشًا قَرَّبَا,,Amawi: VIIth - VIIIth,rajaz_machtour,rajaz_machtour
Al Akhtal,Kad Gharrahom,8,كَفَى بِمَا عُدَّ عَلَيْهِمْ ثَلْبَا,,Amawi: VIIth - VIIIth,rajaz_machtour,rajaz_machtour
Al Akhtal,Kad Gharrahom,9,قَبِيلَةٌ مَا يُرْفِدُونَ حَلْبَا,,Amawi: VIIth - VIIIth,rajaz_machtour,rajaz_machtour
Al Akhtal,Kad Gharrahom,10,لَمْ يَتِرُوا العُجْمَ وَمَنْ تَعَرْبَا,,Amawi: VIIth - VIIIth,rajaz_machtour,rajaz_machtour
Al Akhtal,Kad Gharrahom,11,أَبْنَاءَ عَبْدٍ كَانَ قِنًّا تُرْتَبَا,,Amawi: VIIth - VIIIth,rajaz_machtour,rajaz_machtour
Al Bohtori,Maa Lilkabiiri Min Ghawaani,1,مَا لِلْكَبِيرِ فِي الغَوَانِي مِنْ أَرَبْ,مَاتَ الهَوَى فَلَا جَوًى وَلَا طَرَبْ,Abbassi: VIIIth - XVIth,rajaz_complete,rajaz_complete
Al Bohtori,Maa Lilkabiiri Min Ghawaani,2,يَا رَبَّةَ الخِدْرِي قَرِي رَاضِيَةً,فَإِنْ أَبَيْتِ فَاتْلَفِي مِنَ الغَضَبْ,Abbassi: VIIIth - XVIth,rajaz_complete,rajaz_complete
Al Bohtori,Maa Lilkabiiri Min Ghawaani,3,هَيْهَاتِ لَا آسَى عَلَى فَقْدِ الصِّبَا,وَلَا يُرَى دَمْعِي لِشَوْقٍ يَنْسَكِبْ,Abbassi: VIIIth - XVIth,rajaz_complete,rajaz_complete
Al Bohtori,Maa Lilkabiiri Min Ghawaani,4,كَانَ الهَوَى خِدْنِي فَقَدْ وَدَّعْتُهُ,وَقَلَّمَا يَعُودُ شَيْءٌ قَدْ ذَهَبْ,Abbassi: VIIIth - XVIth,rajaz_complete,rajaz_complete
Al Bohtori,Maa Lilkabiiri Min Ghawaani,5,وَرُبَّ يَوْمٍ قَصَّرَتْهُو خَلْوَتِي,بِفَاتِرِ الطَّرْفِي خَلُوبٍ مُخْتَلَبْ,Abbassi: VIIIth - XVIth,rajaz_complete,rajaz_complete
Al Bohtori,Maa Lilkabiiri Min Ghawaani,6,يَسْلُبُنِي عَقْلِي بِحُسْنِ وَجْهِهِ,وَهْوَ مِنَ الإِعْجَابِ بِي كَالمُسْتَلَبْ,Abbassi: VIIIth - XVIth,rajaz_complete,rajaz_complete
Al Bohtori,Maa Lilkabiiri Min Ghawaani,7,كَأَنَّمَا هَارُوتُ فِي أَجْفَانِهِ,يُنْصِفُ إِنْ شَاءَ وَإِنْ شَاءَ غَصَبْ,Abbassi: VIIIth - XVIth,rajaz_complete,rajaz_complete
Al Bohtori,Maa Lilkabiiri Min Ghawaani,8,مُهَفْهَفٌ يَرْتَجُّ فِي أَقْطَارِهِ,كَمَا زَفَتْ رِيحٌ بِآجَامِي قَصَبْ,Abbassi: VIIIth - XVIth,rajaz_complete,rajaz_complete
Al Bohtori,Maa Lilkabiiri Min Ghawaani,9,لَمْ أَدْرِ مَا أَسْكَرَنِي أَطَرْفُهُ,أَمِ الَّتِي يَدْعُونَهَا بِنْتُ العِنَبْ,Abbassi: VIIIth - XVIth,rajaz_complete,rajaz_complete
Al Bohtori,Maa Lilkabiiri Min Ghawaani,10,كَأَنَّمَا الدُّرَّةُ مَاءُ وَجْهِهِ,وَجِسْمُهُو أَحْسَنُ مِنْ مَاءِ الذَّهَبْ,Abbassi: VIIIth - XVIth,rajaz_complete,rajaz_complete
Al Bohtori,Maa Lilkabiiri Min Ghawaani,11,تَحْسِبُهَا فِي كَأْسِهَا يَاقُوتَةً,أَوْ قَبَسًا أُلْهِبَ عَمْدًا فَالْتَهَبْ,Abbassi: VIIIth - XVIth,rajaz_complete,rajaz_complete
Al Bohtori,Maa Lilkabiiri Min Ghawaani,12,هَذَا لِذَا وَالفَتْحُ مِفْتَاحُ النَّدَى,وَزَهْرَةُ الدُّنْيَا وَيَنْبُوعُ الأَدَبْ,Abbassi: VIIIth - XVIth,rajaz_complete,rajaz_complete
Al Bohtori,Maa Lilkabiiri Min Ghawaani,13,يَرْضَى فَيَرْمِي بِاللُّهَى سَمَاحَةً,وَيَغْضَبُ المَوْتُ إِذَا الفَتْحُ غَضِبْ,Abbassi: VIIIth - XVIth,rajaz_complete,rajaz_complete
Al Bohtori,Maa Lilkabiiri Min Ghawaani,14,أُنْظُرْ إِلَى آثَارِهِ عِنْدَ اللُّهَى,تَنْظُرْ إِلَى آثَارِ غَيْثٍ فِي عُشُبْ,Abbassi: VIIIth - XVIth,rajaz_complete,rajaz_complete
Al Bohtori,Maa Lilkabiiri Min Ghawaani,15,لَوْ قِيلَ لِلْمَجْدِ انْتَسِبْ إِلَى امْرِئٍ,لَمْ تُلْفِهِ إِلَّا إِلَيْهِ يَنْتَسِبْ,Abbassi: VIIIth - XVIth,rajaz_complete,rajaz_complete
Al Bohtori,Maa Lilkabiiri Min Ghawaani,16,لَيْثٌ وَغَيْزٌ وَجَوَادٌ مَاجِدٌ,كَفَّاهُ بِالأَمْوَالِ تَحْبُو وَتَهَبْ,Abbassi: VIIIth - XVIth,rajaz_complete,rajaz_complete
Al Bohtori,Maa Lilkabiiri Min Ghawaani,17,طُوبَى لِمَنْ وَالَى أَبُو مُحَمَّدٍ,وَقُلْ لِمَنْ عَادَى تَأَهَّبْ لِلْعَطَبْ,Abbassi: VIIIth - XVIth,rajaz_complete,rajaz_complete
Al Bohtori,Maa Lilkabiiri Min Ghawaani,18,طَاعَاتُهُو فَرْضٌ فَإِنْ عَصَيْتَهُ,كُنْتَ بِعِصْيَانِكَ لِلنَّارِ حَطَبْ,Abbassi: VIIIth - XVIth,rajaz_complete,rajaz_complete
Al Bohtori,Maa Lilkabiiri Min Ghawaani,19,يَا مَادِحَ الفَتْحِ وَيَا آمِلَهُ,لَسْتَ امْرَأً خَابَ وَلَا مُثْنٍ كَذَبْ,Abbassi: VIIIth - XVIth,rajaz_complete,rajaz_complete
Al Bohtori,Maa Lilkabiiri Min Ghawaani,20,إِذَا كَسَانِي الفَتْحُ أَثْوَابَ الغِنَى,فَكِسْوَتِي إِيَاهُ مَدْحٌ مُنْتَخَبْ,Abbassi: VIIIth - XVIth,rajaz_complete,rajaz_complete
Al Bohtori,Maa Lilkabiiri Min Ghawaani,21,قَصَائِدٌ يَطْرَبُ مَنْ تُهْدَى لَهُ,وَلَذَّةُ النَّفْسِ مِنَ العَيْشِ الطَّرَبْ,Abbassi: VIIIth - XVIth,rajaz_complete,rajaz_complete
Al Bohtori,Maa Lilkabiiri Min Ghawaani,22,لَمْ أَسْتَعِرْ حِلْيَتَهَا يَوْمًا وَلَا,أَغَرْتُ حِينَ قُلْتُهَا عَلَى الكُتُبْ,Abbassi: VIIIth - XVIth,rajaz_complete,rajaz_complete
Al Bohtori,Maa Lilkabiiri Min Ghawaani,23,جَاءَتْ كَدُرٍّ فِي سِمَاطِ لُؤْلُؤٍ,فِي جِيدِ خَوْدٍ أَوْ كَعِقْيَانِ الذَّهَبْ,Abbassi: VIIIth - XVIth,rajaz_complete,rajaz_complete
Al Bohtori,Maa Lilkabiiri Min Ghawaani,24,سِحْرٌ حَلَالٌ لَمْ أُؤَلِّفْ عِقْدَهُ,إِلَّا لِتَعْلُو رُتْبَتِي عَلَى الرُّتَبْ,Abbassi: VIIIth - XVIth,rajaz_complete,rajaz_complete
Al Bohtori,Maa Lilkabiiri Min Ghawaani,25,وَكَيْفَ لَا يَأْمُلُ رَاجِيكَ الغِنَى,وَأَنْتَ رَأْسُ المَجْدِ وَالنَّاسُ ذَنَبْ,Abbassi: VIIIth - XVIth,rajaz_complete,rajaz_complete
Al Boussiri,Al Borda,1,أَمِنْ تَذَكِّرِ جِيرَانٍ بِذِي سَلَمٍ,مَزَجْتَ دَمْعًا جَرَى مِنْ مُقْلَةٍ بِدَمِ,Mamlouki: XIIIth - XVIth,bassit_complete,bassit_complete
Al Boussiri,Al Borda,2,أَمْ هَبَّتِ الرِّيحُ مِنْ تِلْقَاءِ كَاظِمَةٍ,وَأَوْمَضَ البَرْقُ فِي الظَّلْمَاءِ مِنْ إِضَمِ,Mamlouki: XIIIth - XVIth,bassit_complete,bassit_complete
Al Boussiri,Al Borda,3,فَمَا لِعَيْنَيْكَ إِنْ قُلْتَ اكْفُفَا هَمَتَا,وَمَا لِقَلْبِكَ إِنْ قُلْتَ اسْتَفِقْ يَهِمِ,Mamlouki: XIIIth - XVIth,bassit_complete,bassit_complete
Al Boussiri,Al Borda,4,أَيَحْسَبُ الصُّبُّ أَنَّ الحُبُّ مُنْكَتِمٌ,مَا بَيْنَ مُنْسَجِمٍ مِنْهُ وَمُضْطَرِمِ,Mamlouki: XIIIth - XVIth,bassit_complete,bassit_complete
Al Boussiri,Al Borda,5,لَوْلَا الهَوَى لَمْ تُرِقْ دَمْعًا عَلَى طَلَلٍ,وَلَا أَرَقْتَ لِذِكْرِ البَانِ وَالعَلَمِ,Mamlouki: XIIIth - XVIth,bassit_complete,bassit_complete
Al Boussiri,Al Borda,6,فَكَيْفَ تُنْكِرُ حُبًّا بَعْدَ مَا شَهِدَتْ,بِهِ عَلَيْكَ عُدُولُ الدَّمْعِ وَالسَّقَمِ,Mamlouki: XIIIth - XVIth,bassit_complete,bassit_complete
Al Boussiri,Al Borda,7,وَأَثْبَتَ الوَجْدُ خَطَّيْ عَبْرَةٍ وَضَنًى,مِثْلَ البَهَارِ عَلَى خَدَّيْكَ وَالعَنَمِ,Mamlouki: XIIIth - XVIth,bassit_complete,bassit_complete
Al Boussiri,Al Borda,8,نَعَمْ سَرَى طَيْفُ مَنْ أَهْوَى فَأَرَّقَنِي,وَالحُبُّ يَعْتَرِضُ اللَّذَاتِ بِالأَلَمِ,Mamlouki: XIIIth - XVIth,bassit_complete,bassit_complete
Al Boussiri,Al Borda,9,يَا لَائِمِي فِي الهَوَى العُذْرِيِّ مَعْذِرَةً,مِنِّي إِلَيْكَ وَلَوْ أَنْصَفْتَ لَمْ تَلُمِ,Mamlouki: XIIIth - XVIth,bassit_complete,bassit_complete
Al Boussiri,Al Borda,10,عَدَتْكَ حَالِيَ لَا سِرِّي بِمُسْتَتِرٍ,عَنِ الوُشَاةِ وَلَا دَائِي بِمُنْحَسِمِ,Mamlouki: XIIIth - XVIth,bassit_complete,bassit_complete
Al Boussiri,Al Borda,11,مَحَّضْتَنِي النُّصْحَ لَكِنْ لَسْتُ أَسْمَعُهُ,إِنَّ المُحِبَّ عَنِ العُذَّالِ فِي صَمَمِ,Mamlouki: XIIIth - XVIth,bassit_complete,bassit_complete
Al Boussiri,Al Borda,12,إِنِّي اتَّهَمْتُ نَصِيحَ الشَّيْبِ فِي عَذَلٍ,وَالشَّيْبُ أَبْعَدُ فِي نُصْحٍ عَنِ التُّهَمِ,Mamlouki: XIIIth - XVIth,bassit_complete,bassit_complete
Al Boussiri,Al Borda,13,فَإِنَّ أَمَّارَتِي بِالسُّوءِ مَا اتَّعَظَتْ,مِنْ جَهْلِهَا بِنَذِيرِ الشَّيْبِ وَالهَرَمِ,Mamlouki: XIIIth - XVIth,bassit_complete,bassit_complete
Al Boussiri,Al Borda,14,وَلَا أَعَدَّتْ مِنْ الفِعْلِ الجَمِيلِ قُرَى,ضَيْفٍ أَلَمَّ بِرَأْسِي غَيْرَ مُحْتَشِمِ,Mamlouki: XIIIth - XVIth,bassit_complete,bassit_complete
Al Boussiri,Al Borda,15,لَوْ كُنْتُ أَعْلَمُ أَنِّي مَا أُوَقِّرُهُ,كَتَمْتُ سِرًّا بَدَا لِي مِنْهُ بِالكَتَمِ,Mamlouki: XIIIth - XVIth,bassit_complete,bassit_complete
Al Boussiri,Al Borda,16,مَنْ لِي بِرَدِّ جِمَاحٍ مِنْ غَوَايَتِهَا,كَمَا يُرَدُّ جِمَاحُ الخَيْلِ بِاللُّجُمِ,Mamlouki: XIIIth - XVIth,bassit_complete,bassit_complete
Al Boussiri,Al Borda,17,فَلَا تَرِمْ بِالمَعَاصِي كَسْرَ شَهْوَتِهَا,إِنَّ الطَّعَامَ يُقَوِّي شَهْوَةَ النَّهِمِ,Mamlouki: XIIIth - XVIth,bassit_complete,bassit_complete
Al Boussiri,Al Borda,18,وَالنَّفْسُ كَالطِّفْلِ إِنْ تُهْمِلْهُ شَبَّ عَلَى,حُبِّ الرَّضَاعِ وَإِنْ تُفْطِمْهُ يَنْفَطِمِ,Mamlouki: XIIIth - XVIth,bassit_complete,bassit_complete
Al Boussiri,Al Borda,19,وَرَاعِهَا وَهْيَ فِي الأَعْمَالِ سَائِمَةٌ,وَإِنْ هِيَ اسْتَحْلَتِ المَرْعَى فَلَا تَسُمِ,Mamlouki: XIIIth - XVIth,bassit_complete,bassit_complete
Al Boussiri,Al Borda,20,كَمْ حَسَّنَتْ لَذَّةً لِلْمَرْءِ قَاتِلَةً,مِنْ حَيْثُ لَمْ يَدْرِ أَنَّ السُّمَّ فِي الدَّسَمِ,Mamlouki: XIIIth - XVIth,bassit_complete,bassit_complete
Al Boussiri,Al Borda,21,وَاخْشَ الدَّسَائِسَ مِنْ جُوعٍ وَمِنْ شِبَعٍ,فَرُبَّ مُخْمِصَةٍ شَرٌّ مِنَ التُّخَمِ,Mamlouki: XIIIth - XVIth,bassit_complete,bassit_complete
Al Boussiri,Al Borda,22,وَاسْتَفْرِغِ الدَّمْعَ مِنْ عَيْنٍ قَدِ امْتَلَأَتْ,مِنَ المَحَارِمِ وَالْزَمْ حِمْيَةَ النَّدَمِ,Mamlouki: XIIIth - XVIth,bassit_complete,bassit_complete
Al Boussiri,Al Borda,23,وَخَالِفِ النَّفْسَ وَالشَّيْطَانَ وَاعْصِهِمَا,وَإِنْ هُمَا مَحَّضَاكَ النُّصْحَ فَاتَّهِمِ,Mamlouki: XIIIth - XVIth,bassit_complete,bassit_complete
Al Boussiri,Al Borda,24,وَلَا تُطِعْ مِنْهُمَا خَصْمًا وَلَا حَكَمًا,فَأَنْتَ تَعْرِفُ كَيْدَ الخَصْمِ وَالحَكَمِ,Mamlouki: XIIIth - XVIth,bassit_complete,bassit_complete
Al Boussiri,Al Borda,25,أَسْتَغْفِرُ اللَّهَ مِنْ قَوْلٍ بِلَا عَمَلٍ,لَقَدْ نُسِبْتُ بِهِ نَسْلًا لِذِي عُقُمِ,Mamlouki: XIIIth - XVIth,bassit_complete,bassit_complete
Al Boussiri,Al Borda,26,أَمَرْتُكَ الخَيْرَ لَكِنْ مَا ائْتَمَرْتَ بِهِ,وَمَا اسْتَقَمْتُ فَمَا قَوْلِي لَكَ اسْتَقِمِ,Mamlouki: XIIIth - XVIth,bassit_complete,bassit_complete
Al Boussiri,Al Borda,27,وَلَا تَزَوَّدْتُ قَبْلَ المَوْتِ نَافِلَةً,وَلَمْ أُصَلِّ سِوَى فَرْضٍ وَلَمْ أَصُمِ,Mamlouki: XIIIth - XVIth,bassit_complete,bassit_complete
Al Boussiri,Al Borda,28,ظَلَمْتُ سُنَّةَ مَنْ أَحْيَا الظَّلَامَ إِلَى,إِنِ اشْتَكَتْ قَدَمَاهُ الضَّرَ مِنْ وَرَمِ,Mamlouki: XIIIth - XVIth,bassit_complete,bassit_complete
Al Boussiri,Al Borda,29,وَشَدَّ مِنْ سَغَبٍ أَحْشَاءَهُ وَطَوَى,تَحْتَ الحِجَارَةِ كَشْحًا مُتْرَفِ الأَدَمِ,Mamlouki: XIIIth - XVIth,bassit_complete,bassit_complete
Al Boussiri,Al Borda,30,وَرَاوَدَتْهُ الجِبَالُ الشَّمُّ مِنْ ذَهَبٍ,عَنْ نَفْسِهِ فَأَرَاهَا أَيَّمَا شِمَمِ,Mamlouki: XIIIth - XVIth,bassit_complete,bassit_complete
Al Boussiri,Al Borda,31,وَأَكَّدَتْ زُهْدَهُ فِيهَا ضَرُورَتُهُ,إِنَّ الضَّرُورَةُ لَا تَعْدُو عَلَى العِصَمِ,Mamlouki: XIIIth - XVIth,bassit_complete,bassit_complete
Al Boussiri,Al Borda,32,وَكَيْفَ تَدْعُو إِلَى الدُّنْيَا ضَرُورَةُ مَنْ,لَوْلَاهُ لَمْ تُخْرَجِ الدُّنْيَا مِنَ العَدَمِ,Mamlouki: XIIIth - XVIth,bassit_complete,bassit_complete
Al Boussiri,Al Borda,33,مُحَمَّدٌ سَيِّدُ الكَوْنَيْنِ وَالثَّقَلَيْنِ,وَالفَرِيقَيْنِ مِنْ عُرْبٍ وَمِنْ عَجَمِ,Mamlouki: XIIIth - XVIth,bassit_complete,bassit_complete
Al Boussiri,Al Borda,34,نَبِيُّنَا الآمِرُ النَّاهِي فَلَا أَحَدٌ,أَبَرَّ فِي قَوْلِ لَا مِنْهُ وَلَا نَعَمِ,Mamlouki: XIIIth - XVIth,bassit_complete,bassit_complete
Al Boussiri,Al Borda,35,هُوَ الحَبِيبُ الَّذِي تُرْجَى شَفَاعَتُهُ,لِكُلِّ هَوْلٍ مِنَ الأَهْوَالِ مُقْتَحِمِ,Mamlouki: XIIIth - XVIth,bassit_complete,bassit_complete
Al Boussiri,Al Borda,36,دَعَا إِلَى اللَّهِ فَالمُسْتَمْسِكُونَ بِهِ,مُسْتَمْسِكُونَ بِحَبْلٍ غَيْرَ مُنْفَصِمِ,Mamlouki: XIIIth - XVIth,bassit_complete,bassit_complete
Al Boussiri,Al Borda,37,فَاقَ النَّبِيِّينَ فِي خَلْقٍ وَفِي خُلُقٍ,وَلَمْ يُدَانُوهُ فِي عِلْمٍ وَلَا كَرَمِ,Mamlouki: XIIIth - XVIth,bassit_complete,bassit_complete
Al Boussiri,Al Borda,38,وَكُلُّهُمْ مِنْ رَسُولِ اللَّهِ مُلْتَمِسٌ,غَرْفًا مِنَ البَحْرِ أَوْ رَشْفًا مِنَ الدِّيَمِ,Mamlouki: XIIIth - XVIth,bassit_complete,bassit_complete
Al Boussiri,Al Borda,39,وَوَاقِفُونَ لَدَيْهِ عِنْدَ حَدِّهِمُ,مِنْ نُقْطَةِ العِلْمِ أَوْ مِنْ شَكْلَةِ الحَكَمِ,Mamlouki: XIIIth - XVIth,bassit_complete,bassit_complete
Al Boussiri,Al Borda,40,فَهْوَ الَّذِي تَمَّ مَعْنَاهُ وَصُورَتَهُ,ثُمَّ اصْطَفَاهُ حَبِيبًا بَارِئُ النَّسَمِ,Mamlouki: XIIIth - XVIth,bassit_complete,bassit_complete
Al Charif Al Mortada,Ilaa Kam Aqoudo Qawman,1,إِلَى كَمْ أَقُودُ قَوْمًا,بِطَاءً إِلَى وِدَادِي,Mamlouki: XIIIth - XVIth,modarii_complete,modarii_complete
Al Charif Al Mortada,Ilaa Kam Aqoudo Qawman,2,وَأَهْوَى لَهُمْ دُنُوًّا,وَيَهْوَوْنَ لِي بِعَادِي,Mamlouki: XIIIth - XVIth,modarii_complete,modarii_complete
Al Charif Al Mortada,Ilaa Kam Aqoudo Qawman,3,وَأُضْحِي لَهُمْ صَدِيقًا,وَمَا هُمْ سِوَى أُعَادِ,Mamlouki: XIIIth - XVIth,modarii_complete,modarii_complete
Al Charif Al Mortada,Ilaa Kam Aqoudo Qawman,4,وَأَبْغِي صَلَاحَ شَأْنِي,بِمَنْ هَمُّهُ فَسَادِي,Mamlouki: XIIIth - XVIth,modarii_complete,modarii_complete
Al Charif Al Mortada,Ilaa Kam Aqoudo Qawman,5,وَكَمْ ذَا أَجُودُ دَهْرِي,لِمَنْ لَيْسَ بِالجَوَادِ,Mamlouki: XIIIth - XVIth,modarii_complete,modarii_complete
Al Charif Al Mortada,Ilaa Kam Aqoudo Qawman,6,أَرَى مَعْشَرًا غِضَابًا,لِأَنْ كُنْتُ ذَا تِلَادِ,Mamlouki: XIIIth - XVIth,modarii_complete,modarii_complete
Al Charif Al Mortada,Ilaa Kam Aqoudo Qawman,7,وَأَنْ كُنْتُ فِي الثُّرَيَّا,وَكَانُوا ثَرَى الوِهَادِ,Mamlouki: XIIIth - XVIth,modarii_complete,modarii_complete
Al Charif Al Mortada,Ilaa Kam Aqoudo Qawman,8,أَلَا طَالَمَا رَأَيْتُمْ,جُثُومِي عَلَى الوِسَادِ,Mamlouki: XIIIth - XVIth,modarii_complete,modarii_complete
Al Charif Al Mortada,Ilaa Kam Aqoudo Qawman,9,أَنَالُ الهَوَى وَيُلْقَى,إِلَى رَاحَتِي مُرَادِي,Mamlouki: XIIIth - XVIth,modarii_complete,modarii_complete
Al Charif Al Mortada,Ilaa Kam Aqoudo Qawman,10,وَأُعْطِي مَقَادَ قَرْمٍ,أَبِيٍّ عَلَى القِيَادِ,Mamlouki: XIIIth - XVIth,modarii_complete,modarii_complete
Al Charif Al Mortada,Ilaa Kam Aqoudo Qawman,11,وَتَجْرِي إِلَى الأَمَانِي,فَلَا تَلْتَوِي جِيَادِي,Mamlouki: XIIIth - XVIth,modarii_complete,modarii_complete
Al Charif Al Mortada,Ilaa Kam Aqoudo Qawman,12,وَلِي مَنْزِلٌ حَصِينٌ,مَكِينٌ مِنَ الفُؤَادِ,Mamlouki: XIIIth - XVIth,modarii_complete,modarii_complete
Al Charif Al Mortada,Ilaa Kam Aqoudo Qawman,13,إِذَا هَمَّ لِي بَلَاءٌ,فَلِي مِنْهُ أَلْفُ فَادِ,Mamlouki: XIIIth - XVIth,modarii_complete,modarii_complete
Al Charif Al Mortada,Ilaa Kam Aqoudo Qawman,14,وَأَنْتُمْ جُفَاءُ سَيْلٍ,مُطَارٍ بِخَبْتِ وَادِ,Mamlouki: XIIIth - XVIth,modarii_complete,modarii_complete
Al Harith Ibn Hiliza,A 3amrou,1,أَعَمْرُو ابْنَ فَرَّاشَةِ الأَشْيَمِ,صَرَمْتَ الحِبَالَ وَلَمْ تُصْرَمِ,Before Islam: VIth century,motaqaarib_complete,motaqaarib_complete
Al Harith Ibn Hiliza,A 3amrou,2,وَأَفْسَدْتَ قَوْمَكَ بَعْدَ الصَّلَاحِ,بَنِي يَشْكُرَ الصَّيْدَ بِالمَلْهَمِ,Before Islam: VIth century,motaqaarib_complete,motaqaarib_complete
Al Harith Ibn Hiliza,A 3amrou,3,دَعَوْتَ أَبَاكَ إِلَى غَيْرِهِ,وَذَاكَ العُقُوقُ مِنَ المَأْثَمِ,Before Islam: VIth century,motaqaarib_complete,motaqaarib_complete
Al Harith Ibn Hiliza,A 3amrou,4,كَفَى شَاهِدًا بِمُبَاحِ الصَّفَا,إِلَى مُلْتَقَى الحَجِّ بِالمَوْسِمِ,Before Islam: VIth century,motaqaarib_complete,motaqaarib_complete
Al Harith Ibn Hiliza,A 3amrou,5,فَهَلَّا سَعَيْتَ لِصُلْحِ الصَّدِيقِ,كَسَعْيِ ابْنِ مَارِيَةَ الأَقْصَمِ,Before Islam: VIth century,motaqaarib_complete,motaqaarib_complete
Al Harith Ibn Hiliza,A 3amrou,6,وَقَيْسٌ تَدَارَكَ بَكْرَ العِرَاقِ,وَتَغْلِبَ مِنْ شَرِّهَا الأَعْظَمِ,Before Islam: VIth century,motaqaarib_complete,motaqaarib_complete
Al Harith Ibn Hiliza,A 3amrou,7,وَأَصْلَحَ مَا أَفْسَدُوا بَيْنَهُمْ,وَذَلِكَ فِعْلُ الفَتَى الأَكْرَمِ,Before Islam: VIth century,motaqaarib_complete,motaqaarib_complete
Al Harith Ibn Hiliza,A 3amrou,8,وَبَيْتُ شَرَاحِيلَ مِنْ وَائِلٍ,مَكَانَ الثُّرَيَّا مِنَ الأَنْجُمِ,Before Islam: VIth century,motaqaarib_complete,motaqaarib_complete
Al Harith Ibn Hiliza,Moallaqa,1,آذَنَتْنَا بِبَيْنِهَا أَسِمَاءُ,رُبَّ ثَاوٍ يُمَلُّ مِنْهُ الثَّوَاءُ,Before Islam: VIth century,khafif_complete,khafif_complete
Al Harith Ibn Hiliza,Moallaqa,2,آذَنَتْنَا بِبَيْنِهَا ثُمَّ وَلَّتْ,لَيْتَ شِعْرِي مَتَى يَكُونُ اللِّقَاءُ,Before Islam: VIth century,khafif_complete,khafif_complete
Al Harith Ibn Hiliza,Moallaqa,3,بَعْدَ عَهْدٍ لَنَا بِبُرْقَةِ شَمَّاءَ,فَأَدْنَى دِيَارِهَا الخَلْصَاءُ,Before Islam: VIth century,khafif_complete,khafif_complete
Al Harith Ibn Hiliza,Moallaqa,4,فَالمُحَيَّاةُ فَالصِّفَاحُ فَأَعْنَا,قُ فِتَاقٍ فَعَاذِبٌ فَالوَفَاءُ,Before Islam: VIth century,khafif_complete,khafif_complete
Al Harith Ibn Hiliza,Moallaqa,5,فَرِيَاضُ القِطَا فَأَوْدِيَةُ الشُّرْ,بُبِ فَالشُّعْبَتَانِ فَالأَبْلَاءُ,Before Islam: VIth century,khafif_complete,khafif_complete
Al Harith Ibn Hiliza,Moallaqa,6,لَا أَرَى مَنْ عَهِدْتُ فِيهَا فَأَبْكِي الْ,يَوْمَ دَلْهًا وَمَا يَحِيرُ البُكَاءُ,Before Islam: VIth century,khafif_complete,khafif_complete
Al Harith Ibn Hiliza,Moallaqa,7,وَبِعَيْنَيْكَ أَوْقَدَتْ هِنْدٌ النَّا,رَ أَخِيرًا تُلْوِي بِهَا العَلْيَاءُ,Before Islam: VIth century,khafif_complete,khafif_complete
Al Harith Ibn Hiliza,Moallaqa,8,أَوْقَدَتْهَا بَيْنَ العَقِيقِ فَشَخْصَيْ,نِ بِعُودٍ كَمَا يَلُوحُ الضِّيَاءُ,Before Islam: VIth century,khafif_complete,khafif_complete
Al Harith Ibn Hiliza,Moallaqa,9,فَتَنَوَّرْتُ نَارَهَا مِنْ بَعِيدٍ,بِخَزَارٍ هَيْهَاتَ مِنْكَ الصَّلَاءُ,Before Islam: VIth century,khafif_complete,khafif_complete
Al Harith Ibn Hiliza,Moallaqa,10,غَيْرَ أَنِّي قَدْ أَسْتَعِينُ عَلَى الهَمِّ,إِذَا خَفَّ بِالثَّوِيِّ النَّجَاءُ,Before Islam: VIth century,khafif_complete,khafif_complete
Al Harith Ibn Hiliza,Moallaqa,11,بِزَفُوفٍ كَأَنَّهَا هِقْلَةٌ أُ,مُّ رِئَالٍ دَوِّيَّةٌ سَقْفَاءُ,Before Islam: VIth century,khafif_complete,khafif_complete
Al Harith Ibn Hiliza,Moallaqa,12,آنَسَتْ نَبْأَةً وَأَفْزَعَهَا القُ,نَّاصُ عَصْرًا وَقَدْ دَنَا الإِمْسَاءُ,Before Islam: VIth century,khafif_complete,khafif_complete
Al Harith Ibn Hiliza,Moallaqa,13,فَتَرَى خَلْفَهَا مِنَ الرَّجْعِ وَالوَقْ,عِ مَنِينًا كَأَنَّهُ إِهْبَاءُ,Before Islam: VIth century,khafif_complete,khafif_complete
Al Harith Ibn Hiliza,Moallaqa,14,وَطِرَاقًا مِنْ خَلْفِهِنَّ طِرَاقٌ,سَاقِطَاتٌ أَلْوَتْ بِهَا الصَّحْرَاءُ,Before Islam: VIth century,khafif_complete,khafif_complete
Al Harith Ibn Hiliza,Moallaqa,15,أَتَلَهَّى بِهَا الهَوَاجِرَ إِذْ كُلُّ ابْ,نِ هَمٍّ بَلِيَّةٌ عَمْيَاءُ,Before Islam: VIth century,khafif_complete,khafif_complete
Al Harith Ibn Hiliza,Moallaqa,16,وَأَتَانَا مِنَ الحَوَادِثِ وَالأَنْبَا,ءِ خَطْبٌ نُعْنَى بِهِ وَنُسَاءُ,Before Islam: VIth century,khafif_complete,khafif_complete
Al Harith Ibn Hiliza,Moallaqa,17,إِنَّ إِخْوَانَنَا الأَرَاقِمَ يَغْلُو,نَ عَلَيْنَا فِي قِيلِهِمْ إِحْفَاءُ,Before Islam: VIth century,khafif_complete,khafif_complete
Al Harith Ibn Hiliza,Moallaqa,18,يَخْلِطُونَ البَرِيءَ مِنَّا بِذِي الذَّنْ,بِ وَلَا يَنْفَعُ الخَلِيَّ الخَلاءُ,Before Islam: VIth century,khafif_complete,khafif_complete
Al Harith Ibn Hiliza,Moallaqa,19,زَعَمُوا أَنَّ كُلَّ مَنْ ضَرَبَ العَيْ,رَ مُوَالٍ لَنَا وَأَنَّا الوَلَاءُ,Before Islam: VIth century,khafif_complete,khafif_complete
Al Harith Ibn Hiliza,Moallaqa,20,أَجْمَعُوا أَمْرَهُمْ عِشَاءً فَلَمَّا,أَصْبَحُوا أَصْبَحَتْ لَهُمْ ضَوْضَاءُ,Before Islam: VIth century,khafif_complete,khafif_complete
Al Harith Ibn Hiliza,Moallaqa,21,مِنْ مُنَادٍ وَمِنْ مُجِيبٍ وَمِنْ تَصْ,هَالِ خَيْلٍ خِلَالَ ذَاكَ رُغَاءُ,Before Islam: VIth century,khafif_complete,khafif_complete
Al Harith Ibn Hiliza,Moallaqa,22,لَا تَخَلْنَا عَلَى غَرَاتِكَ إِنَّا,قَبْلُ مَا قَدْ وَشَى بِنَا الأَعْدَاءُ,Before Islam: VIth century,khafif_complete,khafif_complete
Al Harith Ibn Hiliza,Moallaqa,23,فَبَقِينَا عَلَى الشَّنَاءَةِ تَنْمِي,نَا حُصُونٌ وَعِزَّةٌ قَعْسَاءُ,Before Islam: VIth century,khafif_complete,khafif_complete
Al Harith Ibn Hiliza,Moallaqa,24,قَبْلَ مَا اليَوْمِ بَيَّضَتْ بِعُيُونِ النَّ,اسِ فِيهَا تَغَيُّظٌ وَإِبَاءُ,Before Islam: VIth century,khafif_complete,khafif_complete
Al Harith Ibn Hiliza,Moallaqa,25,وَكَأَنَّ الْمَنُونَ تَرْدِي بِنَا أَرْ,عَنَ جَوْنًا يَنْجَابُ عَنْهُ العَمَاءُ,Before Islam: VIth century,khafif_complete,khafif_complete
Al Harith Ibn Hiliza,Moallaqa,26,مُكْفَهِرًّا عَلَى الحَوَادِثِ لَا تَرْ,تُوهُ لِلدَّهْرِ مُؤْيِدٌ صَمَّاءُ,Before Islam: VIth century,khafif_complete,khafif_complete
Al Harith Ibn Hiliza,Moallaqa,27,أَيُّمَا خُطَّةٍ أَرَدْتُمْ فَأَدُّوهَ,ا إِلَيْنَا تُشْفَى بِهَا الأَمْلَاءُ,Before Islam: VIth century,khafif_complete,khafif_complete
Al Harith Ibn Hiliza,Moallaqa,28,إِنْ نَبَشْتُمْ مَا بَيْنَ مِلْحَةَ فَالصَّا,قِبِ فِيهِ الأَمْوَاتُ وَالأَحْيَاءُ,Before Islam: VIth century,khafif_complete,khafif_complete
Al Harith Ibn Hiliza,Moallaqa,29,أَوْ نَقَشْتُمْ فَالنَّقْشُ يَجْشِمُهُ النَّا,سُ وَفِيهِ الإِسْقَامُ وَالإِبْرَاءُ,Before Islam: VIth century,khafif_complete,khafif_complete
Al Harith Ibn Hiliza,Moallaqa,30,أَوْ سَكَتُّمْ عَنَّا فَكُنَّا كَمَنْ أَغْ,مَضَ عَيْنًا فِي جَفْنِهَا الأَقْذَاءُ,Before Islam: VIth century,khafif_complete,khafif_complete
Al Harith Ibn Hiliza,Moallaqa,31,أَوْ مَنَعْتُمْ مَا تُسْأَلُونَ فَمَنْ حُدْ,دِثْتُمُوهُ لَهُ عَلَيْنَا العَلَاءُ,Before Islam: VIth century,khafif_complete,khafif_complete
Al Harith Ibn Hiliza,Moallaqa,32,هَلْ عَلِمْتُمْ أَيَّامَ يُنْتَهَبُ النَّا,سُ غِوَارًا لِكُلِّ حَيِّ عُوَاءُ,Before Islam: VIth century,khafif_complete,khafif_complete
Al Harith Ibn Hiliza,Moallaqa,33,إِذْ رَفَعْنَا الجِمَالَ مِنْ سَعَفِ البَحْ,رَيْنِ سَيْرًا حَتَّى نَهَاهَا الحِسَاءُ,Before Islam: VIth century,khafif_complete,khafif_complete
Al Harith Ibn Hiliza,Moallaqa,34,ثُمَّ مِلْنَا عَلَى تَمِيمٍ فَأَحْرَمْ,نَا وَفِينَا بَنَاتُ قَوْمٍ إِمَاءُ,Before Islam: VIth century,khafif_complete,khafif_complete
Al Harith Ibn Hiliza,Moallaqa,35,لَا يُقِيمُ العَزِيزُ بِالبَلَدِ السَّهْ,لِ وَلَا يَنْفَعُ الذَّلِيلَ النَّجَاءُ,Before Islam: VIth century,khafif_complete,khafif_complete
Al Harith Ibn Hiliza,Moallaqa,36,لَيْسَ يُنْجَى مُوَائِلًا مِنْ حِذَارِي,رَأْسُ طَوْدٍ وَحَرَّةٌ رَجْلَاءُ,Before Islam: VIth century,khafif_complete,khafif_complete
Al Harith Ibn Hiliza,Moallaqa,37,فَمَلَكْنَا بِذَلِكَ النَّاسَ حَتَّى,مَلَكَ المُنْذِرُ بْنُ مَاءِ السَّمَاءِ,Before Islam: VIth century,khafif_complete,khafif_complete
Al Harith Ibn Hiliza,Moallaqa,38,وَهُوَ الرَّبُّ وَالشَّهِيدُ عَلى يَوْ,مِ الحَيَارَيْنِ وَالبَلَاءُ بَلَاءُ,Before Islam: VIth century,khafif_complete,khafif_complete
Al Harith Ibn Hiliza,Moallaqa,39,مَلِكٌ أَضْلَعَ البَرِيَّةِ لَا يُوجَدُ,فِيهَا لِمَا لَدَيْهِ كِفَاءُ,Before Islam: VIth century,khafif_complete,khafif_complete
Al Harith Ibn Hiliza,Moallaqa,40,فَاتْرُكُوا البَغْيَ وَالتَّعَدِّي وَإِمَّا,تَتَعَاشُوا فَفِي التَّعَاشِيَ الدَّاءُ,Before Islam: VIth century,khafif_complete,khafif_complete
Al Harith Ibn Hiliza,Moallaqa,41,وَاذْكُرُوا حِلْفَ ذِي المَجَازِ وَمَا قُ,دِّمَ فِيهِ العُهُودُ وَالكُفَلَاءُ,Before Islam: VIth century,khafif_complete,khafif_complete
Al Harith Ibn Hiliza,Moallaqa,42,حَذَرَ الخَوْنِ وَالتَّعَدِّي وَهَلْ يَنْ,قُضُ مَا فِي المَهَارِقِ الأَهْوَاءُ,Before Islam: VIth century,khafif_complete,khafif_complete
Al Harith Ibn Hiliza,Moallaqa,43,وَاعْلَمُوا أَنَّنَا وَإِيَّاكُمْ فِي,مَا اشْتَرَطْنَا يَوْمَ اخْتَلَفْنَا سَوَاءُ,Before Islam: VIth century,khafif_complete,khafif_complete
Al Harith Ibn Hiliza,Moallaqa,44,أَعَلَيْنَا جُنَاحُ كِنْدَةَ أَنْ يَغْ,نَمَ غَازِيهُمُ وَمِنَّا الجَزَاءُ,Before Islam: VIth century,khafif_complete,khafif_complete
Al Harith Ibn Hiliza,Moallaqa,45,أَمْ عَلَيْنَا جُرَّى حَنِيفَةَ أَوْ مَا,جَمَّعَتْ مِنْ مُحَارِبٍ غَبْرَاءُ,Before Islam: VIth century,khafif_complete,khafif_complete
Al Harith Ibn Hiliza,Moallaqa,46,أَمْ جَنَايَا بَنِي عَتِيقٍ فَمَنْ يَغْ,دِرْ فَإِنَّا مِنْ حَرْبِهِمْ بُرَّاءُ,Before Islam: VIth century,khafif_complete,khafif_complete
Al Harith Ibn Hiliza,Moallaqa,47,أَمْ عَلَيْنَا جَرَّى العِبَادُ كَمَا نِي,طَ بِجَوْزِ المُحَمَّلِ الأَعْبَاءُ,Before Islam: VIth century,khafif_complete,khafif_complete
Al Harith Ibn Hiliza,Moallaqa,48,أَمْ عَلَيْنَا جَرَّى قُضَاعَةَ أَمْ لَيْ,سَ عَلَيْنَا مِمَّا جَنُوا أَنْدَاءُ,Before Islam: VIth century,khafif_complete,khafif_complete
Al Harith Ibn Hiliza,Moallaqa,49,لَيْسَ مِنَّا المُضَرَّبُونَ وَلَا قَيْ,سٌ وَلَا جَنْدَلٌ وَلَا الحَدَّاءُ,Before Islam: VIth century,khafif_complete,khafif_complete
Al Harith Ibn Hiliza,Moallaqa,50,أَمْ عَلَيْنَا جَرَّى إِيَادٍ كَمَا قِي,لَ لِطَسْمٍ أَخُوكُمُ الأَبَّاءُ,Before Islam: VIth century,khafif_complete,khafif_complete
Al Harith Ibn Hiliza,Moallaqa,51,غَنَنًا بَاطِلًا وَظُلْمًا كَمَا تُعْ,تَرُ عَنْ حَجْرَةِ الرَّبِيضِ الظِّبَاءُ,Before Islam: VIth century,khafif_complete,khafif_complete
Al Harith Ibn Hiliza,Moallaqa,52,وَثَمَانُونَ مِنْ تَمِيمٍ بِأَيْدِي,هِمْ رِمَاحٌ صُدُورُهُنَّ القَضَاءُ,Before Islam: VIth century,khafif_complete,khafif_complete
Al Harith Ibn Hiliza,Moallaqa,53,لَمْ يُخَلُّوا بَنِي رِزَاحٍ بِبَرْقَا,ءِ نِطَاعٍ لَهُمْ عَلَيْهِمْ دُعَاءُ,Before Islam: VIth century,khafif_complete,khafif_complete
Al Harith Ibn Hiliza,Moallaqa,54,تَرَكُوهُمْ مُلَحَّبِينَ فَآبُوا,بِنِهَابٍ يَصَمُّ فِيهِ الحُدَاءُ,Before Islam: VIth century,khafif_complete,khafif_complete
Al Harith Ibn Hiliza,Moallaqa,55,وَأَتَوْهُمْ يَسْتَرْجِعُونَ فَلَمْ تَرْ,جِعْ لَهُمْ شَامَةٌ وَلَا زَهْرَاءُ,Before Islam: VIth century,khafif_complete,khafif_complete
Al Harith Ibn Hiliza,Moallaqa,56,ثُمَّ فَاءُوا مِنْهُمْ بِقَاصِمَةِ الظْ,ظَهْرِ وَلَا يُبْرِدُ الغَلِيلَ المَاءُ,Before Islam: VIth century,khafif_complete,khafif_complete
Al Harith Ibn Hiliza,Moallaqa,57,ثُمَّ خَيْلٌ مِنْ بَعْدِ ذَاكَ مَعَ الغَ,لَّاقِ لَا رَأْفَةٌ وَلَا إِبْقَاءُ,Before Islam: VIth century,khafif_complete,khafif_complete
Al Harith Ibn Hiliza,Moallaqa,58,مَا أَصَابُوا مِنْ تَغْلِبِي فَمْطَلُولٌ,وَعَلَيْهِ إِذَا أُصِيبَ العَفَاءُ,Before Islam: VIth century,khafif_complete,khafif_complete
Al Harith Ibn Hiliza,Moallaqa,59,كَتَكَالِيفِ قَوْمِنَا إِذْ غَزَا المُنْذِرُ,هَلْ نَحْنُ لِابْنِ هِنْدٍ رِعَاءُ,Before Islam: VIth century,khafif_complete,khafif_complete
Al Harith Ibn Hiliza,Moallaqa,60,إِذْ أَحَلَّ العَلَاةَ قُبَّةَ مَيْسُونَ,فَأَدْنَى دِيَارِهَا العَوْصَاءُ,Before Islam: VIth century,khafif_complete,khafif_complete
Al Harith Ibn Hiliza,Moallaqa,61,فَتَأَوَّتْ لَهُو قَرَاضِبَةٌ مِنْ,كُلِّ حَيٍّ كَأَنَّهُمْ أَلْقَاءُ,Before Islam: VIth century,khafif_complete,khafif_complete
Al Harith Ibn Hiliza,Moallaqa,62,فَهَدَاهُمْ بِالأَسْوَدَيْنِ وَأَمْرُ اللَّهِ,بَالِغْ تَشْقَى بِهِ الأَشْقِيَاءُ,Before Islam: VIth century,khafif_complete,khafif_complete
Al Harith Ibn Hiliza,Moallaqa,63,إِذْ تَمَنَّوْنَهُمْ غُرُورًا فَسَاقَتْهُمْ,إِلَيْكُمْ أُمْنِيَّةٌ أَشْرَاءُ,Before Islam: VIth century,khafif_complete,khafif_complete
Al Harith Ibn Hiliza,Moallaqa,64,لَمْ يَغُرُّوكُمُ غُرُورًا وَلَكِنْ,رَفَعَ الآلُ شَخْصَهُمْ وَالضَّحَاءُ,Before Islam: VIth century,khafif_complete,khafif_complete
Al Harith Ibn Hiliza,Moallaqa,65,أَيُّهَا الشَّانِئُ المُبَلِّغُ عَنَّا,عِنْدَ عَمْرٍ وَهَلْ لِذَاكَ انْتِهَاءُ,Before Islam: VIth century,khafif_complete,khafif_complete
Al Harith Ibn Hiliza,Moallaqa,66,مَلِكٌ مُقْسِطٌ وَأَفْضَلُ مَنْ يَمْ,شِي وَمِنْ دُونِ مَا لَدَيْهِ الثَّنَاءُ,Before Islam: VIth century,khafif_complete,khafif_complete
Al Harith Ibn Hiliza,Moallaqa,67,إِرَمِيٌّ بِمِثْلِهِ جَالَتِ الخَيْ,لُ وَتَأْبَى لِخَصْمِهَا الإِجْلَاءُ,Before Islam: VIth century,khafif_complete,khafif_complete
Al Harith Ibn Hiliza,Moallaqa,68,مَنْ لَنَا عِنْدَهُ مِنَ الخَيْرِ,آيَاتٌ ثَلَاثٌ فِي كُلِّهِنَّ القَضَاءُ,Before Islam: VIth century,khafif_complete,khafif_complete
Al Harith Ibn Hiliza,Moallaqa,69,آيَةٌ شَارِقُ الشَّقِيقَةِ إِذْ جَاءَتْ,مَعَدٌّ لِكُلِّ حَيٍّ لِوَاءُ,Before Islam: VIth century,khafif_complete,khafif_complete
Al Harith Ibn Hiliza,Moallaqa,70,حَوْلَ قَيْسٍ مُسْتَلْئِمِينَ بِكَبْشٍ,قَرَظِيٍّ كَأَنَّهُوعَبْلَاءُ,Before Islam: VIth century,khafif_complete,khafif_complete
Al Harith Ibn Hiliza,Moallaqa,71,وَصَتِيتٍ مِنَ العَوَاتِكِ لَا تَنْهَاهُ,إِلَّا مُبْيَضَّةٌ رَعْلَاءُ,Before Islam: VIth century,khafif_complete,khafif_complete
Al Harith Ibn Hiliza,Moallaqa,72,فَجَبَهْنَاهُمُ بِضَرْبٍ كَمَا يَخْرُجُ,مِنْ خُرْبَةِ المَزَادِ المَاءُ,Before Islam: VIth century,khafif_complete,khafif_complete
Al Harith Ibn Hiliza,Moallaqa,73,وَحَمَلْنَاهُمُ عَلَى حَزْمِ ثَهْلَانِ,شِلَالًا وَدُمِّيَ الأَنْسَاءُ,Before Islam: VIth century,khafif_complete,khafif_complete
Al Harith Ibn Hiliza,Moallaqa,74,وَفَعَلْنَا بِهِمْ كَمَا عَلِمَ اللَّهُ,وَمَا أَنْ لِلْحَائِنِينَ دِمَاءُ,Before Islam: VIth century,khafif_complete,khafif_complete
Al Harith Ibn Hiliza,Moallaqa,75,ثُمَّ حُجْرًا أَعْنِي ابْنَ أُمِّ قَطَامٍ,وَلَهُو فَارِسِيَّةٌ خَضْرَاءُ,Before Islam: VIth century,khafif_complete,khafif_complete
Al Harith Ibn Hiliza,Moallaqa,76,أَسَدٌ فِي اللِّقَاءِ وَرْدٌ هَمُوسٌ,وَرَبِيعٌ إِنْ شَمَّرَتْ غَبْرَاءُ,Before Islam: VIth century,khafif_complete,khafif_complete
Al Harith Ibn Hiliza,Moallaqa,77,فَرَدَدْنَاهُمُ بِطَعْنٍ كَمَا تُنْهَزُ,فِي جَمَّةِ الطَّوِيِّ الدِّلَاءُ,Before Islam: VIth century,khafif_complete,khafif_complete
Al Harith Ibn Hiliza,Moallaqa,78,وَفَكَكْنَا غُلَّ امْرِءِ القَيْسِ عَنْهُ,بَعْدَ مَا طَالَ حَبْسُهُو وَالعَنَاءُ,Before Islam: VIth century,khafif_complete,khafif_complete
Al Harith Ibn Hiliza,Moallaqa,79,وَأَقَدْنَاهُ رَبَّ غَسَّانَ بِالمُنْذِرِ,كَرْهًا إِذْ لَا تُكَالُ الدِّمَاءُ,Before Islam: VIth century,khafif_complete,khafif_complete
Al Harith Ibn Hiliza,Moallaqa,80,وَفَدَيْنَاهُمُ بِتِسْعَةِ أَمْلَا,كٍ نَدَامَى أَسْلَابُهُمْ أَغْلَاءُ,Before Islam: VIth century,khafif_complete,khafif_complete
Al Harith Ibn Hiliza,Moallaqa,81,وَمَعَ الجَوْنِ جَوْنِ آلِ بَنِي الأَوْسِ,عَتُودٌ كَأَنَّهَا دَفْوَاءُ,Before Islam: VIth century,khafif_complete,khafif_complete
Al Harith Ibn Hiliza,Moallaqa,82,مَا جَزِعْنَا تَحْتَ العَجَاجَةِ إِذْ وَلُّوا,شِلَالًا وَإِذْ تَلَظَّى الصِّلَاءُ,Before Islam: VIth century,khafif_complete,khafif_complete
Al Harith Ibn Hiliza,Moallaqa,83,وَوَلَدْنَا عَمْرُو ابْنِ أُمِّ أَنَاسٍ,مِنْ قَرِيبٍ لَمَّا أَتَانَا الحِبَاءُ,Before Islam: VIth century,khafif_complete,khafif_complete
Al Harith Ibn Hiliza,Moallaqa,84,مِثْلُهَا تُخْرِجُ النَّصِيحَةَ لِلْقَوْمِ,فَلَاةٌ مِنْ دُونِهَا أَفْلَاءُ,Before Islam: VIth century,khafif_complete,khafif_complete
Al Harith Ibn Hiliza,Moallaqa,85,فَاتْرُكُوا الطَّيْخَ وَالتَّعَاشِي وَإِمَّا,تَتَعَاشُوا فَفِي التَّعَاشِي الدَّاءُ,Before Islam: VIth century,khafif_complete,khafif_complete
Al Harith Ibn Hiliza,Moallaqa,86,وَاذْكُرُوا حِلْفَ ذِي المَجَازِ وَمَا,قُدِّمَ فِيهِ العُهُودُ وَالكُفَلَاءُ,Before Islam: VIth century,khafif_complete,khafif_complete
Al Harith Ibn Hiliza,Moallaqa,87,حَذَرَ الجَوْرِ وَالتَّعَدِّي وَهَلْ يَنْقُضُ,مَا فِي المَهَارِقِ الأَهْوَاءُ,Before Islam: VIth century,khafif_complete,khafif_complete
Al Harith Ibn Hiliza,Moallaqa,88,وَاعْلَمُوا أَنَّنَا وَإِيَّاكُمُ فِي مَا,اشْتَرَطْنَا يَوْمَ اخْتَلَفْنَا سَوَاءُ,Before Islam: VIth century,khafif_complete,khafif_complete
Al Harith Ibn Hiliza,Moallaqa,89,عَنَنًا بَاطِلًا وَظُلْمًا كَمَا تُعْتَرُ,عَنْ حَجْرَةِ الرَّبِيضِ الظَّبَاءُ,Before Islam: VIth century,khafif_complete,khafif_complete
Al Harith Ibn Hiliza,Moallaqa,90,أَعَلَيْنَا جُنَاحُ كِنْدَةَ أَنْ يَغْنَمَ,غَازِيهُمُ وَمِنَّا الجَزَاءُ,Before Islam: VIth century,khafif_complete,khafif_complete
Al Harith Ibn Hiliza,Moallaqa,91,أَمْ عَلَيْنَا جَرَّى إِيَادٍ كَمَا نِيطَ,بِجَوْزِ المُحَمَّلِ الأَعْبَاءُ,Before Islam: VIth century,khafif_complete,khafif_complete
Al Harith Ibn Hiliza,Moallaqa,92,لَيْسَ مِنَّا المُضَرَّبُونَ وَلَا قَيْسٌ,وَلَا جَنْدَلٌ وَلَا الحَذَّاءُ,Before Islam: VIth century,khafif_complete,khafif_complete
Al Harith Ibn Hiliza,Moallaqa,93,أَمْ جَنَايَا بَنِي عَتِيقٍ فَإِنَّا,مِنْكُمُ إِنْ غَدَرْتُمُ بُرَآءُ,Before Islam: VIth century,khafif_complete,khafif_complete
Al Harith Ibn Hiliza,Moallaqa,94,وَثَمَانُونَ مِنْ تَمِيمٍ بِأَيْدِيهِمْ,رِمَاحٌ صُدُورُهُنَّ القَضَاءُ,Before Islam: VIth century,khafif_complete,khafif_complete
Al Harith Ibn Hiliza,Moallaqa,95,وَأَتَوْهُمْ يَسْتَرْجِعُونَ فَلَمْ تَرْ,جِعْ لَهُمْ شَامَةٌ وَلَا زَهْرَاءُ,Before Islam: VIth century,khafif_complete,khafif_complete
Al Harith Ibn Hiliza,Moallaqa,96,ثُمَّ فَاؤُوا مِنْهُمْ بِقَاصِمَةِ الظَّهْرِ,وَلَا يُبْرِدُ الغَلِيلَ المَاءُ,Before Islam: VIth century,khafif_complete,khafif_complete
Al Harith Ibn Hiliza,Moallaqa,97,ثُمَّ خَيْلٌ مِنْ بَعْدِ ذَاكَ مَعَ الغَلَّاقِ,لَا رَأْفَةٌ وَلَا إِبْقَاءُ,Before Islam: VIth century,khafif_complete,khafif_complete
Al Harith Ibn Hiliza,Moallaqa,98,لَمْ يُخَلُّوا بَنِي رِزَاحٍ بِبَرْقَاءِ,نِطَاعٍ لَهُمْ عَلَيْهِمْ دُعَاءُ,Before Islam: VIth century,khafif_complete,khafif_complete
Al Harith Ibn Hiliza,Moallaqa,99,أَمْ عَلَيْنَا جَرَّى حَنِيفَةَ أَمَّا,جَمَّعَتْ مِنْ مُحَارِبٍ غَبْرَاءُ,Before Islam: VIth century,khafif_complete,khafif_complete
Al Harith Ibn Hiliza,Moallaqa,100,وَهُوَ الرَّبُّ وَالشَّهِيدُ عَلَى يَوْمِ,الحَيَارَيْنِ وَالبَلَاءُ بَلَاءُ,Before Islam: VIth century,khafif_complete,khafif_complete
Al Hays Bays,Wa Bilqasri Arihi,1,وَبِالقَصْرِ أَرْيِحِيٌّ,بِهِ يَمْنَعُ الذِّمَارُ,Ayoubi: XIIth - XIIIth,modarii_complete,modarii_complete
Al Hays Bays,Wa Bilqasri Arihi,2,إِذَا جَادَ فَهْوَ غَيْثٌ,وَإِنْ صَالَ فَهْوَ نَارُ,Ayoubi: XIIth - XIIIth,modarii_complete,modarii_complete
Al Hays Bays,Wa Bilqasri Arihi,3,حَسُودَاهُ فِي عُلَاهُ,ظُبَى البِيضِ وَالقُطَارُ,Ayoubi: XIIth - XIIIth,modarii_complete,modarii_complete
Al Hays Bays,Wa Bilqasri Arihi,4,أَنِيسٌ إِلَى المَعَالِي,وَعَنْ عَارِهَا نَوَارُ,Ayoubi: XIIth - XIIIth,modarii_complete,modarii_complete
Al Hays Bays,Wa Bilqasri Arihi,5,سَنَا البِشْرِ فِي دُجَاهُ,لِطُرَّاقِهِ نَهَارُ,Ayoubi: XIIth - XIIIth,modarii_complete,modarii_complete
Al Hays Bays,Wa Bilqasri Arihi,6,تَخَافُ الكُمَاةُ مِنْهُ,كَمَا خَافَتِ العِشَارُ,Ayoubi: XIIth - XIIIth,modarii_complete,modarii_complete
Al Hays Bays,Wa Bilqasri Arihi,7,فَتَرْوَى مِنَ الكُمَاتِي,وَمِنْ كُومِهِ الشِّفَارُ,Ayoubi: XIIth - XIIIth,modarii_complete,modarii_complete
Al Hays Bays,Wa Bilqasri Arihi,8,جَمَالُ الوَرَى المُشَارُ,إِذَا عُدِّدَ الفَخَارُ,Ayoubi: XIIth - XIIIth,modarii_complete,modarii_complete
Al Hays Bays,Wa Bilqasri Arihi,9,عَلَى عَزْمِهِ مَضَاؤُ,وَفِي عِطْفِهِ وَقَارُ,Ayoubi: XIIth - XIIIth,modarii_complete,modarii_complete
Al Hays Bays,Wa Bilqasri Arihi,10,فَفِي السَّلْمِ طُودُ حُلْمٍ,لِزَانَئْيِهِ عِثَارُ,Ayoubi: XIIth - XIIIth,modarii_complete,modarii_complete
Al Hays Bays,Wa Bilqasri Arihi,11,وَفِي الحَرْبِ لَيْثُ غَابٍ,جَرِيٌّ بِهِ سُعَارُ,Ayoubi: XIIth - XIIIth,modarii_complete,modarii_complete
Al Hays Bays,Wa Bilqasri Arihi,12,وَفِي الجُودِ وَهْوَ جَمٌّ,إِلَى السَّائِلِ اعْتِذَارُ,Ayoubi: XIIth - XIIIth,modarii_complete,modarii_complete
Al Hays Bays,Wa Bilqasri Arihi,13,عَلَى الجَوِّ مِنْ نَدَاهُ,وَمَسْعَاتِهِ عِطَارُ,Ayoubi: XIIth - XIIIth,modarii_complete,modarii_complete
Al Hays Bays,Wa Bilqasri Arihi,14,رَضِيُّ الاِمَامِ ذُو الفَ,ضْلِ وَالصَّاحِبِ المُشَارِ,Ayoubi: XIIth - XIIIth,modarii_complete,modarii_complete
Al Hays Bays,Wa Bilqasri Arihi,15,مُجِيرُ الأَنَامِ يَحْمِي,إِذَا أُسْلِمَ الجِوَارُ,Ayoubi: XIIth - XIIIth,modarii_complete,modarii_complete
Al Hays Bays,Wa Bilqasri Arihi,16,فَيَا مُرْتَضَى الخِلَا,فَتِ وَالمُرْتَضَى اخْتِيَارُ,Ayoubi: XIIth - XIIIth,modarii_complete,modarii_complete
Al Hays Bays,Wa Bilqasri Arihi,17,هَنِيئًا لَكَ المَوَاسِ,مُ كَرَّارَةً تُدَارُ,Ayoubi: XIIth - XIIIth,modarii_complete,modarii_complete
Al Hays Bays,Wa Bilqasri Arihi,18,عَلَيْهَا بِكَ اغْتِبَاطُ,وَفِيهَا بِكَ افْتِخَارُ,Ayoubi: XIIth - XIIIth,modarii_complete,modarii_complete
Al Hays Bays,Wa Bilqasri Arihi,19,وَعُمِّرْتَ أَلْفَ عِيدٍ,لِمَا تَأْمُرُ ائْتِمَارُ,Ayoubi: XIIth - XIIIth,modarii_complete,modarii_complete
Al Hays Bays,Wa Bilqasri Arihi,20,مُطَاعًا لَكَ السَّعَادَةُ,فِي قُطْبِهَا شِعَارُ,Ayoubi: XIIth - XIIIth,modarii_complete,modarii_complete
Al Hosari Al Qayrawani,Ya Laylo Al Sabbo,1,يَا لَيْلُ الصَّبُّ مَتَى غَدُهُ,أَقِيَامُ السَّاعَةِ مَوْعِدُهُ,Andaloussi: VIIIth - XVIth,motadaarak_complete,motadaarak_complete
Al Hosari Al Qayrawani,Ya Laylo Al Sabbo,2,رَقَدَ السُّمَّارُ فَأَرَّقَهُ,أَسَفٌ لِلْبَيْنِ يُرَدِّدُهُ,Andaloussi: VIIIth - XVIth,motadaarak_complete,motadaarak_complete
Al Hosari Al Qayrawani,Ya Laylo Al Sabbo,3,فَبَكَاهُ النَّجْمُ وَرَقَّ لَهُ,مِمَّا يَرْعَاهُ وَيَرْصُدُهُ,Andaloussi: VIIIth - XVIth,motadaarak_complete,motadaarak_complete
Al Hosari Al Qayrawani,Ya Laylo Al Sabbo,4,كَلِفٌ بِغَزَالٍ ذِي هَيَفٍ,خَوْفُ الوَاشِينَ يُشَرِّدُهُ,Andaloussi: VIIIth - XVIth,motadaarak_complete,motadaarak_complete
Al Hosari Al Qayrawani,Ya Laylo Al Sabbo,5,نَصَبَتْ عَيْنَايَ لَهُو شَرَكًا,فِي النَّوْمِ فَعَزَّ تَصَيُّدُهُ,Andaloussi: VIIIth - XVIth,motadaarak_complete,motadaarak_complete
Al Hosari Al Qayrawani,Ya Laylo Al Sabbo,6,وَكَفَى عَجَبًا أَنِّي قَنَصٌ,لِلسِّرْبِ سَبَانِي أَغْيَدُهُ,Andaloussi: VIIIth - XVIth,motadaarak_complete,motadaarak_complete
Al Hosari Al Qayrawani,Ya Laylo Al Sabbo,7,صَنَمٌ لِلْفِتْنَةِ مُنْتَصِبٌ,أَهْوَاهُ وَلَا أَتَعَبَّدُهُ,Andaloussi: VIIIth - XVIth,motadaarak_complete,motadaarak_complete
Al Hosari Al Qayrawani,Ya Laylo Al Sabbo,8,صَاحٍ وَالخَمْرُ جَنَى فَمِهِ,سَكْرَانُ اللَّحْظِ مُعَرْبِدُهُ,Andaloussi: VIIIth - XVIth,motadaarak_complete,motadaarak_complete
Al Hosari Al Qayrawani,Ya Laylo Al Sabbo,9,يَنْضُو مِنْ مُقْلَتِهِ سَيْفًا,وَكَأَنَّ نُعَاسًا يُغْمِدُهُ,Andaloussi: VIIIth - XVIth,motadaarak_complete,motadaarak_complete
Al Hosari Al Qayrawani,Ya Laylo Al Sabbo,10,فَيُرِيقُ دَمَ العُشَّاقِ بِهِ,وَالوَيْلُ لِمَنْ يَتَقَلَّدُهُ,Andaloussi: VIIIth - XVIth,motadaarak_complete,motadaarak_complete
Al Hosari Al Qayrawani,Ya Laylo Al Sabbo,11,كَلَّا لَا ذَنْبَ لِمَنْ قَتَلَتْ,عَيْنَاهُ وَلَمْ تَقْتُلْ يَدَهُ,Andaloussi: VIIIth - XVIth,motadaarak_complete,motadaarak_complete
Al Hosari Al Qayrawani,Ya Laylo Al Sabbo,12,يَا مَنْ جَحَدَتْ عَيْنَاهُ دَمِي,وَعَلَى خَدَّيْهِ تَوَرُّدُهُ,Andaloussi: VIIIth - XVIth,motadaarak_complete,motadaarak_complete
Al Hosari Al Qayrawani,Ya Laylo Al Sabbo,13,خَدَّاكَ قَدِ اعْتَرَفَا بِدَمِي,فَعَلَامَ جُفُونُكَ تَجْحَدُهُ,Andaloussi: VIIIth - XVIth,motadaarak_complete,motadaarak_complete
Al Hosari Al Qayrawani,Ya Laylo Al Sabbo,14,إِنِّي لَأُعِيذُكَ مِنْ قَتْلِي,وَأَظُنُّكَ لَا تَتَعَمَّدُهُ,Andaloussi: VIIIth - XVIth,motadaarak_complete,motadaarak_complete
Al Hosari Al Qayrawani,Ya Laylo Al Sabbo,15,بِاللَّهِ هَبِ المُشْتَاقَ كَرَى,فَلَعَلَّ خَيَالَكَ يُسْعِدُهُ,Andaloussi: VIIIth - XVIth,motadaarak_complete,motadaarak_complete
Al Hosari Al Qayrawani,Ya Laylo Al Sabbo,16,مَا ضَرَّكَ لَوْ دَاوَيْتَ ضَنَى,صَبٍّ يُدْنِيكَ وَتُبْعِدُهُ,Andaloussi: VIIIth - XVIth,motadaarak_complete,motadaarak_complete
Al Hosari Al Qayrawani,Ya Laylo Al Sabbo,17,لَمْ يُبْقِ هَوَاكَ لَهُو رَمَقًا,فَلْيَبْكِ عَلَيْهِ عَوَّدُهُ,Andaloussi: VIIIth - XVIth,motadaarak_complete,motadaarak_complete
Al Hosari Al Qayrawani,Ya Laylo Al Sabbo,18,وَغَدًا يَقْضِي أَوْ بَعْدَ غَدٍ,هَلْ مِنْ نَظَرٍ يَتَزَوَّدُهُ,Andaloussi: VIIIth - XVIth,motadaarak_complete,motadaarak_complete
Al Hosari Al Qayrawani,Ya Laylo Al Sabbo,19,يَا أَهْلَ الشَّوْقِ لَنَا شَرَقٌ,بِالدَّمْعِ يَفِيضُو مَوْرِدُهُ,Andaloussi: VIIIth - XVIth,motadaarak_complete,motadaarak_complete
Al Hosari Al Qayrawani,Ya Laylo Al Sabbo,20,يَهْوِى المُشْتَاقُ لِقَاءَكُمُ,وَظُرُوفُ الدَّهْرِ تُبَعِّدُهُ,Andaloussi: VIIIth - XVIth,motadaarak_complete,motadaarak_complete
Al Hosari Al Qayrawani,Ya Laylo Al Sabbo,21,مَا أَحْلَى الوَصْلَ وَأَعْذَبَهُ,لَوْلَا الأَيَّامُ تُنَكِّدُهُ,Andaloussi: VIIIth - XVIth,motadaarak_complete,motadaarak_complete
Al Hosari Al Qayrawani,Ya Laylo Al Sabbo,22,بِالبَيْنِ وَبِالهِجْرَانِ فَيَا,لِفُؤَادِي كَيْفَ تَجَلُّدُهُ,Andaloussi: VIIIth - XVIth,motadaarak_complete,motadaarak_complete
Al Khansae,Alaa Abki 3laa Sakhr,1,أَلَا ابْكِي عَلَى صَخْرٍ وَصَخْرٌ ثِمَالُنَا,إِذَا الحَرْبُ هَرَّتْ وَاسْتَمَرَّ مَرِيرُهَا,Before Islam: VIth century,tawil_complete,tawil_complete
Al Khansae,Alaa Abki 3laa Sakhr,2,أَقَامَ جَنَاحَيْ رَبْعِهَا وَتَرَافَدُوا,عَلَى صَعْبِهَا حَتَّى اسْتَقَامَ عَسِيرُهَا,Before Islam: VIth century,tawil_complete,tawil_complete
Al Khansae,Alaa Abki 3laa Sakhr,3,بِبَارِقَةٍ لِلْمَوْتِ فِيهَا عَجَاجَةٌ,مَنَاكِبُهَا مَسْمُومَةٌ وَنُحُورُهَا,Before Islam: VIth century,tawil_complete,tawil_complete
Al Khansae,Alaa Abki 3laa Sakhr,4,أَهَلَّ بِهَا وَكْفُ الدِّمَاءِ وَرَعْدُهَا,هَمَاهِمُ أَبْطَالٍ قَلِيلٌ فُتُورُهَا,Before Islam: VIth century,tawil_complete,tawil_complete
Al Khansae,Alaa Abki 3laa Sakhr,5,فَصَخْرٌ لَدَيْهَا مِدْرَهُ الحَرْبِ كُلَّهَا,وَصَخْرٌ إِذَا خَانَ الرِّجَالُ يُطِيرُهَا,Before Islam: VIth century,tawil_complete,tawil_complete
Al Khansae,Alaa Abki 3laa Sakhr,6,مِنَ الهَضْبَةِ العُلْيَا الَّتِي لَيْسَ كَالصَّفَا,صَفَاهَا وَمَا إِنْ كَالصُّخُورِ صُخُورُهَا,Before Islam: VIth century,tawil_complete,tawil_complete
Al Khansae,Alaa Abki 3laa Sakhr,7,لَهَا شَرَفَاتٌ لَا تُنَالُ وَمَنْكِبٌ,مَنِيعُ الذَّرَى عَالٍ عَلَى مَنْ يُثِيرُهَا,Before Islam: VIth century,tawil_complete,tawil_complete
Al Khansae,Alaa Abki 3laa Sakhr,8,لَهُ بَسْطَتَا مَجْدٍ فَكَفٌّ مُفِيدَةٌ,وَأُخْرَى بِأَطْرَافِ القَنَاةِ شُقُورُهَا,Before Islam: VIth century,tawil_complete,tawil_complete
Al Khansae,Alaa Abki 3laa Sakhr,9,مَنِ الحَرْبُ رَبَّتْهُ فَلَيْسَ بِسَائِمٍ,إِذَا مَلَّ عَنْهَا ذَاتَ يَوْمٍ ضَجُورُهَا,Before Islam: VIth century,tawil_complete,tawil_complete
Al Khansae,Alaa Abki 3laa Sakhr,10,إِذَا مَا اقْمَطَرَّتْ لِلْمَغَارِ وَأَيْقَنَتْ,بِهِ عَنْ حِيَالٍ مُلْقِحٍ مَنْ يَبُورُهَا,Before Islam: VIth century,tawil_complete,tawil_complete
Al Khansae,Marahat 3ayni,1,مَرِهَتْ عَيْنِي فَعَيْنِي,بَعْدَ صَخْرٍ عَطِفَهْ,Before Islam: VIth century,ramal_partial,ramal_partial
Al Khansae,Marahat 3ayni,2,فَدُمُوعُ العَيْنِ مِنِّي,فَوْقَ خَدِّي وَكِفَهْ,Before Islam: VIth century,ramal_partial,ramal_partial
Al Khansae,Marahat 3ayni,3,طَرَفَتْ حُنْدُرَ عَيْنِي,بِعَكِيكٍ ذَرِفَهْ,Before Islam: VIth century,ramal_partial,ramal_partial
Al Khansae,Marahat 3ayni,4,إِنَّ نَفْسِي بَعْدَ صَخْرٍ,بِالرَّدَى مُعْتَرِفَهْ,Before Islam: VIth century,ramal_partial,ramal_partial
Al Khansae,Marahat 3ayni,5,وَبِهَا مِنْ صَخْرَ شَيْءٌ,لَيْسَ يُحْكَى بِالصِفَهْ,Before Islam: VIth century,ramal_partial,ramal_partial
Al Khansae,Marahat 3ayni,6,وَبِنَفْسِي لَهُمُومٌ,فَهْيَ حَرَّى أَسِفَهْ,Before Islam: VIth century,ramal_partial,ramal_partial
Al Khansae,Marahat 3ayni,7,وَبِذِكْرَى صَخْرَ نَفْسِي,كُلَّ يَوْمٍ كَلِفَهْ,Before Islam: VIth century,ramal_partial,ramal_partial
Al Khansae,Marahat 3ayni,8,إِنَّ صَخْرًا كَانَ حِصْنًا,وَرُبًى لِلنُّطَفَهْ,Before Islam: VIth century,ramal_partial,ramal_partial
Al Khansae,Marahat 3ayni,9,وَغِيَاثًا وَرَبِيعًا,لِلْعَجُوزِ الخَرِفَهْ,Before Islam: VIth century,ramal_partial,ramal_partial
Al Khansae,Marahat 3ayni,10,وَإِذَا هَبَّتْ شَمَالٌ,أَوْ جَنُوبٌ عَصِفَهْ,Before Islam: VIth century,ramal_partial,ramal_partial
Al Khansae,Marahat 3ayni,11,نَحَرَ الكُومَ الصَّفَايَا,وَالبِكَارَ الخَلِفَهْ,Before Islam: VIth century,ramal_partial,ramal_partial
Al Khansae,Marahat 3ayni,12,يَمْلَأُ الجَفْنَةَ شَحْمًا,فَتَرَاهَا سَدِفَهْ,Before Islam: VIth century,ramal_partial,ramal_partial
Al Khansae,Marahat 3ayni,13,وَتَرَى الهُلَّاكَ شَبْعَى,نَحْوَهَا مُزْدَلِفَهْ,Before Islam: VIth century,ramal_partial,ramal_partial
Al Khansae,Marahat 3ayni,14,وَتَرَى الأَيْدِيَ فِيهَا,دَسِمَاتٍ غَدِفَهْ,Before Islam: VIth century,ramal_partial,ramal_partial
Al Khansae,Marahat 3ayni,15,وَارِدَاتٍ صَادِرَاتٍ,كَقَطًا مُخْتَلِفَهْ,Before Islam: VIth century,ramal_partial,ramal_partial
Al Khansae,Marahat 3ayni,16,كَدَبُورٍ وَشَمَالٍ,فِي حِيَاضٍ لَقِفَهْ,Before Islam: VIth century,ramal_partial,ramal_partial
Al Khansae,Marahat 3ayni,17,يَتَفَرَّقْنَ شُعُوبًا,وَلَهُو مُؤْتَلِفَهْ,Before Islam: VIth century,ramal_partial,ramal_partial
Al Khansae,Marahat 3ayni,18,فَلَئِنْ أَجْرُعُ صَخْرٍ,أَصْبَحَتْ لِي ظَلِفَهْ,Before Islam: VIth century,ramal_partial,ramal_partial
Al Khansae,Marahat 3ayni,19,إِنَّهَا كَانَتْ زَمَانًا,رَوْضَةً مُؤْتَنِفَهْ,Before Islam: VIth century,ramal_partial,ramal_partial
Al Manfalouti,Ayyoha Al Fatiko Al Athiimo,1,أَيُّهَا الفَاتِكُ الأَثِيمُ رُوَيْدًا,كُلَّ يَوْمٍ تَكِيدُ لِلتَّاجِ كَيْدَا,Modern,khafif_complete,khafif_complete
Al Manfalouti,Ayyoha Al Fatiko Al Athiimo,2,لَا أَرَى التَّاجَ فِي البَرِيَّةِ إِلَّا,فَلَكًا دَائِرًا وَأَخْذًا وَرَدَّا,Modern,khafif_complete,khafif_complete
Al Manfalouti,Ayyoha Al Fatiko Al Athiimo,3,يَتَخَطَّى الرُّءُوسَ رَأْسًا فَرَأْسَا,مَاشِيًا فِي العُصُورِ عَهْدًا فَعَهْدَا,Modern,khafif_complete,khafif_complete
Al Manfalouti,Ayyoha Al Fatiko Al Athiimo,4,فَمُحَالٌ أَنْ يَهْدِمَ المَرْءُ صَرْحًا,أَعْجَزَ الدَّهْرَ بَأْسَهُ أَنْ يُهَدَّا,Modern,khafif_complete,khafif_complete
Al Manfalouti,Ayyoha Al Fatiko Al Athiimo,5,عَبَثًا تُقْتَلُ المُلُوكُ وَعُذْراً,لَكَ فِيهِمْ لَوْ كُنْتَ تَحْمِلُ حِقْدَا,Modern,khafif_complete,khafif_complete
Al Manfalouti,Ayyoha Al Fatiko Al Athiimo,6,آفَةُ العَقْلِ أَنْ يَرَى الحَمْدَ ذَمًّا,وَيَرَى الخُطَّةَ الدَّنِيئَةَ حَمْدَا,Modern,khafif_complete,khafif_complete
Al Manfalouti,Ayyoha Al Fatiko Al Athiimo,7,لَا يُبَالِي بِالمَوْتِ مَنْ عَرَفَ المَوْ,تَ وَمَنْ لَا يَرَى مِنَ المَوْتِ بُدَّا,Modern,khafif_complete,khafif_complete
Al Manfalouti,Ayyoha Al Fatiko Al Athiimo,8,غَيْرَ أَنَّ الآجَالَ فِينَا حُدُودٌ,كُلُّ حَيٍّ تَرَاهُ يَطْلُبُ حَدَّا,Modern,khafif_complete,khafif_complete
Al Manfalouti,Ayyoha Al Fatiko Al Athiimo,9,أَيُّ جَفْنٍ أَجْرَيْتَ مِنْهُ دُمُوعًا,كَانَ لَوْلَاكَ فِي السَّمَاكِينَ بُعْدَا,Modern,khafif_complete,khafif_complete
Al Manfalouti,Ayyoha Al Fatiko Al Athiimo,10,أَيُّ رَوْعٍ أَسْكَنْتَهُ فِي فُؤَادٍ,كَانَ فِي فَادِحِ الحَوَادِثِ جَلْدَا,Modern,khafif_complete,khafif_complete
Al Manfalouti,Ayyoha Al Fatiko Al Athiimo,11,مَا بَكَى الفُوْنَسْ خِشْيَةً بَلْ غَرَامًا,وَدُمُوعُ الغَرَامِ أَشْرَفُ قَصْدَا,Modern,khafif_complete,khafif_complete
Al Manfalouti,Ayyoha Al Fatiko Al Athiimo,12,إِنَّ قَلْبَ الجَبَانِ يَخْفِقُ رُعْبًا,غَيْرَ قَلْبِ المُحِبِّ يَخْفُقُ وَجْدَا,Modern,khafif_complete,khafif_complete
Al Manfalouti,Ayyoha Al Fatiko Al Athiimo,13,كَانَ بَيْنَ الحَيَاةِ وَالمَوْتِ شِبْرٌ,بُدِّلَ النَّحْسُ فِي مَجَارِيهِ سَعْدَا,Modern,khafif_complete,khafif_complete
Al Manfalouti,Ayyoha Al Fatiko Al Athiimo,14,فَرَأَيْنَا القَتِيلَ يَعْمُرُ قَصْرًا,وَغَرِيمَ القَتِيلِ يَعْمُرُ لَحْدَا,Modern,khafif_complete,khafif_complete
Al Manfalouti,Ayyoha Al Fatiko Al Athiimo,15,أَنْتَ تَقْضَى وَاللَّهُ يَقْضَى بِعَدْلٍ,فِي البَرَايَا وَاللَّهُ أَكْبَرُ أَيْدَا,Modern,khafif_complete,khafif_complete
Al Manfalouti,Ayyoha Al Fatiko Al Athiimo,16,جَمْرَةٌ أَطْفَأَ القَضَاءُ لَظَاهَا,فَغَدَا جَمْرُهَا سَلَامًا وَبَرْدَا,Modern,khafif_complete,khafif_complete
Al Manfalouti,Ayyoha Al Fatiko Al Athiimo,17,إِنَّ لِلْمَالِكِ الكَرِيمِ قُلُوبًا,وَقَفَتْ بَيْنَهُ وَبَيْنَكَ سَدَّا,Modern,khafif_complete,khafif_complete
Al Manfalouti,Ayyoha Al Fatiko Al Athiimo,18,فَافْتَدَتْهُ فَكُنَّ خَيْرَ فِدَاءٍ,لِمَلِيكٍ وَكَانَ نِعْمَ المُفَدَّى,Modern,khafif_complete,khafif_complete
Al Motanabbi,A haqon 3afa bidam3ika,1,أَحَقُّ عَافٍ بِدَمْعِكَ الهِمَمُ,أَحْدَثُ شَيْءٍ عَهْدًا بِهَا القِدَمُ,Abbassi: VIIIth - XVIth,monsarih_complete,monsarih_complete
Al Motanabbi,A haqon 3afa bidam3ika,2,وَإِنَّمَا النَّاسُ بِالمُلُوكِ وَمَا,تُفْلِحُ عُرْبٌ مُلُوكُهَا عَجَمُ,Abbassi: VIIIth - XVIth,monsarih_complete,monsarih_complete
Al Motanabbi,A haqon 3afa bidam3ika,3,لَا أَدَبٌ عِنْدَهُمْ وَلَا حَسَبٌ,وَلَا عُهُودٌ لَهُمْ وَلَا ذِمَمُ,Abbassi: VIIIth - XVIth,monsarih_complete,monsarih_complete
Al Motanabbi,A haqon 3afa bidam3ika,4,بِكُلِّ أَرْضٍ وَطِئْتُهَا أُمَمٌ,تُرْعَى بِعَبْدٍ كَأَنَّهَا غَنَمُ,Abbassi: VIIIth - XVIth,monsarih_complete,monsarih_complete
Al Motanabbi,A haqon 3afa bidam3ika,5,يَسْتَخْشِنُ الخَزَّ حِينَ يَلْمُسُهُ,وَكَانَ يُبْرَى بِظُفْرِهِ القَلَمُ,Abbassi: VIIIth - XVIth,monsarih_complete,monsarih_complete
Al Motanabbi,A haqon 3afa bidam3ika,6,إِنِّي وَإِنْ لُمْتُ حَاسِدِيَّ فَمَا,أُنْكِرُ أَنِّي عُقُوبَةٌ لَهُمُ,Abbassi: VIIIth - XVIth,monsarih_complete,monsarih_complete
Al Motanabbi,A haqon 3afa bidam3ika,7,وَكَيْفَ لَا يُحْسَدُ امْرُؤٌ عَلَمٌ,لَهُو عَلَى كُلِّ هَامَةٍ قَدَمُ,Abbassi: VIIIth - XVIth,monsarih_complete,monsarih_complete
Al Motanabbi,A haqon 3afa bidam3ika,8,يَهَابُهُ أَبْسَأُ الرِّجَالِ بِهِ,وَتَتَّقِي حَدَّ سَيْفِهِ البُهَمُ,Abbassi: VIIIth - XVIth,monsarih_complete,monsarih_complete
Al Motanabbi,A haqon 3afa bidam3ika,9,كَفَانِيَ الذَّمَّ أَنَّنِي رَجُلٌ,أَكْرَمُ مَالٍ مَلَكْتُهُو الكَرَمُ,Abbassi: VIIIth - XVIth,monsarih_complete,monsarih_complete
Al Motanabbi,A haqon 3afa bidam3ika,10,يَجْنِي الغِنَى لِلِّئَامِ لَوْ عَقَلُوا,مَا لَيْسَ يَجْنِي عَلَيْهِمِ العُدُمُ,Abbassi: VIIIth - XVIth,monsarih_complete,monsarih_complete
Al Motanabbi,A haqon 3afa bidam3ika,11,هُمُ لِأَمْوَالِهِمْ وَلَسْنَ لَهُمْ,وَالعَارُ يَبْقَى وَالجُرْحُ يَلْتَئِمُ,Abbassi: VIIIth - XVIth,monsarih_complete,monsarih_complete
Al Motanabbi,A haqon 3afa bidam3ika,12,مَنْ طَلَبَ المَجْدَ فَلْيَكُنْ كَعَلِيْ,يِنْ يَهَبُ الأَلْفَ وَهْوَ يَبْتَسِمُ,Abbassi: VIIIth - XVIth,monsarih_complete,monsarih_complete
Al Motanabbi,A haqon 3afa bidam3ika,13,وَيَطْعَنُ الخَيْلَ كُلَّ نَافِذَةٍ,لَيْسَ لَهَا مِنْ وَحَائِهَا أَلَمُ,Abbassi: VIIIth - XVIth,monsarih_complete,monsarih_complete
Al Motanabbi,A haqon 3afa bidam3ika,14,وَيَعْرِفُ الأَمْرَ قَبْلَ مَوْقِعِهِ,فَمَا لَهُ بَعْدَ فِعْلِهِ نَدَمُ,Abbassi: VIIIth - XVIth,monsarih_complete,monsarih_complete
Al Motanabbi,A haqon 3afa bidam3ika,15,وَالأَمْرُ وَالنَّهْيُ وَالسَّلَاهِبُ وَال,بِيضُ لَهُ وَالعَبِيدُ وَالحَشَمُ,Abbassi: VIIIth - XVIth,monsarih_complete,monsarih_complete
Al Motanabbi,A haqon 3afa bidam3ika,16,وَالسَّطَوَاتُ الَّتِي سَمِعْتَ بِهَا,تَكَادُ مِنْهَا الجِبَالُ تَنْقَصِمُ,Abbassi: VIIIth - XVIth,monsarih_complete,monsarih_complete
Al Motanabbi,A haqon 3afa bidam3ika,17,يُرْعِيكَ سَمْعًا فِيهِ اسْتِمَاعٌ إِلَى الدْ,دَاعِي وَفِيهِ عَنِ الخَنَى صَمَمُ,Abbassi: VIIIth - XVIth,monsarih_complete,monsarih_complete
Al Motanabbi,A haqon 3afa bidam3ika,18,يُرِيكَ مِنْ خَلْقِهِ غَرَائِبَهُ,فِي مَجْدِهِ كَيْفَ تُخْلَقُ النِّسَمُ,Abbassi: VIIIth - XVIth,monsarih_complete,monsarih_complete
Al Motanabbi,A haqon 3afa bidam3ika,19,مِلْتُ إِلَى مَنْ يَكَادُ بَيْنَكُمَا,إِنْ كُنْتُمَا السَّائِلَيْنِ يَنْقَسِمُ,Abbassi: VIIIth - XVIth,monsarih_complete,monsarih_complete
Al Motanabbi,A haqon 3afa bidam3ika,20,مِنْ بَعْدِ مَا صِيغَ مِنْ مَوَاهِبِهِ,لِمَنْ أُحِبُّ الشُّنُوفُ وَالخَدَمُ,Abbassi: VIIIth - XVIth,monsarih_complete,monsarih_complete
Al Motanabbi,A haqon 3afa bidam3ika,21,مَا بَذَلَتْ مَا بِهِ يَجُودُ يَدٌ,وَلَا تَهَدَّى لِمَا يَقُولُ فَمُ,Abbassi: VIIIth - XVIth,monsarih_complete,monsarih_complete
Al Motanabbi,A haqon 3afa bidam3ika,22,بَنُو العَفَرْنَى مَحَطَّةَ الأَسَدِ الْ,أُسْدُ وَلَكِنْ رِمَاحُهَا الأَجَمُ,Abbassi: VIIIth - XVIth,monsarih_complete,monsarih_complete
Al Motanabbi,A haqon 3afa bidam3ika,23,قَوْمٌ بُلُوغُ الغُلَامِ عِنْدَهُمُ,طَعْنُ نُحُورِ الكُمَاةِ لَا الحُلُمُ,Abbassi: VIIIth - XVIth,monsarih_complete,monsarih_complete
Al Motanabbi,A haqon 3afa bidam3ika,24,كَأَنَّمَا يُولَدُ النَّدَى مَعَهُمْ,لَا صِغَرٌ عَاذِرٌ وَلَا هَرَمُ,Abbassi: VIIIth - XVIth,monsarih_complete,monsarih_complete
Al Motanabbi,A haqon 3afa bidam3ika,25,إِذَا تَوَلُّوا عَدَاوَةً كَشَفُوا,وَإِنْ تَوَلُّوا صَنِيعَةً كَتَمُوا,Abbassi: VIIIth - XVIth,monsarih_complete,monsarih_complete
Al Motanabbi,A haqon 3afa bidam3ika,26,تَظُنُّ مِنْ فَقْدِكَ اعْتِدَادَهُمُ,أَنَّهُمُ أَنْعَمُوا وَمَا عَلِمُوا,Abbassi: VIIIth - XVIth,monsarih_complete,monsarih_complete
Al Motanabbi,A haqon 3afa bidam3ika,27,إِنْ بَرَقُوا فَالحُتُوفُ حَاضِرَةٌ,أَوْ نَطَقُوا فَالصَّوَابُ وَالحِكَمُ,Abbassi: VIIIth - XVIth,monsarih_complete,monsarih_complete
Al Motanabbi,A haqon 3afa bidam3ika,28,أَوْ حَلَفُوا بِالغَمُوسِ وَاجْتَهَدُوا,فَقَوْلُهُمْ خَابَ سَائِلِي القَسَمُ,Abbassi: VIIIth - XVIth,monsarih_complete,monsarih_complete
Al Motanabbi,A haqon 3afa bidam3ika,29,أَوْ رَكِبُوا الخَيْلَ غَيْرَ مُسْرَجَةٍ,فَإِنَّ أَفْخَاذَهُمْ لَهَا حُزُمُ,Abbassi: VIIIth - XVIth,monsarih_complete,monsarih_complete
Al Motanabbi,A haqon 3afa bidam3ika,30,أَوْ شَهِدُوا الحَرْبَ لَاقِحًا أَخَذُوا,مِنْ مُهَجِ الدَّارِعِينَ مَا احْتَكَمُوا,Abbassi: VIIIth - XVIth,monsarih_complete,monsarih_complete
Al Motanabbi,A haqon 3afa bidam3ika,31,تُشْرِقُ أَعْرَاضُهُمْ وَأَوْجُهُهُمْ,كَأَنَّهَا فِي نُفُوسِهِمْ شِيَمُ,Abbassi: VIIIth - XVIth,monsarih_complete,monsarih_complete
Al Motanabbi,A haqon 3afa bidam3ika,32,لَوْلَاكَ لَمْ أَتْرُكِ البُحَيْرَةَ وَال,غَوْرُ دَفِيءٌ وَمَاؤُهَا شَبِمُ,Abbassi: VIIIth - XVIth,monsarih_complete,monsarih_complete
Al Motanabbi,A haqon 3afa bidam3ika,33,وَالمَوْجُ مِثْلُ الفُحُولِ مُزْبَدَةً,غَوْرُ دَفِيءٌ وَمَاؤُهَا شَبِمُ,Abbassi: VIIIth - XVIth,monsarih_complete,monsarih_complete
Al Motanabbi,A haqon 3afa bidam3ika,34,وَالطَّيْرُ فَوْقَ الحَبَابِ تَحْسَبُهَا,فُرْسَانَ بُلْقٍ تَخُونُهَا اللُّجُمُ,Abbassi: VIIIth - XVIth,monsarih_complete,monsarih_complete
Al Motanabbi,A haqon 3afa bidam3ika,35,كَأَنَّهَا وَالرِّيَاحُ تَضْرِبُهَا,جَيْشًا وَغًى هَازِمٌ وَمُنْهَزِمُ,Abbassi: VIIIth - XVIth,monsarih_complete,monsarih_complete
Al Motanabbi,A haqon 3afa bidam3ika,36,كَأَنَّهَا فِي نَهَارِهَا قَمَرٌ,حَفَّ بِهِ مِنْ جِنَانِهَا ظُلَمُ,Abbassi: VIIIth - XVIth,monsarih_complete,monsarih_complete
Al Motanabbi,A haqon 3afa bidam3ika,37,نَاعِمَةُ الجِسْمِ لَا عِظَامَ لَهَا,لَهَا بَنَاتٌ وَمَا لَهَا رَحِمُ,Abbassi: VIIIth - XVIth,monsarih_complete,monsarih_complete
Al Motanabbi,A haqon 3afa bidam3ika,38,يُبْقِرُ عَنْهُنَّ بَطْنُهَا أَبَدًا,وَمَا تَشَكَّى وَمَا يَسِيلُ دَمُ,Abbassi: VIIIth - XVIth,monsarih_complete,monsarih_complete
Al Motanabbi,A haqon 3afa bidam3ika,39,تَغَنَّتِ الطَّيْرُ فِي جَوَانِبِهَا,وَجَادَتِ الأَرْضُ حَوْلَهَا الدِّيَمُ,Abbassi: VIIIth - XVIth,monsarih_complete,monsarih_complete
Al Motanabbi,A haqon 3afa bidam3ika,40,فَهْيَ كَمَاوِيَّةٍ مُطَوَّقَةٍ,جُرِّدَ عَنْهَا غِشَاؤُهَا الأَدَمُ,Abbassi: VIIIth - XVIth,monsarih_complete,monsarih_complete
Al Motanabbi,A haqon 3afa bidam3ika,41,يَشِينُهَا جَرْيُهَا عَلَى بَلَدٍ,تَشِينُهُو الأَدْعِيَاءُ وَالقَزَمُ,Abbassi: VIIIth - XVIth,monsarih_complete,monsarih_complete
Al Motanabbi,A haqon 3afa bidam3ika,42,أَبَا الحُسَيْنِ اسْتَمِعْ فَمَدْحُكُمُ,بِالفِعْلِ قَبْلَ الكَلَامِ مُنْتَظِمُ,Abbassi: VIIIth - XVIth,monsarih_complete,monsarih_complete
Al Motanabbi,A haqon 3afa bidam3ika,43,وَقَدْ تَوَالَى العِهَادُ مِنْهُ لَكُمْ,وَجَادَتِ المَطْرَةُ الَّتِي تَسِمُ,Abbassi: VIIIth - XVIth,monsarih_complete,monsarih_complete
Al Motanabbi,A haqon 3afa bidam3ika,44,أُعِيذُكُمْ مِنْ صُرُوفِ دَهْرِكُمُ,فَإِنَّهُو فِي الكِرَامِ مُتَّهَمُ,Abbassi: VIIIth - XVIth,monsarih_complete,monsarih_complete
Al Motanabbi,Aid,1,عِيدٌ بِأَيَّةِ حَالٍ عُدْتَ يَا عِيدُ,بِمَا مَضَى أَمْ بِأَمْرٍ فِيكَ تَجْدِيدُ,Abbassi: VIIIth - XVIth,bassit_complete,bassit_complete
Al Motanabbi,Aid,2,أَمَّا الأَحِبَّةُ فَالبَيْدَاءُ دُونَهُمُ,فَلَيْتَ دُونَكَ بَيْدًا دُونَهَا بَيْدُ,Abbassi: VIIIth - XVIth,bassit_complete,bassit_complete
Al Motanabbi,Aid,3,لَوْلَا العُلَى لَمْ تَجُبْ بِي مَا أَجُوبُ بِهَا,وَجْنَاءُ حَرْفٌ وَلَا جَرْدَاءُ قَيْدُودُ,Abbassi: VIIIth - XVIth,bassit_complete,bassit_complete
Al Motanabbi,Aid,4,وَكَانَ أَطْيَبَ مِنْ سَيْفِي مُضَاجَعَةً,أَشْبَاهُ رَوْنَقِهِ الغِيدُ الأَمَالِيدُ,Abbassi: VIIIth - XVIth,bassit_complete,bassit_complete
Al Motanabbi,Aid,5,لَمْ يَتْرُكِ الدَّهْرُ مِنْ قَلْبِي وَلَا كَبِدِي,شَيْءً تُتَيِّمُهُ عَيْنٌ وَلَا جِيدُ,Abbassi: VIIIth - XVIth,bassit_complete,bassit_complete
Al Motanabbi,Aid,6,يَا سَاقِيَيَّ أَخَمْرٌ فِي كُؤُوسِكُمَا,أَمْ فِي كُؤُوسِكُمَا هَمٌّ وَتَسْهِيدُ,Abbassi: VIIIth - XVIth,bassit_complete,bassit_complete
Al Motanabbi,Aid,7,أَصَخْرَةٌ أَنَا مَالِي لَا تُحَرِّكُنِي,هَذِي المُدَامُ وَلَا هَذِي الأَغَارِيدُ,Abbassi: VIIIth - XVIth,bassit_complete,bassit_complete
Al Motanabbi,Aid,8,إِذَا أَرَدْتُ كُمَيْتَ اللَّوْنِ صَافِيَةً,وَجَدْتُهَا وَحَبِيبُ النَّفْسِ مَفْقُودُ,Abbassi: VIIIth - XVIth,bassit_complete,bassit_complete
Al Motanabbi,Aid,9,مَاذَا لَقَيْتُ مِنَ الدُّنْيَا وَأَعْجَبُهُ,أَنِّي بِمَا أَنَا بَاكٍ مِنْهُ مَحْسُودُ,Abbassi: VIIIth - XVIth,bassit_complete,bassit_complete
Al Motanabbi,Aid,10,أَمْسَيْتُ أَرْوَحَ مُثْرٍ خَازِنًا وَيَدًا,أَنَا الغَنِيُّ وَأَمْوَالِي المَوَاعِيدُ,Abbassi: VIIIth - XVIth,bassit_complete,bassit_complete
Al Motanabbi,Aid,11,إِنِّي نَزَلْتُ بِكَذَّابِينَ ضَيْفُهُمُ,عَنِ القِرَى وَعَنِ التِّرْحَالِ مَحْدُودُ,Abbassi: VIIIth - XVIth,bassit_complete,bassit_complete
Al Motanabbi,Aid,12,جُودُ الرِّجَالِ مِنَ الأَيْدِي وَجُودُهُمُ,مِنَ اللِّسَانِ فَلَا كَانُوا وَلَا الجُودُ,Abbassi: VIIIth - XVIth,bassit_complete,bassit_complete
Al Motanabbi,Aid,13,مَا يَقْبِضُ المَوْتُ نَفْسًا مِنْ نُفُوسِهِمُ,إِلَّا وَفِي يَدِهِ مِنْ نَتْنِهَا عُودُ,Abbassi: VIIIth - XVIth,bassit_complete,bassit_complete
Al Motanabbi,Aid,14,مِنْ كُلِّ رِخْوِ وِكَاءِ البَطْنِ مُنْفَتِقٍ,لَا فِي الرِّحَالِ وَلَا النِّسْوَانِ مَعْدُودُ,Abbassi: VIIIth - XVIth,bassit_complete,bassit_complete
Al Motanabbi,Aid,15,أَكُلَّمَا اغْتَالَ عَبْدُ السُّوءِ سَيِّدَهُ,أَوْ خَانَهُ فَلَهُ فِي مِصْرَ تَمْهِيدُ,Abbassi: VIIIth - XVIth,bassit_complete,bassit_complete
Al Motanabbi,Aid,16,صَارَ الخَصِيُّ إِمَامَ الآبِقِينَ بِهَا,فَالحُرُّ مُسْتَعْبَدٌ وَالعَبْدُ مَعْبُودُ,Abbassi: VIIIth - XVIth,bassit_complete,bassit_complete
Al Motanabbi,Aid,17,نَامَتْ نَوَاطِيرُ مِصْرٍ عَنْ ثَعَالِبِهَا,فَقَدْ بَشِمْنَ وَمَا تَفْنَى العَنَاقِيدُ,Abbassi: VIIIth - XVIth,bassit_complete,bassit_complete
Al Motanabbi,Aid,18,العَبْدُ لَيْسَ لِحُرٍّ صَالِحٍ بِأَخٍ,لَوْ أَنَّهُ فِي ثِيَابِ الحُرِّ مَوْلُودُ,Abbassi: VIIIth - XVIth,bassit_complete,bassit_complete
Al Motanabbi,Aid,19,لَا تَشْتَرِ العَبْدَ إِلَّا وَالعَصَا مَعَهُ,إِنَّ العَبِيدَ لَأَنْجَاسٌ مَنَاكِيدُ,Abbassi: VIIIth - XVIth,bassit_complete,bassit_complete
Al Motanabbi,Aid,20,مَا كُنْتُ أَحْسَبُنِي أَحْيَا إِلَى زَمَنٍ,يُسِيءُ بِي فِيهِ كَلْبٌ وَهْوَ مَحْمُودُ,Abbassi: VIIIth - XVIth,bassit_complete,bassit_complete
Al Motanabbi,Aid,21,وَلَا تَوَهَّمْتُ أَنَّ النَّاسَ قَدْ فُقِدُوا,وَأَنَّ مِثْلَ أَبِي البَيْضَاءِ مَوْجُودُ,Abbassi: VIIIth - XVIth,bassit_complete,bassit_complete
Al Motanabbi,Aid,22,وَأَنَّ ذَا الأَسْوَدَ المَثْقُوبَ مِشْفَرُهُ,تُطِيعُهُ ذِي العَضَارِيطُ الرَّعَادِيدُ,Abbassi: VIIIth - XVIth,bassit_complete,bassit_complete
Al Motanabbi,Aid,23,جَوْعَانُ يَأْكُلُ مِنْ زَادِي وَيُمْسِكُنِي,لِكَيْ يُقَالَ عَظِيمُ القَدْرِ مَقْصُودُ,Abbassi: VIIIth - XVIth,bassit_complete,bassit_complete
Al Motanabbi,Aid,24,إِنَّ امْرَءً أَمَةٌ حُبْلَى تُدَبِّرُهُ,لَمُسْتَضَامٌ سَخِينُ العَيْنِ مَفْؤُودُ,Abbassi: VIIIth - XVIth,bassit_complete,bassit_complete
Al Motanabbi,Aid,25,وَيْلُمِّهَا خُطَّةً وَيْلُمِّ قَابِلِهَا,لِمِثْلِهَا خُلِقَ المَهْرِيَّةُ القُودُ,Abbassi: VIIIth - XVIth,bassit_complete,bassit_complete
Al Motanabbi,Aid,26,وَعِنْدَهَا لَذَّ طَعْمَ المَوْتِ شَارِبُهُ,إِنَّ المَنِيَّةَ عِنْدَ الذُّلِّ قِنْدِيدُ,Abbassi: VIIIth - XVIth,bassit_complete,bassit_complete
Al Motanabbi,Aid,27,مَنْ عَلَّمَ الأَسْوَدَ المَخْصِيَّ مَكْرُمَةً,أَقَوْمُهُ البِيضُ أَمْ آبَائُهُ الصِّيدُ,Abbassi: VIIIth - XVIth,bassit_complete,bassit_complete
Al Motanabbi,Aid,28,أَمْ أُذْنُهُ فِي يَدِ النَّخَّاسِ دَامِيَةً,أَمْ قَدْرُهُ وَهْوَ بِالفَلْسَيْنِ مَرْدُودُ,Abbassi: VIIIth - XVIth,bassit_complete,bassit_complete
Al Motanabbi,Aid,29,أَوْلَى اللِّئَامِ كُوَيْفَيْرٌ بِمَعْذِرَةٍ,فِي كُلِّ لُؤْمٍ وَبَعْضُ العُذْرِ تَفْنِيدُ,Abbassi: VIIIth - XVIth,bassit_complete,bassit_complete
Al Motanabbi,Aid,30,وَذَاكَ أَنَّ الفُحُولَ البِيضَ عَاجِزَةٌ,عَنِ الجَمِيلِ فَكَيْفَ الخِصْيَةُ السُّودُ,Abbassi: VIIIth - XVIth,bassit_complete,bassit_complete
Al Motanabbi,Lahawa Alnofouss,1,لَهَوَى النُّفُوسِ سَرِيرَةٌ لَا تُعْلَمُ,عَرَضًا نَظَرْتُ وَخِلْتُ أَنِّيَ أَسْلَمُ,Abbassi: VIIIth - XVIth,kamil_complete,kamil_complete
Al Motanabbi,Lahawa Alnofouss,2,يَا أُخْتَ مُعْتَنِقِ الفَوَارِسِ فِي الوَغَى,لَأَخُوكِ ثَمَّ أَرَقُّ مِنْكِ وَأَرْحَمُ,Abbassi: VIIIth - XVIth,kamil_complete,kamil_complete
Al Motanabbi,Lahawa Alnofouss,3,يَرْنُو إِلَيْكِ مَعَ العَفَافِ وَعِنْدَهُ,أَنَّ المَجُوسَ تُصِيبُ فِيمَا تَحْكُمُ,Abbassi: VIIIth - XVIth,kamil_complete,kamil_complete
Al Motanabbi,Lahawa Alnofouss,4,رَاعَتْكِ رَائِعَةُ البَيَاضِ بِعَارِضِي,وَلَوِ انَّهَا الأُولَى لَرَاعَ الأَسْحَمُ,Abbassi: VIIIth - XVIth,kamil_complete,kamil_complete
Al Motanabbi,Lahawa Alnofouss,5,لَوْ كَانَ يُمْكِنُنِي سَفَرْتُ عَنِ الصِّبَا,فَالشَّيْبُ مِنْ قَبْلِ الأَوَانِ تَلَثُّمُ,Abbassi: VIIIth - XVIth,kamil_complete,kamil_complete
Al Motanabbi,Lahawa Alnofouss,6,وَلَقَدْ رَأَيْتُ الحَادِثَاتِ فَلَا أَرَى,يَقَقًا يُمِيتُ وَلَا سَوَادًا يَعْصِمُ,Abbassi: VIIIth - XVIth,kamil_complete,kamil_complete
Al Motanabbi,Lahawa Alnofouss,7,وَالهَمُّ يَخْتَرِمُ الجَسِيمَ نَحَافَةً,وَيُشِيبُ نَاصِيَةَ الصَّبِيِّ وَيُهْرِمُ,Abbassi: VIIIth - XVIth,kamil_complete,kamil_complete
Al Motanabbi,Lahawa Alnofouss,8,ذُو العَقْلِ يَشْقَى فِي النَّعِيمِ بِعَقْلِهِ,وَأَخُو الجَهَالَةِ فِي الشَّقَاوَةِ يَنْعَمِ,Abbassi: VIIIth - XVIth,kamil_complete,kamil_complete
Al Motanabbi,Lahawa Alnofouss,9,وَالنَّاسُ قَدْ نَبَذُوا الحِفَاظَ فَمُطْلَقٌ,يَنْسَى الَّذِي يُولَى وَعَافٍ يَنْدَمُ,Abbassi: VIIIth - XVIth,kamil_complete,kamil_complete
Al Motanabbi,Lahawa Alnofouss,10,لَا يَخْدَعَنَّكَ مِنْ عَدُوٍّ دَمْعُهُ,وَارْحَمْ شَبَابَكَ مِنْ عَدُوٍّ تَرْحَمُ,Abbassi: VIIIth - XVIth,kamil_complete,kamil_complete
Al Motanabbi,Lahawa Alnofouss,11,لَا يَسْلَمُ الشَّرَفُ الرَّفِيعُ مِنَ الأَذَى,حَتَّى يُرَاقَ عَلَى جَوَانِبِهِ الدَّمُ,Abbassi: VIIIth - XVIth,kamil_complete,kamil_complete
Al Motanabbi,Lahawa Alnofouss,12,يُؤْذِي القَلِيلُ مِنَ اللِّئَامِ بِطَبْعِهِ,مَنْ لَا يَقِلُّ كَمَا يَقِلُّ وَيَلْؤُمُ,Abbassi: VIIIth - XVIth,kamil_complete,kamil_complete
Al Motanabbi,Lahawa Alnofouss,13,الظُّلْمُ مِنْ شِيَمِ النُّفُوسِ فَإِنْ تَجِدْ,ذَا عِفَّةٍ فَلِعِلَّةٍ لَا يَظْلِمُ,Abbassi: VIIIth - XVIth,kamil_complete,kamil_complete
Al Motanabbi,Lahawa Alnofouss,14,يَحْمِي ابْنَ كَيْغَلَغَ الطَّرِيقَ وَعِرْسُهُ,مَا بَيْنَ رِجْلَيْهَا الطَّرِيقُ الأَعْظَمُ,Abbassi: VIIIth - XVIth,kamil_complete,kamil_complete
Al Motanabbi,Lahawa Alnofouss,15,أَقِمِ المَسَالِحَ فَوْقَ شُفْرِ سُكَيْنَةٍ,إِنَّ المَنِيَّ بِحَلْقَتَيْهَا خِضْرِمُ,Abbassi: VIIIth - XVIth,kamil_complete,kamil_complete
Al Motanabbi,Lahawa Alnofouss,16,وَارْفُقْ بِنَفْسِكَ إِنَّ خَلْقَكَ نَاقِصٌ,وَاسْتُرْ أَبَاكَ فَإِنَّ أَصْلَكَ مُظْلِمُ,Abbassi: VIIIth - XVIth,kamil_complete,kamil_complete
Al Motanabbi,Lahawa Alnofouss,17,وَغِنَاكَ مَسْأَلَةٌ وَطَيْشُكَ نَفْخَةٌ,وَرِضَاكَ فَيْشَلَةٌ وَرَبُّكَ دِرْهَمُ,Abbassi: VIIIth - XVIth,kamil_complete,kamil_complete
Al Motanabbi,Lahawa Alnofouss,18,وَاحْذَرْ مُنَاوَاةَ الرِّجَالِ فَإِنَّمَا,تَقْوَى عَلَى كَمَرِ العَبِيدِ وَتُقْدِمُ,Abbassi: VIIIth - XVIth,kamil_complete,kamil_complete
Al Motanabbi,Lahawa Alnofouss,19,وَمِنَ البَلِيَّةِ عَذْلُ مَنْ لَا يَرْعَوِي,عَنْ غَيِّهِ وَخِطَابُ مَنْ لَا يَفْهَمُ,Abbassi: VIIIth - XVIth,kamil_complete,kamil_complete
Al Motanabbi,Lahawa Alnofouss,20,يَمْشِي بِأَرْبَعَةٍ عَلَى أَعْقَابِهِ,تَحْتَ العُلُوجِ وَمِنْ وَرَاءٍ يُلْجَمُ,Abbassi: VIIIth - XVIth,kamil_complete,kamil_complete
Al Motanabbi,Lahawa Alnofouss,21,وَجُفُونُهُ مَا تَسْتَقِرُّ كَأَنَّهَا,مَطْرُوفَةٌ أَوْ فُتَّ فِيهَا حِصْرِمُ,Abbassi: VIIIth - XVIth,kamil_complete,kamil_complete
Al Motanabbi,Lahawa Alnofouss,22,وَإِذَا أَشَارَ مُحَدِّثًا فَكَأَنَّهُ,قِرْدٌ يُقَهْقِهُ أَوْ عَجُوزٌ تَلْطِمُ,Abbassi: VIIIth - XVIth,kamil_complete,kamil_complete
Al Motanabbi,Lahawa Alnofouss,23,يَقْلِي مُفَارَقَةَ الأَكُفِّ قَذَالُهُ,حَتَّى يَكَادَ عَلَى يَدٍ يَتَعَمَّمُ,Abbassi: VIIIth - XVIth,kamil_complete,kamil_complete
Al Motanabbi,Lahawa Alnofouss,24,وَتَرَاهُ أَصْغَرَ مَا تَرَاهُ نَاطِقًا,وَيَكُونُ أَكْذَبَ مَا يَكُونُ وَيُقْسِمُ,Abbassi: VIIIth - XVIth,kamil_complete,kamil_complete
Al Motanabbi,Lahawa Alnofouss,25,وَالذُّلُّ يُظْهِرُ فِي الذَّلِيلِ مَوَدَّةً,وَأَوَدُّ مِنْهُ لِمَنْ يَوَدُّ الأَرْقَمُ,Abbassi: VIIIth - XVIth,kamil_complete,kamil_complete
Al Motanabbi,Lahawa Alnofouss,26,وَمِنَ العَدَاوَةِ مَا يَنَالُكَ نَفْعُهُ,وَمِنَ الصَّدَاقَةِ مَا يَضُرُّ وَيُؤْلِمُ,Abbassi: VIIIth - XVIth,kamil_complete,kamil_complete
Al Motanabbi,Lahawa Alnofouss,27,أَرْسَلْتَ تَسْأَلُنِي المَدِيحَ سَفَاهَةً,صَفْرَاءُ أَضْيَقُ مِنْكَ مَاذَا أَزْعُمُ,Abbassi: VIIIth - XVIth,kamil_complete,kamil_complete
Al Motanabbi,Lahawa Alnofouss,28,أَتُرَى القِيَادَةَ فِي سِوَاكَ تَكَسُّبًا,يَا ابْنَ الأُعَيِّرِ وَهْيَ فِيكَ تَكَرُّمُ,Abbassi: VIIIth - XVIth,kamil_complete,kamil_complete
Al Motanabbi,Lahawa Alnofouss,29,فَلَشَدَّ مَا جَاوَزْتَ قَدْرَكَ صَاعِدًا,وَلَشَدَّ مَا قَرُبَتْ عَلَيْكَ الأَنْجُمُ,Abbassi: VIIIth - XVIth,kamil_complete,kamil_complete
Al Motanabbi,Lahawa Alnofouss,30,وَأَرَغْتَ مَا لِأَبِي العَشَائِرِ خَالِصًا,إِنَّ الثَّنَاءَ لِمَنْ يُزَارَ فَيُنْعِمُ,Abbassi: VIIIth - XVIth,kamil_complete,kamil_complete
Al Motanabbi,Lahawa Alnofouss,31,وَلِمَنْ أَقَمْتَ عَلَى الهَوَانِ بِبَابِهِ,تَدْنُو فَيُوجَأُ أَخْدَعَاكَ وَتُنْهَمُ,Abbassi: VIIIth - XVIth,kamil_complete,kamil_complete
Al Motanabbi,Lahawa Alnofouss,32,وَلِمَنْ يُهِينُ المَالَ وَهْوَ مُكَرَّمٌ,وَلِمَنْ يَجُرُّ الجَيْشَ وَهْوَ عَرَمْرَمُ,Abbassi: VIIIth - XVIth,kamil_complete,kamil_complete
Al Motanabbi,Lahawa Alnofouss,33,وَلِمَنْ إِذَا الْتَقَتِ الكُمَاةُ بِمَازِقٍ,فَنَصِيبُهُ مِنْهَا الكَمِيُّ المُعْلَمُ,Abbassi: VIIIth - XVIth,kamil_complete,kamil_complete
Al Motanabbi,Lahawa Alnofouss,34,وَلَرُبَّمَا أَطَرَ القَنَاةَ بِفَارِسٍ,وَثَنَى فَقَوَّمَهَا بِآخَرَ مِنْهُمُ,Abbassi: VIIIth - XVIth,kamil_complete,kamil_complete
Al Motanabbi,Lahawa Alnofouss,35,وَالوَجْهُ أَزْهَرُ وَالفُؤَادُ مُشَيَّعٌ,وَالرُّمْحُ أَسْمَرُ وَالحُسَامُ مَصَمِّمُ,Abbassi: VIIIth - XVIth,kamil_complete,kamil_complete
Al Motanabbi,Lahawa Alnofouss,36,أَفْعَالُ مَنْ تَلِدُ الكِرَامُ كَرِيمَةٌ,وَفَعَالُ مَنْ تَلِدُ الأَعَاجِمُ أَعْجَمُ,Abbassi: VIIIth - XVIth,kamil_complete,kamil_complete
Al Motanabbi,Maa Lilmorouji Al khodri,1,مَا لِلْمُرُوجِ الخُضْرِ وَالحَدَائِقِ,,Abbassi: VIIIth - XVIth,rajaz_machtour,rajaz_machtour
Al Motanabbi,Maa Lilmorouji Al khodri,2,يَشْكُو خَلَاهَا كَثْرَةَ العَوَائِقِ,,Abbassi: VIIIth - XVIth,rajaz_machtour,rajaz_machtour
Al Motanabbi,Maa Lilmorouji Al khodri,3,أَقَامَ فِيهَا الثَّلْجُ كَالمُرَافِقِ,,Abbassi: VIIIth - XVIth,rajaz_machtour,rajaz_machtour
Al Motanabbi,Maa Lilmorouji Al khodri,4,يَعْقِدُ فَوْقَ السِّنِّ رِيقَ البَاصِقِ,,Abbassi: VIIIth - XVIth,rajaz_machtour,rajaz_machtour
Al Motanabbi,Maa Lilmorouji Al khodri,5,ثُمَّ مَضَى لَا عَادَ مِنْ مُفَارِقِ,,Abbassi: VIIIth - XVIth,rajaz_machtour,rajaz_machtour
Al Motanabbi,Maa Lilmorouji Al khodri,6,بِقَائِدٍ مِنْ ذَوْبِهِ وَسَائِقِ,,Abbassi: VIIIth - XVIth,rajaz_machtour,rajaz_machtour
Al Motanabbi,Maa Lilmorouji Al khodri,7,كَأَنَّمَا الطُّخْرُورُ بَاغِي آبِقِ,,Abbassi: VIIIth - XVIth,rajaz_machtour,rajaz_machtour
Al Motanabbi,Maa Lilmorouji Al khodri,8,يَأْكُلُ مِنْ نَبْتٍ قَصِيرِ لَاصِقِ,,Abbassi: VIIIth - XVIth,rajaz_machtour,rajaz_machtour
Al Motanabbi,Maa Lilmorouji Al khodri,9,كَقَشْرِكَ الحِبْرَ عَنِ المَهَارِقِ,,Abbassi: VIIIth - XVIth,rajaz_machtour,rajaz_machtour
Al Motanabbi,Maa Lilmorouji Al khodri,10,أَرُودُهُ مِنْهُ بِكَلْشَوْذَانِقِ,,Abbassi: VIIIth - XVIth,rajaz_machtour,rajaz_machtour
Al Motanabbi,Maa Lilmorouji Al khodri,11,بِمُطْلِقِ اليُمْنَى طَوِيلِ الفَائِقِ,,Abbassi: VIIIth - XVIth,rajaz_machtour,rajaz_machtour
Al Motanabbi,Maa Lilmorouji Al khodri,12,عَبْلِ الشَّوَى مُقَارِبِ المَرَافِقِ,,Abbassi: VIIIth - XVIth,rajaz_machtour,rajaz_machtour
Al Motanabbi,Maa Lilmorouji Al khodri,13,رَحْبِ اللَّبَانِ نَائِهِ الطَّرَائِقِ,,Abbassi: VIIIth - XVIth,rajaz_machtour,rajaz_machtour
Al Motanabbi,Maa Lilmorouji Al khodri,14,ذِي مَنْخِرٍ رَحْبٍ وَإِطْلٍ لَاحِقِ,,Abbassi: VIIIth - XVIth,rajaz_machtour,rajaz_machtour
Al Motanabbi,Maa Lilmorouji Al khodri,15,مُحَجَّلٍ نَهْدٍ كُمَيْتٍ زَاهِقِ,,Abbassi: VIIIth - XVIth,rajaz_machtour,rajaz_machtour
Al Motanabbi,Maa Lilmorouji Al khodri,16,شَادِخَةً غُرَّتُهُ كَالشَّارِقِ,,Abbassi: VIIIth - XVIth,rajaz_machtour,rajaz_machtour
Al Motanabbi,Maa Lilmorouji Al khodri,17,كَأَنَّهَا مِنْ لَوْنِهِ فِي بَارِقِ,,Abbassi: VIIIth - XVIth,rajaz_machtour,rajaz_machtour
Al Motanabbi,Maa Lilmorouji Al khodri,18,بَاقٍ عَلَى البَوْغَاءِ وَالشَّقَائِقِ,,Abbassi: VIIIth - XVIth,rajaz_machtour,rajaz_machtour
Al Motanabbi,Maa Lilmorouji Al khodri,19,وَالأَبْرَدَيْنِ وَالهَجِيرِ المَاحِقِ,,Abbassi: VIIIth - XVIth,rajaz_machtour,rajaz_machtour
Al Motanabbi,Maa Lilmorouji Al khodri,20,لِلْفَارِسِ الرَّاكِضِ مِنْهُ الوَاثِقِ,,Abbassi: VIIIth - XVIth,rajaz_machtour,rajaz_machtour
Al Motanabbi,Maa Lilmorouji Al khodri,21,خَوْفُ الجَبَانِ فِي فُؤَادِ العَاشِقِ,,Abbassi: VIIIth - XVIth,rajaz_machtour,rajaz_machtour
Al Motanabbi,Maa Lilmorouji Al khodri,22,كَأَنَّهُ فِي رَيْدِ طَوْدٍ شَاهِقِ,,Abbassi: VIIIth - XVIth,rajaz_machtour,rajaz_machtour
Al Motanabbi,Maa Lilmorouji Al khodri,23,يَشْأَى إِلَى المِسْمَعِ صَوْتَ النَّاطِقِ,,Abbassi: VIIIth - XVIth,rajaz_machtour,rajaz_machtour
Al Motanabbi,Maa Lilmorouji Al khodri,24,لَوْ سَابَقَ الشَّمْسَ مِنَ المَشَارِقِ,,Abbassi: VIIIth - XVIth,rajaz_machtour,rajaz_machtour
Al Motanabbi,Maa Lilmorouji Al khodri,25,جَاءَ إِلَى الغَرْبِ مَجِيءَ السَّابِقِ,,Abbassi: VIIIth - XVIth,rajaz_machtour,rajaz_machtour
Al Motanabbi,Maa Lilmorouji Al khodri,26,يَتْرُكُ فِي حِجَارَةِ الأَبَارِقِ,,Abbassi: VIIIth - XVIth,rajaz_machtour,rajaz_machtour
Al Motanabbi,Maa Lilmorouji Al khodri,27,آثَارَ قَلْعِ الحَلْيِ فِي المَنَاطِقِ,,Abbassi: VIIIth - XVIth,rajaz_machtour,rajaz_machtour
Al Motanabbi,Maa Lilmorouji Al khodri,28,مَشْيًا وَإِنْ يَعْدُ فَكَالخَنَادِقِ,,Abbassi: VIIIth - XVIth,rajaz_machtour,rajaz_machtour
Al Motanabbi,Maa Lilmorouji Al khodri,29,لَوْ أَوْرِدَتْ غِبَّ سَحَابٍ صَادِقِ,,Abbassi: VIIIth - XVIth,rajaz_machtour,rajaz_machtour
Al Motanabbi,Maa Lilmorouji Al khodri,30,لَأَحْسَبَتْ خَوَامِسَ الأَيَانِقِ,,Abbassi: VIIIth - XVIth,rajaz_machtour,rajaz_machtour
Al Motanabbi,Maa Lilmorouji Al khodri,31,إِذَا اللِّجَامُ جَاءَهُ لِطَارِقِ,,Abbassi: VIIIth - XVIth,rajaz_machtour,rajaz_machtour
Al Motanabbi,Maa Lilmorouji Al khodri,32,شَحَا لَهُ شَحْوَ الغُرَابِ النَّاغِقِ,,Abbassi: VIIIth - XVIth,rajaz_machtour,rajaz_machtour
Al Motanabbi,Maa Lilmorouji Al khodri,33,كَأَنَّمَا الجُلْدُ لِعُرْيِ النَّاهِقِ,,Abbassi: VIIIth - XVIth,rajaz_machtour,rajaz_machtour
Al Motanabbi,Maa Lilmorouji Al khodri,34,مُنْحَدِرٌ عَنْ سِيَتَيْ جُلَاهِقِ,,Abbassi: VIIIth - XVIth,rajaz_machtour,rajaz_machtour
Al Motanabbi,Maa Lilmorouji Al khodri,35,بَزَّ المَذَاكِي وَهْوَ فِي العَقَائِقِ,,Abbassi: VIIIth - XVIth,rajaz_machtour,rajaz_machtour
Al Motanabbi,Maa Lilmorouji Al khodri,36,وَزَادَ فِي السَّاقِ عَلَى النَّقَانِقِ,,Abbassi: VIIIth - XVIth,rajaz_machtour,rajaz_machtour
Al Motanabbi,Maa Lilmorouji Al khodri,37,وَزَادَ فِي الوَقْعِ عَلَى الصَّوَاعِقِ,,Abbassi: VIIIth - XVIth,rajaz_machtour,rajaz_machtour
Al Motanabbi,Maa Lilmorouji Al khodri,38,وَزَادَ فِي الأُذْنِ عَلَى الخَرَانِقِ,,Abbassi: VIIIth - XVIth,rajaz_machtour,rajaz_machtour
Al Motanabbi,Maa Lilmorouji Al khodri,39,وَزَادَ فِي الحِذْرِ عَلَى العَقَاعِقِ,,Abbassi: VIIIth - XVIth,rajaz_machtour,rajaz_machtour
Al Motanabbi,Maa Lilmorouji Al khodri,40,يُمَيِّزُ الهَزْلَ مِنَ الحَقَائِقِ,,Abbassi: VIIIth - XVIth,rajaz_machtour,rajaz_machtour
Al Motanabbi,Maa Lilmorouji Al khodri,41,وَيُنْذِرُ الرَّكْبَ بِكُلِّ سَارِقٍ,,Abbassi: VIIIth - XVIth,rajaz_machtour,rajaz_machtour
Al Motanabbi,Maa Lilmorouji Al khodri,42,يُرِيكَ خُرْقًا وَهْوَ عَيْنُ الحَاذِقِ,,Abbassi: VIIIth - XVIth,rajaz_machtour,rajaz_machtour
Al Motanabbi,Maa Lilmorouji Al khodri,43,يَحُكُّ أَنَّى شَاءَ حَكَّ البَاشِقِ,,Abbassi: VIIIth - XVIth,rajaz_machtour,rajaz_machtour
Al Motanabbi,Maa Lilmorouji Al khodri,44,قُوبِلَ مِنْ آفِقَةٍ وَآفِقِ,,Abbassi: VIIIth - XVIth,rajaz_machtour,rajaz_machtour
Al Motanabbi,Maa Lilmorouji Al khodri,45,بَيْنَ عِتَاقِ الخَيْلِ وَالعَتَائِقِ,,Abbassi: VIIIth - XVIth,rajaz_machtour,rajaz_machtour
Al Motanabbi,Maa Lilmorouji Al khodri,46,فَعُنْقُهُ يُرْبِي عَلَى البَوَاسِقِ,,Abbassi: VIIIth - XVIth,rajaz_machtour,rajaz_machtour
Al Motanabbi,Maa Lilmorouji Al khodri,47,وَحَلْقُهُ يُمْكِنُ فِتْرَ الخَانِقِ,,Abbassi: VIIIth - XVIth,rajaz_machtour,rajaz_machtour
Al Motanabbi,Maa Lilmorouji Al khodri,48,أُعِدُّهُ لِلطَّعْنِ فِي الفَيَالِقِ,,Abbassi: VIIIth - XVIth,rajaz_machtour,rajaz_machtour
Al Motanabbi,Maa Lilmorouji Al khodri,49,وَالضَّرْبِ فِي الأَوْجُهِ وَالمَفَارِقِ,,Abbassi: VIIIth - XVIth,rajaz_machtour,rajaz_machtour
Al Motanabbi,Maa Lilmorouji Al khodri,50,وَالسَّيْرِ فِي ظِلِّ اللِّوَاءِ الخَافِقِ,,Abbassi: VIIIth - XVIth,rajaz_machtour,rajaz_machtour
Al Motanabbi,Maa Lilmorouji Al khodri,51,يَحْمِلُنِي وَالنَّصْلُ ذُو السَّفَاسِقِ,,Abbassi: VIIIth - XVIth,rajaz_machtour,rajaz_machtour
Al Motanabbi,Maa Lilmorouji Al khodri,52,يَقْطُرُ فِي كُمِّي عَلَى البَنَائِقِ,,Abbassi: VIIIth - XVIth,rajaz_machtour,rajaz_machtour
Al Motanabbi,Maa Lilmorouji Al khodri,53,لَا أَلْحَظُ الدُّنْيَا بِعَيْنِي وَامِقِ,,Abbassi: VIIIth - XVIth,rajaz_machtour,rajaz_machtour
Al Motanabbi,Maa Lilmorouji Al khodri,54,وَلَا أُبَالِي قِلَّةَ المُرَافِقِ,,Abbassi: VIIIth - XVIth,rajaz_machtour,rajaz_machtour
Al Motanabbi,Maa Lilmorouji Al khodri,55,أَيْ كَبْتَ كُلِّ حَاسِدٍ مُنَافِقِ,,Abbassi: VIIIth - XVIth,rajaz_machtour,rajaz_machtour
Al Motanabbi,Maa Lilmorouji Al khodri,56,أَنْتَ لَنَا وَكُلُّنَا لِلْخَالِقِ,,Abbassi: VIIIth - XVIth,rajaz_machtour,rajaz_machtour
Al Motanabbi,Wa chaamikin mina al jibaali,1,وَشَامِخٍ مِنَ الجِبَالِ أَقْوَدِ,فَرْدٍ كَيَافُوخِ البَعِيرِ الأَصْيَدِ,Abbassi: VIIIth - XVIth,rajaz_complete,rajaz_complete
Al Motanabbi,Wa chaamikin mina al jibaali,2,يُسَارُ مِنْ مَضْيِقِهِ وَالجَلْمَدِ,فِي مِثْلِ مَتْنِ المَسَدِ المُعَقَّدِ,Abbassi: VIIIth - XVIth,rajaz_complete,rajaz_complete
Al Motanabbi,Wa chaamikin mina al jibaali,3,زُرْنَاهُ لِلْأَمْرِ الَّذِي لَمْ يُعْهَدِ,لِلصَّيْدِ وَالنُّزْهَةِ وَالتَمَرُّدِ,Abbassi: VIIIth - XVIth,rajaz_complete,rajaz_complete
Al Motanabbi,Wa chaamikin mina al jibaali,4,بِكُلِّ مَسْقِيِّ الدِّمَاءِ أَسْوَدِ,مُعَاوِدٍ مُقَوَّدٍ مُقَلَّدِ,Abbassi: VIIIth - XVIth,rajaz_complete,rajaz_complete
Al Motanabbi,Wa chaamikin mina al jibaali,5,بِكُلِّ نَابٍ ذَرِبٍ مُحَدَّدِ,عَلَى حِفَافَيْ حَنَكٍ كَالمِبْرَدِ,Abbassi: VIIIth - XVIth,rajaz_complete,rajaz_complete
Al Motanabbi,Wa chaamikin mina al jibaali,6,كَطَالِبِ الثَّأْرِ وَإِنْ لَمْ يَحْقِدِ,يَقْتُلُ مَا يَقْتُلُهُ وَلَا يَدِي,Abbassi: VIIIth - XVIth,rajaz_complete,rajaz_complete
Al Motanabbi,Wa chaamikin mina al jibaali,7,يَنْشُدُ مِنْ ذَا الخِشْفِ مَا لَمْ يَفْقِدِ,فَثَارَ مِنْ أَخْضَرَ مَمْطُورٍ نَدِي,Abbassi: VIIIth - XVIth,rajaz_complete,rajaz_complete
Al Motanabbi,Wa chaamikin mina al jibaali,8,كَأَنَّهُ بَدْءُ عِذَارِ الأَمْرَدِ,فَلَمْ يَكَدْ إِلَّا لِحَتْفٍ يَهْتَدِي,Abbassi: VIIIth - XVIth,rajaz_complete,rajaz_complete
Al Motanabbi,Wa chaamikin mina al jibaali,9,وَلَمْ يَقَعْ إِلَّا عَلَى بَطْنِ يَدِ,وَلَمْ يَدَعْ لِلشَّاعِرِ المُجَوِّدِ,Abbassi: VIIIth - XVIth,rajaz_complete,rajaz_complete
Al Motanabbi,Wa chaamikin mina al jibaali,10,وَصْفًا لَهُ عِنْدَ الأَمِيرِ الأَمْجَدِيْ,المَلِكِ القَرْمِ أَبِي مُحَمَّدِ,Abbassi: VIIIth - XVIth,rajaz_complete,rajaz_complete
Al Motanabbi,Wa chaamikin mina al jibaali,11,القَانِصِ الأَبْطَالَ بِالمُهَنَّدِ,ذِي النِّعَمِ الغُرِّ البَوَادِي العُوَّدِ,Abbassi: VIIIth - XVIth,rajaz_complete,rajaz_complete
Al Motanabbi,Wa chaamikin mina al jibaali,12,إِذَا أَرَدْتُ عَدَّهَا لَمْ تُعْدَدِ,وَإِنْ ذَكَرْتُ فَضْلَهُ لَمْ يَنْفَدِ,Abbassi: VIIIth - XVIth,rajaz_complete,rajaz_complete
Al Naabigha Al Dobiaani,Moallaqa,1,يَا دَارَ مَيَّةَ بِالعَلْيَاءِ فَالسَّنَدِ,أَقْوَتْ وَطَالَ عَلَيْهَا سَالِفُ الأَبَدِ,Before Islam: VIth century,bassit_complete,bassit_complete
Al Naabigha Al Dobiaani,Moallaqa,2,وَقَفْتُ فِيهَا أَصِيلًا كَيْ أُسَائِلَهَا,عَيَّتْ جَوَابًا وَمَا بِالرَّبْعِ مِنْ أَحَدِ,Before Islam: VIth century,bassit_complete,bassit_complete
Al Naabigha Al Dobiaani,Moallaqa,3,أَلَّا أَوَارِيَّ لأِْيًا مَا أُبَيِّنُهَا,وَالنُّؤْيَ كَالحَوْضِ بِالمَظلُومَةِ الجَلَدِ,Before Islam: VIth century,bassit_complete,bassit_complete
Al Naabigha Al Dobiaani,Moallaqa,4,رَدَّتْ عَلَيْهِ أَقَاصِيهِ وَلَبَّدَهُ,ضَرْبُ الوَلِيدَةِ بِالمِسْحَاةِ فِي الثَّأَدِ,Before Islam: VIth century,bassit_complete,bassit_complete
Al Naabigha Al Dobiaani,Moallaqa,5,خَلَّتْ سَبِيلَ أَتِيٍّ كَانَ يَحْبِسُهُ,وَرَفَّعَتْهُ إِلَى السِّجْفَيْنِ فَالنَّضَدِ,Before Islam: VIth century,bassit_complete,bassit_complete
Al Naabigha Al Dobiaani,Moallaqa,6,أَضْحَتْ خَلَاءً وَأَضْحَى أَهْلُهَا احْتَمَلُوا,أَخْنَى عَلَيْهَا الَّذِي أَخْنَى عَلَى لُبَدِ,Before Islam: VIth century,bassit_complete,bassit_complete
Al Naabigha Al Dobiaani,Moallaqa,7,فَعَدِّ عَمَّا تَرَى إِذْ لَا ارْتِجَاعَ لَهُ,وَانْمِ القُتُودَ عَلَى عَيْرَانَةٍ أُجُدِ,Before Islam: VIth century,bassit_complete,bassit_complete
Al Naabigha Al Dobiaani,Moallaqa,8,مَقْذُوفَةٍ بِدَخِيسِ النَّحْضِ بَازِلُهَا,لَهُ صَرِيفٌ صَرِيفَ القَعْوِ بِالمَسَدِ,Before Islam: VIth century,bassit_complete,bassit_complete
Al Naabigha Al Dobiaani,Moallaqa,9,كَأَنَّ رَحْلِي وَقَدْ زَالَ النَّهَارُ بِنَا,بِذِي الجَلِيلِ عَلَى مُسْتَأْنِسٍ وَحَدِ,Before Islam: VIth century,bassit_complete,bassit_complete
Al Naabigha Al Dobiaani,Moallaqa,10,مِنْ وَحْشِ وَجْرَةَ مَوْشِيٍّ أَكَارِعُهُ,طَاوِي المَصِيرِ كَسَيْفِ الصَّيْقَلِ الفَرَدِ,Before Islam: VIth century,bassit_complete,bassit_complete
Al Naabigha Al Dobiaani,Moallaqa,11,سَرَتْ عَلَيْهِ مِنَ الجَوْزَاءِ سَارِيَةٌ,تُزْجَي الشَّمَالُ عَلَيْهِ جَامِدَ البَرَدِ,Before Islam: VIth century,bassit_complete,bassit_complete
Al Naabigha Al Dobiaani,Moallaqa,12,فَارْتَاعَ مِنْ صَوْتِ كَلَّابٍ فَبَاتَ لَهُ,طَوْعُ الشَّوَامِتِ مِنْ خَوْفٍ وَمِنْ صَرَدِ,Before Islam: VIth century,bassit_complete,bassit_complete
Al Naabigha Al Dobiaani,Moallaqa,13,فَبَثَّهُنَّ عَلَيْهِ وَاسْتَمَرَّ بِهِ,صُمْعُ الكُعُوبِ بَرِيئَاتٌ مِنَ الحَرَدِ,Before Islam: VIth century,bassit_complete,bassit_complete
Al Naabigha Al Dobiaani,Moallaqa,14,فَهَابَ ضُمْرَانُ مِنْهُ حَيْثُ يُوزِعُهُ,طَعْنُ المُعَارِكِ عِنْدَ المُجْحَرِ النَّجُدِ,Before Islam: VIth century,bassit_complete,bassit_complete
Al Naabigha Al Dobiaani,Moallaqa,15,شَكَّ الفَرِيصَةَ بِالمِدْرَى فَأَنْفَذَهَا,شَكَّ المُبَيْطِرِ إِذْ يَشْفِي مِنَ العَضَدِ,Before Islam: VIth century,bassit_complete,bassit_complete
Al Naabigha Al Dobiaani,Moallaqa,16,كَأَنَّهُ خَارِجًا مِنْ جَنْبِ صَفْحَتِهِ,سَفُّودُ شَرْبٍ نَسَوْهُ عِنْدَ مُفْتَأَدِ,Before Islam: VIth century,bassit_complete,bassit_complete
Al Naabigha Al Dobiaani,Moallaqa,17,فَظَلَّ يَعْجُمُ أَعْلَى الرَّوْقِ مُنْقَبِضًا,فِي حَالِكِ اللَّوْنِ صَدْقٍ غَيْرِ ذِي أَوَدِ,Before Islam: VIth century,bassit_complete,bassit_complete
Al Naabigha Al Dobiaani,Moallaqa,18,لَمَّا رَأَى وَاشِقٌ إِقْعَاصَ صَاحِبِهِ,وَلَا سَبِيلَ إِلَى عَقْلٍ وَلَا قَوَدِ,Before Islam: VIth century,bassit_complete,bassit_complete
Al Naabigha Al Dobiaani,Moallaqa,19,قَالَتْ لَهُ النَّفْسُ أَنِّي لَا أَرَى طَمَعًا,وَإِنَّ مَوْلَاكَ لَمْ يَسْلَمْ ولَمْ يَصِدِ,Before Islam: VIth century,bassit_complete,bassit_complete
Al Naabigha Al Dobiaani,Moallaqa,20,فَتِلْكَ تُبْلِغُنِي النُّعْمَانَ إِنَّ لَهُ,فَضْلًا عَلَى النَّاسِ فِي الأَدْنَى وَفِي البَعَدِ,Before Islam: VIth century,bassit_complete,bassit_complete
Al Naabigha Al Dobiaani,Moallaqa,21,وَلَا أَرَى فَاعِلًا فِي النَّاسِ يُشْبِهُهُ,وَمَا أُحَاشِي مِنَ الأَقْوَامِ مِنْ أَحَدِ,Before Islam: VIth century,bassit_complete,bassit_complete
Al Naabigha Al Dobiaani,Moallaqa,22,إِلَّا سُلَيْمَانَ إِذْ قالَ الإِلَاهُ لَهُ,قُمْ فِي البَرِيَّةِ فَاحْدُدْهَا عَنِ الفَنَدِ,Before Islam: VIth century,bassit_complete,bassit_complete
Al Naabigha Al Dobiaani,Moallaqa,23,وَخَيِّسِ الجِنَّ إِنِّي قَدْ أَذِنْتُ لَهُمْ,يَبْنُونَ تَدْمُرَ بِالصُّفَّاحِ وَالعُمُدِ,Before Islam: VIth century,bassit_complete,bassit_complete
Al Naabigha Al Dobiaani,Moallaqa,24,فَمَنْ أَطَاعَ فَعَاقِبْهُ بِطَاعَتِهِ,كَمَا أَطَاعَكَ وَادْلُلْهُ عَلَى الرَّشَدِ,Before Islam: VIth century,bassit_complete,bassit_complete
Al Naabigha Al Dobiaani,Moallaqa,25,وَمَنْ عَصَاكَ فَعَاقِبْهُ مُعَاقَبَةً,تَنْهَى الظَّلُومَ وَلَا تَقْعُدْ عَلَى ضَمَدِ,Before Islam: VIth century,bassit_complete,bassit_complete
Al Naabigha Al Dobiaani,Moallaqa,26,إِلَّا لِمِثْلِكَ أَوْ مَنْ أَنْتَ سَابِقُهُ,سَبْقَ الجَوَادِ إِذَا اسْتَوْلَى عَلَى الأَمَدِ,Before Islam: VIth century,bassit_complete,bassit_complete
Al Naabigha Al Dobiaani,Moallaqa,27,وَاحْكُمْ كَحُكْمِ فَتَاةِ الحَيِّ إِذْ نَظَرَتْ,إِلَى حَمَامٍ سِرَاعٍ وَارِدِ الثَّمَدِ,Before Islam: VIth century,bassit_complete,bassit_complete
Al Naabigha Al Dobiaani,Moallaqa,28,قَالَتْ أَلَا لَيْتَمَا هَذَا الحَمَامُ لَنَا,إِلَى حَمَامَتِنَا وَنِصْفُهُ فَقَدِ,Before Islam: VIth century,bassit_complete,bassit_complete
Al Naabigha Al Dobiaani,Moallaqa,29,يَحُفُّهُ جَانِبَا نِيقٍ وَتُتْبِعُهُ,مِثْلَ الزُّجَاجَةِ لَمْ تُكْحَلْ مِنَ الرَّمَدِ,Before Islam: VIth century,bassit_complete,bassit_complete
Al Naabigha Al Dobiaani,Moallaqa,30,فَحَسَّبُوهُ فَأَلْفَوْهُ كَمَا حَسَبَتْ,تِسْعًا وَتِسْعِينَ لَمْ تَنْقُصْ وَلَمْ تَزِدِ,Before Islam: VIth century,bassit_complete,bassit_complete
Al Naabigha Al Dobiaani,Moallaqa,31,فَكَمَّلَتْ مَائَةً فِيهَا حَمَامَتُهَا,وَأَسْرَعَتْ حِسْبَةً فِي ذَلِكَ العَدَدِ,Before Islam: VIth century,bassit_complete,bassit_complete
Al Naabigha Al Dobiaani,Moallaqa,32,أَعْطَى لِفَارِهَةٍ حُلْوٍ تَوَابِعُهَا,مِنَ المَوَاهِبِ لَا تُعْطَى عَلَى نَكَدِ,Before Islam: VIth century,bassit_complete,bassit_complete
Al Naabigha Al Dobiaani,Moallaqa,33,الوَاهِبُ المَائَةَ الأَبْكَارَ زَيَّنَهَا,سَعْدَانُ تُوضِحَ فِي أَوْبَارِهَا اللِّبَدِ,Before Islam: VIth century,bassit_complete,bassit_complete
Al Naabigha Al Dobiaani,Moallaqa,34,وَالسَّاحِبَاتِ ذُيُولَ المِرْطِ فَنَّقَهَا,بَرْدُ الهَوَاجِرِ كَالغِزْلَانِ بِالجَرَدِ,Before Islam: VIth century,bassit_complete,bassit_complete
Al Naabigha Al Dobiaani,Moallaqa,35,وَالخَيْلَ تَمْزَعُ غَرْبًا فِي أَعِنَّتِهَا,كَالطَّيْرِ تَنْجُو مِنَ الشُّؤْبُوبِ ذِي البَرَدِ,Before Islam: VIth century,bassit_complete,bassit_complete
Al Naabigha Al Dobiaani,Moallaqa,36,وَالأُدْمُ قَدْ خُيِّسَتْ فُتْلًا مَرَافِقُهَا,مَشْدُودَةً بِرِحَالِ الحِيرَةِ الجُدُدِ,Before Islam: VIth century,bassit_complete,bassit_complete
Al Naabigha Al Dobiaani,Moallaqa,37,فَلَا لَعَمْرُ الَّذِي قَدْ زُرْتُهُ حِجَجًا,وَمَا هُرِيقَ عَلَى الأَنْصَابِ مِنْ جَسَدِ,Before Islam: VIth century,bassit_complete,bassit_complete
Al Naabigha Al Dobiaani,Moallaqa,38,وَالمُؤْمِنِ العَائِذَاتِ الطَّيْرَ يَمْسَحُهَا,رُكْبَانُ مَكَّةَ بَيْنَ الغَيْلِ وَالسَّنَدِ,Before Islam: VIth century,bassit_complete,bassit_complete
Al Naabigha Al Dobiaani,Moallaqa,39,مَا إِنْ أَتَيْتُ بِشَيْءٍ أَنْتَ تَكْرَهُهُ,إِذًا فَلَا رَفَعَتْ سَوْطِي إِلَيَّ يَدِي,Before Islam: VIth century,bassit_complete,bassit_complete
Al Naabigha Al Dobiaani,Moallaqa,40,إِذًا فَعَاقَبَنِي رَبِّي مُعَاقَبَةً,قَرَّتْ بِهَا عَيْنُ مَنْ يَأْتِيكَ بِالحَسَدِ,Before Islam: VIth century,bassit_complete,bassit_complete
Al Naabigha Al Dobiaani,Moallaqa,41,هَذَا لأَِبْرَأَ مِنْ قَوْلٍ قُذِفْتُ بِهِ,طَارَت نَوَافِدُهُ حَرًّا عَلَى كَبِديِ,Before Islam: VIth century,bassit_complete,bassit_complete
Al Naabigha Al Dobiaani,Moallaqa,42,مَهْلًا فِدَاءٌ لَكَ الأَقْوَامُ كُلُّهُمُ,وَمَا أُثَمِّرُ مِنْ مَالٍ وَمِنْ وَلَدِ,Before Islam: VIth century,bassit_complete,bassit_complete
Al Naabigha Al Dobiaani,Moallaqa,43,لَا تَقْذِفَنِّي بِرُكْنٍ لَا كِفَاءَ لَهُ,وَلَوْ تَأَثَّفَكَ الأَعْدَاءُ بِالرَّفَدِ,Before Islam: VIth century,bassit_complete,bassit_complete
Al Naabigha Al Dobiaani,Moallaqa,44,فَمَا الفُرَاتُ إِذَا جَاشَتْ غَوَارِبُهُ,تَرْمِي أَوَاذِيُّهُ العِبْرَيْنِ بِالزَّبَدِ,Before Islam: VIth century,bassit_complete,bassit_complete
Al Naabigha Al Dobiaani,Moallaqa,45,يَمُدُّهُ كُلُّ وَادٍ مُزبِدٍ لَجِبٍ فِيهِ,حُطَامٌ مِنَ اليَنْبُوتِ وَالخَضَدِ,Before Islam: VIth century,bassit_complete,bassit_complete
Al Naabigha Al Dobiaani,Moallaqa,46,يَظَلُّ مِنْ خَوفِهِ المَلَّاحُ مُعْتَصِمًا,بِالخَيْزُرَانَةِ بَعْدَ الأَيْنِ وَالنَّجَدِ,Before Islam: VIth century,bassit_complete,bassit_complete
Al Naabigha Al Dobiaani,Moallaqa,47,يَومًا بِأَجْوَدَ مِنْهُ سَيْبَ نَافِلَةٍ,وَلَا يَحُولُ عَطَاءُ اليَوْمِ دُونَ غَدِ,Before Islam: VIth century,bassit_complete,bassit_complete
Al Naabigha Al Dobiaani,Moallaqa,48,أُنْبِئْتُ أَنَّ أَبَا قَابُوسَ أَوْعَدَنِي,وَلَا قَرَارَ عَلَى زَأْرٍ مِنَ الأَسَدِ,Before Islam: VIth century,bassit_complete,bassit_complete
Al Naabigha Al Dobiaani,Moallaqa,49,هَذَا الثَّنَاءُ فَإِنْ تَسْمَعْ لِقَائِلِهِ,فَمَا عَرَضْتُ أَبَيْتَ اللَّعْنَ بِالصَّفَدِ,Before Islam: VIth century,bassit_complete,bassit_complete
Al Naabigha Al Dobiaani,Moallaqa,50,هَا إِنَّ ذِي عِذْرَةٌ إِلَّا تَكُنْ نَفَعَتْ,فَإِنَّ صَاحِبَهَا قَدْ تَاهِ فِي البَلَدِ,Before Islam: VIth century,bassit_complete,bassit_complete
Ali Al Jaarem,Al Chariid,1,أَطَلَّتِ الآلَامُ مِنْ جُحْرِهِ,وَلُفَّتِ الأَسْقَامُ فِي طِمْرِهِ,Modern,sarii_complete,sarii_complete
Ali Al Jaarem,Al Chariid,2,بُرْدَتُهُ اللَّيْلُ عَلَى بَرْدِهِ,وَكِنُّهُ القَيْظُ عَلَى حَرِّهِ,Modern,sarii_complete,sarii_complete
Ali Al Jaarem,Al Chariid,3,مُشَرَّدٌ يَأْوِي إِلَى هَمِّهِ,إِذَا أَوَى الطَّيْرُ إِلَى وَكْرِهِ,Modern,sarii_complete,sarii_complete
Ali Al Jaarem,Al Chariid,4,مَا ذَاقَ حُلْوَ اللَّثْمِ فِي خَدِّهِ,وَلَا حَنَانَ المَسِّ فِي شَعْرِهِ,Modern,sarii_complete,sarii_complete
Ali Al Jaarem,Al Chariid,5,وَلَا حَوَتْهُ الأُمُّ فِي صَدْرِهَا,وَلَا أَبٌ نَاغَاهُ فِي حِجْرِهِ,Modern,sarii_complete,sarii_complete
Ali Al Jaarem,Al Chariid,6,قَدْ صَبَرَ النَّفْسَ عَلَى مَا بِهَا,وَانْتَظَرَ المَوْعُودَ مِنْ صَبْرِهِ,Modern,sarii_complete,sarii_complete
Ali Al Jaarem,Al Chariid,7,البَطْنُ مَهْضُومٌ طَوَاهُ الطَّوَى,وَنَامَ أَهْلُ الأَرْضِ عَنْ نَشْرِهِ,Modern,sarii_complete,sarii_complete
Ali Al Jaarem,Al Chariid,8,وَالوَجْهُ لِلْيَأْسِ بِهِ نَظْرَةٌ,يَقْذِفُهَا الحِقْدُ عَلَى دَهْرِهِ,Modern,sarii_complete,sarii_complete
Ali Al Jaarem,Al Chariid,9,جَرَّحَهُ الدَّهْرُ فَمِنْ نَابِهٍ,تِلْكَ الأَخَادِيدُ وَمِنْ ظُفْرِهِ,Modern,sarii_complete,sarii_complete
Ali Al Jaarem,Al Chariid,10,قَدْ كَتَبَ اللَّهُ عَلَى خَدِّهِ,خَطًّا يَبِينُ البُؤْسُ فِي سَطْرِهِ,Modern,sarii_complete,sarii_complete
Ali Al Jaarem,Al Chariid,11,وَغَارَ ضَوْءُ الحِسِّ مِنْ عَيْنِهِ,وَفَرَّ لَمْحُ الأُنْسِ مِنْ ثَغْرِهِ,Modern,sarii_complete,sarii_complete
Ali Al Jaarem,Al Chariid,12,وَالبِشْرُ أَيْنَ البِشْرُ وَيْحِي لَهُ,يَا رَحْمَةَ اللَّهِ عَلَى بِشْرِهِ,Modern,sarii_complete,sarii_complete
Ali Al Jaarem,Al Chariid,13,يَجُرُّ رِجْلَيْهِ بَطِيءَ الخُطَا,كَالجُعَلِ المَكْدُودِ مِنْ جَرِّهِ,Modern,sarii_complete,sarii_complete
Ali Al Jaarem,Al Chariid,14,إِنْ نَامَ أَبْصَرْتَ بِهِ كُتْلَةً,تَجْمَعُ سَاقَيْهِ إِلَى نَحْرِهِ,Modern,sarii_complete,sarii_complete
Ali Al Jaarem,Al Chariid,15,إِحْتَبَسَتْ أَوَّاهُ فِي قَلْبِهِ,وَاخْتَنَقَتْ وَيْلَاهُ فِي صَدْرِهِ,Modern,sarii_complete,sarii_complete
Ali Al Jaarem,Al Chariid,16,وَجَفَّ مَاءُ العَيْنِ فِي مُوقِهَا,مَاذَا أَفَادَ العَيْنَ مِنْ هَمْرِهِ,Modern,sarii_complete,sarii_complete
Ali Al Jaarem,Al Chariid,17,سَالَتْ بِهِ نَهْرًا عَلَى لُقْمَةٍ,فَعَادَ كَالسَّائِلِ فِي نَهْرِهِ,Modern,sarii_complete,sarii_complete
Ali Al Jaarem,Al Chariid,18,لَا يَجِدُ المَأْوَى وَلَوْ رَامَهُ,أَحَالَهُ الدَّهْرُ عَلَى قَبْرِهِ,Modern,sarii_complete,sarii_complete
Ali Al Jaarem,Al Chariid,19,هُنَاكَ يَثْوِي هَادِئًا آمِنًا,مِنْ شَظَفِ العَيْشِ وَمِنْ وَعْرِهِ,Modern,sarii_complete,sarii_complete
Ali Al Jaarem,Al Chariid,20,فَكَمْ بِصَدْرِ القَبْرِ مِنْ ضَجْعَةٍ,أَحْنَى مِنَ الدَّهْرِ وَمِنْ نُكْرِهِ,Modern,sarii_complete,sarii_complete
Ali Al Jaarem,Al Chariid,21,مَتْعَبَةُ الإِنْسَانِ فِي حِسِّهِ,وَشِقْوَةُ الإِنْسَانِ مِنْ فِكْرِهِ,Modern,sarii_complete,sarii_complete
Ali Al Jaarem,Al Chariid,22,كَيْفَ يُرَجَّى الصَّفْوُ مِنْ كَائِنٍ,الحَمَأُ المَسْنُونُ فِي ذَرِّهِ,Modern,sarii_complete,sarii_complete
Ali Al Jaarem,Al Chariid,23,لَمْ يَسْمُ لِلْأَمْلَاكِ فِي أَوْجِهَا,وَلَا هَوَى لِلْوَحْشِ فِي قَفْرِهِ,Modern,sarii_complete,sarii_complete
Ali Al Jaarem,Al Chariid,24,رَامَ اللُّبَابَ المَحْضَ مِنْ سَعْيِهِ,فَلَمْ يَنَلْ مِنْهُ سِوَى قِشْرِهِ,Modern,sarii_complete,sarii_complete
Ali Al Jaarem,Al Chariid,25,يَسْعَى وَمَا يَدْرِي إِلَى نَفْعِهِ,سَعَى حَثِيثًا أَمْ إِلَى ضَرِّهِ,Modern,sarii_complete,sarii_complete
Ali Al Jaarem,Al Chariid,26,آمَنْتُ بِاللَّهِ فَكَمْ عَالِمٍ,أَعْجَزَهُ المَحْجُوبُ مِنْ سِرِّهِ,Modern,sarii_complete,sarii_complete
Ali Al Jaarem,Al Chariid,27,اللَّهُ فِي طِفْلٍ غَزَاهُ الضَّنَى,بِأَدْهَمِ الخَطْبِ وَمُغْبَرِّهِ,Modern,sarii_complete,sarii_complete
Ali Al Jaarem,Al Chariid,28,فِي ظُلُمَاتٍ مَوْجُهَا زَاخِرٌ,كَأَنَّهُ ذُو النُّونِ فِي بَحْرِهِ,Modern,sarii_complete,sarii_complete
Ali Al Jaarem,Al Chariid,29,وَالنَّاسُ بِالشَّاطِئِ مِنْ غَافِلٍ,أَوْ سَاخِرٍ أَمْعَنَ فِي سُخْرِهِ,Modern,sarii_complete,sarii_complete
Ali Al Jaarem,Al Chariid,30,وَالمَوْجُ كَالذُّؤْبَانِ حَوْلَ الفَتَى,يَسُدُّ أُذْنَ الأُفْقِ مِنْ زَأْرِهِ,Modern,sarii_complete,sarii_complete
Ali Al Jaarem,Al Chariid,31,نَادَى وَمَا نَادَى سِوَى مَرَّةٍ,حَتَّى طَوَاهُ اليَمُّ فِي غَمْرِهِ,Modern,sarii_complete,sarii_complete
Ali Al Jaarem,Al Chariid,32,تَظُنُّهُ طِفْلًا فَإِنْ حَقَّقَتْ,عَيْنَاكَ لَمْ تَعْثُرْ عَلَى عُشْرِهِ,Modern,sarii_complete,sarii_complete
Ali Al Jaarem,Al Chariid,33,كَأَنَّهُ الشَّكُّ إِذَا مَا مَشَى,أَوْ مَا يَرَى النَّائِمُ فِي ذُعْرِهِ,Modern,sarii_complete,sarii_complete
Ali Al Jaarem,Al Chariid,34,طَغَى بِهِ الجُوعُ فَفِي دَمْعِهِ,مَا فَعَلَ الجُوعُ وَفِي نَبْرِهِ,Modern,sarii_complete,sarii_complete
Ali Al Jaarem,Al Chariid,35,وَاهًا لِكَفٍّ لَصِقَتْ بِالثَّرَى,وَائْتَدَمَتْ بِالبُؤْسِ مِنْ عَفْرِهِ,Modern,sarii_complete,sarii_complete
Ali Al Jaarem,Al Chariid,36,مَاذَا عَلَى الإِحْسَانِ لَوْ رَدَّهَا,نَدِيَّةَ الأَطْرَافِ مِنْ بِرِّهِ,Modern,sarii_complete,sarii_complete
Ali Al Jaarem,Al Chariid,37,مَاذَا عَلَى الإِحْسَانِ لَوْ رَدَّهَا,رَطِيبَةَ الأَلْسُنِ مِنْ شُكْرِهِ,Modern,sarii_complete,sarii_complete
Ali Al Jaarem,Al Chariid,38,كَمْ بَسْمَةٍ أَرْسَلَهَا مُحْسِنٌ,أَزْهَى مِنَ الرَّوْضِ وَمِنْ زَهْرِهِ,Modern,sarii_complete,sarii_complete
Ali Al Jaarem,Al Chariid,39,وَلُقْمَةٍ سَدَّتْ فَمَا جَائِعًا,رَجَّحَتِ المِيزَانَ فِي حَشْرِهِ,Modern,sarii_complete,sarii_complete
Ali Al Jaarem,Al Chariid,40,وَمِنَّةٍ كَانَتْ جَنَاحًا لَهُ,طَارَ بِهِ الذَّائِعُ مِنْ ذِكْرِهِ,Modern,sarii_complete,sarii_complete
Ali Al Jaarem,Al Chariid,41,وَدَمْعَةٍ يُذْرِفُهَا مُشْفِقًا,أَصْفَى مِنَ المَذْخُورِ مِنْ دُرِّهِ,Modern,sarii_complete,sarii_complete
Ali Al Jaarem,Al Chariid,42,لَا تُزْهِرُ الجَنَّةُ إِلَّا بِمَا,يَسْفَحُهُ البَاكِي عَلَى وِزْرِهِ,Modern,sarii_complete,sarii_complete
Ali Al Jaarem,Al Chariid,43,لَوْ عَرَفَ الإِنْسَانُ مَا أَجْرُهُ,مَا ضَنَّ بِالنَّفْسِ عَلَى أَجْرِهِ,Modern,sarii_complete,sarii_complete
Ali Al Jaarem,Al Chariid,44,يَبْقَى قَلِيلُ المَالِ مِنْ بَعْدِهِ,وَيَذْهَبُ المَالُ عَلَى كُثْرِهِ,Modern,sarii_complete,sarii_complete
Ali Al Jaarem,Al Chariid,45,بِيضُ أَيَادِي المَرْءِ فِي قَوْمِهِ,أَغْلَى مِنَ البِيضِ وَمِنْ صُفْرِهِ,Modern,sarii_complete,sarii_complete
Ali Al Jaarem,Al Chariid,46,وَالحُرُّ لَا يَنْعَمُ فِي وَفْرِهِ,حَتَّى يَنَالَ النَّاسُ مِنْ وَفْرِهِ,Modern,sarii_complete,sarii_complete
Ali Al Jaarem,Al Chariid,47,وَالمَرْءُ لَا يُعْرَفُ مِقْدَارُهُ,أَوْ تُنْبِئُ الأَحْدَاثُ عَنْ قَدْرِهِ,Modern,sarii_complete,sarii_complete
Ali Al Jaarem,Al Chariid,48,وَالنَّاسُ كَالمَاءِ فَمِنْ ضَحْضَحٍ,وَمِنْ عَمِيقٍ حِرْتُ فِي سَبْرِهِ,Modern,sarii_complete,sarii_complete
Ali Al Jaarem,Al Chariid,49,لَيْسَ الَّذِي يُنْفِقُ مِنْ يُسْرِهِ,مِثْلَ الَّذِي يُنْفِقُ مِنْ عُسْرِهِ,Modern,sarii_complete,sarii_complete
Ali Al Jaarem,Al Chariid,50,كَمْ دِرْهَمٍ أُلْقِيَ فِي سِجْنِهِ,وَلَمْ يَنَلْ عَفْوًا مَدَى عُمْرِهِ,Modern,sarii_complete,sarii_complete
Ali Al Jaarem,Al Chariid,51,لَمْ يَرَ حُسْنَ الصُّبْحِ فِي شَمْسِهِ,وَلَا جَمَالَ اللَّيْلِ فِي بَدْرِهِ,Modern,sarii_complete,sarii_complete
Ali Al Jaarem,Al Chariid,52,يَطْمَعُ وَخْزُ الجُوعِ فِي وَصْلِهِ,وَيُرْسِلُ الزَّفْرَاتِ مِنْ هَجْرِهِ,Modern,sarii_complete,sarii_complete
Ali Al Jaarem,Al Chariid,53,وَالمَالُ كَالخَمْرِ إِذَا مَا طَغَى,ضَاقَتْ فِجَاجُ الأَرْضِ عَنْ شَرِّهِ,Modern,sarii_complete,sarii_complete
Ali Al Jaarem,Al Chariid,54,مَتَى يَهُبُّ العَقْلَ مِنْ نَوْمِهِ,أَوْ يَسْتَفِيقُ المَالَ مِنْ سُكْرِهِ,Modern,sarii_complete,sarii_complete
Ali Al Jaarem,Al Chariid,55,مَتَى أَرَى النَّفْسَ وَقَدْ أُطْلِقَتْ,مِنْ رِبْقَةِ المَالِ وَمِنْ أَسْرِهِ,Modern,sarii_complete,sarii_complete
Ali Al Jaarem,Al Chariid,56,مَتَى أَرَى الحُبَّ كَضَوْءِ الضُّحَى,كُلُّ امْرِئٍ يَسْبَحُ فِي طُهْرِهِ,Modern,sarii_complete,sarii_complete
Ali Al Jaarem,Al Chariid,57,مَتَى أَرَى النَّاسَ وَقَدْ نُزِّهُوا,عَنْ شَرِّهِ الذِّئْبُ وَعَنْ غَدْرِهِ,Modern,sarii_complete,sarii_complete
Ali Al Jaarem,Al Chariid,58,أُخُوَّةُ الغُصْنِ إِلَى صِنْوِهِ,وَبَسْمَةُ الزَّهْرِ إِلَى قَطْرِهِ,Modern,sarii_complete,sarii_complete
Ali Al Jaarem,Al Chariid,59,وَرَحْمَةٌ رَفَّافَةٌ لَمْ تَدَعْ,قَلْبًا يُوَارِي النَّارَ فِي صَخْرِهِ,Modern,sarii_complete,sarii_complete
Ali Al Jaarem,Al Chariid,60,لَا يُحْسَدُ الجَاهُ عَلَى مَالِهِ,أَوْ يُنْهَرُ البُؤْسُ عَلَى فَقْرِهِ,Modern,sarii_complete,sarii_complete
Ali Al Jaarem,Al Chariid,61,كَمْ شَارِدٍ فِي مِصْرَ يَا كُثْرَهُ,مِنْ عَدَدٍ يَسْخَرُ مِنْ حَصْرِهِ,Modern,sarii_complete,sarii_complete
Ali Al Jaarem,Al Chariid,62,ذَخِيرَةُ الأُمَّةِ أَبْنَاؤُهَا,مَاذَا أَفَادَ النِّيلُ مِنْ ذُخْرِهِ,Modern,sarii_complete,sarii_complete
Ali Al Jaarem,Al Chariid,63,مَاذَا أَفَادَ النِّيلُ مِنْ سَاعِدٍ,أَسْرَعَ مِنْ ضِغْثٍ إِلَى كَسْرِهِ,Modern,sarii_complete,sarii_complete
Ali Al Jaarem,Al Chariid,64,وَأَرْجُلٍ أَوْهَنَ مِنْ هَمْسَةٍ,وَمِنْ نَسِيمِ الصُّبْحِ فِي مَرِّهِ,Modern,sarii_complete,sarii_complete
Ali Al Jaarem,Al Chariid,65,وَمِنْ فَتَاةٍ فَجْرُهَا لَيْلُهَا,وَمِنْ غُلَامٍ ضَلَّ فِي فَجْرِهِ,Modern,sarii_complete,sarii_complete
Ali Al Jaarem,Al Chariid,66,أَلْقَتْهُ مِصْرٌ هَمَلًا ضَائِعًا,فَصَالَ يَبْغِي الثَّارَ مِنْ مِصْرِهِ,Modern,sarii_complete,sarii_complete
Ali Al Jaarem,Al Chariid,67,غَاصَ مِنَ الآثَامِ فِي آسِنٍ,يَكْرَعُ مِلْءَ الفَمِ مِنْ مُرِّهِ,Modern,sarii_complete,sarii_complete
Ali Al Jaarem,Al Chariid,68,أَسْرَى مِنَ اللَّيْلِ وَأَمْضَى يَدًا,مِنْ عَبَثِ اللَّيْلِ وَمِنْ مَكْرِهِ,Modern,sarii_complete,sarii_complete
Ali Al Jaarem,Al Chariid,69,كَمْ ضَاقَ مِنْ شِقْوَتِهِ عَصْرُهُ,وَضَاقَ بِالسُّخْطِ عَلَى عَصْرِهِ,Modern,sarii_complete,sarii_complete
Ali Al Jaarem,Al Chariid,70,شَجًا بِحَلْقِ الوَطَنِ المُفْتَدَى,وَشَوْكَةٌ كَالنَّصْلِ فِي ظَهْرِهِ,Modern,sarii_complete,sarii_complete
Ali Al Jaarem,Al Chariid,71,مَدْرَسَةُ النَّشْلِ وَسَلِّ المُدَى,أَسَّسَهَا الشَّيْطَانُ فِي جُحْرِهِ,Modern,sarii_complete,sarii_complete
Ali Al Jaarem,Al Chariid,72,إِذَا هَوَى الخُلْقُ وَضَاعَ الحِجَا,فَكُلُّ شَيْءٍ ضَاعَ فِي إِثْرِهِ,Modern,sarii_complete,sarii_complete
Ali Al Jaarem,Al Chariid,73,مَنْ يُصْلِحِ الأُسْرَةَ يُصْلِحْ بِهَا,مَا دَمَّرَ الإِفْسَادُ فِي قُطْرِهِ,Modern,sarii_complete,sarii_complete
Ali Al Jaarem,Al Chariid,74,جِنَايَةُ الوَالِدِ نَبْذُ ابْنِهِ,فِي عُسْرِهِ إِنْ كَانَ أَوْ يُسْرِهِ,Modern,sarii_complete,sarii_complete
Ali Al Jaarem,Al Chariid,75,لَا تَتْرُكُ الذِّئْبَةُ أَجْرَاءَهَا,وَلَا يَغِيبُ الكَلْبُ عَنْ وَجْرِهِ,Modern,sarii_complete,sarii_complete
Ali Al Jaarem,Al Chariid,76,البَيْتُ صَحْرَاءُ إِذَا لَمْ تَجِدْ,طُفُولَةً تَمْرَحُ فِي كِسْرِهِ,Modern,sarii_complete,sarii_complete
Ali Al Jaarem,Al Chariid,77,فَعَاقِبُوا الآبَاءَ إِنْ قَصَّرُوا,لَا بُدَّ لِلسَّادِرِ مِنْ زَجْرِهِ,Modern,sarii_complete,sarii_complete
Ali Al Jaarem,Al Chariid,78,وَأَنْقِذُوا الطِّفْلَ فَمَا ذَنْبُهُ,إِنْ جَمَحَ الوَالِدُ فِي خُسْرِهِ,Modern,sarii_complete,sarii_complete
Ali Al Jaarem,Al Chariid,79,رَبُّوهُ يَنْمُو ثَمَرًا طُيِّبًا,لَا يَيْأَسُ الزَّارِعُ مِنْ بَذْرِهِ,Modern,sarii_complete,sarii_complete
Ali Al Jaarem,Al Chariid,80,وَعَلِّمُوهُ عَمَلًا صَالِحًا,يَشُدُّ إِنْ كَافَحَ مِنْ أَزْرِهِ,Modern,sarii_complete,sarii_complete
Ali Al Jaarem,Al Chariid,81,رَبُّوهُ فِي الرِّيفِ لَعَلَّ القُرَى,تُصْلِحُ مَا أَعْضَلَ مِنْ أَمْرِهِ,Modern,sarii_complete,sarii_complete
Ali Al Jaarem,Al Chariid,82,النَّفْسُ مِرْآةٌ وَغُصْنُ النُّقَا,يَطِيبُ أَوْ يَخْبُثُ مِنْ جِذْرِهِ,Modern,sarii_complete,sarii_complete
Ali Al Jaarem,Al Chariid,83,لَعَلَّ هَمْسَ الغُصْنِ فِي أُذْنِهِ,يُنْسِيهِ مَا أَضْمَرَ مِنْ ثَأْرِهِ,Modern,sarii_complete,sarii_complete
Ali Al Jaarem,Al Chariid,84,لَعَلَّ أَنْفَاسَ نَسِيمِ الرُّبَا,فِي صَدْرِهِ تُبْرِدُ مِنْ جَمْرِهِ,Modern,sarii_complete,sarii_complete
Ali Al Jaarem,Al Chariid,85,النِّيلُ يَسْتَنْجِدُ مُسْتَنْصِرًا,فَأَسْرِعُوا الخَطْوَ إِلَى نَصْرِهِ,Modern,sarii_complete,sarii_complete
Ali Al Jaarem,Al Chariid,86,لَا يَذْهَبُ المَعْرُوفُ فِي لُجَّةٍ,وَلَا يَكُفُّ المِسْكُ عَنْ نَشْرِهِ,Modern,sarii_complete,sarii_complete
Amr Ibn Kolthoum,Bakarat Ta3tholoni,1,بَكَرَتْ تَعْذُلُنِي وَسْطَ الحِلَالِي,سَفَهًا بِنْتُ ثُوَيْرِ بْنِ هِلَالِ,Before Islam: VIth century,ramal_complete,ramal_complete
Amr Ibn Kolthoum,Bakarat Ta3tholoni,2,بَكَرَتْ تَعْذُلُنِي فِي أَنْ رَأَتْ,إِبِلِي نَهْبًا لِشَرْبٍ وَفِضَالِ,Before Islam: VIth century,ramal_complete,ramal_complete
Amr Ibn Kolthoum,Bakarat Ta3tholoni,3,لَا تَلُومِينِي فَإِنِّي مُتْلِفٌ,كُلَّ مَا تَحْوِي يَمِينِي وَشِمَالِي,Before Islam: VIth century,ramal_complete,ramal_complete
Amr Ibn Kolthoum,Bakarat Ta3tholoni,4,لَسْتُ إِنْ أَطْرَفْتُ مَالًا فَرِحًا,وَإِذَا أَتْلَفْتُهُو لَسْتُ أُبَالِي,Before Islam: VIth century,ramal_complete,ramal_complete
Amr Ibn Kolthoum,Bakarat Ta3tholoni,5,يُخْلِقُ المَالُ فَلَا تَسْتَيْئِسِي,كَرِّيَ المُهْرَ عَلَى الحَيِّ الحِلَالِ,Before Islam: VIth century,ramal_complete,ramal_complete
Amr Ibn Kolthoum,Bakarat Ta3tholoni,6,وَابْتِذَالِي النَّفْسَ فِي يَوْمِ الوَغَى,وَطِرَادِي فَوْقَ مُهْرِي وَنِزَالِي,Before Islam: VIth century,ramal_complete,ramal_complete
Amr Ibn Kolthoum,Bakarat Ta3tholoni,7,وَسُمُوِّي بِخَمِيسٍ جَحْفَلٍ,نَحْوَ أَعْدَائِي بِحَلِّي وَارْتِحَالِي,Before Islam: VIth century,ramal_complete,ramal_complete
Amr Ibn Kolthoum,Moallaqa,1,أَلَا هُبِّي بِصَحْنِكِ فَاصْبَحِينَا,وَلَا تُبْقِي خُمُورَ الأَنْدَرِينَا,Before Islam: VIth century,wafir_complete,wafir_complete
Amr Ibn Kolthoum,Moallaqa,2,مُشَعْشَعَةً كَأَنَّ الحُصَّ فِيهَا,إِذَا مَا المَاءَ خَالَطَهَا سَخِينَا,Before Islam: VIth century,wafir_complete,wafir_complete
Amr Ibn Kolthoum,Moallaqa,3,تَجُورُ بِذِي اللَّبَانَةِ عَنْ هَوَاهُو,إِذَا مَا ذَاقَهَا حَتَّى يَلِينَا,Before Islam: VIth century,wafir_complete,wafir_complete
Amr Ibn Kolthoum,Moallaqa,4,تَرَى اللَّحِزَ الشَّحِيحَ إِذَا أُمِرَّتْ,عَلَيْهِ لِمَالِهِ فِيهَا مُهِينَا,Before Islam: VIth century,wafir_complete,wafir_complete
Amr Ibn Kolthoum,Moallaqa,5,صَبَنْتِ الكَأْسَ عَنَّا أُمَّ عَمْرٍ,وَكَانَ الكَأْسُ مَجْرَاهَا اليَمِينَا,Before Islam: VIth century,wafir_complete,wafir_complete
Amr Ibn Kolthoum,Moallaqa,6,وَمَا شَرُّ الثَّلَاثَةِ أُمَّ عَمْرٍ,بِصَاحِبِكِ الذِي لَا تَصْبَحِينَا,Before Islam: VIth century,wafir_complete,wafir_complete
Amr Ibn Kolthoum,Moallaqa,7,وَكَأْسٍ قَدْ شَرِبْتُ بِبَعْلَبَكٍّ,وَأُخْرَى فِي دِمَشْقَ وَقَاصِرِينَا,Before Islam: VIth century,wafir_complete,wafir_complete
Amr Ibn Kolthoum,Moallaqa,8,وَإِنَّا سَوْفَ تُدْرِكُنَا المَنَايَا,مُقَدَّرَةً لَنَا وَمُقَدِّرِينَا,Before Islam: VIth century,wafir_complete,wafir_complete
Amr Ibn Kolthoum,Moallaqa,9,قِفِي قَبْلَ التَّفَرُّقِ يَا ظَعِينَا,نُخَبِّرْكِ اليَقِينَ وَتُخْبِرِينَا,Before Islam: VIth century,wafir_complete,wafir_complete
Amr Ibn Kolthoum,Moallaqa,10,قِفِي نَسْأَلْكِ هَلْ أَحْدَثْتِ صَرْمًا,لِوَشْكِ البَينِ أَمْ خُنْتِ الأَمِينَا,Before Islam: VIth century,wafir_complete,wafir_complete
Amr Ibn Kolthoum,Moallaqa,11,بِيَوْمِ كَرِيهَةٍ ضَرْبًا وَطَعْنًا,أَقَرَّ بِهِ مَوَالِيكِ العُيُونَا,Before Islam: VIth century,wafir_complete,wafir_complete
Amr Ibn Kolthoum,Moallaqa,12,وَأَنَّ غَدًا وَأَنَّ اليَوْمَ رَهْنٌ,وَبَعْدَ غَدٍ بِمَا لَا تَعْلَمِينَا,Before Islam: VIth century,wafir_complete,wafir_complete
Amr Ibn Kolthoum,Moallaqa,13,تُرِيكَ إِذَا دَخَلْتَ عَلَى خَلَاءٍ,وَقَدْ أَمِنَتْ عُيُونَ الكَاشِحِينَا,Before Islam: VIth century,wafir_complete,wafir_complete
Amr Ibn Kolthoum,Moallaqa,14,ذِرَاعِي عَيْطَلٍ أَدَمَاءَ بِكْرٍ,هِجَانِ اللَّوْنِ لَمْ تَقْرَأْ جَنِينَا,Before Islam: VIth century,wafir_complete,wafir_complete
Amr Ibn Kolthoum,Moallaqa,15,وَثَدْيًا مِثْلَ حُقِّ العَاجِ رَخْصًا,حَصَانًا مِنْ أُكُفِّ اللَّامِسِينَا,Before Islam: VIth century,wafir_complete,wafir_complete
Amr Ibn Kolthoum,Moallaqa,16,وَمَتْنَ لَدُنَّةٍ سَمَقَتْ وَطَالَتْ,رَوَادِفُهَا تَنُوءُ بِمَا وَلِينَا,Before Islam: VIth century,wafir_complete,wafir_complete
Amr Ibn Kolthoum,Moallaqa,17,وَمَأْكَمَةً يَضِيقُ البَابُ عَنْهَا,وَكَشْحًا قَدْ جُنِنْتُ بِهِ جُنُونَا,Before Islam: VIth century,wafir_complete,wafir_complete
Amr Ibn Kolthoum,Moallaqa,18,وَسَارِيَتِي بَلَنْطٍ أَوْ رُخَامٍ,يَرِنُّ خَشَاشُ حَلْيِهِمَا رَنِينَا,Before Islam: VIth century,wafir_complete,wafir_complete
Amr Ibn Kolthoum,Moallaqa,19,فَمَا وَجَدَتْ كَوَجْدِي أُمُّ سَقْبٍ,أَضَلَّتْهُو فَرَجَّعْتِ الحَنِينَا,Before Islam: VIth century,wafir_complete,wafir_complete
Amr Ibn Kolthoum,Moallaqa,20,وَلَا شَمْطَاءُ لَمْ يَتْرُكْ شَقَاهَا,لَهَا مِنْ تِسْعَةٍ إِلَّا جَنِينَا,Before Islam: VIth century,wafir_complete,wafir_complete
Amr Ibn Kolthoum,Moallaqa,21,تَذَكَّرْتُ الصِّبَا وَاشْتَقْتُ لَمَّا,رَأَيْتُ حُمُولَهَا أَصُلًا حُدِينَا,Before Islam: VIth century,wafir_complete,wafir_complete
Amr Ibn Kolthoum,Moallaqa,22,فَأَعْرَضَتِ اليَمَامَةُ وَاشْمَخَرَّتْ,كَأَسْيَافٍ بِأَيْدِي مُصْلِتِينَا,Before Islam: VIth century,wafir_complete,wafir_complete
Amr Ibn Kolthoum,Moallaqa,23,أَبَا هِنْدٍ فَلَا تَعْجَلْ عَلَيْنَا,وَأَنْظِرْنَا نُخَبِّرْكَ اليَقِينَا,Before Islam: VIth century,wafir_complete,wafir_complete
Amr Ibn Kolthoum,Moallaqa,24,بِأَنَّا نُورِدُ الرَّايَاتِ بِيضًا,وَنُصْدِرُهُنَّ حُمْرًا قَدْ رُوِينَا,Before Islam: VIth century,wafir_complete,wafir_complete
Amr Ibn Kolthoum,Moallaqa,25,وَأَيَّامٍ لَنَا غُرٍّ طِوَالٍ,عَصَيْنَ المُلْكَ فِيهَا أَنْ نَدِينَا,Before Islam: VIth century,wafir_complete,wafir_complete
Amr Ibn Kolthoum,Moallaqa,26,وَسَيِّدِ مَعْشَرٍ قَدْ تَوَّجُوهُو,بِتَاجِ المُلْكِ يَحْمِي المُحْجَرِينَا,Before Islam: VIth century,wafir_complete,wafir_complete
Amr Ibn Kolthoum,Moallaqa,27,تَرَكْنَ الخَيْلَ عَاكِفَةً عَلَيْهِي,مُقَلَّدَةً أَعِنَّتَهَا صُفُونَا,Before Islam: VIth century,wafir_complete,wafir_complete
Amr Ibn Kolthoum,Moallaqa,28,وَأَنْزَلْنَا البُيُوتَ بِذِي طُلُوحٍ,إِلَى الشَامَاتِ نَنْفِي المُوعِدِينَا,Before Islam: VIth century,wafir_complete,wafir_complete
Amr Ibn Kolthoum,Moallaqa,29,وَقَدْ هَرَّتْ كِلَابُ الحَيِّ مِنَّا,وَشَذَّبْنَا قَتَادَةَ مَنْ يَلِينَا,Before Islam: VIth century,wafir_complete,wafir_complete
Amr Ibn Kolthoum,Moallaqa,30,مَتَى نَنْقُلْ إِلَى قَوْمٍ رَحَانَا,يَكُونُوا فِي اللِّقَاءِ لَهَا طَحِينَا,Before Islam: VIth century,wafir_complete,wafir_complete
Amr Ibn Kolthoum,Moallaqa,31,يَكُونُ ثِقَالُهَا شَرْقِيَّ نَجْدٍ,وَلُهْوَتُهَا قُضَاعَةَ أَجْمَعِينَا,Before Islam: VIth century,wafir_complete,wafir_complete
Amr Ibn Kolthoum,Moallaqa,32,نَزَلْتُمْ مَنْزِلَ الأَضْيَافِ مِنَّا,فَأَعْجَلْنَا القِرَى أَنْ تَشْتِمُونَا,Before Islam: VIth century,wafir_complete,wafir_complete
Amr Ibn Kolthoum,Moallaqa,33,قَرَيْنَاكُمْ فَعَجَّلْنَا قِرَاكُمْ,قُبَيْلَ الصُّبْحِ مِرْدَاةً طَحُونَا,Before Islam: VIth century,wafir_complete,wafir_complete
Amr Ibn Kolthoum,Moallaqa,34,نَعُمُّ أُنَاسَنَا وَنَعِفُّ عَنْهُمْ,وَنَحْمِلُ عَنْهُمُ مَا حَمَّلُونَا,Before Islam: VIth century,wafir_complete,wafir_complete
Amr Ibn Kolthoum,Moallaqa,35,نُطَاعِنُ مَا تَرَاخَى النَّاسُ عَنَّا,وَنَضْرِبُ بِالسُّيُوفِ إِذَا غُشِينَا,Before Islam: VIth century,wafir_complete,wafir_complete
Amr Ibn Kolthoum,Moallaqa,36,بِسُمْرٍ مِنْ قِنَا الخِطِّيِّ لُدْنٍ,ذَوَابِلَ أَوْ بِبِيضٍ يَخْتَلِينَا,Before Islam: VIth century,wafir_complete,wafir_complete
Amr Ibn Kolthoum,Moallaqa,37,كَأَنَّ جَمَاجِمَ الأَبْطَالِ فِيهَا,وُسُوقٌ بِالأَمَاعِزِ يَرْتَمِينَا,Before Islam: VIth century,wafir_complete,wafir_complete
Amr Ibn Kolthoum,Moallaqa,38,نَشُقُّ بِهَا رُؤُوسَ القَوْمِ شَقًّا,وَنَخْتَلِبُ الرِّقَابَ فَتَخْتَلِينَا,Before Islam: VIth century,wafir_complete,wafir_complete
Amr Ibn Kolthoum,Moallaqa,39,وَإِنَّ الضِّغْنَ بَعْدَ الضِّغْنِ يَبْدُو,عَلَيْكَ وَيُخْرِجُ الدَّاءَ الدَّفِينَا,Before Islam: VIth century,wafir_complete,wafir_complete
Amr Ibn Kolthoum,Moallaqa,40,وَرِثْنَا المَجْدَ قَدْ عَلِمَتْ مُعَدٌّ,نُطَاعِنُ دُونَهُو حَتَّى يَبِينَا,Before Islam: VIth century,wafir_complete,wafir_complete
Amr Ibn Kolthoum,Moallaqa,41,وَنَحْنُ إِذَا عِمَادُ الحَيِّ خَرَّتْ,عَنِ الأَحْفَاضِ نَمْنَعُ مَنْ يَلِينَا,Before Islam: VIth century,wafir_complete,wafir_complete
Amr Ibn Kolthoum,Moallaqa,42,نَجُذُّ رُؤُوسَهُمْ فِي غَيْرِ بِرٍّ,فَمَا يَدْرُونَ مَاذَا يَتَّقُونَا,Before Islam: VIth century,wafir_complete,wafir_complete
Amr Ibn Kolthoum,Moallaqa,43,كَأَنَّ سُيُوفَنَا مِنَّا وَمِنْهُمْ,مَخَارِيقٌ بِأَيْدِي لَاعِبِينَا,Before Islam: VIth century,wafir_complete,wafir_complete
Amr Ibn Kolthoum,Moallaqa,44,كَأَنَّ ثِيَابَنَا مِنَّا وَمِنْهُمْ,خُضِبْنَ بِأُرْجُوَانٍ أَوْ طُلِينَا,Before Islam: VIth century,wafir_complete,wafir_complete
Amr Ibn Kolthoum,Moallaqa,45,إِذَا مَا عَيَّ بِالإِسْنَافِ حَيٌّ,مِنَ الهَوْلِ المُشَبَّهِ أَنْ يَكُونَا,Before Islam: VIth century,wafir_complete,wafir_complete
Amr Ibn Kolthoum,Moallaqa,46,نَصَبْنَا مِثْلَ رَهْوَةِ ذَاتِ حَدٍّ,مُحَافَظَةً وَكُنَّا السَّابِقِينَا,Before Islam: VIth century,wafir_complete,wafir_complete
Amr Ibn Kolthoum,Moallaqa,47,بِشُبَّانٍ يَرَوْنَ القَتْلَ مَجْدًا,وَشِيبٍ فِي الحُرُوبِ مُجَرِّبِينَا,Before Islam: VIth century,wafir_complete,wafir_complete
Amr Ibn Kolthoum,Moallaqa,48,حُدِيَّا النَّاسِ كُلِّهِمُو جَمِيعًا,مُقَارَعَةً بَنِيهِمْ عَنْ بَنِينَا,Before Islam: VIth century,wafir_complete,wafir_complete
Amr Ibn Kolthoum,Moallaqa,49,فَأَمَّا يَوْمَ خَشْيَتِنَا عَلَيْهِمْ,فَتُصْبِحُ خَيْلُنَا عُصْبًا ثُبِينَا,Before Islam: VIth century,wafir_complete,wafir_complete
Amr Ibn Kolthoum,Moallaqa,50,وَأَمَّا يَوْمَ لَا نَخْشَى عَلَيْهِمْ,فَنُمْعِنُ غَارَةً مُتْلَبِّبِينَا,Before Islam: VIth century,wafir_complete,wafir_complete
Amr Ibn Kolthoum,Moallaqa,51,بِرَأْسٍ مِنْ بَنِي جُشَمِ بْنِ بَكْرٍ,نَدُقُّ بِهِ السُّهُولَةَ وَالحُزُونَا,Before Islam: VIth century,wafir_complete,wafir_complete
Amr Ibn Kolthoum,Moallaqa,52,أَلَا لَا يَعْلَمُ الأَقْوَامُ أَنَّا,تَضَعْضَعْنَا وَأَنَّا قَدْ وَنِينَا,Before Islam: VIth century,wafir_complete,wafir_complete
Amr Ibn Kolthoum,Moallaqa,53,أَلَا لَا يَجْهَلَنَّ أَحَدْ عَلَيْنَا,فَنَجْهَلُ فَوْقَ جَهْلِ الجَاهِلِينَا,Before Islam: VIth century,wafir_complete,wafir_complete
Amr Ibn Kolthoum,Moallaqa,54,بِأَيِّ مَشِيئَةٍ عَمْرُو بْنُ هِنْدٍ,نَكُونُ لِقَيْلِكُمْ فِيهَا قَطِينَا,Before Islam: VIth century,wafir_complete,wafir_complete
Amr Ibn Kolthoum,Moallaqa,55,بِأَيِّ مَشِيئَةٍ عَمْرُو بْنُ هِنْدٍ,تُطِيعُ بِنَا الوُشَاةَ وَتَزْدَرِينَا,Before Islam: VIth century,wafir_complete,wafir_complete
Amr Ibn Kolthoum,Moallaqa,56,تُهَدِّدُنَا وَتُوعِدُنَا رُوَيْدًا,مَتَى كُنَّا لِأُمِّكَ مُقْتَوِينَا,Before Islam: VIth century,wafir_complete,wafir_complete
Amr Ibn Kolthoum,Moallaqa,57,فَإِنَّ قَنَاتَنَا يَا عَمْرُو أَعْيَتْ,عَلَى الأَعْدَاءِ قَبْلِكَ أَنْ تَلِينَا,Before Islam: VIth century,wafir_complete,wafir_complete
Amr Ibn Kolthoum,Moallaqa,58,إِذَا عَضَّ الثِّقَافُ بِهَا اشْمَأَزَّتْ,وَوَلَّتْهُمْ عَشَوْزَنَةً زَبُونَا,Before Islam: VIth century,wafir_complete,wafir_complete
Amr Ibn Kolthoum,Moallaqa,59,عَشَوْزَنَةً إِذَا انْقَلَبَتْ أَرَنَّتْ,تَشُجُّ قَفَا المُثَقَّفِ وَالجَبِينَا,Before Islam: VIth century,wafir_complete,wafir_complete
Amr Ibn Kolthoum,Moallaqa,60,فَهَلْ حُدِّثْتَ فِي جُشَمِ بْنِ بِكْرٍ,بِنَقْصٍ فِي خُطُوبِ الأَوَّلِينَا,Before Islam: VIth century,wafir_complete,wafir_complete
Amr Ibn Kolthoum,Moallaqa,61,وَرِثْنَا مَجْدَ عَلْقَمَةَ بْنِ سَيْفٍ,أَبَاحَ لَنَا حُصُونَ المَجْدِ دِينَا,Before Islam: VIth century,wafir_complete,wafir_complete
Amr Ibn Kolthoum,Moallaqa,62,وَرِثْتُ مُهَلْهِلًا وَالخَيْرَ مِنْهُو,زُهَيْرًا نِعْمَ ذُخْرُ الذَّاخِرِينَا,Before Islam: VIth century,wafir_complete,wafir_complete
Amr Ibn Kolthoum,Moallaqa,63,وَعَتَّابًا وَكُلْثُومًا جَمِيعًا,بِهِمْ نِلْنَا تُرَاثَ الأَكْرَمِينَا,Before Islam: VIth century,wafir_complete,wafir_complete
Amr Ibn Kolthoum,Moallaqa,64,وَذَا البُرَةِ الذِي حُدِّثْتَ عَنْهُو,بِهِ نُحْمَى وَنَحْمِي المُحْجَرِينَا,Before Islam: VIth century,wafir_complete,wafir_complete
Amr Ibn Kolthoum,Moallaqa,65,وَمِنَّا قَبْلَهُ السَّاعِي كُلَيْبٌ,فَأَيُّ المَجْدِ إِلَّا قَدْ وَلِينَا,Before Islam: VIth century,wafir_complete,wafir_complete
Amr Ibn Kolthoum,Moallaqa,66,مَتَى نَعْقِدْ قَرِينَتَنَا بِحَبْلٍ,تَجُذُّ الحَبْلَ أَوْ تَقَصِ القَرِينَا,Before Islam: VIth century,wafir_complete,wafir_complete
Amr Ibn Kolthoum,Moallaqa,67,وَنُوجَدُ نَحْنُ أَمْنَعَهُمْ ذِمَارًا,وَأَوْفَاهُمْ إِذَا عَقَدُوا يَمِينَا,Before Islam: VIth century,wafir_complete,wafir_complete
Amr Ibn Kolthoum,Moallaqa,68,وَنَحْنُ غَدَاةَ أُوقِدَ فِي خَزَازَى,رَفَدْنَا فَوْقَ رَفْدِ الرَّافِدِينَا,Before Islam: VIth century,wafir_complete,wafir_complete
Amr Ibn Kolthoum,Moallaqa,69,وَنَحْنُ الحَابِسُونَ بِذِي أُرَاطَى,تَسَفُّ الجِلَّةُ الخُورُ الدَّرِينَا,Before Islam: VIth century,wafir_complete,wafir_complete
Amr Ibn Kolthoum,Moallaqa,70,وَنَحْنُ الحَاكِمُونَ إِذَا أُطِعْنَا,وَنَحْنُ العَازِمُونَ إِذَا عُصِينَا,Before Islam: VIth century,wafir_complete,wafir_complete
Amr Ibn Kolthoum,Moallaqa,71,وَنَحْنُ التَّارِكُونَ لِمَا سَخِطْنَا,وَنَحْنُ الآخِذُونَ لِمَا رَضِينَا,Before Islam: VIth century,wafir_complete,wafir_complete
Amr Ibn Kolthoum,Moallaqa,72,وَكُنَّا الأَيْمَنِينَ إِذَا التَقَيْنَا,وَكَانَ الأَيْسَرِينَ بَنُو أَبِينَا,Before Islam: VIth century,wafir_complete,wafir_complete
Amr Ibn Kolthoum,Moallaqa,73,فَصَالُوا صَوْلَةً فِيمَنْ يَلِيهِمْ,وَصُلْنَا صَوْلَةً فِيمَنْ يَلِينَا,Before Islam: VIth century,wafir_complete,wafir_complete
Amr Ibn Kolthoum,Moallaqa,74,فَآبُوا بِالنِّهَابِ وَبِالسَّبَايَا,وَأُبْنَا بِالمُلُوكِ مُصَفَّدِينَا,Before Islam: VIth century,wafir_complete,wafir_complete
Amr Ibn Kolthoum,Moallaqa,75,إِلَيْكُمْ يَا بَنِي بَكْرٍ إِلَيْكُمْ,أَلَمَّا تَعْرِفُوا مِنَّا اليَقِينَا,Before Islam: VIth century,wafir_complete,wafir_complete
Amr Ibn Kolthoum,Moallaqa,76,أَلَمَّا تَعْلَمُوا مِنَّا وَمِنْكُمْ,كَتَائِبَ يَطَّعِنَّ وَيَرْتَمِينَا,Before Islam: VIth century,wafir_complete,wafir_complete
Amr Ibn Kolthoum,Moallaqa,77,عَلَيْنَا البَيْضُ وَاليَلَبُ اليَمَانِي,وَأَسْيَافٌ يَقُمْنَ وَيَنْحَنِينَا,Before Islam: VIth century,wafir_complete,wafir_complete
Amr Ibn Kolthoum,Moallaqa,78,عَلَيْنَا كُلُّ سَابِغَةٍ دِلَاصٍ,تَرَى فَوْقَ النِّجَادِ لَهَا غُضُونَا,Before Islam: VIth century,wafir_complete,wafir_complete
Amr Ibn Kolthoum,Moallaqa,79,إِذَا وُضِعَتْ عَنِ الأَبْطَالِ يَوْمًا,رَأَيْتَ لَهَا جُلُودَ القَوْمِ جُونَا,Before Islam: VIth century,wafir_complete,wafir_complete
Amr Ibn Kolthoum,Moallaqa,80,كَأَنَّ غُضُونَهُنَّ مُتُونُ غُدْرٍ,تُصَفِّقُهَا الرِّيَاحُ إِذَا جَرَيْنَا,Before Islam: VIth century,wafir_complete,wafir_complete
Amr Ibn Kolthoum,Moallaqa,81,وَتَحْمِلُنَا غَدَاةَ الرَّوْعِ جُرْدٌ,عُرِفْنَ لَنَا نَقَائِذَ وَافْتُلِينَا,Before Islam: VIth century,wafir_complete,wafir_complete
Amr Ibn Kolthoum,Moallaqa,82,وَرَدْنَ دَوَارِعًا وَخَرَجْنَ شُعْثًا,كَأَمْثَالِ الرَّصَائِعِ قَدْ بَلِينَا,Before Islam: VIth century,wafir_complete,wafir_complete
Amr Ibn Kolthoum,Moallaqa,83,وَرِثْنَاهُنَّ عَنْ آبَاءِ صِدْقٍ,وَنُورِثُهَا إِذَا مُتْنَا بَنِينَا,Before Islam: VIth century,wafir_complete,wafir_complete
Amr Ibn Kolthoum,Moallaqa,84,عَلَى آثَارِنَا بِيضٌ حِسَانٌ,نُحَاذِرُ أَنْ تُقَسَّمَ أَوْ تَهُونَا,Before Islam: VIth century,wafir_complete,wafir_complete
Amr Ibn Kolthoum,Moallaqa,85,أَخَذْنَ عَلَى بُعُولَتِهِنَّ عَهْدًا,إِذَا لَاقَوْا فَوَارِسَ مُعْلِمِينَا,Before Islam: VIth century,wafir_complete,wafir_complete
Amr Ibn Kolthoum,Moallaqa,86,لَيَسْتَلِبُنَّ أَفْرَاسًا وَبَيْضًا,وَأَسْرَى فِي الحَدِيدِ مُقَرَّنِينَا,Before Islam: VIth century,wafir_complete,wafir_complete
Amr Ibn Kolthoum,Moallaqa,87,تَرَانَا بَارِزِينَ وَكُلُّ حَيٍّ,قَدِ اتَّخَذُوا مَخَافَتَنَا قَرِينَا,Before Islam: VIth century,wafir_complete,wafir_complete
Amr Ibn Kolthoum,Moallaqa,88,إِذَا مَا رُحْنَ يَمْشِينَ الهُوَيْنَى,كَمَا اضْطَرَبَتْ مُتُونُ الشَّارِبِينَا,Before Islam: VIth century,wafir_complete,wafir_complete
Amr Ibn Kolthoum,Moallaqa,89,يَقُتْنَ جِيَادَنَا وَيَقُلْنَ لَسْتُمْ,بُعُولَتَنَا إِذَا لَمْ تَمْنَعُونَا,Before Islam: VIth century,wafir_complete,wafir_complete
Amr Ibn Kolthoum,Moallaqa,90,ظَعَائِنَ مِنْ بَنِي جُشَمِ بْنِ بَكْرٍ,خَلَطْنَ بِمِيسَمٍ حَسَبًا وَدِينَا,Before Islam: VIth century,wafir_complete,wafir_complete
Amr Ibn Kolthoum,Moallaqa,91,وَمَا مَنَعَ الظَّعَائِنَ مِثْلُ ضَرْبٍ,تَرَى مِنْهُ السَّوَاعِدَ كَالقُلِينَا,Before Islam: VIth century,wafir_complete,wafir_complete
Amr Ibn Kolthoum,Moallaqa,92,كَأَنَّا وَالسُّيُوفُ مُسَلَّلَاتٌ,وَلَدْنَا النَّاسَ طُرًّا أَجْمَعِينَا,Before Islam: VIth century,wafir_complete,wafir_complete
Amr Ibn Kolthoum,Moallaqa,93,يُدَهْدُونَ الرُّؤُوسَ كَمَا تُدَهْدِي,حَزَاوِرَةٌ بِأَبْطَحِهَا الكُرِينَا,Before Islam: VIth century,wafir_complete,wafir_complete
Amr Ibn Kolthoum,Moallaqa,94,وَقَدْ عَلِمَ القَبَائِلُ مِنْ مَعَدٍّ,إِذَا قُبَبٌ بِأَبْطَحِهَا بُنِينَا,Before Islam: VIth century,wafir_complete,wafir_complete
Amr Ibn Kolthoum,Moallaqa,95,بِأَنَّا المُطْعِمُونَ إِذَا قَدَرْنَا,وَأَنَّا المُهْلِكُونَ إِذَا ابْتُلِينَا,Before Islam: VIth century,wafir_complete,wafir_complete
Amr Ibn Kolthoum,Moallaqa,96,وَأَنَّا المَانِعُونَ لِمَا أَرَدْنَا,وَأَنَّا النَّازِلُونَ بِحَيْثُ شِينَا,Before Islam: VIth century,wafir_complete,wafir_complete
Amr Ibn Kolthoum,Moallaqa,97,وَأَنَّا التَّارِكُونَ إِذَا سَخِطْنَا,وَأَنَّا الآخِذُونَ إِذَا رَضِينَا,Before Islam: VIth century,wafir_complete,wafir_complete
Amr Ibn Kolthoum,Moallaqa,98,وَأَنَّا العَاصِمُونَ إِذَا أُطِعْنَا,وَأَنَّا العَازِمُونَ إِذَا عُصِينَا,Before Islam: VIth century,wafir_complete,wafir_complete
Amr Ibn Kolthoum,Moallaqa,99,وَنَشْرَبُ إِنْ وَرَدْنَا المَاءَ صَفْوًا,وَيَشْرَبُ غَيْرُنَا كَدَرًا وَطِينَا,Before Islam: VIth century,wafir_complete,wafir_complete
Amr Ibn Kolthoum,Moallaqa,100,أَلَا أَبْلِغْ بَنِي الطَّمَّاحِ عَنَّا,وَدُعْمِيًّا فَكَيْفَ وَجَدْتُمُونَا,Before Islam: VIth century,wafir_complete,wafir_complete
Antara Ibn Chaddad,Moallaqa,1,هَلْ غَادَرَ الشُّعَرَاءُ مِنْ مُتَرَدَّمِي,أَمْ هَلْ عَرَفْتَ الدَّارَ بَعْدَ تَوَهُّمِ,Before Islam: VIth century,kamil_complete,kamil_complete
Antara Ibn Chaddad,Moallaqa,2,أَعْيَاكَ رَسْمُ الدَّارِ لَمْ يَتَكَلَّمِي,حَتَّى تَكَلَّمَ كَالأَصَمِّ الأَعْجَمِي,Before Islam: VIth century,kamil_complete,kamil_complete
Antara Ibn Chaddad,Moallaqa,3,وَلَقَدْ حَبَسْتُ بِهَا طَوِيلًا نَاقَتِي,أَشْكُو إِلَى سُفْعٍ رَوَاكِدِ جِثَّمِي,Before Islam: VIth century,kamil_complete,kamil_complete
Antara Ibn Chaddad,Moallaqa,4,يَادَارَ عَبْلَةَ بِالجَوَاءِ تَكَلَّمِي,وَعَمِي صَبَاحًا دَارَ عَبْلَةَ وَاسْلَمِي,Before Islam: VIth century,kamil_complete,kamil_complete
Antara Ibn Chaddad,Moallaqa,5,دَارٌ لِآنِسَةٍ غَضِيضٍ طَرْفُهَا,طَوْعَ العِنَاقِ لَذِيذَةِ المُتَبَسَّمِي,Before Islam: VIth century,kamil_complete,kamil_complete
Antara Ibn Chaddad,Moallaqa,6,فَوَقَفْتُ فِيهَا نَاقَتِي وَكَأَنَّهَا,فَدَنٌ لِأَقْضِيَ حَاجَةَ المُتَلَوِّمِ,Before Islam: VIth century,kamil_complete,kamil_complete
Antara Ibn Chaddad,Moallaqa,7,وَتَحُلُّ عَبْلَةُ بِالجَوَاءِ وَأَهْلُنَا,بِالحَزْنِ فَالصَّمَّانِ فَالمُتَثَلَّمِ,Before Islam: VIth century,kamil_complete,kamil_complete
Antara Ibn Chaddad,Moallaqa,8,حُيِّيتَ مِنْ طَلَلٍ تَقَادَمَ عَهْدُهُ,أَقْوَى وَأَقْفَرَ بَعْدَ أُمِّ الهَيْثَمِ,Before Islam: VIth century,kamil_complete,kamil_complete
Antara Ibn Chaddad,Moallaqa,9,حَلَّتْ بِأَرْضِ الزَّائِرِينَ فَأَصْبَحَتْ,عَسِرًا عَلَيَّ طِلَابُكِ ابْنَةَ مَخْرَمِ,Before Islam: VIth century,kamil_complete,kamil_complete
Antara Ibn Chaddad,Moallaqa,10,عُلِّقْتُهَا عَرَضًا وَأَقْتُلُ قَوْمَهَا,زَعْمًا لَعَمْرُ أَبِيكَ لَيْسَ بِمَزْعَمِ,Before Islam: VIth century,kamil_complete,kamil_complete
Antara Ibn Chaddad,Moallaqa,11,وَلَقَدْ نَزَلْتِ فَلَا تَظُنِّي غَيْرَهُ,مِنِّي بِمَنْزِلَةِ المُحِبِّ المُكْرَمِ,Before Islam: VIth century,kamil_complete,kamil_complete
Antara Ibn Chaddad,Moallaqa,12,كَيْفَ المَزَارُ وَقَدْ تَرَبَّعَ أَهْلُهَا,بِعُنَيْزَتَيْنِ وَأَهْلُنَا بِالغَيْلَمِ,Before Islam: VIth century,kamil_complete,kamil_complete
Antara Ibn Chaddad,Moallaqa,13,إِنْ كُنْتِ أَزْمَعْتِ الفِرَاقَ فَإِنَّمَا,زُمَّتْ رِكَابُكُمُ بِلَيْلٍ مُظْلِمِ,Before Islam: VIth century,kamil_complete,kamil_complete
Antara Ibn Chaddad,Moallaqa,14,مَا رَاعَنِي إِلَّا حَمُولَةُ أَهْلِهَا,وَسْطَ الدِّيَارِ تَسَفُّ حَبَّ الخِمْخِمِ,Before Islam: VIth century,kamil_complete,kamil_complete
Antara Ibn Chaddad,Moallaqa,15,فِيهَا اثْنَتَانِ وَأَرْبَعُونَ حَلُوبَةً,سُودًا كَخَافِيَةِ الغُرَابِ الأَسْحَمِ,Before Islam: VIth century,kamil_complete,kamil_complete
Antara Ibn Chaddad,Moallaqa,16,إِذْ تَسْتَبِيكَ بِذِي غُرُوبٍ وَاضِحٍ,عَذْبٍ مُقَبَّلُهُ لَذِيذِ المَطْعَمِ,Before Islam: VIth century,kamil_complete,kamil_complete
Antara Ibn Chaddad,Moallaqa,17,وَكَأَنَّمَا نَظَرَتْ بِعَيْنَيْ شَادِنٍ,رَشَأٍ مِنَ الغِزْلَانِ لَيْسَ بِتَوْأَمِي,Before Islam: VIth century,kamil_complete,kamil_complete
Antara Ibn Chaddad,Moallaqa,18,وَكَأَنَّ فَأْرَةَ تَاجِرٍ بِقَسِيمَةٍ,سَبَقَتْ عَوَارِضَهَا إِلَيْكَ مِنَ الفَمِ,Before Islam: VIth century,kamil_complete,kamil_complete
Antara Ibn Chaddad,Moallaqa,19,أَوْ رَوْضَةً أُنُفًا تَضَمَّنَ نَبْتَهَا,غَيْثٌ قَلِيلُ الدِّمْنِ لَيْسَ بِمُعْلَمِ,Before Islam: VIth century,kamil_complete,kamil_complete
Antara Ibn Chaddad,Moallaqa,20,جَادَتْ عَلَيْهَا كُلُّ بِكْرٍ حُرَّةٍ,فَتَرَكْنَ كُلَّ قَرَارَةٍ كَالدِّرْهَمِ,Before Islam: VIth century,kamil_complete,kamil_complete
Antara Ibn Chaddad,Moallaqa,21,سَحًّا وَتِسْكَابًا فَكُلُّ عَشِيَّةٍ,يَجْرِي عَلَيْهَا المَاءُ لَمْ يَتَصَرَّمِ,Before Islam: VIth century,kamil_complete,kamil_complete
Antara Ibn Chaddad,Moallaqa,22,وَخَلَا الذُّبَابَ بِهَا فَلَيْسَ بِبَارِحٍ,غَرِدًا كَفِعْلِ الشَّارِبِ المُتَرَنِّمِ,Before Islam: VIth century,kamil_complete,kamil_complete
Antara Ibn Chaddad,Moallaqa,23,هَزِجًا يَحُكُّ ذِرَاعَهُ بِذِرَاعِهِ,قَدْحَ المُكِبِّ عَلَى الزِّنَادِ الأَجْذَمِ,Before Islam: VIth century,kamil_complete,kamil_complete
Antara Ibn Chaddad,Moallaqa,24,تُمْسِي وَتُصْبِحُ فَوْقَ ظَهْرِ حَشِيَّةٍ,وَأَبِيتُ فَوْقَ سَرَاةِ أَدْهَمَ مُلْجَمِ,Before Islam: VIth century,kamil_complete,kamil_complete
Antara Ibn Chaddad,Moallaqa,25,وَحَشِيَّتِي سَرْجٌ عَلَى عَبْلِ الشَّوَى,نَهْدٍ مَرَاكِلُهُ نَبِيلِ المَحْزِمِ,Before Islam: VIth century,kamil_complete,kamil_complete
Antara Ibn Chaddad,Moallaqa,26,هَلْ تُبْلِغَنِّي دَارَهَا شَدَنِيَّةٌ,لُعِنَتْ بِمَحْرُومِ الشَّرَابِ مُصَرَّمِ,Before Islam: VIth century,kamil_complete,kamil_complete
Antara Ibn Chaddad,Moallaqa,27,خَطَّارَةٌ غِبَّ السُّرَى مَوَّارَةٌ,تَطِسُ الإِكَامَ بِذَاتِ خُفٍّ مِيْثَمِ,Before Islam: VIth century,kamil_complete,kamil_complete
Antara Ibn Chaddad,Moallaqa,28,وَكَأَنَّمَا أَقِصَ الإِكَامَ عَشِيَّةً,بِقَرِيبِ بَيْنَ المَنْسِمَيْنِ مُصَلَّمِ,Before Islam: VIth century,kamil_complete,kamil_complete
Antara Ibn Chaddad,Moallaqa,29,تَأْوِي لَهُ قُلُصُ النَّعَامِ كَمَا أَوَتْ,حِزَقٌ يَمَانِيَةٌ لِأَعْجَمَ طِمْطِمِ,Before Islam: VIth century,kamil_complete,kamil_complete
Antara Ibn Chaddad,Moallaqa,30,يَتْبَعْنَ قُلَّةَ رَأْسِهِ وَكَأَنَّهُ,حِدْجٌ عَلَى نَعْشٍ لَهُنَّ مُخَيَّمِ,Before Islam: VIth century,kamil_complete,kamil_complete
Antara Ibn Chaddad,Moallaqa,31,صَعْلٍ يَعُودُ بِذِي العُشَيْرَةِ بَيْضَةٌ,كَالعَبْدِ ذِي الفَرْوِ الطَّوِيلِ الأَصْلَمِ,Before Islam: VIth century,kamil_complete,kamil_complete
Antara Ibn Chaddad,Moallaqa,32,شَرَبَتْ بِمَاءِ الدُّحْرُضَيْنِ فَأَصْبَحَتْ,زَوْرَاءَ تَنْفِرُ عَنْ حِيَاضِ الدَّيْلَمِ,Before Islam: VIth century,kamil_complete,kamil_complete
Antara Ibn Chaddad,Moallaqa,33,وَكَأَنَّمَا تَنْأَى بِجَانِبِ دَفِّهَا الْ,وَحْشِيِّ مِنْ هَزِجِ العَشِيِّ مُؤَوَّمِ,Before Islam: VIth century,kamil_complete,kamil_complete
Antara Ibn Chaddad,Moallaqa,34,هِرٍّ جَنِيبٍ كُلَّمَا عَطَفَتْ لَهُ,غَضَبِي اتَّقَاهَا بِاليَدَيْنِ وَبِالفَمِ,Before Islam: VIth century,kamil_complete,kamil_complete
Antara Ibn Chaddad,Moallaqa,35,أَبْقَى لَهَا طُولَ السِّفَارِ مُقَرْمَدًا,سَنَدًا وَمِثْلَ دَعَائِمِ المُتَخَيِّمِ,Before Islam: VIth century,kamil_complete,kamil_complete
Antara Ibn Chaddad,Moallaqa,36,بَرَكَتْ عَلَى جَنَبِ الرِّدَاعِ كَأَنَّمَا,بَرَكَتْ عَلَى قَصَبٍ أَجَشَّ مُهَضَّمِ,Before Islam: VIth century,kamil_complete,kamil_complete
Antara Ibn Chaddad,Moallaqa,37,وَكَأَنَّ رُبًّا أَوْ كُحَيْلًا مُعْقَدًا,حَشَّ الوَقُودُ بِهِ جَوَانِبَ قُمْقُمِ,Before Islam: VIth century,kamil_complete,kamil_complete
Antara Ibn Chaddad,Moallaqa,38,يَنْبَاعُ مِنْ ذِفْرَى غَضُوبٍ جَسْرَةٍ,زَيَّافَةٍ مِثْلَ الفَنِيقِ المُكْدَمِ,Before Islam: VIth century,kamil_complete,rajaz_complete
Antara Ibn Chaddad,Moallaqa,39,إِنْ تُغْدِفِي دُونِي القِنَاعَ فَإِنَّنِي,طَبٌّ بِأَخْذِ الفَارِسِ المُسْتَلْئِمِ,Before Islam: VIth century,kamil_complete,kamil_complete
Antara Ibn Chaddad,Moallaqa,40,أَثْنِي عَلَيَّ بِمَا عَلِمْتِ فَإِنَّنِي,سَهْلٌ مُخَالَقَتِي إِذَا لَمْ أُظْلَمِ,Before Islam: VIth century,kamil_complete,kamil_complete
Antara Ibn Chaddad,Moallaqa,41,وَإِذَا ظُلِمْتُ فَإِنَّ ظُلْمِيَ بَاسِلٌ,مُرٌّ مَذَاقَتُهُ كَطَعْمِ العَلْقَمِ,Before Islam: VIth century,kamil_complete,kamil_complete
Antara Ibn Chaddad,Moallaqa,42,وَلَقَدْ شَرِبْتُ مِنَ المُدَامَةِ بَعْدَمَا,رَكَدَ الهَوَاجِرُ بِالمَشُوفِ المُعْلَمِ,Before Islam: VIth century,kamil_complete,kamil_complete
Antara Ibn Chaddad,Moallaqa,43,بِزُجَاجَةٍ صَفْرَاءَ ذَاتِ أَسِرَّةٍ,قُرِنَتْ بِأَزْهَرَ فِي الشَّمَالِ مُفَدَّمِ,Before Islam: VIth century,kamil_complete,kamil_complete
Antara Ibn Chaddad,Moallaqa,44,فَإِذَا شَرَبْتُ فَإِنَّنِي مُسْتَهْلِكٌ,مَالِي وَعِرْضِي وَافِرٌ لَمْ يُكْلَمِ,Before Islam: VIth century,kamil_complete,kamil_complete
Antara Ibn Chaddad,Moallaqa,45,وَإِذَا صَحَوْتُ فَمَا أُقَصِّرُ عَنْ نَدًى,وَكَمَا عَلِمْتِ شَمَائِلِي وَتَكَرُّمِي,Before Islam: VIth century,kamil_complete,kamil_complete
Antara Ibn Chaddad,Moallaqa,46,وَحَلِيلِ غَانِيَةٍ تَرَكْتُ مُجَدَّلًا,تَمْكُو فَرِيصَتُهُ كَشِدْقِ الأَعْلَمِ,Before Islam: VIth century,kamil_complete,kamil_complete
Antara Ibn Chaddad,Moallaqa,47,سَبَقَتْ يَدَايَ لَهُ بِعَاجِلِ طَعْنَةٍ,وَرَشَاشِ نَافِذَةٍ كَلَوْنِ العَنْدَمِ,Before Islam: VIth century,kamil_complete,kamil_complete
Antara Ibn Chaddad,Moallaqa,48,هَلَّا سَأَلْتِ الخَيْلَ يَا ابْنَةَ مَالِكٍ,إِنْ كُنْتِ جَاهِلَةً بِمَا لَمْ تَعْلَمِي,Before Islam: VIth century,kamil_complete,kamil_complete
Antara Ibn Chaddad,Moallaqa,49,إِذْ لَا أَزَالُ عَلَى رِحَالَةِ سَابِحٍ,نَهْدٍ تَعَاوَرُهُ الكُمَاةُ مُكَلَّمِ,Before Islam: VIth century,kamil_complete,kamil_complete
Antara Ibn Chaddad,Moallaqa,50,طَوْرًا يُجَرَّدُ لِلطِّعَانِ وَتَارَةً,يَأْوِي إِلَى حَصِدِ القِسِيِّ عَرَمْرِمِ,Before Islam: VIth century,kamil_complete,kamil_complete
Antara Ibn Chaddad,Moallaqa,51,يُخْبِرْكِ مَنْ شَهِدَ الوَقِيعَةَ أَنَّنِي,أَغْشَى الوَغَى وَأَعِفُّ عِنْدَ المَغْنَمِ,Before Islam: VIth century,kamil_complete,kamil_complete
Antara Ibn Chaddad,Moallaqa,52,وَلَقَدْ ذَكَرْتُكِ وَالرِّمَاحُ نَوَاهِلٌ,مِنِّي وَبِيضُ الهِنْدِ تَقْطُرُ مِنْ دَمِي,Before Islam: VIth century,kamil_complete,kamil_complete
Antara Ibn Chaddad,Moallaqa,53,فَوَدِدْتُ تَقْبِيلَ السُّيُوفِ لِأَنَّهَا,لَمَعَتْ كَبَارِقِ ثَغْرِكِ المُتَبَسِّمِ,Before Islam: VIth century,kamil_complete,kamil_complete
Antara Ibn Chaddad,Moallaqa,54,وَمُدَجِّجٍ كَرِهَ الكُمَاةُ نِزَالَهُ,لَا مُمْعِنٍ هَرَبًا وَلَا مُسْتَسْلِمِ,Before Islam: VIth century,kamil_complete,kamil_complete
Antara Ibn Chaddad,Moallaqa,55,جَادَتْ لَهُ كَفِّي بِعَاجِلِ طَعْنَةٍ,بِمُثَقَّفٍ صَدْقِ الكُعُوبِ مُقَوَّمِ,Before Islam: VIth century,kamil_complete,kamil_complete
Antara Ibn Chaddad,Moallaqa,56,بِرَحِيبَةِ الفَرْغَيْنِ يَهْدِي جَرْسُهَا,بِاللَّيْلِ مُعْتَسَّ الذِّئَابِ الضُّرَّمِ,Before Islam: VIth century,kamil_complete,kamil_complete
Antara Ibn Chaddad,Moallaqa,57,فَشَكَكْتُ بِالرُّمْحِ الأَصَمِّ ثِيَابَهُ,لَيْسَ الكَرِيمُ عَلَى القَنَا بِمُحَرَّمِ,Before Islam: VIth century,kamil_complete,kamil_complete
Antara Ibn Chaddad,Moallaqa,58,فَتَرَكْتُهُ جَزَرَ السِّبَاعِ يَنُشْنَهُ,يَقْضِمْنَ حُسْنَ بَنَانِهِ وَالمِعْصَمِ,Before Islam: VIth century,kamil_complete,kamil_complete
Antara Ibn Chaddad,Moallaqa,59,وَمِشَكِّ سَابِغَةٍ هَتَكْتُ فُرُوجَهَا,بِالسَّيْفِ عَنْ حَامِي الحَقِيقَةِ مُعْلِمِ,Before Islam: VIth century,kamil_complete,kamil_complete
Antara Ibn Chaddad,Moallaqa,60,رَبِذٍ يَدَاهُ بِالقِدَاحِ إِذَا شَتَا,هَتَّاكِ غَايَاتِ التِّجَارِ مُلَوَّمِ,Before Islam: VIth century,kamil_complete,kamil_complete
Antara Ibn Chaddad,Moallaqa,61,لَمَّا رَآنِي قَدْ نَزَلْتُ أُرِيدُهُ,أَبْدَى نَوَاجِذَهُ لِغَيْرِ تَبَسُّمِ,Before Islam: VIth century,kamil_complete,kamil_complete
Antara Ibn Chaddad,Moallaqa,62,فَطَعَنْتُهُ بِالرُّمْحِ ثُمَّ عَلَوْتُهُ,بِمُهَنَّدٍ صَافِي الحَدِيدَةِ مِخْذَمِ,Before Islam: VIth century,kamil_complete,kamil_complete
Antara Ibn Chaddad,Moallaqa,63,عَهْدِي بِهِ مَدَّ النَّهَارِ كَأَنَّمَا,خُضِبَ البَنَانُ وَرَأْسُهُ بِالعِظْلِمِ,Before Islam: VIth century,kamil_complete,kamil_complete
Antara Ibn Chaddad,Moallaqa,64,بَطَلٍ كَأَنَّ ثِيَابَهُ فِي سَرْحَةٍ,يُحْذَى نِعَالَ السِّبْتِ لَيْسَ بِتَوْأَمِ,Before Islam: VIth century,kamil_complete,kamil_complete
Antara Ibn Chaddad,Moallaqa,65,يَا شَاةُ مِنْ قَنْصٍ لِمَنْ حَلَّتْ لَهُ,حَرُمَتْ عَلَيَّ وَلَيْتَهَا لَمْ تَحْرُمِ,Before Islam: VIth century,kamil_complete,kamil_complete
Antara Ibn Chaddad,Moallaqa,66,فَبَعَثْتُ جَارِيَتِي فَقُلْتُ لَهَا اذْهَبِي,فَتَجَسَّسِي أَخْبَارَهَا لِيَ وَاعْلَمِي,Before Islam: VIth century,kamil_complete,kamil_complete
Antara Ibn Chaddad,Moallaqa,67,قَالَتْ رَأَيْتُ مِنَ الأَعَادِي غِرَّةً,وَالشَّاةُ مُمْكِنَةٌ لِمَنْ هُوَ مُرْتَمِ,Before Islam: VIth century,kamil_complete,kamil_complete
Antara Ibn Chaddad,Moallaqa,68,وَكَأَنَّمَا التَفَتَتْ بِجِيدِ جَدَايَةٍ,رَشَأٍ مِنَ الغِزْلَانِ حُرٍّ أَرْثَمِ,Before Islam: VIth century,kamil_complete,kamil_complete
Antara Ibn Chaddad,Moallaqa,69,نُبِّئْتُ عَمْرًا غَيْرَ شَاكِرِ نِعْمَتِي,وَالكُفْرُ مَخْبَثَةٌ لِنَفْسِ المُنْعِمِ,Before Islam: VIth century,kamil_complete,kamil_complete
Antara Ibn Chaddad,Moallaqa,70,وَلَقَدْ حَفِظْتُ وَصَاةَ عَمِّي بِالضُّحَى,إِذْ تَقْلِصُ الشَّفَتَانِ عَنْ وَضَحِ الفَمِ,Before Islam: VIth century,kamil_complete,kamil_complete
Antara Ibn Chaddad,Moallaqa,71,فِي حَوْمَةِ المَوْتِ التِي لَا تَشْتَكِي,غَمَرَاتِهَا الأَبْطَالُ غَيْرَ تَغَمْغُمِ,Before Islam: VIth century,kamil_complete,kamil_complete
Antara Ibn Chaddad,Moallaqa,72,إِذْ يَتَّقُونَ بِيَ الأَسِنَّةَ لَمْ أَخِمْ,عَنْهَا وَلَكِنِّي تَضَايَقَ مُقْدَمِي,Before Islam: VIth century,kamil_complete,kamil_complete
Antara Ibn Chaddad,Moallaqa,73,وَلَقَدْ هَمَمْتُ بِغَارَةٍ فِي لَيْلَةٍ,سَوْدَاءَ حَالِكَةٍ كَلَوْنِ الأَدْلَمِ,Before Islam: VIth century,kamil_complete,kamil_complete
Antara Ibn Chaddad,Moallaqa,74,لَمَّا سَمِعْتُ نِدَاءَ مُرَّةَ قَدْ عَلَا,وَابْنَيْ رَبِيعَةَ فِي الغُبَارِ الأَقْتَمِ,Before Islam: VIth century,kamil_complete,kamil_complete
Antara Ibn Chaddad,Moallaqa,75,وَمُحَلِّمٌ يَسْعَوْنَ تَحْتَ لِوَائِهِمْ,وَالْمَوْتُ تَحْتَ لِوَاءِ آلِ مُحَلِّمِ,Before Islam: VIth century,kamil_complete,kamil_complete
Antara Ibn Chaddad,Moallaqa,76,أَيْقَنْتُ أَنْ سَيَكُونُ عِنْدَ لِقَائِهِمْ,ضَرْبٌ يُطِيرُ عَنِ الفِرَاخِ الجُثَّمِ,Before Islam: VIth century,kamil_complete,kamil_complete
Antara Ibn Chaddad,Moallaqa,77,لَمَّا رَأَيْتُ القَوْمَ أَقْبَلَ جَمْعُهُمْ,يَتَذَامَرُونَ كَرَرْتُ غَيْرَ مُذَمَّمِ,Before Islam: VIth century,kamil_complete,kamil_complete
Antara Ibn Chaddad,Moallaqa,78,يَدْعُونَ عَنْتَرَ وَالرِّمَاحُ كَأَنَّهَا,أَشْطَانُ بِئْرٍ فِي لَبَانِ الأَدْهَمِ,Before Islam: VIth century,kamil_complete,kamil_complete
Antara Ibn Chaddad,Moallaqa,79,مَا زِلْتُ أَرْمِيهُمْ بِثُغْرَةِ نَحْرِهِ,وَلَبَانِهِ حَتَّى تَسَرْبَلَ بِالدَّمِ,Before Islam: VIth century,kamil_complete,kamil_complete
Antara Ibn Chaddad,Moallaqa,80,فَازْوَرَّ مِنْ وَقْعِ القَنَا بِلَبَانِهِ,وَشَكَا إِلَيَّ بِعَبْرَةٍ وَتَحَمْحُمِ,Before Islam: VIth century,kamil_complete,kamil_complete
Antara Ibn Chaddad,Moallaqa,81,لَوْ كَانَ يَدْرِي مَا المُحَاوَرَةُ اشْتَكَى,وَلَكَانَ لَوْ عَلِمِ الكَلَامَ مُكَلِّمِي,Before Islam: VIth century,kamil_complete,kamil_complete
Antara Ibn Chaddad,Moallaqa,82,وَلَقَدْ شَفَى نَفْسِي وَأَبْرَأَ سُقْمَهَا,قِيلُ الفَوَارِسِ وَيْكَ عَنْتَرَ أَقْدِمِ,Before Islam: VIth century,kamil_complete,kamil_complete
Antara Ibn Chaddad,Moallaqa,83,وَالخَيْلُ تَقْتَحِمُ الخَبَارَ عَوَابِسًا,مِنْ بَيْنِ شَيْظَمَةٍ وَأَجْرَدَ شَيْظَمِ,Before Islam: VIth century,kamil_complete,kamil_complete
Antara Ibn Chaddad,Moallaqa,84,ذُلَلٌ رِكَابِي حَيْثُ شِئْتُ مُشَايِعِي,لُبِّي وَأَحْفِزُهُ بِأَمْرٍ مُبْرَمِ,Before Islam: VIth century,kamil_complete,kamil_complete
Antara Ibn Chaddad,Moallaqa,85,إِنِّي عَدَانِي أَنْ أَزُورَكِ فَاعْلَمِي,مَا قَدْ عَلِمْتُ وَبَعْضُ مَا لَمْ تَعْلَمِي,Before Islam: VIth century,kamil_complete,kamil_complete
Antara Ibn Chaddad,Moallaqa,86,حَالَتْ رِمَاحُ ابْنَي بَغِيضٍ دُونَكُمْ,وَزَوَتْ جَوَانِيَ حَرْبِ مَنْ لَمْ يُجْرِمِ,Before Islam: VIth century,kamil_complete,kamil_complete
Antara Ibn Chaddad,Moallaqa,87,وَلَقَدْ خَشَيْتُ بِأَنْ أَمُوتَ وَلَمْ تَدُرْ,لِلْحَرْبِ دَائِرَةٌ عَلَى ابْنَي ضَمْضَمِ,Before Islam: VIth century,kamil_complete,kamil_complete
Antara Ibn Chaddad,Moallaqa,88,الشَّاتِمَيْ عِرْضِي وَلَمْ أَشْتِمْهُمَا,وَالنَّاذِرَيْنِ إِذَا لَمِ القَهُمَا دَمِي,Before Islam: VIth century,kamil_complete,kamil_complete
Antara Ibn Chaddad,Moallaqa,89,إِنْ يَفْعَلَا فَلَقَدْ تَرَكْتُ أَبَاهُمَا,جَزَرَ السِّبَاعِ وَكُلِّ نَسْرٍ قَشْعَمِ,Before Islam: VIth century,kamil_complete,kamil_complete
Antara Ibn Chaddad,Yaa 3ablo Khalli,1,يَا عَبْلَ خَلِّي عَنْكِ قَوْلَ المُفْتَرِي,وَاصْغِي إِلَى قَوْلِ المُحِبِّ المُخْبِرِ,Before Islam: VIth century,kamil_complete,rajaz_complete
Antara Ibn Chaddad,Yaa 3ablo Khalli,2,وَخُذِي كَلَامًا صُغْتُهُو مِنْ عَسْجَدٍ,وَمَعَانِيًا رَصَّعْتُهَا بِالجَوْهَرِ,Before Islam: VIth century,kamil_complete,kamil_complete
Antara Ibn Chaddad,Yaa 3ablo Khalli,3,كَمْ مَهْمَهٍ قَفْرٍ بِنَفْسِي خُضْتُهُ,وَمُفَاوِزٍ جَاوَزْتُهَا بِالأَبْجَرِ,Before Islam: VIth century,kamil_complete,kamil_complete
Antara Ibn Chaddad,Yaa 3ablo Khalli,4,كَمْ جَحْفَلٍ مِثْلِ الضَّبَابِ هَزَمْتُهُ,بِمُهَنَّدٍ مَاضٍ وَرُمْحٍ أَسْمَرِ,Before Islam: VIth century,kamil_complete,kamil_complete
Antara Ibn Chaddad,Yaa 3ablo Khalli,5,كَمْ فَارِسٍ بَيْنَ الصُّفُوفِ أَخَذْتُهُ,وَالخَيْلُ تَعْثُرُ بِالقَنَا المُتَكَسِّرِ,Before Islam: VIth century,kamil_complete,kamil_complete
Antara Ibn Chaddad,Yaa 3ablo Khalli,6,يَا عَبْلَ دُونَكِ كُلَّ حَيٍّ فَاسْأَلِي,إِنْ كَانَ عِنْدَكِ شُبْهَةٌ فِي عَنْتَرِ,Before Islam: VIth century,kamil_complete,kamil_complete
Antara Ibn Chaddad,Yaa 3ablo Khalli,7,يَا عَبْلَ هَلْ بُلِّغْتِ يَوْمًا أَنَّنِي,وَلَّيْتُ مُنْهَزِمًا هَزِيمَةَ مُدْبِرِ,Before Islam: VIth century,kamil_complete,kamil_complete
Antara Ibn Chaddad,Yaa 3ablo Khalli,8,كَمْ فَارِسٍ غَادَرْتُ يَأْكُلُ لَحْمَهُ,ضَارِي الذِّئَابِ وَكَاسِرَاتُ الأَنْسُرِ,Before Islam: VIth century,kamil_complete,kamil_complete
Antara Ibn Chaddad,Yaa 3ablo Khalli,9,أَفْرِي الصُّدُورَ بِكُلِّ طَعْنٍ هَائِلٍ,وَالسَّابِغَاتِ بِكُلِّ ضَرْبٍ مُنْكَرِ,Before Islam: VIth century,kamil_complete,kamil_complete
Antara Ibn Chaddad,Yaa 3ablo Khalli,10,وَإِذَا رَكِبْتُ تَرَى الجِبَالَ تَضِجُّ مِنْ,رَكَضِ الخُيُولِ وَكُلَّ قُطْرٍ مُوعِرِ,Before Islam: VIth century,kamil_complete,kamil_complete
Antara Ibn Chaddad,Yaa 3ablo Khalli,11,وَإِذَا غَزَوْتُ تَحُومُ عِقْبَانُ الفَلِي,حَوْلِي فَتَطْعُمُ كَبْدَ كُلِّ غَضَنْفَرِ,Before Islam: VIth century,kamil_complete,kamil_complete
Antara Ibn Chaddad,Yaa 3ablo Khalli,12,وَلَكَمْ خَطِفْتُ مُدَرَّعًا مِنْ سَرْجِهِ,فِي الحَرْبِ وَهْوَ بِنَفْسِهِ لَمْ يَشْعُرِ,Before Islam: VIth century,kamil_complete,kamil_complete
Antara Ibn Chaddad,Yaa 3ablo Khalli,13,وَلَكَمْ وَرَدْتُ المَوْتَ أَعْظَمَ مَوْرِدٍ,وَصَدَرْتُ عَنْهُ فَكَانَ أَعْظَمَ مَصْدَرِ,Before Islam: VIth century,kamil_complete,kamil_complete
Antara Ibn Chaddad,Yaa 3ablo Khalli,14,يَا عَبْلَ لَوْ عَايَنْتِ فِعْلِي فِي العَدِي,مِنْ كُلِّ شِلْوٍ بِالتُّرَابِ مُعَفَّرِ,Before Islam: VIth century,kamil_complete,kamil_complete
Antara Ibn Chaddad,Yaa 3ablo Khalli,15,وَالخَيْلُ فِي وَسَطِ المَضِيقِ تَبَادَرَتْ,نَحْوِي كَمِثْلِ العَارِضِ المُتَفَجِّرِ,Before Islam: VIth century,kamil_complete,kamil_complete
Antara Ibn Chaddad,Yaa 3ablo Khalli,16,مِنْ كُلِّ أَدْهَمَ كَالرِّيَاحِ إِذَا جَرَى,أَوْ أَشْهَبٍ عَالِي المَطَا أَوْ أَشْقَرِ,Before Islam: VIth century,kamil_complete,kamil_complete
Antara Ibn Chaddad,Yaa 3ablo Khalli,17,فَصَرَخْتُ فِيهِمْ صَرْخَةً عَبَسِيَّةً,كَالرَّعْدِ تَدْوِي فِي قُلُوبِ العَسْكَرِ,Before Islam: VIth century,kamil_complete,kamil_complete
Antara Ibn Chaddad,Yaa 3ablo Khalli,18,وَعَطَفْتُ نَحْوَهُمُ وَصُلْتُ عَلَيْهِمُو,وَصَدَمْتُ مَوْكِبَهُمْ بِصَدْرِ الأَبْجَرِ,Before Islam: VIth century,kamil_complete,kamil_complete
Antara Ibn Chaddad,Yaa 3ablo Khalli,19,وَطَرَحْتُهُمْ فَوْقَ الصَّعِيدِ كَأَنَّهُمْ,أَعْجَازُ نَخْلٍ فِي حَضِيضِ المَحْجَرِ,Before Islam: VIth century,kamil_complete,kamil_complete
Antara Ibn Chaddad,Yaa 3ablo Khalli,20,وَدِمَاؤُهُمْ فَوْقَ الدُّرُوعِ تَخَضَّبَتْ,مِنْهَا فَصَارَتْ كَالعَقِيقِ الأَحْمَرِ,Before Islam: VIth century,kamil_complete,kamil_complete
Antara Ibn Chaddad,Yaa 3ablo Khalli,21,وَلَرُبَّمَا عَثَرَ الجَوَادُ بِفَارِسٍ,وَيَخَالُ أَنَّ جَوَادَهُو لَمْ يَعْثُرِ,Before Islam: VIth century,kamil_complete,kamil_complete
Assilkato Ommo Al Saliik,Taafa yabghi najwatan,1,طَافَ يَبْغِي نَجْوَةً,مِنْ هَلَاكٍ فَهَلَكْ,Before Islam: VIth century,madid_partial,ramal_partial
Assilkato Ommo Al Saliik,Taafa yabghi najwatan,2,لَيْتَ شِعْرِي ضِلَّةً,أَيُّ شَيْءٍ قَتَلَكْ,Before Islam: VIth century,madid_partial,ramal_partial
Assilkato Ommo Al Saliik,Taafa yabghi najwatan,3,أَمَرِيضٌ لَمْ تُعَدْ,أَمْ عَدُوٌّ خَتَلَكْ,Before Islam: VIth century,madid_partial,ramal_partial
Assilkato Ommo Al Saliik,Taafa yabghi najwatan,4,أَمْ تَوَلَّى بِكَ مَا,غَالَ فِي الدَّهْرِ السُّلَكْ,Before Islam: VIth century,madid_partial,ramal_partial
Assilkato Ommo Al Saliik,Taafa yabghi najwatan,5,وَالمَنَايَا رَصَدٌ,لِلْفَتَى حَيْثُ سَلَكْ,Before Islam: VIth century,madid_partial,ramal_partial
Assilkato Ommo Al Saliik,Taafa yabghi najwatan,6,أَيُّ شَيْءٍ حَسَنٍ,لِلْفَتَى لَمْ يَكُ لَكْ,Before Islam: VIth century,madid_partial,ramal_partial
Assilkato Ommo Al Saliik,Taafa yabghi najwatan,7,كُلُّ شَيْءٍ قَاتِلٌ,حِينَ تَلْقَى أَجَلَكْ,Before Islam: VIth century,madid_partial,ramal_partial
Assilkato Ommo Al Saliik,Taafa yabghi najwatan,8,طَالَ مَا قَدْ نِلْتَ فِي,غَيْرِ كَدٍّ أَمَلَكْ,Before Islam: VIth century,madid_partial,ramal_partial
Assilkato Ommo Al Saliik,Taafa yabghi najwatan,9,إِنَّ أَمْرًا فَادِحًا,عَنْ جَوَابِي شَغَلَكْ,Before Islam: VIth century,madid_partial,ramal_partial
Assilkato Ommo Al Saliik,Taafa yabghi najwatan,10,سَأُعَزِّي النَّفْسَ إِذْ,لَمْ تُجِبْ مَنْ سَأَلَكْ,Before Islam: VIth century,madid_partial,ramal_partial
Assilkato Ommo Al Saliik,Taafa yabghi najwatan,11,لَيْتَ قَلْبِي سَاعَةً,صَبْرُهُ عَنْكَ مَلَكْ,Before Islam: VIth century,madid_partial,ramal_partial
Assilkato Ommo Al Saliik,Taafa yabghi najwatan,12,لَيْتَ نَفْسِي قُدِّمَتْ,لِلْمَنَايَا بَدَلَكْ,Before Islam: VIth century,madid_partial,ramal_partial
Aws Ibn Hajr,Alam Taksifi Achamso,1,أَلَمْ تُكْسَفِ الشَّمْسُ وَالبَدْرُ وَالْ,كَوَاكِبُ لِلْجَبَلِ الوَاجِبِ,Before Islam: VIth century,motaqaarib_complete,motaqaarib_complete
Aws Ibn Hajr,Alam Taksifi Achamso,2,لِفَقْدِ فَضَالَةَ لَا تَسْتَوِي الْ,فُقُودُ وَلَا خَلَّةُ الذَّاهِبِ,Before Islam: VIth century,motaqaarib_complete,motaqaarib_complete
Aws Ibn Hajr,Alam Taksifi Achamso,3,أَلَهْفًا عَلَى حُسْنِ أَخْلَاقِهِ,عَلَى الجَابِرِ العَظْمِ وَالحَارِبِ,Before Islam: VIth century,motaqaarib_complete,motaqaarib_complete
Aws Ibn Hajr,Alam Taksifi Achamso,4,عَلَى الأَرْوَعِ السَّقْبِ لَوْ أَنَّهُ,يَقُومُ عَلَى ذِرْوَةِ الصَّاقِبِ,Before Islam: VIth century,motaqaarib_complete,motaqaarib_complete
Aws Ibn Hajr,Alam Taksifi Achamso,5,لَأَصْبَحَ رَتْمًا دُقَاقَ الحَصَى,كَمَتْنِ النَّبِيِّ مِنَ الكَاثِبِ,Before Islam: VIth century,motaqaarib_complete,motaqaarib_complete
Aws Ibn Hajr,Alam Taksifi Achamso,6,وَرَقْبَتِهِ حَتَمَاتِ المُلُو,كِ بَيْنَ السُّرَادِقِ وَالحَاجِبِ,Before Islam: VIth century,motaqaarib_complete,motaqaarib_complete
Aws Ibn Hajr,Alam Taksifi Achamso,7,وَيَكْفِي المَقَالَةَ أَهْلَ الرِّجَا,لِ غَيْرَ مَعِيبٍ وَلَا عَائِبِ,Before Islam: VIth century,motaqaarib_complete,motaqaarib_complete
Aws Ibn Hajr,Alam Taksifi Achamso,8,وَيَحْبُو الخَلِيلَ بِخَيْرِ الحِبَا,ءِ غَيْرَ مُكِبٍّ وَلَا قَاطِبِ,Before Islam: VIth century,motaqaarib_complete,motaqaarib_complete
Aws Ibn Hajr,Alam Taksifi Achamso,9,بِرَأْسِ النَّجِيبَةِ وَالعَبْدِ وَالْ,وَلِيدَةِ كَالجُؤْذُرِ الكَاعِبِ,Before Islam: VIth century,motaqaarib_complete,motaqaarib_complete
Aws Ibn Hajr,Alam Taksifi Achamso,10,وَبِالأُدْمِ تُحْدَى عَلَيْهَا الرِّحَا,لُ وَبِالشَّوْلِ فِي الفَلَقِ العَاشِبِ,Before Islam: VIth century,motaqaarib_complete,motaqaarib_complete
Aws Ibn Hajr,Alam Taksifi Achamso,11,فَمَنْ يَكُ ذَا نَائِلٍ يَسْعَ مِنْ,فَضَالَةَ فِي أَثَرٍ لَاحِبِ,Before Islam: VIth century,motaqaarib_complete,motaqaarib_complete
Aws Ibn Hajr,Alam Taksifi Achamso,12,هُوَ الوَاهِبُ العِلْقَ عَيْنَ النَّفِي,سِ وَالمُتَعَلِّي عَلَى الوَاهِبِ,Before Islam: VIth century,motaqaarib_complete,motaqaarib_complete
Aws Ibn Hajr,Alam Taksifi Achamso,13,نَجِيحٌ مَلِيحٌ أَخُو مَأْقِطٍ,نِقَابٌ يُحَدِّثُ بِالغَائِبِ,Before Islam: VIth century,motaqaarib_complete,motaqaarib_complete
Aws Ibn Hajr,Alam Taksifi Achamso,14,فَأَبْرَحْتَ فِي كُلِّ خَيْرٍ فَمُ,يُعَاشِرُ سَعْيَكَ مِنْ طَالِبِ,Before Islam: VIth century,motaqaarib_complete,motaqaarib_complete
Bachar Ibn Bord,Taala Fi Hind,1,طَالَ فِي هِنْدٍ عِتَابِي,وَاشْتِيَاقِي وَطَلَابِ,Before Islam: VIth century,ramal_partial,ramal_partial
Bachar Ibn Bord,Taala Fi Hind,2,وَاخْتِلَافِي كُلَّ يَوْمٍ,بِمَوَاعِيدَ كِذَابِ,Before Islam: VIth century,ramal_partial,ramal_partial
Bachar Ibn Bord,Taala Fi Hind,3,وَاخْتِلَافِي كُلَّ يَوْمٍ,كَانَ مُمْسَى فِي تَبَابِ,Before Islam: VIth century,ramal_partial,ramal_partial
Bachar Ibn Bord,Taala Fi Hind,4,أَخْلَفَتْ حِينَا أُرِيدَتْ,مِثْلَ إِخْلَافِ السَّرَابِ,Before Islam: VIth century,ramal_partial,ramal_partial
Bachar Ibn Bord,Taala Fi Hind,5,لَامَنِي فِيهَا يَزِيدٌ,وَجَفَا دُونَ صِحَابِ,Before Islam: VIth century,ramal_partial,ramal_partial
Bachar Ibn Bord,Taala Fi Hind,6,قُلْتُ لِلَّائِمِ فِيهَا,غَصَّ مِنْهَا بِالشَّرَابِ,Before Islam: VIth century,ramal_partial,ramal_partial
Bachar Ibn Bord,Taala Fi Hind,7,لَا تُطَاعُ الدَّهْرَ فِيمَا,قَدْ عَنَانِي بِقَرَابِ,Before Islam: VIth century,ramal_partial,ramal_partial
Bachar Ibn Bord,Taala Fi Hind,8,لَيْتَ مَنْ لَامَا مُحِبَّا,وَرَمَاهُو بِاعْتِيَابِ,Before Islam: VIth century,ramal_partial,ramal_partial
Bachar Ibn Bord,Taala Fi Hind,9,أَرْهَقَتْ هَنْدٌ حَيَاتِي,مَا لِهِنْدٍ مِنْ مَتَابِ,Before Islam: VIth century,ramal_partial,ramal_partial
Bachar Ibn Bord,Taala Fi Hind,10,نَالَهُ اللَّهُ بِسُقْمٍ,شَاغِلٍ أَوْ بِعَذَابِ,Before Islam: VIth century,ramal_partial,ramal_partial
Bachar Ibn Bord,Taala Fi Hind,11,حَبَّلَتْنِي بِمُنَاهَا,وَرَقَاهَا فَالخِلَابِ,Before Islam: VIth century,ramal_partial,ramal_partial
Bachar Ibn Bord,Taala Fi Hind,12,كَيْفَ لَا تَأْوِي لِشَخْصٍ,هَائِمِ القَلْبِ مُصَابِ,Before Islam: VIth century,ramal_partial,ramal_partial
Bachar Ibn Bord,Taala Fi Hind,13,دَنَفٍ فِي حُبِّ هِنْدٍ,ذِي شُكَاةٍ وَانْتِحَابِ,Before Islam: VIth century,ramal_partial,ramal_partial
Bachar Ibn Bord,Taala Fi Hind,14,دَخَلَ الحُبُّ لِهِنْدٍ,قَلْبَهُو مِنْ كُلِّ بَابِ,Before Islam: VIth century,ramal_partial,ramal_partial
Bachar Ibn Bord,Taala Fi Hind,15,لَيْتَ لِي قَوْسًا وَنُبْلًا,حِينَ تُرْبَا حُبَابِ,Before Islam: VIth century,ramal_partial,ramal_partial
Bachar Ibn Bord,Taala Fi Hind,16,فَأُصِيبَ الْقَلْبُ مِنْهَا,بِمُحِدَّاتٍ صِيَابِ,Before Islam: VIth century,ramal_partial,ramal_partial
Bachar Ibn Bord,Taala Fi Hind,17,مِنْ سِهَامِ الحُبِّ إِنِّي,أَشْتَهِيهَا لِلْحِبَابِ,Before Islam: VIth century,ramal_partial,ramal_partial
Bachar Ibn Bord,Taala Fi Hind,18,وَلَقَدْ تَامَتْ فُؤَادِي,بِصُدُودٍ وَاجْتِنَابِ,Before Islam: VIth century,ramal_partial,ramal_partial
Bachar Ibn Bord,Taala Fi Hind,19,يَوْمَ قَامَتْ تَتَهَادَى,بَيْنَ إِتْبٍ وَسِخَابِ,Before Islam: VIth century,ramal_partial,ramal_partial
Bachar Ibn Bord,Taala Fi Hind,20,أَمْلَحُ النَّاسِ جَمِيعًا,سَافِرًا أَوْ فِي نِقَابِ,Before Islam: VIth century,ramal_partial,ramal_partial
Bachar Ibn Bord,Taala Fi Hind,21,كَمُلَتْ فِي العَيْنِ حُسْنًا,وَجَمَالًا فِي الثِّيَابِ,Before Islam: VIth century,ramal_partial,ramal_partial
Bachar Ibn Bord,Taala Fi Hind,22,أُذْكُرِي لَيْلَةَ نَلْهُ,فِي رُعُودٍ وَسَحَابِ,Before Islam: VIth century,ramal_partial,ramal_partial
Bachar Ibn Bord,Taala Fi Hind,23,وَحَدِيثًا نَصْطَفِيهِ,فِي عَفَافٍ وَتُصَابِ,Before Islam: VIth century,ramal_partial,ramal_partial
Bachar Ibn Bord,Taala Fi Hind,24,وَرَسُولًا بَاتَ يَسْرِي,فِي هَوَاكُمْ بِالكِتَابِ,Before Islam: VIth century,ramal_partial,ramal_partial
Bachar Ibn Bord,Taala Fi Hind,25,يُنْذِرُ العَاشِقَ حَتَّى,نَصَبُوا حَدَّ الحِرَابِ,Before Islam: VIth century,ramal_partial,ramal_partial
Bachar Ibn Bord,Taala Fi Hind,26,مِنْ عَدُوٍّ نَتَّقِيهِ,وَبَنِي عَمٍّ غُضَابِ,Before Islam: VIth century,ramal_partial,ramal_partial
Bachar Ibn Bord,Taala Fi Hind,27,طَرَقَتْ حُبِّي بِهَمٍّ,كَادَ يُنْسِينِي مَآبِ,Before Islam: VIth century,ramal_partial,ramal_partial
Bachar Ibn Bord,Taala Fi Hind,28,وَاسْتَرَادَتْنِي عَلَى الْهَوْ,لِ بِطَاعُونِ الشَّبَابِ,Before Islam: VIth century,ramal_partial,ramal_partial
Bachar Ibn Bord,Taala Fi Hind,29,كُلَّمَا جِئْتُ لِوَعْدٍ,نُ عَلَى ذَاتِ الحِجَابِ,Before Islam: VIth century,ramal_partial,ramal_partial
Bachar Ibn Bord,Taala Fi Hind,30,كُنْ غُرَابًا حِينَ تَأْتِي,بَيْنَنَا أَوْ كَغُرَابِ,Before Islam: VIth century,ramal_partial,ramal_partial
Bachar Ibn Bord,Taala Fi Hind,31,حَذَرَ العَيْنِ فَإِنَّا,لَمْ نَكُنْ أَهْلَ مُعَابِ,Before Islam: VIth century,ramal_partial,ramal_partial
Bachar Ibn Bord,Taala Fi Hind,32,فَتَحَضَّرْتُ بِنَفْسِي,نَحْوَهَا دُونَ القِرَابِ,Before Islam: VIth century,ramal_partial,ramal_partial
Bachar Ibn Bord,Taala Fi Hind,33,فَالْتَقَيْنَا بِحَدِيثٍ,مِنْ شَكَاةٍ وَعِتَابِ,Before Islam: VIth century,ramal_partial,ramal_partial
Bachar Ibn Bord,Taala Fi Hind,34,مَنْطِقٌ مِنْهَا وَمِنِّي,غَيْرَ تَحْقِيقٍ سِبَابِ,Before Islam: VIth century,ramal_partial,ramal_partial
Bachar Ibn Bord,Taala Fi Hind,35,قُلْتُ لَمَّا بَرِحَتْ بِي,لَمْ يَكُنْ هَذَا احْتِسَابِ,Before Islam: VIth century,ramal_partial,ramal_partial
Bachar Ibn Bord,Taala Fi Hind,36,حَيْثُ أَرْجُوكُمْ فَسُمْتُمْ,زُورَكُمْ سَوْطَ عَذَابِ,Before Islam: VIth century,ramal_partial,ramal_partial
Bachar Ibn Bord,Taala Fi Hind,37,لَيْتَنِي قَبْلَ هَوَاكُمْ,كُنْتُ فِي بَطْنِ التُّرَابِ,Before Islam: VIth century,ramal_partial,ramal_partial
Bachar Ibn Bord,Taala Fi Hind,38,فَبَكَتْ هِنْدٌ وَقَالَتْ,حُبِّ لَا تُنْكِرْ خِطَابِ,Before Islam: VIth century,ramal_partial,ramal_partial
Bachar Ibn Bord,Taala Fi Hind,39,غَلْظَةٌ بَعْدَ التَّلَاقِي,بَعْدَهَا لِينُ جَوَابِ,Before Islam: VIth century,ramal_partial,ramal_partial
Bachar Ibn Bord,Tajahaza Taala Fi Al Nasabi,1,تَجَهَّزَ طَالَ فِي النَّصَبِ الثَّوَاءُو,وَمُنْتَظَرُ الثَّقِيلِ عَلَيَّ دَاءُ,Before Islam: VIth century,wafir_complete,wafir_complete
Bachar Ibn Bord,Tajahaza Taala Fi Al Nasabi,2,تَرَكْتُ رِيَاضَةَ النَّوْكَى قَدِيمًا,فَإِنَّ رِيَاضَةَ النَّوْكَى عَيَاءُ,Before Islam: VIth century,wafir_complete,wafir_complete
Bachar Ibn Bord,Tajahaza Taala Fi Al Nasabi,3,إِذَا مَا سَامَنِي الخُلَطَاءُ خَسْفًا,أَبِيتُ وَرُبَّمَا نَفَعَ الإِبَاءُ,Before Islam: VIth century,wafir_complete,wafir_complete
Bachar Ibn Bord,Tajahaza Taala Fi Al Nasabi,4,وَإِغْضَائِي عَلَى البَزْلَاءِ وَهْنٌ,وَوَجْهُ سَبِيلِهَا رَحْبٌ فَضَاءُ,Before Islam: VIth century,wafir_complete,wafir_complete
Bachar Ibn Bord,Tajahaza Taala Fi Al Nasabi,5,قَضَيْتُ لُبَانَةً وَنَسَأْتُ أُخْرَى,وَلِلْحَاجَاتِ وَرْدٌ وَانْقِضَاءُ,Before Islam: VIth century,wafir_complete,wafir_complete
Bachar Ibn Bord,Tajahaza Taala Fi Al Nasabi,6,عَلَى عَيْنِي أَبِي أَيُّوبَ مِنِّي,غِطَاءٌ سَوْفَ يَنْكَشِفُ الغِطَاءُ,Before Islam: VIth century,wafir_complete,wafir_complete
Bachar Ibn Bord,Tajahaza Taala Fi Al Nasabi,7,جَفَانِي إِذْ نَزَلْتُ عَلَيْهِ ضَيْفًا,وَلِلضَّيْفِ الكَرَامَةُ وَالحِبَاءُ,Before Islam: VIth century,wafir_complete,wafir_complete
Bachar Ibn Bord,Tajahaza Taala Fi Al Nasabi,8,غَدًا يَتَعَلَّمُ الفَجْفَاجُ أَنِّي,أَسُودُ إِذَا غَضِبْتُ وَلَا أُسَاءُ,Before Islam: VIth century,wafir_complete,wafir_complete
Bachar Ibn Bord,Tajahaza Taala Fi Al Nasabi,9,نَأَتْ سَلْمَى وَشَطَّ بِهَا التَّنَائِي,وَقَامَتْ دُونَهَا حَكَمٌ وَحَاءُ,Before Islam: VIth century,wafir_complete,wafir_complete
Bachar Ibn Bord,Tajahaza Taala Fi Al Nasabi,10,وَأَقْعَدَنِي عَنِ الغُرِّ الغَوَانِي,وَقَدْ نَادَيْتُ لَوْ سُمِعَ النِّدَاءُ,Before Islam: VIth century,wafir_complete,wafir_complete
Bachar Ibn Bord,Tajahaza Taala Fi Al Nasabi,11,وَصِيَّةُ مَنْ أَرَاهُ عَلَيَّ رَبًّا,وَعَهْدٌ لَا يَنَامُ بِهِ الوَفَاءُ,Before Islam: VIth century,wafir_complete,wafir_complete
Bachar Ibn Bord,Tajahaza Taala Fi Al Nasabi,12,هَجَرْتُ الآنِسَاتِ وَهُنَّ عِنْدِي,كَمَاءِ العَيْنِ فَقْدُهُمَا سَوَاءُ,Before Islam: VIth century,wafir_complete,wafir_complete
Bachar Ibn Bord,Tajahaza Taala Fi Al Nasabi,13,وَقَدْ عَرَّضْنَ لِي وَاللَّهُ دُونِي,أَعُوذُ بِهِ إِذَا عَرَضَ البَلَاءُ,Before Islam: VIth century,wafir_complete,wafir_complete
Bachar Ibn Bord,Tajahaza Taala Fi Al Nasabi,14,وَلَوْلَا القَائِمُ المَهْدِيُّ فِينَا,حَلَبْتُ لَهُنَّ مَا وَسِعَ الإِنَاءُ,Before Islam: VIth century,wafir_complete,wafir_complete
Bachar Ibn Bord,Tajahaza Taala Fi Al Nasabi,15,وَيَوْمًا بِالجُدَيْدِ وَفَيْتُ عَهْدًا,وَلَيْسَ لِعَهْدِ جَارِيَةٍ بَقَاءُ,Before Islam: VIth century,wafir_complete,wafir_complete
Bachar Ibn Bord,Tajahaza Taala Fi Al Nasabi,16,فَقُلْ لِلْغَانِيَاتِ يَقِرْنَ إِنِّي,وَقَرْتُ وَحَانَ مِنْ غَزَلِي انْتِهَاءُ,Before Islam: VIth century,wafir_complete,wafir_complete
Bachar Ibn Bord,Tajahaza Taala Fi Al Nasabi,17,نَهَانِي مَالِكُ الأَمْلَاكِ عَنْهَا,فَثَابَ الحِلْمُ وَانْقَطَعَ العَنَاءُ,Before Islam: VIth century,wafir_complete,wafir_complete
Bachar Ibn Bord,Tajahaza Taala Fi Al Nasabi,18,وَكَمْ مِنْ هَاجِرٍ لِفَتَاةِ قَوْمٍ,وَبَيْنَهُمَا إِذَا التَقَيَا صَفَاءُ,Before Islam: VIth century,wafir_complete,wafir_complete
Bachar Ibn Bord,Tajahaza Taala Fi Al Nasabi,19,وَغَضَّاتُ الشَّبَابِ مِنَ العَذَارَى,عَلَيْهِنَّ السُّمُوطُ لَهَا إِبَاءُ,Before Islam: VIth century,wafir_complete,wafir_complete
Bachar Ibn Bord,Tajahaza Taala Fi Al Nasabi,20,إِذَا نَبَحَ العِدَى فَلَهُنَّ وِدِّي,وَتَرْبِيتِي وَلِلْكَلْبِ العُوَاءُ,Before Islam: VIth century,wafir_complete,wafir_complete
Bachar Ibn Bord,Tajahaza Taala Fi Al Nasabi,21,لَهَوْتُ بِهِنَّ إِذْ مَلَقِي أَنِيقٌ,يَصِرْنَ لَهُ وَإِذْ نَسَمِي شِفَاءُ,Before Islam: VIth century,wafir_complete,wafir_complete
Bachar Ibn Bord,Tajahaza Taala Fi Al Nasabi,22,وَأَطْبَقَ حُبُّهُنَّ عَلَى فُؤَادِي,كَمَا انْطَبَقَتْ عَلَى الأَرْضِ السَّمَاءُ,Before Islam: VIth century,wafir_complete,wafir_complete
Bachar Ibn Bord,Tajahaza Taala Fi Al Nasabi,23,فَلَمَّا أَنْ دُعِيتُ أَصَبْتُ رُشْدِي,وَأَسْفَرَ عَنِّيَ الدَّاءُ العَيَاءُ,Before Islam: VIth century,wafir_complete,wafir_complete
Bachar Ibn Bord,Tajahaza Taala Fi Al Nasabi,24,عَلَى الغَزْلَى سَلَامُ اللَّهِ مِنِّي,وَإِنْ صَنَعَ الخَلِيفَةُ مَا يَشَاءُ,Before Islam: VIth century,wafir_complete,wafir_complete
Bachar Ibn Bord,Tajahaza Taala Fi Al Nasabi,25,فَهَذَا حِينَ تُبْتُ مِنَ الجَوَارِي,وَمِنْ رَاحٍ بِهِ مِسْكٌ وَمَاءُ,Before Islam: VIth century,wafir_complete,wafir_complete
Bachar Ibn Bord,Tajahaza Taala Fi Al Nasabi,26,وَإِنْ أَكُ قَدْ صَحَوْتُ فَرُبَّ يَوْمٍ,يَهُزُّ الكَأْسُ رَأْسِي وَالغِنَاءُ,Before Islam: VIth century,wafir_complete,wafir_complete
Bachar Ibn Bord,Tajahaza Taala Fi Al Nasabi,27,أَرُوحُ عَلَى المَعَازِفِ أَرْبَخِيًّا,وَتَسْقِينِي بِرِيقَتِهَا النِّسَاءُ,Before Islam: VIth century,wafir_complete,wafir_complete
Bachar Ibn Bord,Tajahaza Taala Fi Al Nasabi,28,وَمَا فَارَقْتُ مِنْ سَرَفٍ وَلَكِنْ,طَغَى طَرَبِي وَمَالَ بِيَ الفَتَاءُ,Before Islam: VIth century,wafir_complete,wafir_complete
Bachar Ibn Bord,Tajahaza Taala Fi Al Nasabi,29,أَوَانَ يَقُولُ مُسْلِمَةُ ابْنُ قَيْسٍ,وَلَيْسَ لِسَيِّدِ النَّوْكَى دَوَاءُ,Before Islam: VIth century,wafir_complete,wafir_complete
Bachar Ibn Bord,Tajahaza Taala Fi Al Nasabi,30,رُوَيْدَكَ عَنْ قِصَافَ عَلَيْكَ عَيْنٌ,وَلِلْمُتَكَلِّفِ الصَّلِفِ العَفَاءُ,Before Islam: VIth century,wafir_complete,wafir_complete
Bachar Ibn Bord,Tajahaza Taala Fi Al Nasabi,31,فَلَا لَاقَى مَنَاعِمَهُ بْنُ قَيْسٍ,يُعَزِّينِي وَقَدْ غُلِبَ العَزَاءُ,Before Islam: VIth century,wafir_complete,wafir_complete
Badiie Azzaman Al Hamadani,Lain Ahrazaka Alda3i,1,لَئِنْ أَحْرَزَكَ الدَّاعِي,لَقَدْ أَحْزَنَنِي النَّاعِي,Abbassi: VIIIth - XVIth,hazaj_complete,hazaj_complete
Badiie Azzaman Al Hamadani,Lain Ahrazaka Alda3i,2,وَإِنْ بِتِّ بِجُعْجَاعِي,لَقَدْ بِتْنَا بِأَوْجَاعِ,Abbassi: VIIIth - XVIth,hazaj_complete,hazaj_complete
Badiie Azzaman Al Hamadani,Lain Ahrazaka Alda3i,3,وَقَدْ يَنْقَسِمُ المَوْتُ,إِلَى عِدَّةِ أَنْوَاعِي,Abbassi: VIIIth - XVIth,hazaj_complete,hazaj_complete
Badiie Azzaman Al Hamadani,Lain Ahrazaka Alda3i,4,أَرَبَّ القَصْرِ وَالمَنْظَرِ,مَا بَالُكَ بِالقَاعِ,Abbassi: VIIIth - XVIth,hazaj_complete,hazaj_complete
Badiie Azzaman Al Hamadani,Lain Ahrazaka Alda3i,5,أَيَا مِنْ دُونِهِ المَوْتُ,بِنَفْسِي وَبِأَشْيَاعِي,Abbassi: VIIIth - XVIth,hazaj_complete,hazaj_complete
Badiie Azzaman Al Hamadani,Lain Ahrazaka Alda3i,6,وَيَا مُؤْنِسَ آمَالِي,وَيَا مُوحِشَ أَطْمَاعِي,Abbassi: VIIIth - XVIth,hazaj_complete,hazaj_complete
Badiie Azzaman Al Hamadani,Lain Ahrazaka Alda3i,7,وَيَا لَوْعَةَ ثَكْلَاهُ,وَيَا حَرْقَةَ أَضْلَاعِي,Abbassi: VIIIth - XVIth,hazaj_complete,hazaj_complete
Badiie Azzaman Al Hamadani,Lain Ahrazaka Alda3i,8,لَقَدْ كُنْتُ أُرَجِّيكَا,لِمَا يَسْعَى لَهُ السَّاعِي,Abbassi: VIIIth - XVIth,hazaj_complete,hazaj_complete
Badiie Azzaman Al Hamadani,Lain Ahrazaka Alda3i,9,وَمَا تَسْمُو لَهُو نَفْسِي,وَلَا يُدْرِكُهُو بَاعِي,Abbassi: VIIIth - XVIth,hazaj_complete,hazaj_complete
Badiie Azzaman Al Hamadani,Lain Ahrazaka Alda3i,10,إِذَا لَمْ يُرِدِ اللَّاهُ,بِأَيَّامِكَ إِينَاعِي,Abbassi: VIIIth - XVIth,hazaj_complete,hazaj_complete
Badiie Azzaman Al Hamadani,Lain Ahrazaka Alda3i,11,فَقَدْ تَيْبَسُ أَنْفَاسِي,وَأَيَّامِيَ إِيجَاعِي,Abbassi: VIIIth - XVIth,hazaj_complete,hazaj_complete
Badiie Azzaman Al Hamadani,Lain Ahrazaka Alda3i,12,لَكِنَّا مَنْ أَبَى القِسْ,مَ فِي عَشْرَةِ قَعْقَاعِ,Abbassi: VIIIth - XVIth,hazaj_complete,hazaj_complete
Badiie Azzaman Al Hamadani,Lain Ahrazaka Alda3i,13,وَكُنَّا كُلَّمَا شِئْنَا,نَرَى رُوحَ بْنِ زِنْبَاعِ,Abbassi: VIIIth - XVIth,hazaj_complete,hazaj_complete
Badiie Azzaman Al Hamadani,Lain Ahrazaka Alda3i,14,فَتَى كَالغَصَنِ الرَّطْبِي,وَلَا كَانَ بِزَعْزَاعِ,Abbassi: VIIIth - XVIth,hazaj_complete,hazaj_complete
Badiie Azzaman Al Hamadani,Lain Ahrazaka Alda3i,15,فَتَى كَالسَّيْفِ لَا تَحْرِ,عَلَى أَرْزُقِ نَبَّاعِ,Abbassi: VIIIth - XVIth,hazaj_complete,hazaj_complete
Badiie Azzaman Al Hamadani,Lain Ahrazaka Alda3i,16,سَأُبْكِيكَ عَنِ الدُّنْيَا,وَعَنْ سَبْعَةِ أَسْبَاعِ,Abbassi: VIIIth - XVIth,hazaj_complete,hazaj_complete
Badiie Azzaman Al Hamadani,Lain Ahrazaka Alda3i,17,وَعَنْ سَائِرِ أَبْيَاتٍ,وَعَنْ نَادِرِ أَسْجَاعِ,Abbassi: VIIIth - XVIth,hazaj_complete,hazaj_complete
Badiie Azzaman Al Hamadani,Lain Ahrazaka Alda3i,18,وَلَمَّا بَكَرَ النَّاعِي,وَصُمَّتْ أُذُنُ الوَاعِي,Abbassi: VIIIth - XVIth,hazaj_complete,hazaj_complete
Badiie Azzaman Al Hamadani,Lain Ahrazaka Alda3i,19,لَطَمْنَا وَتَنَاوَحْنَا,بِأَلْحَانٍ وَإِيقَاعِ,Abbassi: VIIIth - XVIth,hazaj_complete,hazaj_complete
Badiie Azzaman Al Hamadani,Lain Ahrazaka Alda3i,20,رَعَيْنَا كَرَمَ العَهْدِ,وَلَا حَمْلَةَ فُقَّاعِ,Abbassi: VIIIth - XVIth,hazaj_complete,hazaj_complete
Badiie Azzaman Al Hamadani,Lain Ahrazaka Alda3i,21,إِلَى حِينَ نَسَيْنَاكِ,فَغَمَّضْنَا لِتِهْجَاعِ,Abbassi: VIIIth - XVIth,hazaj_complete,hazaj_complete
Badiie Azzaman Al Hamadani,Lain Ahrazaka Alda3i,22,وَأَخْلَدْنَا إِلَى المُدِّ,وَمَا كُنَّا عَلَى الصَّاعِ,Abbassi: VIIIth - XVIth,hazaj_complete,hazaj_complete
Badiie Azzaman Al Hamadani,Lain Ahrazaka Alda3i,23,كَذَاكَ النَّاسُ خُدَّاعٌ,إِلَى جَانِبِ خُدَّاعِ,Abbassi: VIIIth - XVIth,hazaj_complete,hazaj_complete
Badiie Azzaman Al Hamadani,Lain Ahrazaka Alda3i,24,يَعِيشُونَ مَعَ الذِّئْبِ,وَيَبْكُونَ مَعَ الرَّاعِي,Abbassi: VIIIth - XVIth,hazaj_complete,hazaj_complete
Badiie Azzaman Al Hamadani,Lain Ahrazaka Alda3i,25,وَمَا الحِرْصُ بِبَدْع لَا,وَلَا الغَيُّ بِإِبْدَاعِ,Abbassi: VIIIth - XVIth,hazaj_complete,hazaj_complete
Badiie Azzaman Al Hamadani,Lain Ahrazaka Alda3i,26,أَبُونَا نَسِيَ العَهْدَ,وَكُنَّا شَرُّ أَتْبَاعِ,Abbassi: VIIIth - XVIth,hazaj_complete,hazaj_complete
Badiie Azzaman Al Hamadani,Salamon Raihon Ghadi,1,سَلَامٌ رَائِحٌ غَادِ,عَلَى سَاكِنَةِ الوَادِي,Abbassi: VIIIth - XVIth,hazaj_complete,hazaj_complete
Badiie Azzaman Al Hamadani,Salamon Raihon Ghadi,2,عَلَى مَنْ حُبَّهَا الهَادِي,إِذَا مَا زُرْتُ وَالحَادِي,Abbassi: VIIIth - XVIth,hazaj_complete,hazaj_complete
Badiie Azzaman Al Hamadani,Salamon Raihon Ghadi,3,أُحِبُّ البَدْوَ مِنْ أَجْلِ,غَزَالٍ فِحِمٌ بَادِ,Abbassi: VIIIth - XVIth,hazaj_complete,hazaj_complete
Badiie Azzaman Al Hamadani,Salamon Raihon Ghadi,4,أَلَا يَا رَبَّةَ الحَلْيِ,عَلَى العَاتِقِ وَالهَادِي,Abbassi: VIIIth - XVIth,hazaj_complete,hazaj_complete
Badiie Azzaman Al Hamadani,Salamon Raihon Ghadi,5,لَقَدْ أَبْهَجْتِ أَعْدَائِي,وَقَدْ أَشْمَتِّ حُسَّادِي,Abbassi: VIIIth - XVIth,hazaj_complete,hazaj_complete
Badiie Azzaman Al Hamadani,Salamon Raihon Ghadi,6,بِسُقْمٍ مَالَهُو شَافٍ,وَأَسْرٍ مَالَهُو فَادِ,Abbassi: VIIIth - XVIth,hazaj_complete,hazaj_complete
Badiie Azzaman Al Hamadani,Salamon Raihon Ghadi,7,فَإِخْوَانِي وَنُدْمَانِي,وَعُذَّالِي وَعُوَّادِي,Abbassi: VIIIth - XVIth,hazaj_complete,hazaj_complete
Badiie Azzaman Al Hamadani,Salamon Raihon Ghadi,8,فَمَا أَنْفَكُّ عَنْ ذِكْرَا,كِ فِي نَوْمٍ وَتَسْهَادِ,Abbassi: VIIIth - XVIth,hazaj_complete,hazaj_complete
Badiie Azzaman Al Hamadani,Salamon Raihon Ghadi,9,بِشَوْقٍ مِنْكِ مُعْتَادِ,وَطَيْفٍ غَيْرِ مُعْتَادِ,Abbassi: VIIIth - XVIth,hazaj_complete,hazaj_complete
Badiie Azzaman Al Hamadani,Salamon Raihon Ghadi,10,أَلَا يَا زَائِرَ المَوْصِ,لِ حَيِّي ذَلِكَ النَّادِي,Abbassi: VIIIth - XVIth,hazaj_complete,hazaj_complete
Badiie Azzaman Al Hamadani,Salamon Raihon Ghadi,11,فَبِالمَوْصِلِ إِخْوَانِي,وَبِالمَوْصِلِ أَعْضَادِي,Abbassi: VIIIth - XVIth,hazaj_complete,hazaj_complete
Badiie Azzaman Al Hamadani,Salamon Raihon Ghadi,12,فَقُلْ لِلْقَوْمِ يَأْتُونِ,يَ مِنْ مَثْنًى وَأَفْرَادِ,Abbassi: VIIIth - XVIth,hazaj_complete,hazaj_complete
Badiie Azzaman Al Hamadani,Salamon Raihon Ghadi,13,فَعِنْدِي خِصْبُ زُوَّارٍ,وَعِنْدِي رَيُّ وَرَّادِ,Abbassi: VIIIth - XVIth,hazaj_complete,hazaj_complete
Badiie Azzaman Al Hamadani,Salamon Raihon Ghadi,14,وَعِنْدِي الظِّلَّ مَمْدُودًا,عَلَى الحَاضِرِ وَالبَادِي,Abbassi: VIIIth - XVIth,hazaj_complete,hazaj_complete
Badiie Azzaman Al Hamadani,Salamon Raihon Ghadi,15,أَلَا لَا يَقْعُدِ العَجْزُ,بِكُمْ عَنْ مَنْهَلِ الصَّادِي,Abbassi: VIIIth - XVIth,hazaj_complete,hazaj_complete
Badiie Azzaman Al Hamadani,Salamon Raihon Ghadi,16,فَإِنَّ الحَجَّ مَفْرُوضٌ,مَعَ النَّاقَةِ وَالزَّادِ,Abbassi: VIIIth - XVIth,hazaj_complete,hazaj_complete
Badiie Azzaman Al Hamadani,Salamon Raihon Ghadi,17,كَفَانِي سَطْوَةَ الدَّهْرِ,جَوَادٌ نَسْلُ أَجْوَادِ,Abbassi: VIIIth - XVIth,hazaj_complete,hazaj_complete
Badiie Azzaman Al Hamadani,Salamon Raihon Ghadi,18,مَنَاهُو خَيْرُ آبَاءٍ,نَمَتْهُمْ خَيْرُ أَجْدَادِ,Abbassi: VIIIth - XVIth,hazaj_complete,hazaj_complete
Badiie Azzaman Al Hamadani,Salamon Raihon Ghadi,19,فَمَا يَصْبُو إِلَى أَرْضٍ,سِوَى أَرْضِي وَرُوَّادِي,Abbassi: VIIIth - XVIth,hazaj_complete,hazaj_complete
Badiie Azzaman Al Hamadani,Salamon Raihon Ghadi,20,وَقَاهُ اللَّهُ فِيمَا عَا,شَ شَرَّ الزَّمَنِ العَادِي,Abbassi: VIIIth - XVIth,hazaj_complete,hazaj_complete
Badiie Azzaman Al Hamadani,Wa chaakiyaton takdibo,1,وَشَاكِيَةٌ تَكْذِبُ,تَئِنُّ وَلَا تَتْعَبُ,Abbassi: VIIIth - XVIth,motaqaarib_partial,motaqaarib_partial
Badiie Azzaman Al Hamadani,Wa chaakiyaton takdibo,2,مُؤَخِّرُهَا مُحْرِجٌ,مُقَدِّمُهَا سِبْسِبُ,Abbassi: VIIIth - XVIth,motaqaarib_partial,motaqaarib_partial
Badiie Azzaman Al Hamadani,Wa chaakiyaton takdibo,3,وَأَوَّلُهَا حَيَّةٌ,وَآخِرُهَا عَقْرَبُ,Abbassi: VIIIth - XVIth,motaqaarib_partial,motaqaarib_partial
Badiie Azzaman Al Hamadani,Wa chaakiyaton takdibo,4,تَعُدُّ لِيَوْمِ القُرَى,وَسَاعَةَ مَا تَغْضِبُ,Abbassi: VIIIth - XVIth,motaqaarib_partial,motaqaarib_partial
Badiie Azzaman Al Hamadani,Wa chaakiyaton takdibo,5,وَتُرْكَبُ لَكِنَّهَا,إِلَى رَاحَةٍ تَرْكِبُ,Abbassi: VIIIth - XVIth,motaqaarib_partial,motaqaarib_partial
Badiie Azzaman Al Hamadani,Wa chaakiyaton takdibo,6,وَتَذْهَبُ لَكِنَّهَا,إِلَى الحِينِ لَا تَذْهَبُ,Abbassi: VIIIth - XVIth,motaqaarib_partial,motaqaarib_partial
Badiie Azzaman Al Hamadani,Wa chaakiyaton takdibo,7,وَتَكْتُبُ لَكِنَّهَا,بِلَا قَلَمٍ تَكْتُبُ,Abbassi: VIIIth - XVIth,motaqaarib_partial,motaqaarib_partial
Chadli Khaznah Daar,Raahato Annoha,1,رَاحَةُ النُّهَى الطَّرَبُو,هَاتِهَا فَلَا عَتَبُ,Modern,moqtadab_complete,moqtadab_complete
Chadli Khaznah Daar,Raahato Annoha,2,الدِّنَانُ مُتْرَعَةٌ,وَالخُمُورُ تَتْسَكِبُ,Modern,moqtadab_complete,moqtadab_complete
Chadli Khaznah Daar,Raahato Annoha,3,وَالكُؤُوسُ جَارِيَةٌ,طَافَ فَوْقَهَا الحَبَبُ,Modern,moqtadab_complete,moqtadab_complete
Chadli Khaznah Daar,Raahato Annoha,4,فَهْيَ وَالحَبَابُ مَعًا,السَّمَاءُ وَالشُّهُبُ,Modern,moqtadab_complete,moqtadab_complete
Chadli Khaznah Daar,Raahato Annoha,5,بِنْتُ كَرْمَةٍ جَلِيَتْ,نِعْمَ ذَلِكَ النَّسَبُ,Modern,moqtadab_complete,moqtadab_complete
Chadli Khaznah Daar,Raahato Annoha,6,رَحِّبُوا بِآنِسَةٍ,زَفَّهَا لَنَا العِنَبُ,Modern,moqtadab_complete,moqtadab_complete
Chadli Khaznah Daar,Raahato Annoha,7,وَابْشِرُوا بِطَلْعَتِهَا,فَهْيَ لِلصَّفَا سَبَبُ,Modern,moqtadab_complete,moqtadab_complete
Chadli Khaznah Daar,Raahato Annoha,8,عُتِقَتْ بِدَسْكَرَةٍ,عَانِسٍ وَلَا عَجَبُ,Modern,moqtadab_complete,moqtadab_complete
Chadli Khaznah Daar,Raahato Annoha,9,كُلُّنَا بِهَا غَزَلٌ,كُلُّنَا بِهَا نُخَبُ,Modern,moqtadab_complete,moqtadab_complete
Chadli Khaznah Daar,Raahato Annoha,10,دَارَتِ الكُؤُوسُ بِهَا,فَانْجَلَتْ بِهَا الكُرَبُ,Modern,moqtadab_complete,moqtadab_complete
Chadli Khaznah Daar,Raahato Annoha,11,العُقُولُ ذَاهِلَةٌ,وَالذُّيُولُ تَنْسَحِبُ,Modern,moqtadab_complete,moqtadab_complete
Chadli Khaznah Daar,Raahato Annoha,12,وَالعَقَائِرُ ارْتَفَعَتْ,وَالأَكُفُّ تَضْطَرِبُ,Modern,moqtadab_complete,moqtadab_complete
Chadli Khaznah Daar,Raahato Annoha,13,وَالمَحَاجِرُ اسْتَعَرَتْ,وَالقُلُوبُ تَلْتَهِبُ,Modern,moqtadab_complete,moqtadab_complete
Chadli Khaznah Daar,Raahato Annoha,14,وَالقِيَانُ سَاجِعَةٌ,لُحِّنَتْ كَمَا يَجِبُ,Modern,moqtadab_complete,moqtadab_complete
Chadli Khaznah Daar,Raahato Annoha,15,وَالحِسَانُ حَافِلَةٌ,تَتْجَلِي وَتَحْتَجِبُ,Modern,moqtadab_complete,moqtadab_complete
Chadli Khaznah Daar,Raahato Annoha,16,وَالقُدُودُ مَائِسَةٌ,خَيْزَرَانَةٌ قَضُبُ,Modern,moqtadab_complete,moqtadab_complete
Chadli Khaznah Daar,Raahato Annoha,17,وَالشُّعُورُ مُسْدِلَةٌ,السَّبَائِكُ الذَّهَبُ,Modern,moqtadab_complete,moqtadab_complete
Chadli Khaznah Daar,Raahato Annoha,18,وَاللَّوَاحِظُ اتَّجَهَتْ,رَاشَ سَهْمُهَا الهَدَبُ,Modern,moqtadab_complete,moqtadab_complete
Chadli Khaznah Daar,Raahato Annoha,19,وَالمَرَاشِفُ انْبَلَجَتْ,فَانْجَلَى بِهَا الشَّنَبُ,Modern,moqtadab_complete,moqtadab_complete
Chadli Khaznah Daar,Raahato Annoha,20,لَيْتَ لَيْلَتِي انْدَمَجَتْ,فِي غُضُونِهَا الحِقَبُ,Modern,moqtadab_complete,moqtadab_complete
Chadli Khaznah Daar,Raahato Annoha,21,كُلُّ لَذَّةٍ حُلُمٍ,تَنْجَلِي بِهَا السُّحُبُ,Modern,moqtadab_complete,moqtadab_complete
Chadli Khaznah Daar,Raahato Annoha,22,وَالحَيَاةُ لَوْ عَلِمُوا,كُنْهُهَا هِيَ اللَّعِبُ,Modern,moqtadab_complete,moqtadab_complete
Chadli Khaznah Daar,Raahato Annoha,23,إِطْرَحِ الحَجَا فَبِهِ,كُلُّ عَاقِلٍ تَعِبُ,Modern,moqtadab_complete,moqtadab_complete
Chadli Khaznah Daar,Raahato Annoha,24,مَا جَنَى ابْنَ آدَمَ مِنْ,عَقْلِهِ فَيَطَّلِبُ,Modern,moqtadab_complete,moqtadab_complete
Chadli Khaznah Daar,Raahato Annoha,25,مَا سَوَى اللَّذَائِذَ لِ,لْحَيِّ لَوْ دَرَى أَرَبُ,Modern,moqtadab_complete,moqtadab_complete
Chadli Khaznah Daar,Raahato Annoha,26,فَاغْنَمِ الزَّمَانَ بِهَا,فَهْيَ مِنْهُ تُغْتَصَبُ,Modern,moqtadab_complete,moqtadab_complete
Chadli Khaznah Daar,Raahato Annoha,27,إِنَّمَا زَمَانَكَ كَ,الأُفْعُوَانِ يَنْسَرِبُ,Modern,moqtadab_complete,moqtadab_complete
Chadli Khaznah Daar,Raahato Annoha,28,وَهْوَ كَالثَّعَالَةِ إِنْ,رَاغَ عَنْكَ فَالهَرَبُ,Modern,moqtadab_complete,moqtadab_complete
Chadli Khaznah Daar,Raahato Annoha,29,أُمْرُؤَانِ مُنْبَسِطٌ,فِي الوَرَى وَمُكْتَئِبُ,Modern,moqtadab_complete,moqtadab_complete
Chadli Khaznah Daar,Raahato Annoha,30,وَبْكِ لَيْسَ غَيْرُهُمَا,مَا تَرَاهُ يَجْتَنِبُ,Modern,moqtadab_complete,moqtadab_complete
Chadli Khaznah Daar,Raahato Annoha,31,فَاخْلَعِ العَذَارَ وَقُلْ,رَاحَةَ النُّهَى الطَّرَبُ,Modern,moqtadab_complete,moqtadab_complete
Chadli Khaznah Daar,Zaana Tarfoha Al Hawaro,1,زَانَ طَرْفُهَا الحَوَرُو,زَاغَ نَحْوَهَا البَصَرُ,Modern,moqtadab_complete,moqtadab_complete
Chadli Khaznah Daar,Zaana Tarfoha Al Hawaro,2,يَالَ أَعْيُنٍ فَتَكَتْ,رَاشَ سَهْمُهَا النَّظَرُ,Modern,moqtadab_complete,moqtadab_complete
Chadli Khaznah Daar,Zaana Tarfoha Al Hawaro,3,القِسِي حَوَاجِبُهَا,وَاللَّوَاحِظُ الوَتَرُ,Modern,moqtadab_complete,moqtadab_complete
Chadli Khaznah Daar,Zaana Tarfoha Al Hawaro,4,وَالشُّعُورُ مُرْسَلَةٌ,الشُّعَاعِ مُنْتَشِرُ,Modern,moqtadab_complete,moqtadab_complete
Chadli Khaznah Daar,Zaana Tarfoha Al Hawaro,5,وَالشِّفَاهُ إِنْ بَسُمَتْ,الشَّقِيقُ وَالزَّهَرُ,Modern,moqtadab_complete,moqtadab_complete
Chadli Khaznah Daar,Zaana Tarfoha Al Hawaro,6,أَوْ هُمَا وَلَا شَبَهٌ,العَقِيقُ وَالدُّرَرُ,Modern,moqtadab_complete,moqtadab_complete
Chadli Khaznah Daar,Zaana Tarfoha Al Hawaro,7,وَاحْمِرَارُ وَجْنَتِهَا,وَالرَّحِيقُ مُعْتَصِرُ,Modern,moqtadab_complete,moqtadab_complete
Chadli Khaznah Daar,Zaana Tarfoha Al Hawaro,8,وَاعْتِدَالُ قَامَتِهَا,فِي القَضِيبِ مُنْحَصِرُ,Modern,moqtadab_complete,moqtadab_complete
Chadli Khaznah Daar,Zaana Tarfoha Al Hawaro,9,تَنْثَنِي بِهِ غَصَنًا,حِينَ يَجْتَنِي الثَّمَرُ,Modern,moqtadab_complete,moqtadab_complete
Chadli Khaznah Daar,Zaana Tarfoha Al Hawaro,10,ذَامَهَا وَلَا حَرَجٌ,الجَمَالُ وَالصِّغَرُ,Modern,moqtadab_complete,moqtadab_complete
Chadli Khaznah Daar,Zaana Tarfoha Al Hawaro,11,إِنْ رَنَتْ وَإِنْ خَطَرَتْ,الغَزَالُ وَالقَمَرُ,Modern,moqtadab_complete,moqtadab_complete
Chadli Khaznah Daar,Zaana Tarfoha Al Hawaro,12,إِنْ شَدَتْ وَإِنْ رَقَصَتْ,الهَزَارُ وَالوَتَرُ,Modern,moqtadab_complete,moqtadab_complete
Chadli Khaznah Daar,Zaana Tarfoha Al Hawaro,13,نَشْوَةُ الرِّجَالِ وَكَمْ,بِالجَمَالِ قَدْ سَكَرُوا,Modern,moqtadab_complete,moqtadab_complete
Chadli Khaznah Daar,Zaana Tarfoha Al Hawaro,14,نَحْنُ فِي الحَدَاِئقِ مَرْ,فُوعَةٌ لَنَا سُرُرُ,Modern,moqtadab_complete,moqtadab_complete
Chadli Khaznah Daar,Zaana Tarfoha Al Hawaro,15,وَالكَرِيمُ ذُو طَرَبٍ,فِي الهَوَى لَهُ وَطَرُ,Modern,moqtadab_complete,moqtadab_complete
Chadli Khaznah Daar,Zaana Tarfoha Al Hawaro,16,عِنْدَهَا الفُؤَادُ وَلِي,فِيهِ بِالجَوَى أَثَرُ,Modern,moqtadab_complete,moqtadab_complete
Chadli Khaznah Daar,Zaana Tarfoha Al Hawaro,17,هَكَذَا النَّعِيمُ لِمَنْ,عَاشَ هَكَذَا العُمَرُ,Modern,moqtadab_complete,moqtadab_complete
Gibran Khalil Gibran,Rabbata Al Dawlati,1,رَبَّةَ الدَّوْلَةِ وَالجَاهِ المَكِينْ,عُدْتِ يَحْدُو رَكْبَكِ الرُّوحُ الأَمِينْ,Modern,ramal_complete,ramal_complete
Gibran Khalil Gibran,Rabbata Al Dawlati,2,عُدْتِ فِي مُنْشَأَةٍ مُعْتَزَّةٍ ,بِكِ وَالبَحْرُ ذَلُولٌ مُسْتَكِينْ,Modern,ramal_complete,ramal_complete
Gibran Khalil Gibran,Rabbata Al Dawlati,3,يَتَلَقَّاهَا بِرِفْقٍ صَدْرُهُ,وَيُحَيِّي عَنْ شِمَالٍ وَيَمِينْ,Modern,ramal_complete,ramal_complete
Gibran Khalil Gibran,Rabbata Al Dawlati,4,قُلِّدَتْ مَا قُلِّدَتْ مِنْ شَرَفٍ,وَلَهَا أَعْلَى لِوَاءٍ فِي السَّفِينْ,Modern,ramal_complete,ramal_complete
Gibran Khalil Gibran,Rabbata Al Dawlati,5,بَسَمَ الأُفْقَيْنِ فِي آنٍ بَدَتْ,آيَتَا الإِحْسَانِ وَالحُسْنِ المُبِينْ,Modern,ramal_complete,ramal_complete
Gibran Khalil Gibran,Rabbata Al Dawlati,6,بَزَغَتْ شَمْسُ الضُّحَى مِنْ سِتْرِهَا,وَهِلَالُ العِيدِ مِنْ أَنْقَى جَبِينْ,Modern,ramal_complete,ramal_complete
Gibran Khalil Gibran,Rabbata Al Dawlati,7,مَرْحَبًا بِالفَضْلِ وَالنُّبْلِ مَعًا,طَلَعَا بِاليُمْنِ لِلْمُرْتَقِبِينْ,Modern,ramal_complete,ramal_complete
Gibran Khalil Gibran,Rabbata Al Dawlati,8,هَذِهِ جَنَّاتُ مِصْرٍ أَبْرَزَتْ,لَكِ مِنْ زِينَتِهَا مَا تَشْهَدِينْ,Modern,ramal_complete,ramal_complete
Gibran Khalil Gibran,Rabbata Al Dawlati,9,لَبِسَتْ سُنْدُسَهَا الأَرْضُ لِمَنْ,أَلْبَسَتْهَا الفَخْرُ بَيْنَ الأَرَضِينْ,Modern,ramal_complete,ramal_complete
Gibran Khalil Gibran,Rabbata Al Dawlati,10,آتَتِ الأَشْجَارُ مَا اسْتَنْبَتَهَا,بِرُّهَا مِنْ أُكُلٍ لِلْآكِلِينْ,Modern,ramal_complete,ramal_complete
Gibran Khalil Gibran,Rabbata Al Dawlati,11,شَدَتِ الأَطْيَارُ تَتْلُو حَمْدَهَا,بَعْدَ حَمْدِ اللَّهِ رَبِّ العَالَمِينْ,Modern,ramal_complete,ramal_complete
Gibran Khalil Gibran,Rabbata Al Dawlati,12,حَبَّذَا تَغْرِيدُهَا فِي جَذَلٍ,بَعْدَ شَجْوٍ رَدَّدَتْهُو وَأَنِينْ,Modern,ramal_complete,ramal_complete
Gibran Khalil Gibran,Rabbata Al Dawlati,13,إِنَّ آمَالَ بِلَادٍ وَمُنَى,أُمَّةٍ مُوحِيَةٌ مَا تَسْمَعِينْ,Modern,ramal_complete,ramal_complete
Gibran Khalil Gibran,Rabbata Al Dawlati,14,لَيْسَ فِيهِي مِنْ مُدَاجَاةٍ وَهَلْ,يَصْدُقُ الإِنْشَادُ وَالقَلْبُ يَمِينْ,Modern,ramal_complete,ramal_complete
Gibran Khalil Gibran,Rabbata Al Dawlati,15,فَاضَ مَجْرَى النِّيلِ مِنْ يَنْبُوعِهِ,بَاسِطًا أَذْرُعَهُ لِلْمُسْتَقِينْ,Modern,ramal_complete,ramal_complete
Gibran Khalil Gibran,Rabbata Al Dawlati,16,يَحْمِلُ الخِصْبَ وَمَا عُنْصُرُهُ,غَيْرُ مَا يُهْدِي مِنَ الكَنْزِ الثَّمِينْ,Modern,ramal_complete,ramal_complete
Gibran Khalil Gibran,Rabbata Al Dawlati,17,أَرْخَصَ العَسْجَدَ حَتَّى إِنَّهُ,جَازَ فِي المَأْلُوفِ أَنْ يُسْمَى بِطِينْ,Modern,ramal_complete,ramal_complete
Gibran Khalil Gibran,Rabbata Al Dawlati,18,فَهْوَ فَوْقَ التُّرْبِ تِبْرٌ ذَائِبٌ,وَهْوَ لِلْوُرَّادِ سَلْسَالٌ مَعِينْ,Modern,ramal_complete,ramal_complete
Gibran Khalil Gibran,Rabbata Al Dawlati,19,عَوْدُكِ المَحْمُودُ عِيدٌ لِلْحِمَى,وَلِأَهْلِيهِ عَلَى مَرِّ السِّنِينْ,Modern,ramal_complete,ramal_complete
Gibran Khalil Gibran,Rabbata Al Dawlati,20,لَوْ تَسَنَّى فِي مَكَانٍ وَاحِدٍ,جَمْعُهُمْ أَلْفَيْتِهِمْ مُجْتَمِعِينْ,Modern,ramal_complete,ramal_complete
Gibran Khalil Gibran,Rabbata Al Dawlati,21,ذَلِكَ الوُدُّ قَدِيمٌ زَادَهُ,كُلَّ يَوْمٍ سَبَبٌ مِنْكِ مَتِينْ,Modern,ramal_complete,ramal_complete
Gibran Khalil Gibran,Rabbata Al Dawlati,22,مَكْرُمَاتٌ أَلَّفَتْ بَيْنَهُمُ,إِنْ يُرَوَا فِي غَيْرِهَا مُخْتَلِفِينْ,Modern,ramal_complete,ramal_complete
Gibran Khalil Gibran,Rabbata Al Dawlati,23,كَيْفَ لَا يُصْفِيكِ وُدًّا مَعْشَرٌ,لَكِ بِالشُّكْرِ عَلَى الدَّهْرِ مَدِينْ,Modern,ramal_complete,ramal_complete
Gibran Khalil Gibran,Rabbata Al Dawlati,24,زِدْتِهِ بِرًّا بِأَنْ كُنْتِ لَهُ,نِعْمَةَ القُدْوَةُ فِي دُنْيَا وَدِينْ,Modern,ramal_complete,ramal_complete
Gibran Khalil Gibran,Rabbata Al Dawlati,25,لَا كَبَا جَدُّكِ مِنْ سَيِّدَةٍ,فَضْلُهَا يَشْمَلُهُ فِي كُلِّ حِينْ,Modern,ramal_complete,ramal_complete
Gibran Khalil Gibran,Rabbata Al Dawlati,26,لَوْ عَدَدْنَا فِيهِ مَنْ أَسْعَدْتِهِ,لَعَدَدْنَاهُمْ أُلُوفًا وَمِئِينْ,Modern,ramal_complete,ramal_complete
Gibran Khalil Gibran,Rabbata Al Dawlati,27,تُخْطِئُ الحَصْرَ أَيَادٍ لَمْ تَدَعْ,مَوْضِعًا لِلْحُزْنِ فِي قَلْبٍ حَزِينْ,Modern,ramal_complete,ramal_complete
Gibran Khalil Gibran,Rabbata Al Dawlati,28,زَارَتِ الدَّهْمَاءَ فِي أَخْصَاضِهَا,وَاسْتَزَارَتْهَا قُصُورُ المَالِكِينْ,Modern,ramal_complete,ramal_complete
Gibran Khalil Gibran,Rabbata Al Dawlati,29,كَمْ بَنَتْ مَأْوًى وَشَادَتْ مَلْجَأً,لِلْأَيَامَى وَاليَتَامَى البَائِسِينْ,Modern,ramal_complete,ramal_complete
Gibran Khalil Gibran,Rabbata Al Dawlati,30,وَأَقَامَتْ دَارَ عِلْمٍ نَشَّأَتْ,خَيْرَ جِيلٍ مِنْ بَنَاتٍ وَبَنِينْ,Modern,ramal_complete,ramal_complete
Gibran Khalil Gibran,Rabbata Al Dawlati,31,يَا لَهَا مِنْ مَأْثَرَاتٍ كُلُّهَا,خَالِدٌ فِي ذِكْرَيَاتِ الذَّاكِرِينْ,Modern,ramal_complete,ramal_complete
Gibran Khalil Gibran,Rabbata Al Dawlati,32,دُمْتِ لِلْإِحْسَانِ مَا طَالَ المَدَى,وَأَعَزَّ اللَّهُ أُمَّ المُحْسِنِينْ,Modern,ramal_complete,ramal_complete
Hafez Ibrahim,Ahlan Biawali moslimin,1,أَهْلًا بِأَوَّلِ مُسْلِمٍ,فِي المَشْرِقَيْنِ عَلَا وَطَارَ,Modern,kamil_partial,kamil_partial
Hafez Ibrahim,Ahlan Biawali moslimin,2,النِّيلُ وَالبُسْفُورُ فِي,كَ تَجَاذَبَا ذَيْلَ الفَخَارِ,Modern,kamil_partial,kamil_partial
Hafez Ibrahim,Ahlan Biawali moslimin,3,يَوْمَ امْتَطَيْتَ بُرَاقَكَ الْ,مَيْمُونَ وَاجْتَزْتَ القِفَارِ,Modern,kamil_partial,kamil_partial
Hafez Ibrahim,Ahlan Biawali moslimin,4,تَلْهُو وَتَعْبَثُ بِالرِّيَا,حِ عَلَى المَفَاوِزِ وَالبِحَارِ,Modern,kamil_partial,kamil_partial
Hafez Ibrahim,Ahlan Biawali moslimin,5,لَوْ سَابَقَتْكَ سَوَابِقُ الْ,أَفْكَارِ أَدْرَكَهَا العِثَارُ,Modern,kamil_partial,kamil_partial
Hafez Ibrahim,Ahlan Biawali moslimin,6,حَسَدَتْكَ فِي الأُفُقِ البُرُو,قُ وَغَارَ فِي الأَرْضِ البُخَارُ,Modern,kamil_partial,kamil_partial
Hafez Ibrahim,Ahlan Biawali moslimin,7,تَجْرِي بِسَابِحَةٍ تَشُقْ,قُ سَبِيلَهَا شَقَّ الإِزَارِ,Modern,kamil_partial,kamil_partial
Hafez Ibrahim,Ahlan Biawali moslimin,8,وَتَكَادُ تَقْدَحُ فِي الأَثِي,رِ فَيَسْتَحِيلُ إِلَى شَرَارِ,Modern,kamil_partial,kamil_partial
Hafez Ibrahim,Ahlan Biawali moslimin,9,مِثْلَ الشِّهَابِ انْقَضَّ فِي,آثَارِ عِفْرِيتٍ وَثَارِ,Modern,kamil_partial,kamil_partial
Hafez Ibrahim,Ahlan Biawali moslimin,10,فَإِذَا عَلَتْ فَكَدَعْوَةِ الْ,مُضْطَرِّ تَخْتَرِقُ السِّتَارُ,Modern,kamil_partial,kamil_partial
Hafez Ibrahim,Ahlan Biawali moslimin,11,وَإِذَا هَوَتْ فَكَمَا هَوَتْ,أُنْثَى العُقَابِ عَلَى الهَزَازِ,Modern,kamil_partial,kamil_partial
Hafez Ibrahim,Ahlan Biawali moslimin,12,وَتُسِفُّ آوِنَةً وَآ,وِنَةً يَحِيدُ بِهَا ازْوِرَارُ,Modern,kamil_partial,kamil_partial
Hafez Ibrahim,Ahlan Biawali moslimin,13,فَيَخَالُهَا الرَّاؤُونَ قَدْ,قَرَّتْ وَلَيْسَ بِهَا قَرَارُ,Modern,kamil_partial,kamil_partial
Hafez Ibrahim,Ahlan Biawali moslimin,14,لَعِبَ الجَوَادُ أَقَلَّ لَيْ,ثًا مِنْ قُضَاعَةَ أَوْ نِزَارِ,Modern,kamil_partial,kamil_partial
Hafez Ibrahim,Ahlan Biawali moslimin,15,أَوْ كَاللَّعُوبِ مِنَ الحَمَا,ئِمِ فَوْقَ مَلْعَبِهِ اسْتَطَارَ,Modern,kamil_partial,kamil_partial
Hafez Ibrahim,Ahlan Biawali moslimin,16,وَكَأَنَّهَا فِي الأُفْقِ حِي,نَ يَمِيلُ مِيزَانُ النَّهَارِ,Modern,kamil_partial,kamil_partial
Hafez Ibrahim,Ahlan Biawali moslimin,17,وَالشَّمْسُ تُلْقِي فَوْقَهَا,حُلَلَ احْمِرَارٍ وَاصْفِرَارِ,Modern,kamil_partial,kamil_partial
Hafez Ibrahim,Ahlan Biawali moslimin,18,مَلِكٌ تُمَثِّلُهُ لَنَا الْ,سِّيمَا فَيَأْخُذُنَا انْبِهَارِ,Modern,kamil_partial,kamil_partial
Hafez Ibrahim,Ahlan Biawali moslimin,19,فَتَحِي بِرَبِّكَ مَا رَأَيْ,تَ بِذَلِكَ الفَلَكِ المُدَارِ,Modern,kamil_partial,kamil_partial
Hafez Ibrahim,Ahlan Biawali moslimin,20,أَبَلَغْتَ تَسْبِيحَ المَلَا,ئِكِ أَوْ دَنَوْتَ مِنَ السِّرَارِ,Modern,kamil_partial,kamil_partial
Hafez Ibrahim,Ahlan Biawali moslimin,21,أَمْ خِفْتَ تِلْكَ الرَّاصِدَا,تِ هُنَاكَ مِنْ شُهُبٍ وَنَارِ,Modern,kamil_partial,kamil_partial
Hafez Ibrahim,Ahlan Biawali moslimin,22,أَرَأَيْتَ سُكَّانَ النُّجُو,مِ وَأَنْتَ فِي ذَاكَ الجِوَارِ,Modern,kamil_partial,kamil_partial
Hafez Ibrahim,Ahlan Biawali moslimin,23,أَهُنَاكَ فِي المِرِّيخِ مَا,فِي الأَرْضِ مِنْ عِلَلِ الشِّجَارِ,Modern,kamil_partial,kamil_partial
Hafez Ibrahim,Ahlan Biawali moslimin,24,أَهُنَاكَ يَسْتَعْدِي الضَّعِي,فُ عَلَى القَوِيِّ فَلَا يُجَارِ,Modern,kamil_partial,kamil_partial
Hafez Ibrahim,Ahlan Biawali moslimin,25,مَا لِابْنِ آدَمَ زَادَ فِي,غُلَوَائِهِ فَطَغَى وَجَارَ,Modern,kamil_partial,kamil_partial
Hafez Ibrahim,Ahlan Biawali moslimin,26,يَا لَيْتَ شِعْرِي هَلْ لَهُ,فِي عَالَمِ المَلَكُوتِ ثَارِ,Modern,kamil_partial,kamil_partial
Hafez Ibrahim,Ahlan Biawali moslimin,27,أَمْ لَاذَ مُعْتَصِمًا بِكُرْ,سِيِّ المُهَيْمِنِ وَاسْتَجَارِ,Modern,kamil_partial,kamil_partial
Hafez Ibrahim,Ahlan Biawali moslimin,28,فَاسْتَلَّ مِنْ قَلْبِ الجَمَا,دِ الصُّلْبِ أَجْنِحَةً وَطَارَ,Modern,kamil_partial,kamil_partial
Hafez Ibrahim,Ahlan Biawali moslimin,29,وَتَسَلَّقَ الأَجْوَاءَ مُمْ,تَطِيًا عَوَاصِفَهَا وَسَارَ,Modern,kamil_partial,kamil_partial
Hafez Ibrahim,Ahlan Biawali moslimin,30,يَرْجُو النَّجَاءَ مِنَ المَظَا,لِمِ وَالمَغَارِمِ وَالدَّمَارِ,Modern,kamil_partial,kamil_partial
Hafez Ibrahim,Ahlan Biawali moslimin,31,يَا أَيُّهَا الطَّيَّارُ طِرْ,فَإِذَا بَلَغْتَ مَدَى المَطَارِ,Modern,kamil_partial,kamil_partial
Hafez Ibrahim,Ahlan Biawali moslimin,32,فَزُرِ السُّهَا وَالفَرْقَدَيْ,نِ إِذَا أُتِيحَ لَكَ المَزَارُ,Modern,kamil_partial,kamil_partial
Hafez Ibrahim,Ahlan Biawali moslimin,33,وَسَلِ النُّجُومَ عَنِ الحَيَا,ةِ فَفِي السُّؤَالِ لَكَ اعْتِبَارِ,Modern,kamil_partial,kamil_partial
Hafez Ibrahim,Ahlan Biawali moslimin,34,هُمْ يُنَبِّئُونَكَ أَنَّ كُلْ,لَ الكَائِنَاتِ إِلَى بَوَارِ,Modern,kamil_partial,kamil_partial
Hafez Ibrahim,Ahlan Biawali moslimin,35,وَالظُّلْمُ مِنْ طَبْعِ النِّظَا,مِ فَإِنْ ظُلِمْتَ فَلَا تُمَارِ,Modern,kamil_partial,kamil_partial
Hafez Ibrahim,Ahlan Biawali moslimin,36,إِنَّ الَّذِي بَرَأَ السَّدِي,مَ هُوَ الَّذِي بَرَأَ الغُبَارَ,Modern,kamil_partial,kamil_partial
Hafez Ibrahim,Ahlan Biawali moslimin,37,فِي العَالَمِ العُلْوِيِّ وَالْ,سُّفْلِيِّ أَحْكَامٌ تُدَارُ,Modern,kamil_partial,kamil_partial
Hafez Ibrahim,Ahlan Biawali moslimin,38,خُلِقَ الضَّعِيفُ لِخِدْمَةِ الْ,أَقْوَى وَلَيْسَ لَهُ خِيَارُ,Modern,kamil_partial,kamil_partial
Hafez Ibrahim,Ahlan Biawali moslimin,39,فَتَقَوَّ يَرْهَبُكَ القَوِيْ,يُ وَهُنْ يُلَازِمُكَ الصَّغَارُ,Modern,kamil_partial,kamil_partial
Hafez Ibrahim,Ahlan Biawali moslimin,40,فِي الأَرْضِ مَا تَبْغُونَ مِنْ,عِزٍّ وَآمَالٍ كِبَارِ,Modern,kamil_partial,kamil_partial
Hafez Ibrahim,Ahlan Biawali moslimin,41,فِيهَا الحَدِيدُ وَفِيهِ بَأْ,سٌ يَوْمَ يُمْتَهَنُ الذِّمَارُ,Modern,kamil_partial,kamil_partial
Hafez Ibrahim,Ahlan Biawali moslimin,42,فِيهَا الكُنُوزُ الحَافِلَا,تُ لِمَنْ تَبَصَّرَ وَاسْتَنَارَ,Modern,kamil_partial,kamil_partial
Hafez Ibrahim,Ahlan Biawali moslimin,43,مِنْهَا اسْتَمَدَّ قُوَاهُ مَنْ,قَهَرَ المَمَالِكِ وَاسْتَعَارَ,Modern,kamil_partial,kamil_partial
Hafez Ibrahim,Ahlan Biawali moslimin,44,وَبِمَا احْتَوَتْ رَدَّ الحَصِي,فُ الرَّأْيِ غَارَةَ مَنْ أَغَارَ,Modern,kamil_partial,kamil_partial
Hafez Ibrahim,Ahlan Biawali moslimin,45,فِي ذِمَّةِ الآفَاقِ سِرْ,وَارْجِعْ إِلَى تِلْكَ الدِّيَارِ,Modern,kamil_partial,kamil_partial
Hafez Ibrahim,Ahlan Biawali moslimin,46,وَاجْعَلْ تَحِيَّتَنَا إِلَى,بَلَدٍ بِهِ لِلمُلْكِ دَارُ,Modern,kamil_partial,kamil_partial
Hafez Ibrahim,Ahlan Biawali moslimin,47,دَارٌ عَلَيْهَا لِلْخِلَا,فَةِ وَالهُدَى رُفِعَ المَنَارُ,Modern,kamil_partial,kamil_partial
Hafez Ibrahim,Ahlan Biawali moslimin,48,دَارُ الغُزَاةِ الفَاتِحِي,نَ الصَّفْوَةِ الغُرِّ الخِيَارِ,Modern,kamil_partial,kamil_partial
Hafez Ibrahim,Ahlan Biawali moslimin,49,فِي كُلِّ حَاضِرَةٍ لَهُمْ,غَزْوٌ فَفَتْحٌ فَانْتِصَارِ,Modern,kamil_partial,kamil_partial
Hafez Ibrahim,Ahlan Biawali moslimin,50,ضَرَبُوا الزَّمَانَ بِسَوْطِ عِزْ,زَتِهِمْ فَلَانَ لَهُمْ فَدَارَ,Modern,kamil_partial,kamil_partial
Hafez Ibrahim,Ahlan Biawali moslimin,51,يَمْشُونَ فِي غَابِ القَنَا,مَشْيَ المُرَنَّحِ بِالعُقَارِ,Modern,kamil_partial,kamil_partial
Hafez Ibrahim,Ahlan Biawali moslimin,52,مِنْ كُلِّ أَرْوَعَ فَاتِكٍ,لَا يَسْتَشِيرُ سِوَى الغِرَارِ,Modern,kamil_partial,kamil_partial
Hafez Ibrahim,Ahlan Biawali moslimin,53,ذِي مِرَّةٍ تُشْجِيهِ ذَا,تُ النَّقْعِ لَا ذَاتُ الخِمَارِ,Modern,kamil_partial,kamil_partial
Hafez Ibrahim,Ahlan Biawali moslimin,54,يَغْشَى المَعَامِعَ ضَارِبًا,بِحَيَاتِهِ ضَرْبَ القِمَارِ,Modern,kamil_partial,kamil_partial
Hafez Ibrahim,Ahlan Biawali moslimin,55,لَا يَنْثَنِي أَوْ تَخْرُجَ الْ,أَجْرَامُ عَنْ فَلَكِ المَدَارِ,Modern,kamil_partial,kamil_partial
Hafez Ibrahim,Ahlan Biawali moslimin,56,عَبَسَتْ لَهُمْ أَيَّامُهُمْ,وَالعَبْسُ يَعْقُبُهُ افْتِرَارُ,Modern,kamil_partial,kamil_partial
Hafez Ibrahim,Ahlan Biawali moslimin,57,مَا عَابَهُمْ أَنَّ الصُّعُو,دَ يَلِيهِ فِي الدَّهْرِ انْحِدَارِ,Modern,kamil_partial,kamil_partial
Hafez Ibrahim,Ahlan Biawali moslimin,58,فَلِكُلِّ غَادٍ رَوْحَةٌ,وَلِكُلِّ وُضَّاءٍ سِرَارِ,Modern,kamil_partial,kamil_partial
Hafez Ibrahim,Ahlan Biawali moslimin,59,وَلَسَوْفَ يَعْلُو نَجْمُهُمْ,وَيَسُودُ ذَيَّاكَ الشِّعَارُ,Modern,kamil_partial,kamil_partial
Hafez Ibrahim,Ma Lihatha Annajm,1,مَا لِهَذَا النَّجْمِ فِي السَّحَرِي,قَدْ سَهَا مِنْ شِدَّةِ السَّهَرِي,Modern,madid_complete,madid_complete
Hafez Ibrahim,Ma Lihatha Annajm,2,خِلْتُهُ يَا قَوْمُ يُؤْنِسُنِي,إِنْ جَفَانِي مُؤْنِسُ السَّحَرِي,Modern,madid_complete,madid_complete
Hafez Ibrahim,Ma Lihatha Annajm,3,يَا لِقَوْمِي إِنَّنِي رَجُلٌ,أَفْنَتِ الأَيَّامُ مُصْطَبَرِي,Modern,madid_complete,madid_complete
Hafez Ibrahim,Ma Lihatha Annajm,4,أَسْهَرَتْنِي الحَادِثَاتُ وَقَدْ,نَامَ حَتَّى هَاتِفُ الشَّجَرِي,Modern,madid_complete,madid_complete
Hafez Ibrahim,Ma Lihatha Annajm,5,وَالدُّجَى يَخْطُو عَلَى مَهَلٍ,خَطْوَ ذِي عِزٍّ وَذِي خَفَرِي,Modern,madid_complete,madid_complete
Hafez Ibrahim,Ma Lihatha Annajm,6,فِيهِ شَخْصُ اليَأْسِ عَانَقَنِي,كَحَبِيبٍ آبَ مِنْ سَفَرِي,Modern,madid_complete,madid_complete
Hafez Ibrahim,Ma Lihatha Annajm,7,وَأَثَارَتْ بِي فَوَادِحُهُ,كَامِنَاتِ الهَمِّ وَالكَدَرِي,Modern,madid_complete,madid_complete
Hafez Ibrahim,Ma Lihatha Annajm,8,وَكَأَنَّ اللَّيْلَ أَقْسَمَ لَا,يَنْقَضِي أَوْ يَنْقَضِي عُمُرِي,Modern,madid_complete,madid_complete
Hafez Ibrahim,Ma Lihatha Annajm,9,أَيُّهَا الزِّنْجِيُّ مَا لَكَ لَمْ,تَخْشَ فِينَا خَالِقَ البَشَرِي,Modern,madid_complete,madid_complete
Hafez Ibrahim,Ma Lihatha Annajm,10,لِي حَبِيبٌ هَاجِرٌ وَلَهُ,صُورَةٌ مِنْ أَبْدَعِ الصُّوَرِي,Modern,madid_complete,madid_complete
Hafez Ibrahim,Ma Lihatha Annajm,11,أَتَلَاشَى فِي مَحَبَّتِهِ,كَتَلَاشِي الظِلِّ فَي القَمَرِي,Modern,madid_complete,madid_complete
Hajib Ibn Habib,Batat Taloumo,1,وَبَاتَتْ تَلُومُ عَلَى ثَادِقٍ,لِيُشْرَى فَقَدْ جَدَّ عِصْيَانُهَا,Before Islam: VIth century,motaqaarib_complete,motaqaarib_complete
Hajib Ibn Habib,Batat Taloumo,2,أَلَا إِنَّ نَجْوَاكِ فِي ثَادِقٍ,سَوَاءٌ عَلَيَّ وَإِعْلَانُهَا,Before Islam: VIth century,motaqaarib_complete,motaqaarib_complete
Hajib Ibn Habib,Batat Taloumo,3,وَقَالَتْ أَغِثْنَا بِهِ إِنَّنِي,أَرَى الخَيْلَ قَدْ ثَابَ أَثْمَانُهَا,Before Islam: VIth century,motaqaarib_complete,motaqaarib_complete
Hajib Ibn Habib,Batat Taloumo,4,فَقُلْتُ أَلَمْ تَعْلَمِي أَنَّهُ,كَرِيمُ المَكَبَّةِ مِبْدَانُهَا,Before Islam: VIth century,motaqaarib_complete,motaqaarib_complete
Hajib Ibn Habib,Batat Taloumo,5,كُمَيْتٌ أُمِرَّ عَلَى زُفْرَةٍ,طَوِيلُ القَوَائِمِ عُرْيَانُهَا,Before Islam: VIth century,motaqaarib_complete,motaqaarib_complete
Hajib Ibn Habib,Batat Taloumo,6,تَرَاهُ عَلَى الخَيْلِ ذَا جُرْأَةٍ,إِذَا مَا تَقَطَّعَ أَقْرَانُهَا,Before Islam: VIth century,motaqaarib_complete,motaqaarib_complete
Hajib Ibn Habib,Batat Taloumo,7,وَهُنَّ يَرِدْنَ وُرُودَ القَطَا,عُمَانَ وَقَدْ سُدَّ مُرَّانُهَا,Before Islam: VIth century,motaqaarib_complete,motaqaarib_complete
Hajib Ibn Habib,Batat Taloumo,8,طَوِيلُ العِنَانِ قَلِيلُ العِثَا,رِ خَاظِي الطَّرِيقَةِ رَيَّانُهَا,Before Islam: VIth century,motaqaarib_complete,motaqaarib_complete
Hajib Ibn Habib,Batat Taloumo,9,وَقُلْتُ أَلَمْ تَعْلَمِي أَنَّهُ,جَمِيلُ الطُّلَالَةِ حُسَّانُهَا,Before Islam: VIth century,motaqaarib_complete,motaqaarib_complete
Hajib Ibn Habib,Batat Taloumo,10,يَجُمُّ عَلَى السَّاقِ بَعْدَ المِتَانِي,جُمُومًا وَيُبْلَغُ إِمْكَانُهَا,Before Islam: VIth century,motaqaarib_complete,motaqaarib_complete
Hassan Ibn Thabit,Onthor Khaliili,1,أُنْظُرْ خَلِيلِي بِبَطْنِ جِلِّقَ هَلْ,تُؤْنِسُ دُونَ البَلْقَاءِ مِنْ أَحَدِ,Just before and aftrer Islam: VIIth - VIIIth,monsarih_complete,monsarih_complete
Hassan Ibn Thabit,Onthor Khaliili,2,جِمَالَ شَعْثَاءَ قَدْ هَبَطْنَ مِنَ الْ,مَحْبِسِ بَيْنَ الكُثْبَانِ فَالسَّنَدِ,Just before and aftrer Islam: VIIth - VIIIth,monsarih_complete,monsarih_complete
Hassan Ibn Thabit,Onthor Khaliili,3,يَحْمِلنَ حُوًّا حُورَ المَدَامِعِ فِي الرْ,رَيْطِ وَبِيضَ الوُجُوهِ كَالبَرَدِ,Just before and aftrer Islam: VIIth - VIIIth,monsarih_complete,monsarih_complete
Hassan Ibn Thabit,Onthor Khaliili,4,مِنْ دُونِ بُصْرَى وَخَلْفَهَا جَبَلُ الثَّلْ,جِ عَلَيْهِ السَّحَابُ كَالقِدَدِ,Just before and aftrer Islam: VIIth - VIIIth,monsarih_complete,monsarih_complete
Hassan Ibn Thabit,Onthor Khaliili,5,إِنِّي وَرَبِّ المُخَيِّسَاتِ وَمَا,يَقْطَعْنَ مِنْ كُلِّ سَرْبَخٍ جَدَدِ,Just before and aftrer Islam: VIIth - VIIIth,monsarih_complete,monsarih_complete
Hassan Ibn Thabit,Onthor Khaliili,6,وَالبُدْنِ إِذْ قُرِّبَتْ لِمَنْحَرِهَا,حِلْفَةَ بَرِّ اليَمِينِ مُجْتَهِدِ,Just before and aftrer Islam: VIIth - VIIIth,monsarih_complete,monsarih_complete
Hassan Ibn Thabit,Onthor Khaliili,7,مَا حُلْتُ عَنْ خَيْرِ مَا عَهِدْتِ وَلَا,أَحْبَبْتُ حُبِّي إِيَّاكِ مِنْ أَحَدِ,Just before and aftrer Islam: VIIth - VIIIth,monsarih_complete,monsarih_complete
Hassan Ibn Thabit,Onthor Khaliili,8,تَقُولُ شَعْثَاءُ لَوْ تُفِيقُ مِنَ الْ,كَأْسِ لَأُلْفَيْتَ مُثْرِيَ العَدَدِ,Just before and aftrer Islam: VIIth - VIIIth,monsarih_complete,monsarih_complete
Hassan Ibn Thabit,Onthor Khaliili,9,أَشْهَى حَدِيثَ النَّدْمَانِ فِي فَلَقِ الصْ,صُبْحِ وَصَوْتَ المُسَامِرِ الغَرِدِ,Just before and aftrer Islam: VIIth - VIIIth,monsarih_complete,monsarih_complete
Hassan Ibn Thabit,Onthor Khaliili,10,يَأْبَى لِيَ السَّيْفُ وَاللِّسَانُ وَقَوْ,مٌ لَمْ يُضَامُوا كَلِبْدَةِ الأَسَدِ,Just before and aftrer Islam: VIIth - VIIIth,monsarih_complete,monsarih_complete
Hassan Ibn Thabit,Onthor Khaliili,11,لَا أَخْدِشُ الخَدْشَ بِالنَّدِيمِ وَلَا,يَخْشَى جَلِيسِي إِذَا غَضَبْتِ يَدِي,Just before and aftrer Islam: VIIth - VIIIth,monsarih_complete,monsarih_complete
Hassan Ibn Thabit,Onthor Khaliili,12,وَلَا نَدِيمِي العِضُّ البَخِيلُ وَلَا,يَخَافُ جَارِي مَا عِشْتُ مِنْ وَبَدِ,Just before and aftrer Islam: VIIth - VIIIth,monsarih_complete,monsarih_complete
Hatim Attaii,Abaa Toolo Laylika,1,أَبَى طُولُ لَيْلِكَ إِلَّا سُهُودَ,فَمَا إِنْ تَبِينُ لِصُبْحٍ عَمُودَا,Before Islam: VIth century,motaqaarib_complete,motaqaarib_complete
Hatim Attaii,Abaa Toolo Laylika,2,أَبِيتُ كَئِيبًا أُرَاعِي النُّجُومَ,وَأُوجِعُ مِنْ سَاعِدَيَّ الحَدِيدَا,Before Islam: VIth century,motaqaarib_complete,motaqaarib_complete
Hatim Attaii,Abaa Toolo Laylika,3,أُرَجِّي فَوَاضِلَ ذِي بَهْجَةٍ,مِنَ النَّاسِ يَجْمَعُ حُزْمًا وَجُودَا,Before Islam: VIth century,motaqaarib_complete,motaqaarib_complete
Hatim Attaii,Abaa Toolo Laylika,4,نَمَتْهُ إِمَامَةُ وَالحَارِثَانِ,حَتَّى تَمَهَّلَ سَبْقًا جَدِيدَا,Before Islam: VIth century,motaqaarib_complete,motaqaarib_complete
Hatim Attaii,Abaa Toolo Laylika,5,كَسَبْقِ الجَوَادِ غَدَاةَ الرِّهَانِ,أَرَبَّى عَلَى السِّنِّ شَأْوًا مَدِيدَا,Before Islam: VIth century,motaqaarib_complete,motaqaarib_complete
Hatim Attaii,Abaa Toolo Laylika,6,فَإِجْمَعْ فِدَاءٌ لَكَ الوَالِدَانِ,لِمَا كُنْتَ فِينَا بِخَيْرٍ مُرِيدَا,Before Islam: VIth century,motaqaarib_complete,motaqaarib_complete
Hatim Attaii,Abaa Toolo Laylika,7,فَتَجْمَعُ نُعْمَى عَلَى حَاتِمٍ,وَتُحْضِرُهَا مِنْ مَعَدٍّ شُهُودَا,Before Islam: VIth century,motaqaarib_complete,motaqaarib_complete
Hatim Attaii,Abaa Toolo Laylika,8,أَمِ الهُلْكُ أَدْنَى فَمَا إِنْ عَلِمْتُ,عَلَيَّ جُنَاحًا فَأَخْشَى الوَعِيدَا,Before Islam: VIth century,motaqaarib_complete,motaqaarib_complete
Hatim Attaii,Abaa Toolo Laylika,9,فَأَحْسِنْ فَلَا عَارَ فِيمَا صَنَعْتَ,تُحْيِي جُدُودًا وَتَبْرِي جُدُودَا,Before Islam: VIth century,motaqaarib_complete,motaqaarib_complete
Ibn Abd Rabbih,Araa Lissibaa,1,أَرَى لِلصِّبَا وَدَاعَا,وَمَا يَذْكُرُ اجْتِمَاعَا,Abbassi: VIIIth - XVIth,modarii_complete,modarii_complete
Ibn Abd Rabbih,Araa Lissibaa,2,كَأَنْ لَمْ يَكُنْ جَدِيرًا,بِحِفْظِ الَّذِي أَضَاعَا,Abbassi: VIIIth - XVIth,modarii_complete,modarii_complete
Ibn Abd Rabbih,Araa Lissibaa,3,وَلَمْ يُصْبِنَا سُرُورًا,وَلَمْ يُلْهِنَا سَمَاعَا,Abbassi: VIIIth - XVIth,modarii_complete,modarii_complete
Ibn Abd Rabbih,Araa Lissibaa,4,فَجَدِّدْ وِصَالَ صَبٍّ,مَتَى تَعْصِهِ أَطَاعَا,Abbassi: VIIIth - XVIth,modarii_complete,modarii_complete
Ibn Abd Rabbih,Araa Lissibaa,5,وَإِنْ تَدْنُ مِنْهُ شِبْرًا,يُقَرِّبْكَ مِنْهُ بَاعَا,Abbassi: VIIIth - XVIth,modarii_complete,modarii_complete
Ibn Abd Rabbih,Kaabato Al Dolli,1,كَآبَةُ الذُّلِّ فِي كِتَابِي,وَنَخْوَةُ العِزِّ فِي جَوَابِ,Abbassi: VIIIth - XVIth,bassit_mokhlaa,bassit_mokhlaa
Ibn Abd Rabbih,Kaabato Al Dolli,2,قَتَلْتَ نَفْسًا بِغَيْرِ نَفْسٍ,فَكَيْفَ تَنْجُو مِنَ العَذَابِ,Abbassi: VIIIth - XVIth,bassit_mokhlaa,bassit_mokhlaa
Ibn Abd Rabbih,Kaabato Al Dolli,3,خُلِقْتَ مِنْ بَهْجَةٍ وَطِيبٍ,إِذْ خُلِقَ النَّاسُ مِنْ تُرَابِ,Abbassi: VIIIth - XVIth,bassit_mokhlaa,bassit_mokhlaa
Ibn Abd Rabbih,Kaabato Al Dolli,4,وَلَّتْ حُمَيَّا الشَّبَابِ عَنِّي,فَلَهْفَ نَفْسِي عَلَى الشَّبَابِ,Abbassi: VIIIth - XVIth,bassit_mokhlaa,bassit_mokhlaa
Ibn Abd Rabbih,Kaabato Al Dolli,5,أَصْبَحْتُ وَالشِّيبُ قَدْ عَلَانِي,يَدْعُو حَثِيثًا إِلَى الخِضَابِ,Abbassi: VIIIth - XVIth,bassit_mokhlaa,bassit_mokhlaa
Ibn Abd Rabbih,Ya Laylatan,1,يَا لَيْلَةً لَيْسَ فِي ظَلْمَائِهَا نُورٌ,إِلَّا وُجُوهًا تُضَاهِيهَا الدَّنَانِيرُ,Abbassi: VIIIth - XVIth,bassit_complete,bassit_complete
Ibn Abd Rabbih,Ya Laylatan,2,حُورٌ سَقَتْنِيَ كَأْسَ المَوْتِ أَعْيُنُهَا,مَاذَا سَقَتْنِيهِ تِلْكَ الأَعْيُنُ الحُورُ,Abbassi: VIIIth - XVIth,bassit_complete,bassit_complete
Ibn Abd Rabbih,Ya Laylatan,3,إِذَا ابْتَسَمْنَ فَدُرُّ الثَّغْرِ مُنْتَظِمٌ,وَإِنْ نَطَقْنَ فَدُرُّ اللَّفْظِ مَنْثُورُ,Abbassi: VIIIth - XVIth,bassit_complete,bassit_complete
Ibn Abd Rabbih,Ya Laylatan,4,خَلِّ الصِّبَا عَنْكَ وَاخْتِمْ بِالنُّهَى عَمَلًا,فَإِنَّ خَاتِمَةَ الأَعْمَالِ تَكْفِيرُ,Abbassi: VIIIth - XVIth,bassit_complete,bassit_complete
Ibn Abd Rabbih,Ya Laylatan,5,وَالخَيْرُ وَالشَّرُّ مَقْرُونَانِ فِي قِرَنٍ,فَالخَيْرُ مُتَّبَعٌ وَالشَّرُّ مَحْذُورُ,Abbassi: VIIIth - XVIth,bassit_complete,bassit_complete
Ibn Al Khatib,Mawlaya,1,مَوْلَايَ يَا خَيْرَ مُلُوكِ الوَرَى,وَنُخْبَةَ النَّصْرِ وَأَرْبَابِهِ,Mamlouki: XIIIth - XVIth,sarii_complete,sarii_complete
Ibn Al Khatib,Mawlaya,2,قُمْتَ بِأَمْرِ أَنْتَ أَهْلٌ لَهُ,فَلْتَأْتِ هَذَا الأَمْرَ مِنْ بَابِهِ,Mamlouki: XIIIth - XVIth,sarii_complete,sarii_complete
Ibn Al Khatib,Mawlaya,3,لَا تُدْنِ مِنْ بَابِكَ شَخْصًا يَرَى,بِأَنَّهُو فِي النَّاسِ أَوْلَى بِهِ,Mamlouki: XIIIth - XVIth,sarii_complete,sarii_complete
Ibn Al Khatib,Mawlaya,4,وَعِنْدَهُو مَالٌ وَمِنْ خَلْفِهِ,أَيْدٍ تَعَلَّقْنَ بِأَهْدَابِهِ,Mamlouki: XIIIth - XVIth,sarii_complete,sarii_complete
Ibn Al Khatib,Mawlaya,5,لَا سِيَّمَا مَنْ دَخَلَتْ أُذْنُهُ,وَانْتَفَخَتْ مِنْ تَحْتِ أَثْوَابِهِ,Mamlouki: XIIIth - XVIth,sarii_complete,sarii_complete
Ibn Al Khatib,Mawlaya,6,وَخَافَ مِنْهُ المُلْكُ فِيمَا مَضَى,وَكَانَ يَنْوِي قَطْعَ أَسْبَابِهِ,Mamlouki: XIIIth - XVIth,sarii_complete,sarii_complete
Ibn Al Khatib,Mawlaya,7,قَدْ أَفْسَدَتْ أَقْوَالَ كُهَّانِهِ,فَكَّرْتَهُ اليَوْمَا وَحُسَّابِهِ,Mamlouki: XIIIth - XVIth,sarii_complete,sarii_complete
Ibn Al Khatib,Mawlaya,8,يَنْظُرُ فِي المِرْآةِ مِنْ وَجْهِهِ,بَيْنَ مَوَالِيهِ وَأَحْزَابِهِ,Mamlouki: XIIIth - XVIth,sarii_complete,sarii_complete
Ibn Al Khatib,Mawlaya,9,عَرُوسَ مُلْكٍ طَالَمَا أُعْمِلَتْ,فِي عَقْدِهِ أَرْجُلُ خُطَّابِهِ,Mamlouki: XIIIth - XVIth,sarii_complete,sarii_complete
Ibn Al Khatib,Mawlaya,10,فَهَمُّهُ اسْتِبْدَالُ قُوَّادِهِ,وَفِكْرُهُ اسْتِنْخَابُ كُتَّابِهِ,Mamlouki: XIIIth - XVIth,sarii_complete,sarii_complete
Ibn Al Khatib,Mawlaya,11,إِنْ نَامَ كَانَتْ حُلْمَ أَفْكَارِهِ,أَوْ قَامَ كَانَتْ نُصْبَ مِحْرَابِهِ,Mamlouki: XIIIth - XVIth,sarii_complete,sarii_complete
Ibn Al Khatib,Mawlaya,12,يَنْقُدُكَ الغِيبَةَ مَهْمَا خَلَا,مَا بَيْنَ أَهْلَيْهِ وَأَصْحَابِهِ,Mamlouki: XIIIth - XVIth,sarii_complete,sarii_complete
Ibn Al Khatib,Mawlaya,13,وَيَجْذُبُ الجُنْدَ إِلَى نَفْسِهِ,بِخَادِعِ القَوْلِ وَخَلَّابِهِ,Mamlouki: XIIIth - XVIth,sarii_complete,sarii_complete
Ibn Al Khatib,Mawlaya,14,كَانَ بِهِ إِنْ لَمْ تَكُنْ حَازِمًا,وَالوَفْدُ يَبْغِي إِذْنَ حُجَّابِهِ,Mamlouki: XIIIth - XVIth,sarii_complete,sarii_complete
Ibn Al Khatib,Mawlaya,15,وَالآنَ قَدْ هَابَكَ فَاحْذَرْ فَمَا,يَبْدَأُ فَتْكًا غَيْرُ هَيَّابِهِ,Mamlouki: XIIIth - XVIth,sarii_complete,sarii_complete
Ibn Al Khatib,Mawlaya,16,وَقَاطِعُ الدَّوْلَةِ مُسْتَقْبِلٌ,فَلْتَسْتَعِذْ مِنْ شَرِّ أَوْصَابِهِ,Mamlouki: XIIIth - XVIth,sarii_complete,sarii_complete
Ibn Al Khatib,Mawlaya,17,وَاللَّهُ يَكْفِيكَ شُرُورَ العِدَى,لَا يَسْتَعِينُ العَبْدُ إِلَّا بِهِ,Mamlouki: XIIIth - XVIth,sarii_complete,sarii_complete
Ibn Al Khatib,Mawlaya,18,وَالمُلْكُ لَمْ يُقْصَرْ عَلَى أُمَّةٍ,وَإِنَّمَا المُلْكُ لِغُلَّابِهِ,Mamlouki: XIIIth - XVIth,sarii_complete,sarii_complete
Ibn Al Khatib,Mawlaya,19,هَذَا ابْنُ هُودٍ بَعْدَ إِرْثِ العُلَى,فَازَ بَنُو نَصْرٍ بِأَسْلَابِهِ,Mamlouki: XIIIth - XVIth,sarii_complete,sarii_complete
Ibn Al Khatib,Mawlaya,20,لَا يَسْتَلِذُّ العَيْشَ لَيْثُ الشَّرَى,حَتَّى يَذُودَ الأَسْدَ عَنْ غَابِهِ,Mamlouki: XIIIth - XVIth,sarii_complete,sarii_complete
Ibn Al Khatib,Mawlaya,21,وَإِنْ أَضَعْتَ الحَزْمَ لَمْ تَنْفَلِتْ,مِنْ ظُفُرِ الحَيْنِ وَمِنْ نَابِهِ,Mamlouki: XIIIth - XVIth,sarii_complete,sarii_complete
Ibn Al Khatib,Mawlaya,22,لَا تَتَّهِمْنِي إِنَّنِي مُمْتَلٍ,مِنْ حِكَمِ المُلْكِ وَآدَابِهِ,Mamlouki: XIIIth - XVIth,sarii_complete,sarii_complete
Ibn Al Khatib,Mawlaya,23,وَعَقْلَكَ المَوْهُوبَ حَكِّمْهُ فِي,الأَحْوَالِ وَاشْكُرْ فَضْلَ وَهَّابِهِ,Mamlouki: XIIIth - XVIth,sarii_complete,sarii_complete
Ibn Al Khatib,Mawlaya,24,وَكُلُّ مَنْ أَدْلَلْتَهُو قَبْلَهَا,عَلِّمْهُ بِالمُلْكِ وَأَلْقَابِهِ,Mamlouki: XIIIth - XVIth,sarii_complete,sarii_complete
Ibn Al Khatib,Mawlaya,25,لَمْ يُرَ مُلْكٌ فِي زَمَانٍ خَلَا,قَامَ لَهُو رَسْمٌ بِأَتْرَابِهِ,Mamlouki: XIIIth - XVIth,sarii_complete,sarii_complete
Ibn Al Khatib,Mawlaya,26,مَنْ قُلْتَ يَا عَمِّ لَهُو مَرَّةً,ثِقْ بِتَعَاطِيهِ وَإِعْجَابِهِ,Mamlouki: XIIIth - XVIth,sarii_complete,sarii_complete
Ibn Al Khatib,Mawlaya,27,أَوْ سَيِّدِي دَامَ يَرَى سَيِّدِي,حَقًّا لَهُو قُمْتَ بِإِيجَابِهِ,Mamlouki: XIIIth - XVIth,sarii_complete,sarii_complete
Ibn Al Khatib,Mawlaya,28,وَابْسُطْ عَلَى الخَلْقِي مِنَ العَدْلِ مَا,يَسْتَتِرُ الخَلْقُ بِجِلْبَابِهِ,Mamlouki: XIIIth - XVIth,sarii_complete,sarii_complete
Ibn Al Khatib,Mawlaya,29,وَأَحْكِمِ السِّلْمَ لَهُمْ عَاقِدًا,عُقْدَةَ غِرٍّ ظَاهِرٍ نَابِهِ,Mamlouki: XIIIth - XVIth,sarii_complete,sarii_complete
Ibn Al Khatib,Mawlaya,30,وَمَهِّدِ السُّلْطَانَ فِعْلَ امْرِءٍ,يُخَلِّفُ المُلْكَ لِأَعْقَابِهِ,Mamlouki: XIIIth - XVIth,sarii_complete,sarii_complete
Ibn Al Khatib,Mawlaya,31,وَبَعْدَ فَرْضِ الحَجِّ لَابُدَّ لِي,مِنْ دَارِ مَوْلَايَ وَمِنْ بَابِهِ,Mamlouki: XIIIth - XVIth,sarii_complete,sarii_complete
Ibn Al Moatazz,Jaara haada al dahro,1,جَارَ هَذَا الدَّهْرُ أَوْ آبَا,وَقَرَاكَ الهَمُّ أَوْصَابَا,Abbassi: VIIIth - XVIth,madid_complete,ramal_partial
Ibn Al Moatazz,Jaara haada al dahro,2,وَوُفُودُ النَّجْمِ وَاقِفَةٌ,لَا تَرَى فِي الغَرْبِ أَبْوَابَا,Abbassi: VIIIth - XVIth,madid_complete,madid_complete
Ibn Al Moatazz,Jaara haada al dahro,3,وَكَأَنَّ الفَجْرَ حِينَ رَأَى,لَيْلَةً قَاسِيَةً هَابَا,Abbassi: VIIIth - XVIth,madid_complete,madid_complete
Ibn Al Moatazz,Jaara haada al dahro,4,غَضَبُ الإِدْلَالِ مِنْ رَشَإٍ,لَابِسٍ لِلْحُسْنِ جِلْبَابَا,Abbassi: VIIIth - XVIth,madid_complete,madid_complete
Ibn Al Moatazz,Jaara haada al dahro,5,سُحِرَتْ عَيْنِي فَلَسْتُ أَرَى,غَيْرَهُ فِي النَّاسِ أَحْبَابَا,Abbassi: VIIIth - XVIth,madid_complete,madid_complete
Ibn Al Moatazz,Jaara haada al dahro,6,وَلِحَيْنِي إِذْ بُلِيتُ بِهِ,وَأَرَى لِلْحَيْنِ أَسْبَابَا,Abbassi: VIIIth - XVIth,madid_complete,madid_complete
Ibn Al Moatazz,Jaara haada al dahro,7,غُصُنٌ يَهْتَزُّ فِي قَمَرٍ,رَاكِضًا لِلْوَشْيِ سَحَّابَا,Abbassi: VIIIth - XVIth,madid_complete,madid_complete
Ibn Al Moatazz,Jaara haada al dahro,8,أَثْمَرَتْ أَغْصَانُ رَاحَتِهِ,لِجُنَاةِ الحُسْنِ عُنَّابَا,Abbassi: VIIIth - XVIth,madid_complete,madid_complete
Ibn Al Moatazz,Jaara haada al dahro,9,لَامَهُ فِيَّ الوُشَاةِ وَكَمْ,ذَامَنِي مِنْهُمْ وَكَمْ عَابَا,Abbassi: VIIIth - XVIth,madid_complete,madid_complete
Ibn Al Moatazz,Jaara haada al dahro,10,عَذَّبُوا صَبًّا بِعَذْلِهِمُ,مُتْعَبًا فِي الحُبِّ إِتْعَابَا,Abbassi: VIIIth - XVIth,madid_complete,madid_complete
Ibn Al Moatazz,Jaara haada al dahro,11,فَتَبَرَّا مِنْ مَحَبَّتِنَا,وَأُرَاهُ كَانَ كَذَّابَا,Abbassi: VIIIth - XVIth,madid_complete,madid_complete
Ibn Al Moatazz,Jaara haada al dahro,12,لَا تَرَى عَيْنِي لَهُ شَبَهًا,غَزِلٌ فِي الحُبِّ مَا حَابَى,Abbassi: VIIIth - XVIth,madid_complete,madid_complete
Ibn Al Moatazz,Jaara haada al dahro,13,وَحَدِيثٍ قَدْ جَعَلْتُ لَهُ,دُونَ عِلْمِ النَّاسِ حُجَّابَا,Abbassi: VIIIth - XVIth,madid_complete,madid_complete
Ibn Al Moatazz,Jaara haada al dahro,14,لَا يَمَلُّ النَّثْرَ لَافِظُهُ,مُفْتَنٌ يُعْجَبُ إِعْجَابَا,Abbassi: VIIIth - XVIth,madid_complete,madid_complete
Ibn Al Moatazz,Jaara haada al dahro,15,قَدْ أَبَحْنَاهُ فَطَابَ لَنَا,وَحَوَيْنَا مِنْهُ إِنْهَابَا,Abbassi: VIIIth - XVIth,madid_complete,madid_complete
Ibn Al Moatazz,Jaara haada al dahro,16,وَشَبَابٍ كَانَ يُعْجِبُنِي,وَبِهِ قَدْ كُنْتُ لَعَّابَا,Abbassi: VIIIth - XVIth,madid_complete,madid_complete
Ibn Al Moatazz,Jaara haada al dahro,17,جَاهُ حُسْنٍ مَا رُدِدْتُ بِهِ,وَشَفِيعٌ قَطُّ مَا خَابَا,Abbassi: VIIIth - XVIth,madid_complete,madid_complete
Ibn Al Moatazz,Jaara haada al dahro,18,ثُمَّ أَدَّيْنَا إِلَى شَمَطٍ,مُسْبِلٍ فِي الرَّأْسِ أَهْدَابَا,Abbassi: VIIIth - XVIth,madid_complete,madid_complete
Ibn Al Moatazz,Jaara haada al dahro,19,فَأَمَامِي المُرُّ مِنْ عُمُرِي,وَوَرَائِي مِنْهُ مَا طَابَا,Abbassi: VIIIth - XVIth,madid_complete,madid_complete
Ibn Al Moatazz,Jaara haada al dahro,20,خَضَبَتْ رَأْسِي فَقُلْتُ لَهَا,أَخْضِبِي قَلْبِي فَقَدْ شَابَا,Abbassi: VIIIth - XVIth,madid_complete,madid_complete
Ibn Al Moatazz,Jaara haada al dahro,21,شَرْطُ دَهْرِي كُلُّهُ غِيَرٌ,حِينَ عَادَيْنَاهُ إِسْحَابَا,Abbassi: VIIIth - XVIth,madid_complete,madid_complete
Ibn Al Moatazz,Jaara haada al dahro,22,وَلَقَدْ غَادَيْتُ مُتْرَعَةً,لَمْ تَشِمْ فِي خُلُقِي عَابَا,Abbassi: VIIIth - XVIth,madid_complete,madid_complete
Ibn Al Moatazz,Jaara haada al dahro,23,وَحَلَبْتُ الدَّهْرَ أَشْطُرَهُ,وَقَضَتْهُ النَّفْسُ أَطْرَابَا,Abbassi: VIIIth - XVIth,madid_complete,madid_complete
Ibn Al Moatazz,Jaara haada al dahro,24,وَخَمِيسُ الأَرْضِ مَالِكُهُ,يَمْلَأُ الأَرْضَ بِهِ غَابَا,Abbassi: VIIIth - XVIth,madid_complete,madid_complete
Ibn Al Moatazz,Jaara haada al dahro,25,مِثْلُ لُجِّ البَحْرِ مُصْطَخِبًا,يَزْجُرُ اللَّيْلَ إِذَا غَابَا,Abbassi: VIIIth - XVIth,madid_complete,madid_complete
Ibn Al Moatazz,Jaara haada al dahro,26,وَلَقَدْ أَغْزُو بِسَلْهَبَةٍ,تُعْطِبُ الأَحْقَافَ إِعْطَابَا,Abbassi: VIIIth - XVIth,madid_complete,madid_complete
Ibn Al Moatazz,Jaara haada al dahro,27,قَدْ حَذَاهَا الدَّهْرُ جِلْدَتَهُ,وَكَسَاهَا اللَّيْلُ أَثْوَابَا,Abbassi: VIIIth - XVIth,madid_complete,madid_complete
Ibn Al Moatazz,Jaara haada al dahro,28,جَاسَ فِيهَا الشَّكُّ حِينَ رَأَتْ,بِجُنُوبِ الحَزْنِ أَسْرَابَا,Abbassi: VIIIth - XVIth,madid_complete,madid_complete
Ibn Al Moatazz,Jaara haada al dahro,29,فَرَجَمْنَاهَا بِغُرَّتِهَا,فَقَضَتْ لِلْحِرْصِ آرَابَا,Abbassi: VIIIth - XVIth,madid_complete,madid_complete
Ibn Al Moatazz,Jaara haada al dahro,30,وَرَدَدْنَا الرُّمْحَ مُخْتَضِبًا,لِدِمَاءِ الوَحْشِ شَرَّابَا,Abbassi: VIIIth - XVIth,madid_complete,madid_complete
Ibn Al Moatazz,La Ara Fil 3athili,1,لَا عُذْرَ لِلْعَاذِلِ فِي الكَأْسِي,فَمَا أَرَى فِي الكَأْسِ مِنْ بَأْسِ,Abbassi: VIIIth - XVIth,sarii_complete,sarii_complete
Ibn Al Moatazz,La Ara Fil 3athili,2,وَيْلِي مِنَ النَّاسِ وَمِنْ لَوْمِهِمْ,مَا لَقِيَ النَّاسُ مِنَ النَّاسِ,Abbassi: VIIIth - XVIth,sarii_complete,sarii_complete
Ibn Al Moatazz,La Ara Fil 3athili,3,مُهَفْهَفِ الخَصْرِ هَضِيمِ الحَشَا,مُشَوَّقٍ بِالوَعْدِ مَكَّاسِ,Abbassi: VIIIth - XVIth,sarii_complete,sarii_complete
Ibn Al Moatazz,La Ara Fil 3athili,4,وَقَامَ فِي العَاتِقِ مَنْدِيلُهُ,يُدِيرُ كَأْسًا بَيْنَ جُلَّاسِ,Abbassi: VIIIth - XVIth,sarii_complete,sarii_complete
Ibn Al Moatazz,La Ara Fil 3athili,5,وَيَدْخُلُ الآذَانَ مِنْ أَمْسِهِ,مِنْ تَحْتِ إِكْلِيلٍ مِنَ الآسِ,Abbassi: VIIIth - XVIth,sarii_complete,sarii_complete
Ibn Al Moatazz,La Ara Fil 3athili,6,وَشَمَّرَ الذَّيْلَ إِلَى خَصْرِهِ,وَحَثَّنَا بِالرَّطْلِ وَالكَاسِ,Abbassi: VIIIth - XVIth,sarii_complete,sarii_complete
Ibn Al Moatazz,La Ara Fil 3athili,7,وَطَالَمَا عَذَّبَنِي هَجْرُهُ,وَوَكَّلَ القَلْبَ بِوِسْوَاسِ,Abbassi: VIIIth - XVIth,sarii_complete,sarii_complete
Ibn Al Moatazz,La Ara Fil 3athili,8,لَمَّا أَتَتْنِي رُسْلُهُو بِالرِّضَا,أُنْسِيتُ مَا مَرَّ عَلَى رَأْسِي,Abbassi: VIIIth - XVIth,sarii_complete,sarii_complete
Ibn Al Moatazz,La Ara Fil 3athili,9,وَلَمْ أَزَلْ وَاللَّيْلُ سُتْرٌ لَنَا,مِنْ دُونِ رُقَّابٍ وَحُرَّاسِ,Abbassi: VIIIth - XVIth,sarii_complete,sarii_complete
Ibn Al Moatazz,La Ara Fil 3athili,10,أَشْكُو إِلَى غَمْزَةِ عَيْنَيْهِ مَا,قَاسَيْتُهُو مِنْ قَلْبِهِ القَاسِي,Abbassi: VIIIth - XVIth,sarii_complete,sarii_complete
Ibn Al Moatazz,La Ara Fil 3athili,11,فِي لَيْلَةٍ مَا مِثْلَهَا لَيْلَةٌ,لَسْتُ لَهَا مَا عِشْتُ بِالنَّاسِي,Abbassi: VIIIth - XVIth,sarii_complete,sarii_complete
Ibn Khafaajah,Marra bina wa howa badro,1,مَرَّ بِنَا وَهْوَ بَدْرُ تَمٍّ,يَسْحَبُ مِنْ ذَيْلِهِ سَحَابَا,Andaloussi: VIIIth - XVIth,bassit_mokhlaa,bassit_mokhlaa
Ibn Khafaajah,Marra bina wa howa badro,2,بِقَامَةٍ تَنْثَنِي قَضِيبًا,وَغُرَّةٍ تَلْتَظِي شِهَابَا,Andaloussi: VIIIth - XVIth,bassit_mokhlaa,bassit_mokhlaa
Ibn Khafaajah,Marra bina wa howa badro,3,يَقْرَأُ وَاللَّيْلُ مُدْلَهِمٌّ,لِنُورِ إِجْلَائِهِ كِتَابَا,Andaloussi: VIIIth - XVIth,bassit_mokhlaa,bassit_mokhlaa
Ibn Khafaajah,Marra bina wa howa badro,4,وَرُبَّ لَيْلٍ سَهِرْتُ فِيهِي,أَزْجُرُ مِنْ جِنْحِهِ نِكَابَا,Andaloussi: VIIIth - XVIth,bassit_mokhlaa,bassit_mokhlaa
Ibn Khafaajah,Marra bina wa howa badro,5,حَتَّى إِذَا اللَّيْلُ مَالَ سُكْرًا,وَشَقَّ سِرْبَالَهُ وَجَابَا,Andaloussi: VIIIth - XVIth,bassit_mokhlaa,bassit_mokhlaa
Ibn Khafaajah,Marra bina wa howa badro,6,وَحَامَ مِنْ سُدْفِهِ غُرَابٌ,طَالَتْ بِهِ سِنُّهُ فَشَابَا,Andaloussi: VIIIth - XVIth,bassit_mokhlaa,bassit_mokhlaa
Ibn Khafaajah,Marra bina wa howa badro,7,إِزْدَدْتُ مِنْ لَوْعَتِي خَبَالًا,فَحَثَّ مِنْ غُلَّتِي شَرَابَا,Andaloussi: VIIIth - XVIth,bassit_mokhlaa,bassit_mokhlaa
Ibn Khafaajah,Marra bina wa howa badro,8,وَمَا خَطَا قَادِمًا فَوَافَى,حَتَّى انْثَنَى نَاكِصًا فَآبَا,Andaloussi: VIIIth - XVIth,bassit_mokhlaa,bassit_mokhlaa
Ibn Khafaajah,Marra bina wa howa badro,9,وَبَيْنَ جَفْنَيَّ بَحْرُ شَوْقٍ,يَعُبُّ فِي وَجْنَتِي عُبَابَا,Andaloussi: VIIIth - XVIth,bassit_mokhlaa,bassit_mokhlaa
Ibn Khafaajah,Marra bina wa howa badro,10,قَدْ شَبَّ فِي وَجْهِهِ شُعَاعٌ,وَشَبَّ عَنْ قَلْبِهِ الْتِهَابَا,Andaloussi: VIIIth - XVIth,bassit_mokhlaa,bassit_mokhlaa
Ibn Khafaajah,Marra bina wa howa badro,11,وَرَوْضَةٍ طَلْقَةٍ حَيَاءً,غَنَّاءَ مُخْضَرَّةٍ جَنَابَا,Andaloussi: VIIIth - XVIth,bassit_mokhlaa,bassit_mokhlaa
Ibn Khafaajah,Marra bina wa howa badro,12,يَنْجَابُ عَنْ نُورِهَا كِمَامٌ,يَحُطُّ عَنْ وَجْهِهِ نِقَابَا,Andaloussi: VIIIth - XVIth,bassit_mokhlaa,bassit_mokhlaa
Ibn Khafaajah,Marra bina wa howa badro,13,بَاتَ بِهَا مِبْسَمُ الأَقَاحِي,يَرْشُفُ مِنْ طَلِّهَا رُضَابَا,Andaloussi: VIIIth - XVIth,bassit_mokhlaa,bassit_mokhlaa
Ibn Khafaajah,Marra bina wa howa badro,14,وَمِنْ خُفُوقِ البُرُوقِ فِيهَا,أَلْوِيَةٌ جُمِّرَتْ خِضَابَا,Andaloussi: VIIIth - XVIth,bassit_mokhlaa,bassit_mokhlaa
Ibn Khafaajah,Marra bina wa howa badro,15,كَأَنَّهَا أَنْمُلٌ وِرَادٌ,تَحْصُرُ قَطْرَ الحَيَا حِسَابَا,Andaloussi: VIIIth - XVIth,bassit_mokhlaa,bassit_mokhlaa
Ibn Nabaatah Al Misri,Afdi Qamar,1,أَفْدِي قَمَرْ عَقْلِي قَمَرْ,,Mamlouki: XIIIth - XVIth,rajaz_manhouk,rajaz_manhouk
Ibn Nabaatah Al Misri,Afdi Qamar,2,ثُمَّ غَدَرْ لَمَّا قَدَرْ,,Mamlouki: XIIIth - XVIth,rajaz_manhouk,rajaz_manhouk
Ibn Nabaatah Al Misri,Afdi Qamar,3,فَلَا وَزَرْ وَلَا مَفَرْ,,Mamlouki: XIIIth - XVIth,rajaz_manhouk,rajaz_manhouk
Ibn Nabaatah Al Misri,Afdi Qamar,4,يَا مَنْ شَهَرْ سَيْفَ الحَوَرْ,,Mamlouki: XIIIth - XVIth,rajaz_manhouk,rajaz_manhouk
Ibn Nabaatah Al Misri,Afdi Qamar,5,عَلَى البَشَرْ فَمَا فَتَرْ,,Mamlouki: XIIIth - XVIth,rajaz_manhouk,rajaz_manhouk
Ibn Nabaatah Al Misri,Afdi Qamar,6,حَتَّى اسْتَعَرْ وَهْجَ الفِكَرْ,,Mamlouki: XIIIth - XVIth,rajaz_manhouk,rajaz_manhouk
Ibn Nabaatah Al Misri,Afdi Qamar,7,وَلَوْ أَمَرْ ذَاكَ الخَصَرْ,,Mamlouki: XIIIth - XVIth,rajaz_manhouk,rajaz_manhouk
Ibn Nabaatah Al Misri,Afdi Qamar,8,مِنَ الثَّغَرْ أَطْفَى شَرَرْ,,Mamlouki: XIIIth - XVIth,rajaz_manhouk,rajaz_manhouk
Ibn Nabaatah Al Misri,Afdi Qamar,9,لَكِنْ هَجَرْ وَمَا ادَّكَرْ,,Mamlouki: XIIIth - XVIth,rajaz_manhouk,rajaz_manhouk
Ibn Nabaatah Al Misri,Afdi Qamar,10,دَمًا هَدَرْ هَلَّا نَظَرْ,,Mamlouki: XIIIth - XVIth,rajaz_manhouk,rajaz_manhouk
Ibn Nabaatah Al Misri,Afdi Qamar,11,دَمْعِي نَهَرْ عَلَى زَهَرْ,,Mamlouki: XIIIth - XVIth,rajaz_manhouk,rajaz_manhouk
Ibn Nabaatah Al Misri,Afdi Qamar,12,ذَاكَ الخَفَرْ يَحْكِي بَدَرْ,,Mamlouki: XIIIth - XVIth,rajaz_manhouk,rajaz_manhouk
Ibn Nabaatah Al Misri,Afdi Qamar,13,مِلْكٌ عُمَرْ بِمَا نَشَرْ,,Mamlouki: XIIIth - XVIth,rajaz_manhouk,rajaz_manhouk
Ibn Nabaatah Al Misri,Afdi Qamar,14,نَشْرُ الخُبَرْ مِنَ الخَبَرْ,,Mamlouki: XIIIth - XVIth,rajaz_manhouk,rajaz_manhouk
Ibn Nabaatah Al Misri,Afdi Qamar,15,وَالمُخْتَبَرْ لِلَّهِ دَرْ,,Mamlouki: XIIIth - XVIth,rajaz_manhouk,rajaz_manhouk
Ibn Nabaatah Al Misri,Afdi Qamar,16,تِلْكَ السِّيَرْ كَمْ مِنْ غُرَرْ,,Mamlouki: XIIIth - XVIth,rajaz_manhouk,rajaz_manhouk
Ibn Nabaatah Al Misri,Afdi Qamar,17,وَمِنْ دُرَرْ فِيهَا سَمَرْ,,Mamlouki: XIIIth - XVIth,rajaz_manhouk,rajaz_manhouk
Ibn Nabaatah Al Misri,Afdi Qamar,18,إِلَى السَّحَرْ وَلَا ضَجَرْ,,Mamlouki: XIIIth - XVIth,rajaz_manhouk,rajaz_manhouk
Ibn Nabaatah Al Misri,Afdi Qamar,19,وَلَا ضَرَرْ عِلْمٌ مَهَرْ,,Mamlouki: XIIIth - XVIth,rajaz_manhouk,rajaz_manhouk
Ibn Nabaatah Al Misri,Afdi Qamar,20,فَضْلٌ ظَهَرْ ثُمَّ انْتَشَرْ,,Mamlouki: XIIIth - XVIth,rajaz_manhouk,rajaz_manhouk
Ibn Nabaatah Al Misri,Afdi Qamar,21,فَكَمْ غَفَرْ وَكَمْ نَصَرْ,,Mamlouki: XIIIth - XVIth,rajaz_manhouk,rajaz_manhouk
Ibn Nabaatah Al Misri,Afdi Qamar,22,عَلَى الغِيَرْ جِدًّا عَثَرْ,,Mamlouki: XIIIth - XVIth,rajaz_manhouk,rajaz_manhouk
Ibn Nabaatah Al Misri,Afdi Qamar,23,وَكَمْ قَهَرْ مَنْ ذِي أَشَرْ,,Mamlouki: XIIIth - XVIth,rajaz_manhouk,rajaz_manhouk
Ibn Nabaatah Al Misri,Afdi Qamar,24,دَبَّ الخَمَرْ يَا مَنْ سَتَرْ,,Mamlouki: XIIIth - XVIth,rajaz_manhouk,rajaz_manhouk
Ibn Nabaatah Al Misri,Afdi Qamar,25,أَهْلَ الحُصَرْ مِمَّنْ شَكَرْ,,Mamlouki: XIIIth - XVIth,rajaz_manhouk,rajaz_manhouk
Ibn Nabaatah Al Misri,Afdi Qamar,26,ثُمَّ عَذَرْ أَنْتَ المَطَرْ,,Mamlouki: XIIIth - XVIth,rajaz_manhouk,rajaz_manhouk
Ibn Nabaatah Al Misri,Afdi Qamar,27,لَا مَا نَظَرْ عَلَى المَدَرْ,,Mamlouki: XIIIth - XVIth,rajaz_manhouk,rajaz_manhouk
Ibn Nabaatah Al Misri,Afdi Qamar,28,سَدْ مَنْ حَضَرْ وَمَنْ غَبَرْ,,Mamlouki: XIIIth - XVIth,rajaz_manhouk,rajaz_manhouk
Ibn Nabaatah Al Misri,Afdi Qamar,29,وَلَا تَذَرْ لِمَنْ نَذَرْ,,Mamlouki: XIIIth - XVIth,rajaz_manhouk,rajaz_manhouk
Ibn Nabaatah Al Misri,Afdi Qamar,30,مِنْ مُفْتَخِرْ إِلَّا مُضَرْ,,Mamlouki: XIIIth - XVIth,rajaz_manhouk,rajaz_manhouk
Ibn Roumi,Dardato Ibrahim,1,ضَرْطَةُ إِبْرَاهِيمَ فِي البَرْبَخِي,كَنَفْخَةِ النَّافِخِ فِي المِنْفَخِ,Abbassi: VIIIth - XVIth,sarii_complete,sarii_complete
Ibn Roumi,Dardato Ibrahim,2,رِيعَ لَهَا الأَحْيَاءُ مِنْ هَوْلِهَا,وَأَفْزَعَ الأَمْوَاتَ فِي البَرْزَخِ,Abbassi: VIIIth - XVIth,sarii_complete,sarii_complete
Ibn Roumi,Dardato Ibrahim,3,لَوْلَا دِفَاعُ اللَّهِ قَدْ زُلْزِلَتْ,بَالأَرْضِ فِي أَجْبَالِهَا الشُّمَّخِ,Abbassi: VIIIth - XVIth,sarii_complete,sarii_complete
Ibn Roumi,Dardato Ibrahim,4,قَدْ أَحْسَنَ اللَّهُ بِأَسْمَاعِنَا,إِذْ سَلُمَتْ مِنْهَا فَلَمْ تُصْمَخِ,Abbassi: VIIIth - XVIth,sarii_complete,sarii_complete
Ibn Roumi,Dardato Ibrahim,5,أَنْذَرْتُ مَنْ فِي دِارِهِ مَطْبَخٌ,ضَرْطَةَ إِبْرَاهِيمَ مِنْ فَرْسَخِ,Abbassi: VIIIth - XVIth,sarii_complete,sarii_complete
Ibn Roumi,Dardato Ibrahim,6,الرِّيحُ وَالنَّارُ هُمَا مَا هُمَا,فَلْتُحْذَرِ الرِّيحُ عَلَى المَطْبَخِ,Abbassi: VIIIth - XVIth,sarii_complete,sarii_complete
Ibn Roumi,Dardato Ibrahim,7,أَعَاذَ مِنْ شَرِّهِمَا رَبُّنَا,دَارَ الأَمِيرِ السَّيِّد الأَبْلَخِ,Abbassi: VIIIth - XVIth,sarii_complete,sarii_complete
Ibn Roumi,Dardato Ibrahim,8,بَخْ بَخْ لِإِبْرَاهِيمَ مِنْ ضَارِطٍ,ذِي ضَرْطَةٍ مَرْهُوبَةٍ بَخْ بَخِ,Abbassi: VIIIth - XVIth,sarii_complete,sarii_complete
Ibn Roumi,Dardato Ibrahim,9,يَظَلُّ مَنْ يَسْمَعُ أَهْوَالَهَا,مِنْ صَارِخٍ ذُعْرًا وَمُسْتَصْرِخِ,Abbassi: VIIIth - XVIth,sarii_complete,sarii_complete
Ibn Roumi,Dardato Ibrahim,10,قُلْ لِأَبِي إِسْحَاقَ بَيِّنْ لَنَا,فَأَنْتَ فِي العِلْمِ مِنَ الرُّسَّخِ,Abbassi: VIIIth - XVIth,sarii_complete,sarii_complete
Ibn Roumi,Dardato Ibrahim,11,مَا طَائِرٌ ذُو بَيْضَةٍ ضَخْمَةٍ,لَاكِنَّهُو لَيْسَ بِمُسْتَفْرِخِ,Abbassi: VIIIth - XVIth,sarii_complete,sarii_complete
Ibn Roumi,Dardato Ibrahim,12,وَلِمْ حَكَيْتَ القِرْدَ فِي قُبْحِهِ,وَالقِرْدُ مَمْسُوخٌ وَلَمْ تُمْسَخِ,Abbassi: VIIIth - XVIth,sarii_complete,sarii_complete
Ibn Roumi,Dardato Ibrahim,13,وَمَا تَشَاجِيكَ عَلَى شَاعِرٍ,بِحَشِّكَ الأَبْخَرِ ذِي البَرْبَخِ,Abbassi: VIIIth - XVIth,sarii_complete,sarii_complete
Ibn Roumi,Dardato Ibrahim,14,لِي مَنْجَنِيقٌ كُنْتَ فِي مَعْزِلٍ,عَنْهَا وَعَنْ أَحْجَارِهَا الشُّدَّخِ,Abbassi: VIIIth - XVIth,sarii_complete,sarii_complete
Ibn Roumi,Dardato Ibrahim,15,فَلِمْ تَعَرَّضْتَ لَهَا طَائِعًا,وَلِمْ تَلَطَّخْتَ وَلَمْ تُلْطَخِ,Abbassi: VIIIth - XVIth,sarii_complete,sarii_complete
Ibn Roumi,Dardato Ibrahim,16,عِرْضِي كَعِرْضِ البَيْنِ يَا ابْنَ اسْتِهَا,ذَاكَ الأَرَثِّ الأَنْتَنِ الأَوْسَخِ,Abbassi: VIIIth - XVIth,sarii_complete,sarii_complete
Ibn Roumi,Dardato Ibrahim,17,إِنْ رَجَعَ الطَّرْفُ مَتَى رِبْتَنِي,وَأَنْتَ مِنْ عِرْضِكَ لَمْ تُسْلخِ,Abbassi: VIIIth - XVIth,sarii_complete,sarii_complete
Ibn Roumi,Ghosnon mina al bani,1,غُصْنٌ مِنَ البَانِ فِي وِشِاحِ,رَكَّبَ فِي مَغْرِسٍ رَدَاحِ,Abbassi: VIIIth - XVIth,bassit_mokhlaa,bassit_mokhlaa
Ibn Roumi,Ghosnon mina al bani,2,يَهْتَزُّ طَوْعًا لِغَيْرِ رِيحٍ,وَالغُصْنُ يَهْتَزُّ لِلرِّيَاحِ,Abbassi: VIIIth - XVIth,bassit_mokhlaa,bassit_mokhlaa
Ibn Roumi,Ghosnon mina al bani,3,غُصْنٌ وَلَكِنَّهُ فَتَاةٌ,بَدِيعَةُ الشَّكْلِ فِي المِلَاحِ,Abbassi: VIIIth - XVIth,bassit_mokhlaa,bassit_mokhlaa
Ibn Roumi,Ghosnon mina al bani,4,زِينَتْ بِوَجْهٍ عَلَيْهِ فَرْعٌ,يَحْكِي ظَلَامًا عَلَى صَبَاحِ,Abbassi: VIIIth - XVIth,bassit_mokhlaa,bassit_mokhlaa
Ibn Roumi,Ghosnon mina al bani,5,يَنْفَسِحُ الطَّرْفُ حِينَ تَبْدُو,غُرْتُهُ أَيَّمَا إِنْفِسَاحِ,Abbassi: VIIIth - XVIth,bassit_mokhlaa,bassit_mokhlaa
Ibn Roumi,Ghosnon mina al bani,6,يَا حُسْنَ خَدٍّ لَهَا رَقِيقٍ,يَكَادُ يَدْمَى بِلَا جِرَاحِ,Abbassi: VIIIth - XVIth,bassit_mokhlaa,bassit_mokhlaa
Ibn Roumi,Ghosnon mina al bani,7,تَرْنُو بِطَرْفٍ لَهَا مَرِيضٌ,بَيْنَ جُفُونٍ لَهَا صِحَاحِ,Abbassi: VIIIth - XVIth,bassit_mokhlaa,bassit_mokhlaa
Ibn Roumi,Ghosnon mina al bani,8,لَمْ يَذَّكِرْهَا المُحِبُّ إِلَّا,طَارَ اشْتِيَاقًا بِلَا جَنَاحِ,Abbassi: VIIIth - XVIth,bassit_mokhlaa,bassit_mokhlaa
Ibn Roumi,Ghosnon mina al bani,9,مَثِّلْهُمَا آخِذَيْ نَصِيبٍ,مِنَ الفُكَاهَاتِ وَالمِزَاحِ,Abbassi: VIIIth - XVIth,bassit_mokhlaa,bassit_mokhlaa
Ibn Roumi,Ghosnon mina al bani,10,فِي عَضِّ خَدٍّ وَلَثْمِ ثَغْرٍ,وَرَشْفِ رِيقٍ وَشُرْبِ رَاحِ,Abbassi: VIIIth - XVIth,bassit_mokhlaa,bassit_mokhlaa
Ibn Roumi,Ghosnon mina al bani,11,بِلَا نِفَارٍ وَلَا نِقَارٍ,وَلَا ضِرَارٍ وَلَا تَلَاحِي,Abbassi: VIIIth - XVIth,bassit_mokhlaa,bassit_mokhlaa
Ibn Roumi,Ghosnon mina al bani,12,وَلَا لِجَاجٍ وَلَا ضِجَاجٍ,وَلَا حِرَانٍ وَلَا جِمَاحِ,Abbassi: VIIIth - XVIth,bassit_mokhlaa,bassit_mokhlaa
Ibn Roumi,Ghosnon mina al bani,13,ذَوِي سُرُورٍ ذَوِي حُبُورٍ,ذَوِي نَشَاطٍ ذَوِي مَرَاحِ,Abbassi: VIIIth - XVIth,bassit_mokhlaa,bassit_mokhlaa
Ibn Roumi,Ghosnon mina al bani,14,بِحَيْثُ لَا لَغْوِ فِيهِ إِلَّا,غِنَاءُ طُيْرٍ بِهِ فَصَاحِ,Abbassi: VIIIth - XVIth,bassit_mokhlaa,bassit_mokhlaa
Ibn Roumi,Ghosnon mina al bani,15,طَيْرٌ تُغَنِّي إِذَا تَغَنَّتْ,مَهْمَا أَرَادَا بِلَا اقْتِرَاحِ,Abbassi: VIIIth - XVIth,bassit_mokhlaa,bassit_mokhlaa
Ibn Roumi,Ghosnon mina al bani,16,مَحَلُّ صِدْقٍ يَحُلُّ فِيهِ,أَهْلُ السَّعَادَاتِ وَالفَلَاحِ,Abbassi: VIIIth - XVIth,bassit_mokhlaa,bassit_mokhlaa
Ibn Roumi,Ghosnon mina al bani,17,طَابَ فَمَا يَبْرُحَانِ مِنْهُ,وَلَا يُرِيدَانِ مِنْ بَرَاحِ,Abbassi: VIIIth - XVIth,bassit_mokhlaa,bassit_mokhlaa
Ibn Roumi,Ghosnon mina al bani,18,يَا حُسْنَ قَوْلِ الفَتَاةِ حِبَّى,أُنْجِحْتَ أَقْصَى مَدَى النَّجَاحِ,Abbassi: VIIIth - XVIth,bassit_mokhlaa,bassit_mokhlaa
Ibn Roumi,Ghosnon mina al bani,19,تَفْعَلُ مَا تَشْتَهِي هَنِيئًا,لَيْسَ عَلَى الصَّبِّ مِنْ جُنَاحِ,Abbassi: VIIIth - XVIth,bassit_mokhlaa,bassit_mokhlaa
Ibn Roumi,Ghosnon mina al bani,20,حَقُّكَ أَنْ تَسْتَبِيحَ مِنِّي,مَا لَيْسَ مِنِّي بِمُسْتَبَاحِ,Abbassi: VIIIth - XVIth,bassit_mokhlaa,bassit_mokhlaa
Ibn Roumi,Ghosnon mina al bani,21,مَا زِلْتَ لَا تَسْتَرِيحُ حَتَّى,حَلَلْتَ فِي خَيْرِ مُسْتَرَاحِ,Abbassi: VIIIth - XVIth,bassit_mokhlaa,bassit_mokhlaa
Ibn Roumi,Ghosnon mina al bani,22,أَنْتَ الَّذِي كَانَ فِي طَلَابِي,أَخًا غُدُوٌّ أَخًا رَوَاحِ,Abbassi: VIIIth - XVIth,bassit_mokhlaa,bassit_mokhlaa
Ibn Roumi,Ghosnon mina al bani,23,أَنْتَ الَّذِي كَانَ فِي طَلَابِي,مُعُرَّضِ النَّحْرِ لِلرِّمَاحِ,Abbassi: VIIIth - XVIth,bassit_mokhlaa,bassit_mokhlaa
Ibn Roumi,Ghosnon mina al bani,24,كَمْ مِنْ سِلَاحٍ حَمَلْتَ حَتَّى,سَبَيْتَ قَلْبِي بِلَا سِلَاحِ,Abbassi: VIIIth - XVIth,bassit_mokhlaa,bassit_mokhlaa
Ibn Roumi,Lakad Raaynaa 3ajaban,1,لَقَدْ رَأَيْنَا عَجَبًا مِنَ العَجَبْ,بَيْنَ جُمَادَى وَجُمَادَى وَرَجَبْ,Abbassi: VIIIth - XVIth,rajaz_complete,rajaz_complete
Ibn Roumi,Lakad Raaynaa 3ajaban,2,مِنْ ذَنَبَانِيٍّ تَعَدَّى طُورَهُ,فَاجْتَمَعَ الذَّنْبُ عَلَيْهِ وَالذَّنَبْ,Abbassi: VIIIth - XVIth,rajaz_complete,rajaz_complete
Ibn Roumi,Lakad Raaynaa 3ajaban,3,عِلْجٌ تَرَقَّى رُتْبَةً فَرُتْبَةً,وَلَمْ يَكُنْ أَهْلًا لَهَاتِيكَ الرُّتَبْ,Abbassi: VIIIth - XVIth,rajaz_complete,rajaz_complete
Ibn Roumi,Lakad Raaynaa 3ajaban,4,فَزَلَّ مِنْ تِلْكَ المَرَاقِي زَلَّةً,أَصْبَحَ مِنْهَا مُشْفِيًا عَلَى العَطَبْ,Abbassi: VIIIth - XVIth,rajaz_complete,rajaz_complete
Ibn Roumi,Lakad Raaynaa 3ajaban,5,وَهَكَذَا كُلُّ ارْتِقَاءٍ فِي العُلَا,قَرِيبُ عَهْدٍ بِارْتِقَاءٍ فِي الكُرَبْ,Abbassi: VIIIth - XVIth,rajaz_complete,rajaz_complete
Ibn Roumi,Lakad Raaynaa 3ajaban,6,خَوَّلَهُ اللَّهُ فَلَمْ يَشْكُرْ لَهُ,وَلَنْ تَرَى شُكْرًا لِمَدْخُولِ النَّسَبْ,Abbassi: VIIIth - XVIth,rajaz_complete,rajaz_complete
Ibn Roumi,Lakad Raaynaa 3ajaban,7,فَسَلَّطَ اللَّهُ عَلَيْهِ جَهْلَهُ,فَكَانَ فِي تَدْمِيرِهِ أَقْوَى سَبَبْ,Abbassi: VIIIth - XVIth,rajaz_complete,rajaz_complete
Ibn Roumi,Lakad Raaynaa 3ajaban,8,أَقْبَلَ جَيْشٌ لَا يُرِيدُ حَرْبَهُ,فَارْتَاعَ رَوْعًا يَعْتَرِي أَهْلَ الرِّيَبْ,Abbassi: VIIIth - XVIth,rajaz_complete,rajaz_complete
Ibn Roumi,Lakad Raaynaa 3ajaban,9,وَسَاءَ ظَنًّا بِوَزِيرٍ لَمْ يَخُنْ,عَهْدًا وَهَلْ يَصْدَأُ مَكْنُونُ الذَّهَبْ,Abbassi: VIIIth - XVIth,rajaz_complete,rajaz_complete
Ibn Roumi,Lakad Raaynaa 3ajaban,10,فَلَمْ يَدَعْ أَمْرًا يَقُودُ حَتْفَهُ,إِلَّا أَتَاهُ جَاهِدًا ثُمَّ اضْطَرَبْ,Abbassi: VIIIth - XVIth,rajaz_complete,rajaz_complete
Ibn Roumi,Lakad Raaynaa 3ajaban,11,كَانَ كَمَنْ خَافَ حَرِيقًا وَاقِعًا,فَزَادَ فِيهِ حَطَبًا عَلَى حَطَبْ,Abbassi: VIIIth - XVIth,rajaz_complete,rajaz_complete
Ibn Roumi,Lakad Raaynaa 3ajaban,12,أَخْلِقْ بِأَنْ تَغْشَاهُ مِنْهُ قِطْعَةٌ,يَأْتِي عَلَيْهِ لَفْحُهَا دُونَ اللَّهَبْ,Abbassi: VIIIth - XVIth,rajaz_complete,rajaz_complete
Ibn Roumi,Lakad Raaynaa 3ajaban,13,أُنْظُرْ إِلَيْهِ وَإِلَى تَدْبِيرِهِ,فَإِنَّ فِيهِ عَجَبًا مِنَ العَجَبْ,Abbassi: VIIIth - XVIth,rajaz_complete,rajaz_complete
Ibn Roumi,Lakad Raaynaa 3ajaban,14,رَوَّعَ طِفْلًا لَمْ يَكُنْ تَرْوِيعُهُ,مِنَ المُدَارَاةِ وَلَا أَخْذِ الأُهَبْ,Abbassi: VIIIth - XVIth,rajaz_complete,rajaz_complete
Ibn Roumi,Lakad Raaynaa 3ajaban,15,وَأَسْخَطَ السَّادَةَ سُخْطًا سَاقَهُ,تِلْقَاءَهُ سُخْطٌ مِنَ اللَّهِ وَجَبْ,Abbassi: VIIIth - XVIth,rajaz_complete,rajaz_complete
Ibn Roumi,Lakad Raaynaa 3ajaban,16,ثُمَّ رَأَى أَنْ لَمْ يُوَفَّقْ رَأْيُهُ,فَأَطْلَقَ الطِّفْلَ وَأَمْسَى فِي رَهَبْ,Abbassi: VIIIth - XVIth,rajaz_complete,rajaz_complete
Ibn Roumi,Lakad Raaynaa 3ajaban,17,فَهْوَ مُقِيمٌ بَيْنَ خَوْفٍ وَرَدَى,مِمَّا أَتَى أَوْ بَيْنَ خَوْفٍ وَحَرَبْ,Abbassi: VIIIth - XVIth,rajaz_complete,rajaz_complete
Ibn Roumi,Lakad Raaynaa 3ajaban,18,وَهَكَذَا الجَاهلُ قِدَمًا لَمْ يَزَلْ,مِنْ جَهْلِهِ فِي تَعَبٍ وَفِي نَصَبْ,Abbassi: VIIIth - XVIth,rajaz_complete,rajaz_complete
Ibn Roumi,Lakad Raaynaa 3ajaban,19,قَدِ اشْتَرَى طُولَ سُهَادٍ بِكَرًى,وَقَدْ شَرَى طُولَ هُدُوءٍ بِتَعَبْ,Abbassi: VIIIth - XVIth,rajaz_complete,rajaz_complete
Ibn Roumi,Lakad Raaynaa 3ajaban,20,شَبَّهْتُ دَعْوَاهُ القِيَامُ بِالَّذِي,قُلِّدَ مِنْ أَمْرٍ بِدَعْوَاهُ العَرَبْ,Abbassi: VIIIth - XVIth,rajaz_complete,rajaz_complete
Ibn Roumi,Lakad Raaynaa 3ajaban,21,قَدْ قُلْتُ إِذْ خُبِّرْتُ عَنْ تَبْلِيحِهِ,وَأَنَّهُ فِي زَفَرَاتٍ وَكُرَبْ,Abbassi: VIIIth - XVIth,rajaz_complete,rajaz_complete
Ibn Roumi,Lakad Raaynaa 3ajaban,22,بُعْدًا لِمَنْ أَصْبَحَ مِنْ أَحْوَالِهِ,فِي صَعَدٍ عَالٍ وَأَمْسَى فِي صَبَبْ,Abbassi: VIIIth - XVIth,rajaz_complete,rajaz_complete
Ibn Roumi,Lakad Raaynaa 3ajaban,23,مَا فَعَلَتْ خَيلٌ لَهُ قَدْ ضُمِّرَتْ,أَمَا لَدَيْهَا هَرَبٌ وَلَا طَلَبْ,Abbassi: VIIIth - XVIth,rajaz_complete,rajaz_complete
Ibn Roumi,Lakad Raaynaa 3ajaban,24,بَلْ جَبْنُهُ يَمْنَعُهَا إِقْدَامَهَا,وَحَيْنُهُ يَمْنَعُهُ مِنَ الهَرَبْ,Abbassi: VIIIth - XVIth,rajaz_complete,rajaz_complete
Ibn Roumi,Lakad Raaynaa 3ajaban,25,مَا أَقْبَحَ النَّعْمَاءَ يُكْسَى ثَوْبَهَا,وَأَحْسَنَ النَّعْمَاءَ عَنْهُ تُسْتَلَبْ,Abbassi: VIIIth - XVIth,rajaz_complete,rajaz_complete
Ibn Roumi,Lakad Raaynaa 3ajaban,26,مَا كَانَ مَا أَعْطِيَهُ مِنْ كَسْبِهِ,لَكِنَّهُ فَارَقَهُ بِمَا اكْتَسَبْ,Abbassi: VIIIth - XVIth,rajaz_complete,rajaz_complete
Ibn Roumi,Lakad Raaynaa 3ajaban,27,يَا غَامِطَ النِّعْمَةِ أَيْقِنْ أَنَّهَا,قَدْ غَضِبَ اللَّهُ لَهَا كُلَّ الغَضَبْ,Abbassi: VIIIth - XVIth,rajaz_complete,rajaz_complete
Ibn Roumi,Lakad Raaynaa 3ajaban,28,وَلَنْ تَرَى اللَّهَ وَلِيًا لِامْرِئٍ,عَادَى أَبَا الصَّقْرِ الوَزِيرِ المُنْتَجَبْ,Abbassi: VIIIth - XVIth,rajaz_complete,rajaz_complete
Ibn Roumi,Lakad Raaynaa 3ajaban,29,وَكُلُّ مَنْ عَادَى مُحِقًّا مُقْبِلًا,فَإِنَّهُ مِنْ أَمْرِهِ فِي وَكَتَبْ,Abbassi: VIIIth - XVIth,rajaz_complete,rajaz_complete
Ibn Roumi,Lakad Raaynaa 3ajaban,30,وَالحَمْدُ لِلَّهِ العَظِيمِ شَأْنُهُ,عَلَى الَّذِي أَبْلَى وَأَوْلَى وَوَهَبْ,Abbassi: VIIIth - XVIth,rajaz_complete,rajaz_complete
Ibn Sinae Al Malik,Ayadfa3oni Dahro,1,أَيَدْفَعُنِي الدَهْرَ عَنْ مَطْلَبِي,وَيُكْثِرُ مِنْ لُؤْمِهِ المَطْلَ بِي,Ayoubi: XIIth - XIIIth,motaqaarib_complete,motaqaarib_complete
Ibn Sinae Al Malik,Ayadfa3oni Dahro,2,وَيَقْصِدُ صَدِّي إِذَا مَا صَدَايَ,أَرَادَ الوُرُودَ عَلَى مَشْرَبِي,Ayoubi: XIIth - XIIIth,motaqaarib_complete,motaqaarib_complete
Ibn Sinae Al Malik,Ayadfa3oni Dahro,3,وَإِنْ رُمْتُ أَسْهَلَ شَيْءٍ عَلَيْهِ,تَرَاهُو يُصَلِّي عَلَى أَشْعَبِ,Ayoubi: XIIth - XIIIth,motaqaarib_complete,motaqaarib_complete
Ibn Sinae Al Malik,Ayadfa3oni Dahro,4,وَأَسْأَلُهُ نَقْلَ أَخْلَاقِهِ,فَيُنْشِدُ بَيْتَ أَبِي الطَّيِّبِ,Ayoubi: XIIth - XIIIth,motaqaarib_complete,motaqaarib_complete
Ibn Sinae Al Malik,Ayadfa3oni Dahro,5,وَلَمْ يَدْرِ أَنِّي كَثِيرُ الإِبَائِي,وَأَنَّ الرَّشِيدَ المُرَجَّى أَبِي,Ayoubi: XIIth - XIIIth,motaqaarib_complete,motaqaarib_complete
Ibn Sinae Al Malik,Ayadfa3oni Dahro,6,وَأَنِّي بِهِ قَدْ فَخَرْتُ الأَنَامَ,بِفَضْلِ النِّصَابِ مَعَ المَنْصِبِ,Ayoubi: XIIth - XIIIth,motaqaarib_complete,motaqaarib_complete
Ibn Sinae Al Malik,Ayadfa3oni Dahro,7,وَأَنِّيَ لَوْ شِئْتُ مِنْ سَعْدِهِ,لَأَنْعَلْتُ رِجْلَيَّ بِالكَوْكَبِ,Ayoubi: XIIth - XIIIth,motaqaarib_complete,motaqaarib_complete
Ibn Sinae Al Malik,Ayadfa3oni Dahro,8,وَلَوْ شِئْتُ كَانَ لَدَيَّ الهِلَالُ,بِنَهْرِ المَجَرَّةِ كَالمَرْكَبِ,Ayoubi: XIIth - XIIIth,motaqaarib_complete,motaqaarib_complete
Ibn Sinae Al Malik,Ayadfa3oni Dahro,9,وَلَكِنَّ لِي أَرَبًا لَوْ أَرَادَ,لَصَيَّرَهُو غَيْرَ مُسْتَصْعَبِ,Ayoubi: XIIth - XIIIth,motaqaarib_complete,motaqaarib_complete
Ibn Sinae Al Malik,Ayadfa3oni Dahro,10,رَجَوْتُ بِهِ أَنْ أَنَالَ العُلَى,وَأَنْ يُقْتَدَى الفَخْرُ مِنْ مَنْصِبِ,Ayoubi: XIIth - XIIIth,motaqaarib_complete,motaqaarib_complete
Ibn Sinae Al Malik,Ayadfa3oni Dahro,11,وَأَنْ أَلْبِسَ العِزَّ مُسْتَمْتِعًا,وَأَنْ أَطْرَحَ الذُّلَّ عَنْ مَنْكِبِي,Ayoubi: XIIth - XIIIth,motaqaarib_complete,motaqaarib_complete
Ibn Sinae Al Malik,Ayadfa3oni Dahro,12,وَمَنْ لَمْ يَكُنْ فِي العُلَا نَاصِبًا,يُرَى وَهْوَ فِي القَوْمِ لَمْ يُنْصَبِ,Ayoubi: XIIth - XIIIth,motaqaarib_complete,motaqaarib_complete
Ibn Sinae Al Malik,Ayadfa3oni Dahro,13,وَمَنْ لَمْ يَسِرْ نَحْوَهَا لَمْ يَسِرْ,بِنُجْحٍ لِقَصْدٍ وَلَا مَطْلَبِي,Ayoubi: XIIth - XIIIth,motaqaarib_complete,motaqaarib_complete
Ibn Sinae Al Malik,Ayadfa3oni Dahro,14,وَمَنْ لَمْ يَسُدْ فِي الصِّبَا لَمْ يَسُدْ,إِذَا صَارَ فِي حِلْيَةِ الأَشْيَبِ,Ayoubi: XIIth - XIIIth,motaqaarib_complete,motaqaarib_complete
Ibn Sinae Al Malik,Ayadfa3oni Dahro,15,فَيَا سَيِّدِي إِنَّنِي عَاتِبٌ,عَلَيْكَ وَلَوْ شِئْتَ لَمْ أَعْتِبِ,Ayoubi: XIIth - XIIIth,motaqaarib_complete,motaqaarib_complete
Ibn Sinae Al Malik,Ayadfa3oni Dahro,16,لَقَدْ أَسْكَرَتْنِي خُمُورُ الخُمُولِ,وَأَنْتَ تُحَلِّلُ لِي مَشْرَبِي,Ayoubi: XIIth - XIIIth,motaqaarib_complete,motaqaarib_complete
Ibn Sinae Al Malik,Ayadfa3oni Dahro,17,أَيَطْلَعُ فَجْرُ سُعُودِي وَلَا,أَفِرُّ إِلَيْهِ مِنَ الغَيْهَبِ,Ayoubi: XIIth - XIIIth,motaqaarib_complete,motaqaarib_complete
Ibn Sinae Al Malik,Ayadfa3oni Dahro,18,بِحَقِّكَ إِمَّا عَصَيْتَ الحُنُوَّ,وَجَوَّزْتَ فِي تَرْكِهِ مَذْهَبِي,Ayoubi: XIIth - XIIIth,motaqaarib_complete,motaqaarib_complete
Ibn Sinae Al Malik,Ayadfa3oni Dahro,19,وَهَوَّنْتَ أَمْرَ فِرَاقِي عَلَيْكَ,فَمَا هَوَّنَ المَرْءُ لَمْ يَصْعُبِ,Ayoubi: XIIth - XIIIth,motaqaarib_complete,motaqaarib_complete
Ibn Sinae Al Malik,Ayadfa3oni Dahro,20,فَإِنْ قُلْتَ لَا ثُمَّ أَبْصَرْتَنِي,عَتِبْتُ عَلَيْكَ فَلَا تَعْتِبِ,Ayoubi: XIIth - XIIIth,motaqaarib_complete,motaqaarib_complete
Ibn Sinae Al Malik,Laqad Laqayto Nasban,1,لَقَدْ لَقَيْتُ نَصَبًا,وَقَدْ سُقَيْتُ وَصَبَا,Ayoubi: XIIth - XIIIth,rajaz_partial,rajaz_partial
Ibn Sinae Al Malik,Laqad Laqayto Nasban,2,بِجُسَّدٍ لِي قَدْ غَدَا,مُبَغَّضًا مُحَبَّبَا,Ayoubi: XIIth - XIIIth,rajaz_partial,rajaz_partial
Ibn Sinae Al Malik,Laqad Laqayto Nasban,3,الحُبُّ قَدْ عَنَيْتُ مَا,عَنَيْتُ حُبَّ زَيْنَبَا,Ayoubi: XIIth - XIIIth,rajaz_partial,rajaz_partial
Ibn Sinae Al Malik,Laqad Laqayto Nasban,4,أَنْبَتَ لِي الحَبُّ بِهِ,أَلْفَ جَرِيبٍ جَرَبَا,Ayoubi: XIIth - XIIIth,rajaz_partial,rajaz_partial
Ibn Sinae Al Malik,Laqad Laqayto Nasban,5,يَا عَجَبًا مِنْ جَرَتٍ,أَبْصَرْتُ مِنْهُ عَجَبَا,Ayoubi: XIIth - XIIIth,rajaz_partial,rajaz_partial
Ibn Sinae Al Malik,Laqad Laqayto Nasban,6,إِجْتَمَعَ الضِّدَانِ فِي,هِ مِقَةً وَاصْطَحَبَا,Ayoubi: XIIth - XIIIth,rajaz_partial,rajaz_partial
Ibn Sinae Al Malik,Laqad Laqayto Nasban,7,المَاءُ مِنْهُ قَدْ جَرَى,وَالجَمْرُ قَدْ تَلَهَّبَا,Ayoubi: XIIth - XIIIth,rajaz_partial,rajaz_partial
Ibn Sinae Al Malik,Laqad Laqayto Nasban,8,تَجْرِي القُيُوحُ أَوْ أَقُو,لُ بَلَغَ السَّيْلُ الزُّبَى,Ayoubi: XIIth - XIIIth,rajaz_partial,rajaz_partial
Ibn Sinae Al Malik,Laqad Laqayto Nasban,9,وَالنَّارُ تُذْكَى أَوْ أَرَى,لَهَا عِظَامِي حَطَبَا,Ayoubi: XIIth - XIIIth,rajaz_partial,rajaz_partial
Ibn Sinae Al Malik,Laqad Laqayto Nasban,10,أَنَامِلِي السَّلَى وَإِنْ,أَبْصَرْتُ مِنْهُ رُطْبَا,Ayoubi: XIIth - XIIIth,rajaz_partial,rajaz_partial
Ibn Sinae Al Malik,Laqad Laqayto Nasban,11,قَدْ خَتَمُوهَا فِضَّةً,مِنْ حَصَفٍ وَذَهَّبَا,Ayoubi: XIIth - XIIIth,rajaz_partial,rajaz_partial
Ibn Sinae Al Malik,Laqad Laqayto Nasban,12,تَرَى بِهَا اليَاقُوتُ وَال,جَوْهَرَ وَالمَخْشَلَّبَا,Ayoubi: XIIth - XIIIth,rajaz_partial,rajaz_partial
Ibn Sinae Al Malik,Laqad Laqayto Nasban,13,مِنْ حَصَفٍ وَجَرَّبٍ,قَدْ أَلْهَبَا وَأَنْهَبَا,Ayoubi: XIIth - XIIIth,rajaz_partial,rajaz_partial
Ibn Sinae Al Malik,Laqad Laqayto Nasban,14,يَقُولُ مَنْ أَبْصَرَنِي,ذَا الأُفْقِ قَدْ تَكَوْكَبَا,Ayoubi: XIIth - XIIIth,rajaz_partial,rajaz_partial
Ibn Sinae Al Malik,Laqad Laqayto Nasban,15,فَكَوْكَبٌ فِي مَشْرِقٍ,وَلَيْسَ يَأْتِي مَغْرِبَا,Ayoubi: XIIth - XIIIth,rajaz_partial,rajaz_partial
Ibn Sinae Al Malik,Laqad Laqayto Nasban,16,يُظْلَمُ عَيْشِي كُلَّمَا,أَبْصَرْتُ فِيهَا كَوْكَبَا,Ayoubi: XIIth - XIIIth,rajaz_partial,rajaz_partial
Ibn Sinae Al Malik,Laqad Laqayto Nasban,17,فَمَا رَأَيْتُ حَيَّةً,إِلَّا رَأَيْتُ عَقْرَبَا,Ayoubi: XIIth - XIIIth,rajaz_partial,rajaz_partial
Ibn Sinae Al Malik,Laqad Laqayto Nasban,18,أُنْخَسُ بِالشَّوْكِ وَقَدْ,أُطْعَنُ فِيهَا بِالشَّبَا,Ayoubi: XIIth - XIIIth,rajaz_partial,rajaz_partial
Ibn Sinae Al Malik,Laqad Laqayto Nasban,19,أَكْتُمُ كَفَّيَّ عَنِ النَّ,أْسِ حَيَاءً وَإِبَا,Ayoubi: XIIth - XIIIth,rajaz_partial,rajaz_partial
Ibn Sinae Al Malik,Laqad Laqayto Nasban,20,مَا لَاحَ إِلَّا وَاخْتَفَى,كَفِّيَ عَنْهُمْ وَاخْتَبَا,Ayoubi: XIIth - XIIIth,rajaz_partial,rajaz_partial
Ibn Sinae Al Malik,Laqad Laqayto Nasban,21,مِنَ الهَوَانِ عَادَ كَفْ,فِي مَلَكًا مُحَجَّبَا,Ayoubi: XIIth - XIIIth,rajaz_partial,rajaz_partial
Ibn Sinae Al Malik,Laqad Laqayto Nasban,22,تُطَرِّزُ القُيُوحُ وَالدِّ,مَاءُ ثَوْبِي وَالقَبَا,Ayoubi: XIIth - XIIIth,rajaz_partial,rajaz_partial
Ibn Sinae Al Malik,Laqad Laqayto Nasban,23,أَلْبَسُ ثَوْبًا سَاذِجًا,ثُمَّ أَرَاهُ مُذْهَبَا,Ayoubi: XIIth - XIIIth,rajaz_partial,rajaz_partial
Ibn Sinae Al Malik,Laqad Laqayto Nasban,24,مِنْ جُمْلَةِ الجَمَال صِرْ,تُ حِينَ صِرْتُ أَجْرَبَا,Ayoubi: XIIth - XIIIth,rajaz_partial,hazaj_complete
Ibn Sinae Al Malik,Laqad Laqayto Nasban,25,وَأَصْبَحَ القِطْرَانُ وَال,كِبْرِيتُ مِسْكِيُّ الكَبَا,Ayoubi: XIIth - XIIIth,rajaz_partial,rajaz_partial
Ibn Sinae Al Malik,Laqad Laqayto Nasban,26,يَا جَرَبًا إِنْ لَمْ أَقُلْ,مِنْ جَرَبِي وَاجَرَبَا,Ayoubi: XIIth - XIIIth,rajaz_partial,rajaz_partial
Ibn Sinae Al Malik,Laqad Laqayto Nasban,27,أَصْبَحْتُ ذَا القُرُوحِ لَا,شِعْرًا وَلَكِنْ كَرَبَا,Ayoubi: XIIth - XIIIth,rajaz_partial,rajaz_partial
Ibn Sinae Al Malik,Laqad Laqayto Nasban,28,مُمَزَّقَ الجِلْدِ مُرَا,قَ الدَّمِ مَهْجُورَ الخِبَا,Ayoubi: XIIth - XIIIth,rajaz_partial,rajaz_partial
Ibn Sinae Al Malik,Laqad Laqayto Nasban,29,فَكُلُّ مَنْ يَأْلِفُنِي,قَدْ صَارَ لِي مُجْتَنِبَا,Ayoubi: XIIth - XIIIth,rajaz_partial,rajaz_partial
Ibn Sinae Al Malik,Laqad Laqayto Nasban,30,وَكُلُّهُمْ خَوْفًا مِنَ الْ,عَدْوَى يَفِرُّو هَرَبَا,Ayoubi: XIIth - XIIIth,rajaz_partial,rajaz_partial
Ibn Sinae Al Malik,Laqad Laqayto Nasban,31,يُعْدِي الوَرَى الأَجْرَبُ حَتْ,تَى ثَوْبُهُ كَالثُّؤَبَا,Ayoubi: XIIth - XIIIth,rajaz_partial,rajaz_partial
Ibn Sinae Al Malik,Laqad Laqayto Nasban,32,يَا مَرَضًا صِرْتُ بِهِ,فِي مَنْزِلِي مُغْتَرِبَا,Ayoubi: XIIth - XIIIth,rajaz_partial,rajaz_partial
Ibn Sinae Al Malik,Laqad Laqayto Nasban,33,وَدُونَ أَهْلِي مُفْرَدًا,وَعِنْدَهُمْ مُذَبْذَبَا,Ayoubi: XIIth - XIIIth,rajaz_partial,rajaz_partial
Ibn Sinae Al Malik,Laqad Laqayto Nasban,34,أُرْمَى وَكُنْتُ أُصْطَفَى,أُقْلَى وَكُنْتُ أُجْتَبَى,Ayoubi: XIIth - XIIIth,rajaz_partial,rajaz_partial
Ibn Sinae Al Malik,Laqad Laqayto Nasban,35,وَالرَّأْسُ كُنْتُ ثَمَّ صِرْ,تُ مِنْ ذُنُوبِي ذَنَبَا,Ayoubi: XIIth - XIIIth,rajaz_partial,rajaz_partial
Ibn Sinae Al Malik,Laqad Laqayto Nasban,36,غَضِبْتُ مِنْ حَالِي وَحَقْ,قِي أَنْ أَمُوتَا غَضَبَا,Ayoubi: XIIth - XIIIth,rajaz_partial,rajaz_partial
Ibn Sinae Al Malik,Laqad Laqayto Nasban,37,لَا مَرْحَبًا بِالعَيْشِ بَلْ,بِالمَوْتِ أَلْفَ مَرْحَبَا,Ayoubi: XIIth - XIIIth,rajaz_partial,rajaz_partial
Ibn Sinae Al Malik,Laqad Laqayto Nasban,38,مَرَّتْ حَيَاتِي فَوَجَدْ,تُ المَوْتَ حُلْوًا طَيِّبَا,Ayoubi: XIIth - XIIIth,rajaz_partial,rajaz_partial
Ibn Sinae Al Malik,Laqad Laqayto Nasban,39,فَمَا أَلَذُّ مَطْعَمًا,وَلَا أُسِيغُ مَشْرَبَا,Ayoubi: XIIth - XIIIth,rajaz_partial,hazaj_complete
Ibn Sinae Al Malik,Laqad Laqayto Nasban,40,لَا عِشْتُ إِنْ كُنْتُ أَعِي,شُ هَكَذَا مُعَذَّبَا,Ayoubi: XIIth - XIIIth,rajaz_partial,rajaz_partial
Ibn Sinae Al Malik,Laqad Laqayto Nasban,41,قُوتِي حَيَاتِي وَكَذَا,سَلَامَتِي أَنْ أُعْطَبَ,Ayoubi: XIIth - XIIIth,rajaz_partial,rajaz_partial
Ibn Sinae Al Malik,Laqad Laqayto Nasban,42,أُفٍّ لِدُنْيَا لَا يَزَا,لُ المَرْءُ فِيهَا مُتْعَبَا,Ayoubi: XIIth - XIIIth,rajaz_partial,rajaz_partial
Ibn Sinae Al Malik,Laqad Laqayto Nasban,43,تَجْرِي المَقَادِيرُ بِمَا,يَكْرَهُ شَاءَ أَوْ أَبَى,Ayoubi: XIIth - XIIIth,rajaz_partial,rajaz_partial
Ibn Sinae Al Malik,Laqad Laqayto Nasban,44,هُنَّ السِّقَامُ وَالعَنَا,ءُ وَالشَّقَاءُ وَالوَبَا,Ayoubi: XIIth - XIIIth,rajaz_partial,rajaz_partial
Ibn Sinae Al Malik,Laqad Laqayto Nasban,45,وَبَيْنَمَا يَكُونُ كَالطَّ,وْدِ يَعُودُ كَالهَبَا,Ayoubi: XIIth - XIIIth,rajaz_partial,rajaz_partial
Ibn Sinae Al Malik,Laqad Laqayto Nasban,46,وَكَمْ يُلَاقِي مَهْلَكًا,إِذَا أَرَادَ مَطْلَبَا,Ayoubi: XIIth - XIIIth,rajaz_partial,rajaz_partial
Ibn Sinae Al Malik,Laqad Laqayto Nasban,47,وَالحَقُّ مَا أَقُولُ مَا,أَقُولُ قَطُّ الكَذِبَا,Ayoubi: XIIth - XIIIth,rajaz_partial,rajaz_partial
Ibn Sinae Al Malik,Laqad Laqayto Nasban,48,كُنْ بَشَرًا أَوْ مَلِكَا,أَوْ مَلَكًا مُقَرَّبَا,Ayoubi: XIIth - XIIIth,rajaz_partial,rajaz_partial
Ibn Sinae Al Malik,Laqad Laqayto Nasban,49,مَا دُمْتَ مَوْجُودًا فَمَا,تَنْفَكُّ تَلْقَى التَّعَبَا,Ayoubi: XIIth - XIIIth,rajaz_partial,rajaz_partial
Ibn Zaydoun,Ya Ghazalan Asaarani,1,يَا غَزَالًا أَصَارَنِي,مُوثَقًا فِي يَدِ المِحَنْ,Andaloussi: VIIIth - XVIth,khafif_partial,khafif_partial
Ibn Zaydoun,Ya Ghazalan Asaarani,2,إِنَّنِي مُذْ هَجَرْتَنِي,لَمْ أَذُقْ لَذَّةَ الوَسَنْ,Andaloussi: VIIIth - XVIth,khafif_partial,khafif_partial
Ibn Zaydoun,Ya Ghazalan Asaarani,3,لَيْتَ حَظِّي إِشَارَةٌ,مِنْكَ أَوْ لَحْظَةٌ عَنَنْ,Andaloussi: VIIIth - XVIth,khafif_partial,khafif_partial
Ibn Zaydoun,Ya Ghazalan Asaarani,4,شَافِعِي يَا مُعَذِّبِي,فِي الهَوَى وَجْهُكَ الحَسَنْ,Andaloussi: VIIIth - XVIth,khafif_partial,khafif_partial
Ibn Zaydoun,Ya Ghazalan Asaarani,5,كُنْتُ خُلْوًا مِنَ الهَوَى,فَأَنَا اليَوْمَ مُرْتَهَنْ,Andaloussi: VIIIth - XVIth,khafif_partial,khafif_partial
Ibn Zaydoun,Ya Ghazalan Asaarani,6,كَانَ سِرِّي مُكَتَّمًا,وَهُوَ الآنَ قَدْ عَلَنْ,Andaloussi: VIIIth - XVIth,khafif_partial,khafif_partial
Ibn Zaydoun,Ya Ghazalan Asaarani,7,لَيْسَ لِي عَنْكَ مَذْهَبٌ,فَكَمَا شِئْتَ لِي فَكُنْ,Andaloussi: VIIIth - XVIth,khafif_partial,khafif_partial
Ibn Zaydoun,Yaa Dam3i sob maa chiata,1,يَا دَمْعُ صُبْ مَا شِئْتَ أَنْ تَصُوبَا,وَيَا فُؤَادِي آنَ أَنْ تَذُوبَا,Andaloussi: VIIIth - XVIth,rajaz_complete,rajaz_complete
Ibn Zaydoun,Yaa Dam3i sob maa chiata,2,إِذِ الرَّزَايَا أَصْبَحَتْ ضُرُوبَا,لَمْ أَرَ لِي فِي أَهْلِهَا ضَرِيبَا,Andaloussi: VIIIth - XVIth,rajaz_complete,rajaz_complete
Ibn Zaydoun,Yaa Dam3i sob maa chiata,3,قَدْ مَلَأَ الشَّوْقُ الحَشَا نُدُوبَا,فِي الغَرْبِ إِذْ رُحْتُ بِهِ غَرِيبَا,Andaloussi: VIIIth - XVIth,rajaz_complete,rajaz_complete
Ibn Zaydoun,Yaa Dam3i sob maa chiata,4,عَلِيلَ دَهْرٍ سَامَنِي تَعْذِيبَا,أَدْنَى الضَّنَى إِذْ أَبْعَدَ الطَّبِيبَا,Andaloussi: VIIIth - XVIth,rajaz_complete,rajaz_complete
Ibn Zaydoun,Yaa Dam3i sob maa chiata,5,لَيْتَ القَبُولَ أَحْدَثَتْ هُبُوبَا,رِيحٌ يَرُوحُ عَهْدُهَا قَرِيبَا,Andaloussi: VIIIth - XVIth,rajaz_complete,rajaz_complete
Ibn Zaydoun,Yaa Dam3i sob maa chiata,6,بِالأُفُقِ المُهْدِي إِلَيْنَا طِيبَا,تَعَطَّرَتْ مِنْهُ الصَّبَا جُيُوبَا,Andaloussi: VIIIth - XVIth,rajaz_complete,rajaz_complete
Ibn Zaydoun,Yaa Dam3i sob maa chiata,7,يُبْرِدُ حَرَّ الكَبِدِ المَشْبُوبَا,يَا مُتْبِعًا إِسَادَهُ التَّأْوِيبَا,Andaloussi: VIIIth - XVIth,rajaz_complete,rajaz_complete
Ibn Zaydoun,Yaa Dam3i sob maa chiata,8,مُشَرِّقًا قَدْ سَئِمَ التَّغْرِيبَا,أَمَا سَمِعْتَ المَثَلَ المَضْرُوبَا,Andaloussi: VIIIth - XVIth,rajaz_complete,rajaz_complete
Ibn Zaydoun,Yaa Dam3i sob maa chiata,9,أَرْسِلْ حَكِيمًا وَاسْتَشِرْ لَبِيبَا,إِذَا أَتَيْتَ الوَطَنَ الحَبِيبَا,Andaloussi: VIIIth - XVIth,rajaz_complete,rajaz_complete
Ibn Zaydoun,Yaa Dam3i sob maa chiata,10,وَالجَانِبَ المُسْتَوْضَحَ العَجِيبَا,وَالحَاضِرَ المُنْفَسِحَ الرَّحِيبَا,Andaloussi: VIIIth - XVIth,rajaz_complete,rajaz_complete
Ibn Zaydoun,Yaa Dam3i sob maa chiata,11,فَحَيِّ مِنْهُ مَا أَرَى الجَنُوبَا,مَصَانِعٌ تَجْتَذِبُ القُلُوبَا,Andaloussi: VIIIth - XVIth,rajaz_complete,rajaz_complete
Ibn Zaydoun,Yaa Dam3i sob maa chiata,12,حَيْثُ أَلِفْتُ الرَّشَأَ الرَّبِيبَا,مُخَالِفًا فِي وَصْلِهِ الرَّقِيبَا,Andaloussi: VIIIth - XVIth,rajaz_complete,rajaz_complete
Ibn Zaydoun,Yaa Dam3i sob maa chiata,13,كَمْ بَاتَ يَدْرِي لَيْلَهُ الغِرْبِيبَا,لَمَّا انْثَنَى فِي سُكْرِهِ قَضِيبَا,Andaloussi: VIIIth - XVIth,rajaz_complete,rajaz_complete
Ibn Zaydoun,Yaa Dam3i sob maa chiata,14,تَشْدُو حَمَامُ حَلْيِهِ تَطْرِيبَا,أَرْشُفُ مِنْهُ المَبْسِمَ الشَّنِيبَا,Andaloussi: VIIIth - XVIth,rajaz_complete,rajaz_complete
Ibn Zaydoun,Yaa Dam3i sob maa chiata,15,حَتَّى إِذَا مَا اعْتَنَّ لِي مُرِيبَا,شَبَابُ أُفْقٍ هَمَّ أَنْ يَشِيبَا,Andaloussi: VIIIth - XVIth,rajaz_complete,rajaz_complete
Ibn Zaydoun,Yaa Dam3i sob maa chiata,16,بَادَرْتُ سَعْيًا هَلْ رَأَيْتَ الذِّيبَا,هَصَرْتُهُ حُلْوَ الجَنَى رَطِيبَا,Andaloussi: VIIIth - XVIth,rajaz_complete,rajaz_complete
Ibn Zaydoun,Yaa Dam3i sob maa chiata,17,أَهَاجِرِي أَمْ مَوْسِعِي تَأْنِيبَا,مَنْ لَمْ أُسِغْ مِنْ بَعْدِهِ مَشْرُوبَا,Andaloussi: VIIIth - XVIth,rajaz_complete,rajaz_complete
Ibn Zaydoun,Yaa Dam3i sob maa chiata,18,مَا ضَرَّهُ لَوْ قَالَ لَا تَثْرِيبَا,وَلَا مَلَامَ يَلْحَقُ القُلُوبَا,Andaloussi: VIIIth - XVIth,rajaz_complete,rajaz_complete
Ibn Zaydoun,Yaa Dam3i sob maa chiata,19,قَدْ طَالَ مَا تَجَرَّمَ الذُّنُوبَا,وَلَمْ يَدَعْ فِي العُذْرِ لِي نَصِيبَا,Andaloussi: VIIIth - XVIth,rajaz_complete,rajaz_complete
Ibn Zaydoun,Yaa Dam3i sob maa chiata,20,إِنْ قَرَّتِ العَيْنُ بِأَنْ أَؤُوبَا,لَمْ آلُ أَنْ أَسْتَرْضِيَ الغَضُوبَا,Andaloussi: VIIIth - XVIth,rajaz_complete,rajaz_complete
Ibn Zaydoun,Yaa Dam3i sob maa chiata,21,حَسْبِيَ أَنْ أُحَرِّمَ المَغِيبَا,قَدْ يَنْفَعُ المُذْنِبَ أَنْ يَتُوبَا,Andaloussi: VIIIth - XVIth,rajaz_complete,rajaz_complete
Ibrahim Nagui,Qolto Lilbahr,1,قُلْتُ لِلْبَحْرِ إِذْ وَقَفْتُ مَسَاءَا,كَمْ أَطَلْتُ الوُقُوفَ وَالإِصْغَاءَ,Modern,khafif_complete,khafif_complete
Ibrahim Nagui,Qolto Lilbahr,2,وَجَعَلْتُ النَّسِيمَ زَادًا لِرُوحِي,وَشَرِبْتُ الظَّلَالَ وَالأَضْوَاءَ,Modern,khafif_complete,khafif_complete
Ibrahim Nagui,Qolto Lilbahr,3,لَكَأَنَّ الأَضْوَاءُ مُخْتَلِفَاتٌ,جَعَلَتْ مِنْكَ رَوْضَةً غَنَّاءَ,Modern,khafif_complete,khafif_complete
Ibrahim Nagui,Qolto Lilbahr,4,مَرَّ بِي عِطْرُهَا فَأَسْكَرَ نَفْسِي,وَسَرَى فِي جَوَانِحِي كَيْفَ شَاءَ,Modern,khafif_complete,khafif_complete
Ibrahim Nagui,Qolto Lilbahr,5,نَشْوَةٌ لَمْ تَطُلْ صَحَا القَلْبُ مِنْهَا,مِثْلَ مَا كَانَ أَوْ أَشَدَّ عَنَاءَ,Modern,khafif_complete,khafif_complete
Ibrahim Nagui,Qolto Lilbahr,6,إِنَّمَا يَفْهَمُ الشَّبِيهُ شَبِيهًا,أَيُّهَا البَحْرُ نَحْنُ لَسْنَا سَوَاءَ,Modern,khafif_complete,khafif_complete
Ibrahim Nagui,Qolto Lilbahr,7,أَنْتَ بَاقٍ وَنَحْنُ حَرْبُ اللَّيَالِي,مَزَّقَتْنَا وَصَيَّرَتْنَا هَبَاءَ,Modern,khafif_complete,khafif_complete
Ibrahim Nagui,Qolto Lilbahr,8,أَنْتَ عَاتٍ وَنَحْنُ كَالزَّبْدِ الذَّا,هِبِ يَعْلُو حِينًا وَيَمْضِي جَفَاءَ,Modern,khafif_complete,khafif_complete
Ibrahim Nagui,Qolto Lilbahr,9,وَعَجِيبٌ إِلَيْكَ يُمْمِتُ وَجْهِ,إِذْ مَلَلْتُ الحَيَاةَ وَالأَحْيَاءَ,Modern,khafif_complete,khafif_complete
Ibrahim Nagui,Qolto Lilbahr,10,أَبْتَغِي عِنْدَكَ التَّأَسِّي وَمَا تَمْ,لِكَ رَدًّا وَلَا تُجِيبُ نِدَاءَ,Modern,khafif_complete,khafif_complete
Ibrahim Nagui,Qolto Lilbahr,11,كُلُّ يَوْمٍ تَسَاؤُلٌ لَيْتَ شِعْرِي,مَنْ يُنَبِّي فَيُحْسِنُ الإِنْبَاءَ,Modern,khafif_complete,khafif_complete
Ibrahim Nagui,Qolto Lilbahr,12,مَا تَقُولُ الأُمْوَاجُ مَا آلَمَ الشَّمْ,سَ فَوَلَّتْ حَزِينَةً صَفْرَاءَ,Modern,khafif_complete,khafif_complete
Ibrahim Nagui,Qolto Lilbahr,13,تَرَكَتْنَا وَخَلَّفَتْ لَيْلَ شَكٍّ,أَبَدِيٍّ وَالظُّلْمَةَ الخَرْسَاءَ,Modern,khafif_complete,khafif_complete
Ibrahim Nagui,Qolto Lilbahr,14,وَكَأَنَّ القَضَاءَ يَسْخَرُ مِنِّي,حِينَ أَبْكِي وَمَا عَرَفْتُ البُكَاءَ,Modern,khafif_complete,khafif_complete
Ibrahim Nagui,Qolto Lilbahr,15,وَيْحَ دَمْعِي وَوَيْحَ ذِلَّةِ نَفْسِي,لَمْ تَدَعْ لِي أَحْدَاثُهُو كِبْرِيَاءَ,Modern,khafif_complete,khafif_complete
Ilyass Abou Chabaka,Laa Yachoqona arabon,1,لَا يَشُقَّنَا أَرَبٌ,نَحْنُ كُلُّنَا عَصَبُ,Modern,moqtadab_complete,moqtadab_complete
Ilyass Abou Chabaka,Laa Yachoqona arabon,2,فِي نُفُوسِنَا خُلُقٌ,لِلْوِئَامِ يَنْتَسِبُ,Modern,moqtadab_complete,moqtadab_complete
Ilyass Abou Chabaka,Laa Yachoqona arabon,3,فِي قُلُوبِنَا هِمَمٌ,فِي صُدُورِنَا رَحَبُ,Modern,moqtadab_complete,moqtadab_complete
Ilyass Abou Chabaka,Laa Yachoqona arabon,4,فِي دِمَائِنَا شَرَفٌ,فِي عُرُوقِنَا حَسَبُ,Modern,moqtadab_complete,moqtadab_complete
Ilyass Abou Chabaka,Laa Yachoqona arabon,5,فِي سُيُوفِنَا شَرَرٌ,فِي يَرَاعِنَا أَدَبُ,Modern,moqtadab_complete,moqtadab_complete
Ilyass Abou Chabaka,Laa Yachoqona arabon,6,نَحْنُ أُمَّةٌ غَضِبَتْ,أَنْ يَسُوسَهَا الغَضَبُ,Modern,moqtadab_complete,moqtadab_complete
Ilyass Abou Chabaka,Laa Yachoqona arabon,7,فَالسَّلَامُ رَائِدُهَا,لَا الشِّقَاقُ وَالعَطَبُ,Modern,moqtadab_complete,moqtadab_complete
Ilyass Abou Chabaka,Laa Yachoqona arabon,8,مَاؤُهَا يُمَازِجُهُ,فِي مُرُوجِهَا الضَّرَبُ,Modern,moqtadab_complete,moqtadab_complete
Ilyass Abou Chabaka,Laa Yachoqona arabon,9,كَمْ فَوَارِسٍ أُسُدٍ,مِنْ صَفَائِهِ شَرِبُوا,Modern,moqtadab_complete,moqtadab_complete
Ilyass Abou Chabaka,Laa Yachoqona arabon,10,لَا تَغُرَّكُمْ رُتَبٌ,حَقْلُكُمْ هُوَ الرُّتَبُ,Modern,moqtadab_complete,moqtadab_complete
Ilyass Abou Chabaka,Laa Yachoqona arabon,11,فَانْفَضُّوا ثَرَاهُ فَفِي,ذَلِكَ الثَّرَى ذَهَبُ,Modern,moqtadab_complete,moqtadab_complete
Ilyass Abou Chabaka,Laa Yachoqona arabon,12,كَمْ جَلَالَةٍ رَقَدَتْ,مِلْءَ عَيْنِهَا لَهَبُ,Modern,moqtadab_complete,moqtadab_complete
Ilyass Abou Chabaka,Laa Yachoqona arabon,13,فِي مَدَافِنٍ رَصَدَتْ,كَنْزَ مَجْدِهَا الحِقَبُ,Modern,moqtadab_complete,moqtadab_complete
Ilyass Abou Chabaka,Laa Yachoqona arabon,14,إِنَّ لِلْخُلُودِ هَوًى,فِي البِلَادِ يَنْسَكِبُ,Modern,moqtadab_complete,moqtadab_complete
Ilyass Abou Chabaka,Laa Yachoqona arabon,15,فَاحْذَرُوا انْقِسَامَكُمُ,فَالبِلَادُ تَضْطَرِبُ,Modern,moqtadab_complete,moqtadab_complete
Jamil Sidki Al Zahawi,Inna man qad jabbalak,1,إِنَّ مَنْ قَدْ جَبَّلَكْ,بَعْدَ حِينٍ قَتَلَكْ,Othoman: XIIIth - XXth,madid_partial,ramal_partial
Jamil Sidki Al Zahawi,Inna man qad jabbalak,2,وَمَنِ اسْتَمْهَلْتَهُ,ضَارِعًا قَدْ أَعْجَلَكْ,Othoman: XIIIth - XXth,madid_partial,ramal_partial
Jamil Sidki Al Zahawi,Inna man qad jabbalak,3,وَمَنِ اسْتَنْصَرْتَهُ,وَاثِقًا قَدْ خَذَّلَكْ,Othoman: XIIIth - XXth,madid_partial,ramal_partial
Jamil Sidki Al Zahawi,Inna man qad jabbalak,4,لَيْتَ مَنْ قَدْ بَثَّ فِيكَ,حَيَاةً كَفَّلَكْ,Othoman: XIIIth - XXth,madid_partial,ramal_partial
Jamil Sidki Al Zahawi,Inna man qad jabbalak,5,لَيْتَ مَنْ أَلْقَاكَ فِي,حَمْأَةٍ قَدْ نَشَّلَكْ,Othoman: XIIIth - XXth,madid_partial,ramal_partial
Jamil Sidki Al Zahawi,Inna man qad jabbalak,6,أَنَّهُ اسْتَرْجَعَ مَا,كَانَ قَبْلًا خَوَلَكْ,Othoman: XIIIth - XXth,madid_partial,ramal_partial
Jamil Sidki Al Zahawi,Inna man qad jabbalak,7,أَنَّهُ فِي جَدَثٍ,ضَيِّقٍ قَدْ جَعَلَكْ,Othoman: XIIIth - XXth,madid_partial,ramal_partial
Jamil Sidki Al Zahawi,Inna man qad jabbalak,8,مَنْزِلٌ يَمْلَؤُهُ,عِوَضَ النُّورِ حَلَكْ,Othoman: XIIIth - XXth,madid_partial,ramal_partial
Jamil Sidki Al Zahawi,Inna man qad jabbalak,9,وَلِمَاذَا لَكَ جَا,زَى عَلَى مَا حَمَلَكْ,Othoman: XIIIth - XXth,madid_partial,ramal_partial
Jamil Sidki Al Zahawi,Inna man qad jabbalak,10,وَلِمَاذَا بَعْدَ مَا,لَكَ أَحْيَا قَتَلَكْ,Othoman: XIIIth - XXth,madid_partial,ramal_partial
Jamil Sidki Al Zahawi,Inna man qad jabbalak,11,سِرْ إِنِ اسْطَعْتَ إِلَى الأَهْلِ,وَارْكَبْ جَمَلَكْ,Othoman: XIIIth - XXth,madid_partial,ramal_partial
Jamil Sidki Al Zahawi,Inna man qad jabbalak,12,قُلْ كَمَا كُنْتَ تَقُو,لُ وَأَرْسِلْ مَثَلَكْ,Othoman: XIIIth - XXth,madid_partial,ramal_partial
Jamil Sidki Al Zahawi,Inna man qad jabbalak,13,مِثْلَمَا سَنَّ لَهُ,كُلُّ ذِي رِجْلِ سَلَكْ,Othoman: XIIIth - XXth,madid_partial,ramal_partial
Jamil Sidki Al Zahawi,Inna man qad jabbalak,14,كَمْ بِكَ الدَّهْرُ تَمَخْ,خَضَ حَتَّى نَجَلَكْ,Othoman: XIIIth - XXth,madid_partial,ramal_partial
Jamil Sidki Al Zahawi,Inna man qad jabbalak,15,سُخْتَ فِي حَمْأَتِهِ,وَتَعَدَّتْ رِجَلُكْ,Othoman: XIIIth - XXth,madid_partial,ramal_partial
Jamil Sidki Al Zahawi,Inna man qad jabbalak,16,كَانَ يَسْتَطِيعُ وَ,لَكِنَّهُ مَا نَشَلَكْ,Othoman: XIIIth - XXth,madid_partial,ramal_partial
Jamil Sidki Al Zahawi,Inna man qad jabbalak,17,وَكَأَنَّ الأَرْضَ قَدْ,حَمَدَتْ مُعْتَزَلَكْ,Othoman: XIIIth - XXth,madid_partial,ramal_partial
Jamil Sidki Al Zahawi,Inna man qad jabbalak,18,إِنَّهَا قَدْ أَنْكَرَتْ,فِي مَطَاهَا ثَقَلَكْ,Othoman: XIIIth - XXth,madid_partial,ramal_partial
Jamil Sidki Al Zahawi,Inna man qad jabbalak,19,غَيْرَ عَظْمٍ نَخِّرٍ,كُلُّهُ لَمْ يَبْقَ لَكْ,Othoman: XIIIth - XXth,madid_partial,ramal_partial
Jamil Sidki Al Zahawi,Inna man qad jabbalak,20,أَنْتَ فِي دُنْيَاكَ مَا,كُنْتَ تَشْكُو مَلَلَكْ,Othoman: XIIIth - XXth,madid_partial,ramal_partial
Jamil Sidki Al Zahawi,Inna man qad jabbalak,21,أَيُّ أَمْرٍ قَاهِرٍ,عَنْ هَوَاهَا شَغَلَكْ,Othoman: XIIIth - XXth,madid_partial,ramal_partial
Jamil Sidki Al Zahawi,Inna man qad jabbalak,22,وَعَلَى سُلْوَانِهَا,بَعْدَ حُبٍّ حَمَلَكْ,Othoman: XIIIth - XXth,madid_partial,ramal_partial
Jamil Sidki Al Zahawi,Inna man qad jabbalak,23,كُنْتُ مِنْ لَذَّاتِهَا,مِثْلَ نَجْمٍ فِي فَلَكْ,Othoman: XIIIth - XXth,madid_partial,ramal_partial
Jamil Sidki Al Zahawi,Inna man qad jabbalak,24,أَنْتَ مَا مَهَّدْتَ فِي,الأَرْضِ قَبْلًا سُبُلَكْ,Othoman: XIIIth - XXth,madid_partial,ramal_partial
Jamil Sidki Al Zahawi,Inna man qad jabbalak,25,أَنْتَ مَا اسْتَوْفَيْتَ,بُعْدٌ عَلَيْهَا جَذَلَكْ,Othoman: XIIIth - XXth,madid_partial,ramal_partial
Jamil Sidki Al Zahawi,Inna man qad jabbalak,26,قَبْلَ أَنْ تَعْرِفَ آ,خِرَكَ اعْرِفْ أَوَّلَكْ,Othoman: XIIIth - XXth,madid_partial,ramal_partial
Jamil Sidki Al Zahawi,Inna man qad jabbalak,27,أَيُّ دَاءٍ فِيكَ قَدْ,دَبَّ حَتَّى أَكَلَكْ,Othoman: XIIIth - XXth,madid_partial,ramal_partial
Jamil Sidki Al Zahawi,Inna man qad jabbalak,28,أَيُّ طِبٍّ فِي حَفِيرِكَ,يُشْفِي شَلَلَكْ,Othoman: XIIIth - XXth,madid_partial,ramal_partial
Jamil Sidki Al Zahawi,Inna man qad jabbalak,29,كُلُّ سَيْفٍ قَاتِلٍ,حِينَ تُبْدِي مَقْتَلَكْ,Othoman: XIIIth - XXth,madid_partial,ramal_partial
Jamil Sidki Al Zahawi,Inna man qad jabbalak,30,إِحْصِ لِي كُلَّ خَطَا,يَاكَ وَاذْمِمْ عَمَلَكْ,Othoman: XIIIth - XXth,madid_partial,ramal_partial
Jamil Sidki Al Zahawi,Inna man qad jabbalak,31,وَإِذَا أَحْصَيْتَهَا,لِي فَأُسْتُرْ خَجَلَكْ,Othoman: XIIIth - XXth,madid_partial,ramal_partial
Jamil Sidki Al Zahawi,Inna man qad jabbalak,32,أَنَا لَا أَحْمَدُ فِي,جَوْفِ قَبْرٍ مَنْزِلَكْ,Othoman: XIIIth - XXth,madid_partial,ramal_partial
Jamil Sidki Al Zahawi,Inna man qad jabbalak,33,كُنْتَ شَيْطَانًا وَلَكِنَّكَ,اليَوْمَ مَلَكْ,Othoman: XIIIth - XXth,madid_partial,ramal_partial
Jamil Sidki Al Zahawi,Inna man qad jabbalak,34,لَا تُذَمِّنَّ المَقَا,دِيرَ وَاذْمِمْ خَطَلَكْ,Othoman: XIIIth - XXth,madid_partial,ramal_partial
Jamil Sidki Al Zahawi,Inna man qad jabbalak,35,أَنْتَ مَنْ فَسَّكَ أَوْ,رَثْتَهَا شَرَّ الهَلَكْ,Othoman: XIIIth - XXth,madid_partial,ramal_partial
Jamil Sidki Al Zahawi,Inna man qad jabbalak,36,قَبْلَمَا تَنْقُدُ أَعْ,مَالِ أُنْقُدْ عَمَلَكْ,Othoman: XIIIth - XXth,madid_partial,ramal_partial
Jamil Sidki Al Zahawi,Inna man qad jabbalak,37,أَجَحِيمٌ هِيَ لِي,وَنَعِيمٌ هُوَ لَكْ,Othoman: XIIIth - XXth,madid_partial,ramal_partial
Jamil Sidki Al Zahawi,Inna man qad jabbalak,38,أَنَا لَا أَسْمَعُ فِي,مِثْلِ هَذَا جَدَلَكْ,Othoman: XIIIth - XXth,madid_partial,ramal_partial
Jamil Sidki Al Zahawi,Inna man qad jabbalak,39,لَا أَذَى بَعْدَ البَوَا,رِ فَخَفِّفْ وَجَلَكْ,Othoman: XIIIth - XXth,madid_partial,ramal_partial
Jamil Sidki Al Zahawi,Inna man qad jabbalak,40,وَإِذَا صَحَّ العِقَا,بُ فَإِنَّ الوَيْلَ لَكْ,Othoman: XIIIth - XXth,madid_partial,ramal_partial
Jamil Sidki Al Zahawi,Inna man qad jabbalak,41,وَعَسَى أَنْ يَغْفِرَ اللَّهُ,يَوْمَا زَلَّلَكْ,Othoman: XIIIth - XXth,madid_partial,ramal_partial
Jamil Sidki Al Zahawi,Inna man qad jabbalak,42,يَا نَهَارِي كِدْتَ أَنْ,تَنْقَضِى مَا أَعْجَلَكْ,Othoman: XIIIth - XXth,madid_partial,ramal_partial
Jamil Sidki Al Zahawi,Inna man qad jabbalak,43,إِنَّنِي أَهْوَى ضُحَا,كَ وَأَهْوَى طُفَلَكْ,Othoman: XIIIth - XXth,madid_partial,ramal_partial
Jamil Sidki Al Zahawi,Inna man qad jabbalak,44,حَبَّذَا النُّورُ وَلَا,حَبَّذَا هَذَا الحَلَكْ,Othoman: XIIIth - XXth,madid_partial,ramal_partial
Jamil Sidki Al Zahawi,Inna man qad jabbalak,45,أَيُّهَا اللَّوْنُ الَّذِي,غَرَّنِي مَا أَنْصَلَكْ,Othoman: XIIIth - XXth,madid_partial,ramal_partial
Jamil Sidki Al Zahawi,Inna man qad jabbalak,46,أَيُّهَا اللَّيْلُ الَّذِي,جَنَّنِي مَا أَطْوَلَكْ,Othoman: XIIIth - XXth,madid_partial,ramal_partial
Jamil Sidki Al Zahawi,Inna man qad jabbalak,47,أَيُّهَا الصُّبْحُ الَّذِي,سَرَّنِي مَا أَجْمَلَكْ,Othoman: XIIIth - XXth,madid_partial,ramal_partial
Jamil Sidki Al Zahawi,Inna man qad jabbalak,48,أَيُّهَا الطَّيْفُ الَّذِي,زَارَنِي مَنْ أَرْسَلَكْ,Othoman: XIIIth - XXth,madid_partial,ramal_partial
Jarir,Baana Al Khaliito,1,بَأَنَّ الخَلِيطُ غَدَاةَ الجِنَابِ,وَلَمْ تَقْضِ نَفْسُكَ أَوْطَارَهَا,Amawi: VIIth - VIIIth,motaqaarib_complete,motaqaarib_complete
Jarir,Baana Al Khaliito,2,فَلَا تُكْثِرُوا طُولَ شَكِّ الخِلَاجِ,وَشُدُّوا عَلَى العَيْسِ أَكْوَارَهَا,Amawi: VIIth - VIIIth,motaqaarib_complete,motaqaarib_complete
Jarir,Baana Al Khaliito,3,سَأَرْمِي بِهَا قَاتِمَاتِ الفِجَاجِ,وَنَهْجُرُ هِنْدًا وَزُوَّارَهَا,Amawi: VIIth - VIIIth,motaqaarib_complete,motaqaarib_complete
Jarir,Baana Al Khaliito,4,أَلَا قَبَّحَ اللَّهُ يَوْمَ الزُّبَيْرِ,بَلَاءَ القُيُونِ وَأَخْبَارَهَا,Amawi: VIIth - VIIIth,motaqaarib_complete,motaqaarib_complete
Jarir,Baana Al Khaliito,5,فَإِنَّا وَجَدْنَا ابْنَ جَوْخَى القُيُونِ,لَئِيمَ المُوَاطِنِ خَوَّارَهَا,Amawi: VIIth - VIIIth,motaqaarib_complete,motaqaarib_complete
Jarir,Baana Al Khaliito,6,وَلَوْ خُيِّرَ القَيْنُ بَيْنَ الحَيَاةِ,وَبَيْنَ المَنِيَّةِ لَاخْتَارَهَا,Amawi: VIIth - VIIIth,motaqaarib_complete,motaqaarib_complete
Jarir,Baana Al Khaliito,7,أَنِمْتَ بِعَيْنٍ عَلَى خِزْيَةٍ,فَأَغْضِ عَلَى الذُّلِّ أَشْفَارَهَا,Amawi: VIIth - VIIIth,motaqaarib_complete,motaqaarib_complete
Jarir,Baana Al Khaliito,8,وَقَدْ يَعْلَمُ الحَيُّ مِنْ مَالِكٍ,مُنَاخَ الدُّهَيْمِ وَأَيْسَارَهَا,Amawi: VIIth - VIIIth,motaqaarib_complete,motaqaarib_complete
Jarir,Baana Al Khaliito,9,أَخَذْنَا عَلَى الخَوْرِ قَدْ تَعْلَمُونَ,رِدَافَ المُلُوكِ وَأَصْهَارَهَا,Amawi: VIIth - VIIIth,motaqaarib_complete,motaqaarib_complete
Jarir,Baana Al Khaliito,10,وَنَكْفِيهِمُ ثُمَّ لَا يَشْكُرُونَ,مِرَاسَ الحُرُوبِ وَأَضْرَارَهَا,Amawi: VIIth - VIIIth,motaqaarib_complete,motaqaarib_complete
Jarir,Baana Al Khaliito,11,أَنَا ابْنُ الفَوَارِسِ يَوْمَ الغَبِيطِ,وَمَا تَعْرِفُ العُوذُ أَمْهَارَهَا,Amawi: VIIth - VIIIth,motaqaarib_complete,motaqaarib_complete
Jarir,Baana Al Khaliito,12,لَحِقْنَا بِأَبْجَرَ وَالحَوْفَزَانِ,وَقَدْ مَدَّتِ الخَيْلُ إِعْصَارَهَا,Amawi: VIIth - VIIIth,motaqaarib_complete,motaqaarib_complete
Jarir,Baana Al Khaliito,13,وَرَايَةِ مَلْكٍ كَظِلِّ العُقَابِ,ضَرَبْنَا عَلَى الرَّأْسِ جَبَّارَهَا,Amawi: VIIth - VIIIth,motaqaarib_complete,motaqaarib_complete
Jarir,Baana Al Khaliito,14,وَكُنَّا إِذَا حَوْمَةٌ أَعْرَضَتْ,نَخُوضُ إِلَى المَوْتِ أَغْمَارَهَا,Amawi: VIIth - VIIIth,motaqaarib_complete,motaqaarib_complete
Jarir,Baana Al Khaliito,15,فَأَفْسَدْتَ تَغْلِبَ كُلَّ الفَسَادِ,وَشُمْتَ القُيُونَ وَأَكْيَارَهَا,Amawi: VIIth - VIIIth,motaqaarib_complete,motaqaarib_complete
Jarir,Baana Al Khaliito,16,وَحَامَى الفَوَارِسُ يَوْمَ الكُحَيْلِ,وَلَمْ تَحْمِ تَغْلِبُ أَدْبَارَهَا,Amawi: VIIth - VIIIth,motaqaarib_complete,motaqaarib_complete
Jarir,Baana Al Khaliito,17,تَرَكْتُمْ لِقَيْسٍ بَنَاتِ الصَّرِيحِ,وَعَوْنَ النِّسَاءَ وَأَبْكَارَهَا,Amawi: VIIth - VIIIth,motaqaarib_complete,motaqaarib_complete
Jarir,Baana Al Khaliito,18,وَضَعْتُمْ بِحَزَّةَ حَمْلَ السِّلَاحِ,وَلَمْ تَضَعِ الحَرْبُ أَوْزَارَهَا,Amawi: VIIth - VIIIth,motaqaarib_complete,motaqaarib_complete
Jarir,Baana Al Khaliito,19,فَإِنَّ البَرِيَّةَ لَوْ جُمِّعَتْ,لَأَلْفَيْتَ تَغْلِبَ أَشْرَارَهَا,Amawi: VIIth - VIIIth,motaqaarib_complete,motaqaarib_complete
Jarir,Baana Al Khaliito,20,وَلَوْ أَصْبَحَ النَّاسُ حَرْبًا عِدًى,لِقَيْسٍ وَخِنْدِفَ مَا ضَارَهَا,Amawi: VIIth - VIIIth,motaqaarib_complete,motaqaarib_complete
Jarir,Baana Al Khaliito,21,أَخَذْنَا عَلَيْكُمْ عُيُونَ البُحُورِ,وَبَرَّ البِلَادِ وَأَمْصَارَهَا,Amawi: VIIth - VIIIth,motaqaarib_complete,motaqaarib_complete
Jarir,Baana Al Khaliito,22,وَنَحْنُ وَرِثْنَا فَخَلِّ الطَّرِيقَ,جَوَابِيَ عَادٍ وَآبَارَهَا,Amawi: VIIth - VIIIth,motaqaarib_complete,motaqaarib_complete
Jarir,Baana Al Khaliito,23,وَأَدْعُو الإِلَهَ وَتَدْعُو الصَّلِيبَ,وَأَدْعُو قُرَيْشًا وَأَنْصَارَهَا,Amawi: VIIth - VIIIth,motaqaarib_complete,motaqaarib_complete
Jarir,Baana Al Khaliito,24,كَفَا خُزْرَ تَغْلِبَ نَصْرَ الرَّسُولِ,وَنَقْضَ الأُمُورِ وَإِمْرَارَهَا,Amawi: VIIth - VIIIth,motaqaarib_complete,motaqaarib_complete
Jarir,Inni Imriin,1,إِنِّي امْرُؤٌ يَبْنِي لِيَ المَجْدَ البَانْ,أَنْدُبُ مَجْدًا غَيْرَ مَجْدِ ثُنْيَانْ,Amawi: VIIth - VIIIth,rajaz_complete,rajaz_complete
Jarir,Inni Imriin,2,مِنَّا أَبُو قَيْسٍ وَمِنَّا الحَوْطَانْ,وَابْنُ زُهَيْرٍ مُعْلِمًا وَالعَمْرَانْ,Amawi: VIIth - VIIIth,rajaz_complete,rajaz_complete
Jarir,Inni Imriin,3,وَالهَيْصَمَانِ وَبْنُ ذِي النِّيرَانِ,مَا لِحَفِيفِ القَصَبَاتِ الجُوفَانْ,Amawi: VIIth - VIIIth,rajaz_complete,sarii_complete
Jarir,Inni Imriin,4,عُدُّوا الفَعَالَا وَزِنُوا بِالمِيزَانْ,جِيئُوا بِمِثْلِ قَعْنَبٍ وَالعَلْهَانْ,Amawi: VIIth - VIIIth,rajaz_complete,rajaz_complete
Jarir,Inni Imriin,5,وَابْنِ أَبِي سَوْدٍ غَدَاةَ الأَرْنَانْ,أَوْ كَأَبِي حَزْرَةَ سَمِّ الفُرْسَانْ,Amawi: VIIth - VIIIth,rajaz_complete,rajaz_complete
Jarir,Inni Imriin,6,وَالحَنْتَفَيْنِ يَوْمَ شَلِّ الأَظْعَانْ,وَمَا ابْنُ حِنَّاءَةَ الرَّثِيِّ الوَانْ,Amawi: VIIth - VIIIth,rajaz_complete,rajaz_complete
Jarir,Inni Imriin,7,يَوْمَ تَسَدَّى الحَكَمَ بْنَ مَرْوَانْ,وَالمُطْعِمُونَ فِي لَيَالِي الشَّفَّانْ,Amawi: VIIth - VIIIth,rajaz_complete,rajaz_complete
Jarir,Inni Imriin,8,وَحِظْوَةُ السَّبْقِ لَنَا وَالأَلْفَانْ,تَعْدُوا بِنَا الخَيْلُ طُمُوحَ العِقْبَانْ,Amawi: VIIth - VIIIth,rajaz_complete,rajaz_complete
Jarir,Inni Imriin,9,نَحْمِي ذِمَارَ جُدَفٍ بِمَرَّانْ,نَحْنُ اسْتَلَبْنَا الجَوْنَ وَابْنِ حَسَّانْ,Amawi: VIIth - VIIIth,rajaz_complete,rajaz_complete
Jarir,Inni Imriin,10,وَرَادَفَ الأَمْلَاكَ مِنَّا رِدْفَانْ,قَدْ عَلِمَتْ بَكْرٌ وَقَيْسٌ عَيْلَانْ,Amawi: VIIth - VIIIth,rajaz_complete,rajaz_complete
Jarir,Inni Imriin,11,وَالخِنْدِفِيُّونَ بِغَدْرِ الأَقْيَانْ,إِذْ كَذَّبَ الأَقْرَعُ دَعْوَى الفُرْسَانْ,Amawi: VIIth - VIIIth,rajaz_complete,rajaz_complete
Jarir,Inni Imriin,12,وَخَرَّ فِي بَحْرِ الرِّمَاحِ الأَشْطَانِ,عَلَى الجَبِينِ سَاجِدًا لِلْعِمْرَانْ,Amawi: VIIth - VIIIth,rajaz_complete,rajaz_complete
Jarir,Inni Imriin,13,إِنَّ ابْنَ وَقْبٍ وَابْنَ أُمِّ خَوْرَانْ,وَابْنَ القُيُونِ غُلَّقٌ فِي الأَقْرَانْ,Amawi: VIIth - VIIIth,rajaz_complete,rajaz_complete
Jarir,Inni Imriin,14,يُصَلْصِلُ الحِجْلَ بِغَيْرِ الإِيمَانْ,لَا سَلَّمَ اللَّهُ عَلَى القِرْدِ الزَّانْ,Amawi: VIIth - VIIIth,rajaz_complete,rajaz_complete
Jarir,Inni Imriin,15,وَيَسْأَلُ المَوْتَى فُضُولَ الأَكْفَانْ,شَاعَ الحَدِيثُ يَا فَتَاةَ الفِتْيَانْ,Amawi: VIIth - VIIIth,rajaz_complete,rajaz_complete
Khalil Matran,Al Qoloubo Wal Moqalo,1,القُلُوبُ وَالمُقَلُو,هُنَّ لِلْهَوَى رُسُلُ,Modern,moqtadab_complete,moqtadab_complete
Khalil Matran,Al Qoloubo Wal Moqalo,2,لَسْنَ لِلْهَوَى عِلَلًا,بَلْ بِهِ لَهَا عِلَلُ,Modern,moqtadab_complete,moqtadab_complete
Khalil Matran,Al Qoloubo Wal Moqalo,3,رُبَّمَا وَآمُرُهَا,يَقْتَضِي فَتَمْتَثِلُ,Modern,moqtadab_complete,moqtadab_complete
Khalil Matran,Al Qoloubo Wal Moqalo,4,وَالرَّسُولُ مُؤْتَمِرًا,وَالجَمَادُ يَنْفَصِلُ,Modern,moqtadab_complete,moqtadab_complete
Khalil Matran,Al Qoloubo Wal Moqalo,5,لَا عُقُوبَةً لَهُمَا,حَلَّلَتْ وَلَا عُذَلُ,Modern,moqtadab_complete,moqtadab_complete
Khalil Matran,Al Qoloubo Wal Moqalo,6,حَاكِمٌ مَشِيئَتُهُ,لَا تَرُدُّهَا الحِيَلُ,Modern,moqtadab_complete,moqtadab_complete
Khalil Matran,Al Qoloubo Wal Moqalo,7,وَالوُجُودُ دَوْلَتُهُ,أَرْضُنَا بِهَا عَمَلُ,Modern,moqtadab_complete,moqtadab_complete
Khalil Matran,Al Qoloubo Wal Moqalo,8,وَالأَمِيرُ خَادِمُهُ,وَالحَكِيمُ وَالبَطَلُ,Modern,moqtadab_complete,moqtadab_complete
Khalil Matran,Al Qoloubo Wal Moqalo,9,وَالنُّجُومُ فِي يَدِهِ,تَغْتَدِي وَتَنْتَقِلُ,Modern,moqtadab_complete,moqtadab_complete
Khalil Matran,Al Qoloubo Wal Moqalo,10,وَالحَيَاةُ مَوْطِنُهُ,وَالطَّبِيعَةُ السُّبُلُ,Modern,moqtadab_complete,moqtadab_complete
Khalil Matran,Al Qoloubo Wal Moqalo,11,وَالدَّوَامُ مَبْدَؤُهُ,وَالنِّهَايَةُ الأَزَلُ,Modern,moqtadab_complete,moqtadab_complete
Khalil Matran,Al Qoloubo Wal Moqalo,12,وَالسِّنَى تُبَسِّمُهُ,وَهْوَ ضَاحِكٌ جَذَلُ,Modern,moqtadab_complete,moqtadab_complete
Khalil Matran,Al Qoloubo Wal Moqalo,13,وَالدُّجَى عُبُوسَتَهُ,وَالخُطُوبُ وَالوَهَلُ,Modern,moqtadab_complete,moqtadab_complete
Khalil Matran,Al Qoloubo Wal Moqalo,14,السُّرُورُ فِي فَمِهِ,وَالعَذَابُ وَالأَجَلُ,Modern,moqtadab_complete,moqtadab_complete
Khalil Matran,Al Qoloubo Wal Moqalo,15,مَنْ يُطِيقُ حَمْلَتَهُ,مَنْ لَهُو بِهَا قُبَلُ,Modern,moqtadab_complete,moqtadab_complete
Khalil Matran,Al Qoloubo Wal Moqalo,16,عَيْنَكَ الَّتِي نَظَرَتْ,مِنْهُ جَاءَهَا المِيَلُ,Modern,moqtadab_complete,moqtadab_complete
Khalil Matran,Al Qoloubo Wal Moqalo,17,وَالفُؤَادُ طَاوَعَهَا,وَهْوَ مُكْرَهٌ وَجَلُ,Modern,moqtadab_complete,moqtadab_complete
Khalil Matran,Al Qoloubo Wal Moqalo,18,فَالمُسِيءُ غَيْرُهُمَا,مَا إِلَيْهِ مُتَّصِلُ,Modern,moqtadab_complete,moqtadab_complete
Khalil Matran,Al Qoloubo Wal Moqalo,19,إِنَّمَا الجَزَاءُ لِمَنْ,عَنْهُ يَصْدُرُ الزَّلَلُ,Modern,moqtadab_complete,moqtadab_complete
Khalil Matran,Al Qoloubo Wal Moqalo,20,عِلَّةً لِمَا فَعَلَا,لَوْ تُعَاقَبُ العِلَلُ,Modern,moqtadab_complete,moqtadab_complete
Khalil Matran,Ala chabaabiki,1,عَلَى شَبَابِكِ يُبْكَى,يَا حُرَّةً يَا نَبِيلَهْ,Modern,mojtath_complete,mojtath_complete
Khalil Matran,Ala chabaabiki,2,أَفِي التُّرَابِ تُوَارَى,تِلْكَ المَعَانِي الجَمِيلَهْ,Modern,mojtath_complete,mojtath_complete
Khalil Matran,Ala chabaabiki,3,حُسْنٌ تَوَلَّى وَأَبْقَى,عَنْهُو رُسُومًا مَحِيلَهْ,Modern,mojtath_complete,mojtath_complete
Khalil Matran,Ala chabaabiki,4,جُهْدُ الأَسَى أَنْ تَغِيبِي,وَمَا لِعَوْدٍ وَسِيلَهْ,Modern,mojtath_complete,mojtath_complete
Khalil Matran,Ala chabaabiki,5,نَأْسَى وَنَيْأَسُ حُزْنًا,وَلَيْسَ فِي اليَدِ حِيلَهْ,Modern,mojtath_complete,mojtath_complete
Khalil Matran,Alaama Yokaamo timthaali,1,عَلَامَ يُقَامُ تِمْثَالِي,وَمِلْءُ الشَّرْقِ أَمْثَالِي,Modern,wafir_partial,wafir_partial
Khalil Matran,Alaama Yokaamo timthaali,2,وَكَمْ حَفْلٍ يُهَيَّأُ لِي,وَذَلِكَ مَحْضُ أَفْضَالِ,Modern,wafir_partial,wafir_partial
Khalil Matran,Alaama Yokaamo timthaali,3,أَتَوْدِيعًا لِصَاحِبِكُمْ,بِإِحْسَانٍ وَإِجْمَالِ,Modern,wafir_partial,wafir_partial
Khalil Matran,Alaama Yokaamo timthaali,4,وَمَا أَنَا وَالخُلُودُ وَمَنْ,بِهِ لِلْهَيْكَلِ البَالِي,Modern,wafir_partial,wafir_partial
Khalil Matran,Alaama Yokaamo timthaali,5,فَخَارٌ لَمْ يَكُنْ يَوْمًا,لِيَخْطُرْ لِي عَلَى بَالِ,Modern,wafir_partial,hazaj_complete
Khalil Matran,Alaama Yokaamo timthaali,6,أَشَارَ السَّيِّدُ البَطْرِي,قُ ذُخْرَ البَيْعَةِ الغَالِي,Modern,wafir_partial,hazaj_complete
Khalil Matran,Alaama Yokaamo timthaali,7,وَلُبَّاهٌ أَمَاِجيدٌ,سَخُوا بِالوَقْتِ وَالمَالِ,Modern,wafir_partial,hazaj_complete
Khalil Matran,Alaama Yokaamo timthaali,8,أَأَمْلِكُ أَنْ أُخَالِفَهُمْ,وَرَأْيُهُمُ هُوَ العَالِي,Modern,wafir_partial,wafir_partial
Khalil Matran,Alaama Yokaamo timthaali,9,فَيَا حَفْلًا لَقَيْتُ بِهِ,جَمِيلًا جَازَ آمَالِي,Modern,wafir_partial,wafir_partial
Khalil Matran,Alaama Yokaamo timthaali,10,وَيَا إِخْوَانِيَ الخُطْبَا,ءُ مَا شَيْمِي وَأَفْعَالِي,Modern,wafir_partial,hazaj_complete
Khalil Matran,Alaama Yokaamo timthaali,11,أَلَا إِنِّي لَمَجْدُودٌ,وَهَذَا يَوْمُ إِقْبَالِ,Modern,wafir_partial,hazaj_complete
Khalil Matran,Alaama Yokaamo timthaali,12,قَصِيدِي مَا قَصِيدِي فِي,هَوَى وَطَنِي وَفِي آلِي,Modern,wafir_partial,wafir_partial
Khalil Matran,Alaama Yokaamo timthaali,13,أَلَيْسَ اللَّهُ جَمَّلَهُ,وَجَمَّلَكُمْ وَأَوْحَى لِي,Modern,wafir_partial,wafir_partial
Khalil Matran,Alaama Yokaamo timthaali,14,وَكُلْتُمْ بِي أَخًا بَرًّا,صِنَاعًا غَيْرَ مِكْسَالِ,Modern,wafir_partial,hazaj_complete
Khalil Matran,Alaama Yokaamo timthaali,15,فَأَثْوَانِي بِمَثْوَى مِنْ,هُ لَا دَانٍ وَلَا عَالِ,Modern,wafir_partial,hazaj_complete
Khalil Matran,Alaama Yokaamo timthaali,16,يُقَلِّبُ فِيَّ أَلْحَاظًا,جَوَائِلُ كُلَّ تِجْوَالِ,Modern,wafir_partial,wafir_partial
Khalil Matran,Alaama Yokaamo timthaali,17,وَيَرْسُمُ بَيْنَ أَنْوَارٍ,يُهَيِّئُهَا وَأَظْلَالُ,Modern,wafir_partial,wafir_partial
Khalil Matran,Alaama Yokaamo timthaali,18,فَأُبْرِزُ صُورَتِي لِلنَّاسِ,فِي مِرْآةِ صَلْصَالِ,Modern,wafir_partial,wafir_partial
Khalil Matran,Alaama Yokaamo timthaali,19,كَأَنَّ الرُّوحَ تَمْشِي فِي,تَجَالِيدِي وَأَوْصَالِي,Modern,wafir_partial,hazaj_complete
Khalil Matran,Alaama Yokaamo timthaali,20,عَنَاءٌ سَيْمُهُ وَالفَ,نُّ لَا يَعْنِي بِأَشْكَالِي,Modern,wafir_partial,hazaj_complete
Khalil Matran,Alaama Yokaamo timthaali,21,لَهُ وَلَكُمْ تَحِيَّاتِي,وَمُحْمَدَتِي وَإِجْلَالِي,Modern,wafir_partial,wafir_partial
Khalil Matran,Alaama Yokaamo timthaali,22,أُرِيدُ الشُّكْرَ هَلْ تُوفِي,مَكَارِمِكُمْ بِأَقْوَالِ,Modern,wafir_partial,wafir_partial
Khalil Matran,Alaama Yokaamo timthaali,23,وَدُونَ قَضَاءِ هُوَّ الدِّينُ,مَا تَدْرُونَ مِنْ حَالِي,Modern,wafir_partial,wafir_partial
Khalil Matran,Alaama Yokaamo timthaali,24,إِذَا أَقْلَلْتَ عَنْ عَجْزٍ,فَمَعْذِرَةً لَا قِلَالِي,Modern,wafir_partial,wafir_partial
Khalil Matran,Hakou Lana,1,حَكُوا لَنَا عَْن حِمَارٍ,مِنَ الحَمِيرِ الغَوَالِي,Modern,mojtath_complete,mojtath_complete
Khalil Matran,Hakou Lana,2,أُذْنَاهُ أَطْوَلُ شَيْءٍ,وَمُخُّهُو جِدُّ خَالِي,Modern,mojtath_complete,mojtath_complete
Khalil Matran,Hakou Lana,3,لَاكِنَّهُو لَا تَضَاعٍ,مِنْهُو وَرِقَّةَ حَالِ,Modern,mojtath_complete,mojtath_complete
Khalil Matran,Hakou Lana,4,قَضَى الحَيَاةَ أَمِينًا,مِنْ مَغْمَزِ العُذَّالِ,Modern,mojtath_complete,mojtath_complete
Khalil Matran,Hakou Lana,5,وَعُدَّ جَحْشًا خَفِيفًا,عَلَى الحُمُولِ الثِّقَالِ,Modern,mojtath_complete,mojtath_complete
Khalil Matran,Hakou Lana,6,وَكَانَ بَغْلٌ إِلَيْهِ,يُدْلِي بَبَعْضِ اتِّصَالِ,Modern,mojtath_complete,mojtath_complete
Khalil Matran,Hakou Lana,7,يَظَلُّ يُقْلِقُ رَفْسًا,مَا حَوْلَهُو مِنْ ظِلَالِ,Modern,mojtath_complete,mojtath_complete
Khalil Matran,Hakou Lana,8,جَهْلًا وَحُمْقًا بِدَعْوَى,حَظٌّ لَهُو فِي المَعَالِي,Modern,mojtath_complete,mojtath_complete
Khalil Matran,Hakou Lana,9,لِذَاكَ كَانَ كَرِيهًا,مُسْتَهْجِنُ الأَفْعَالِ,Modern,mojtath_complete,mojtath_complete
Khalil Matran,Hakou Lana,10,قَالَتْ لَهُ الوَحْشُ يَوْمًا,مَا سِرُّ هَذَا الدَّلَالِ,Modern,mojtath_complete,mojtath_complete
Khalil Matran,Hakou Lana,11,فَقَالَ بَيْنَ التَّدَنِّي,بِقَوْلِ وَالتَّاعَالِي,Modern,mojtath_complete,mojtath_complete
Khalil Matran,Hakou Lana,12,لِأُمِّ كَانَتْ أَتَانَا,لَكِنَّمَا المَهْرُ خَالِي,Modern,mojtath_complete,mojtath_complete
Lobayd Ibn Rabiia,Moallaqa,1,عَفَتِ الدِّيَارُ مَحَلُّهَا فَمُقَامُهَا,بِمِنًى تَأَبَّدَ غَوْلُهَا فَرِجَامُهَا,Before Islam: VIth century,kamil_complete,kamil_complete
Lobayd Ibn Rabiia,Moallaqa,2,فَمَدَافِعُ الرَّيَّانِ عُرِّيَ رَسْمُهَا,خَلِقًا كَمَا ضَمِنَ الوُحِيَّ سِلَامُهَا,Before Islam: VIth century,kamil_complete,kamil_complete
Lobayd Ibn Rabiia,Moallaqa,3,دِمَنٌ تَجَرَّمَ بَعْدَ عَهْدِ أَنِيسِهَا,حِجَجٌ خَلَوْنَ حَلَالُهَا وَحَرَامُهَا,Before Islam: VIth century,kamil_complete,kamil_complete
Lobayd Ibn Rabiia,Moallaqa,4,رُزِقَتْ مَرَابِيعَ النُّجُومِ وَصَابَهَا,وَدَقُّ الرَّوَاعِدِ جَوْدُهَا فَرِهَامُهَا,Before Islam: VIth century,kamil_complete,kamil_complete
Lobayd Ibn Rabiia,Moallaqa,5,مِنْ كُلِّ سَارِيَةٍ وَغَادٍ مُدْجِنٍ,وَعَشِيَّةٍ مُتَجَاوِبٍ إِرْزَامُهَا,Before Islam: VIth century,kamil_complete,kamil_complete
Lobayd Ibn Rabiia,Moallaqa,6,فَعَلَا فُرُوعُ الأَيْهُقَانِ وَأَطْفَلَتْ,بِالجَهْلَتَيْنِ ظِبَاؤُهَا وَنَعَامُهَا,Before Islam: VIth century,kamil_complete,kamil_complete
Lobayd Ibn Rabiia,Moallaqa,7,وَالعِيْنُ سَاكِنَةٌ عَلَى أَطْلَائِهَا,عُوذًا تَأَجَّلُ بِالفَضَاءِ بِهَامُهَا,Before Islam: VIth century,kamil_complete,kamil_complete
Lobayd Ibn Rabiia,Moallaqa,8,وَجَلَا السُّيُولُ عَنْ الطُّلُولِ كَأَنَّهَا,زُبُرٌ تُجِدُّ مُتُونَهَا أَقْلَامُهَا,Before Islam: VIth century,kamil_complete,kamil_complete
Lobayd Ibn Rabiia,Moallaqa,9,أَوْ رَجْعُ وَاشِمَةٍ أُسِفَّ نَؤُورُهَا,كَفِفًا تَعَرَّضَ فَوْقَهُنَّ وِشَامُهَا,Before Islam: VIth century,kamil_complete,kamil_complete
Lobayd Ibn Rabiia,Moallaqa,10,فَوَقَفْتُ أَسْأَلُهَا وَكَيْفَ سُؤَالُنَا,صُمًّا خَوَالِدَ مَا يَبِينُ كَلَامُهَا,Before Islam: VIth century,kamil_complete,kamil_complete
Lobayd Ibn Rabiia,Moallaqa,11,عَرِيَتْ وَكَانَ بِهَا الجَمِيعُ فَأَبْكَرُوا,مِنْهَا وَغُودِرَ نُؤْيُهَا وَثُمَامُهَا,Before Islam: VIth century,kamil_complete,kamil_complete
Lobayd Ibn Rabiia,Moallaqa,12,شَاقَتْكَ ظُعْنُ الحَيِّ حِينَ تَحَمَّلُوا,فَتَكَنَّسُوا قُطُنًا تَصِرُّ خِيَامُهَا,Before Islam: VIth century,kamil_complete,kamil_complete
Lobayd Ibn Rabiia,Moallaqa,13,مِنْ كُلِّ مَحْفُوفٍ يُظِلُّ عَصِيَّهُ,زَوْجٌ عَلَيْهِ كِلَّةٌ وَقِرَامُهَا,Before Islam: VIth century,kamil_complete,kamil_complete
Lobayd Ibn Rabiia,Moallaqa,14,زُجَلًا كَأَنَّ نِعَاجَ تُوضِحَ فَوْقَهَا,وَظِبَاءَ وَجْرَةَ عُطَّفًا آرَامُهَا,Before Islam: VIth century,kamil_complete,kamil_complete
Lobayd Ibn Rabiia,Moallaqa,15,حُفِزَتْ وَزَايَلَهَا السَّرَابُ كَأَنَّهَا,أَجْزَاعُ بِيشَةَ أَثْلُهَا وَرِضَامُهَا,Before Islam: VIth century,kamil_complete,kamil_complete
Lobayd Ibn Rabiia,Moallaqa,16,بَلْ مَا تَذَكَّرُ مِنْ نَوَارِ وَقَدْ نَأَتْ,وَتَقَطَّعَتْ أَسْبَابُهَا وَرِمَامُهَا,Before Islam: VIth century,kamil_complete,kamil_complete
Lobayd Ibn Rabiia,Moallaqa,17,مُرِّيَةٌ حَلَّتْ بِفَيْدٍ وَجَاوَرَتْ,أَهْلَ الحِجَازِ فَأَيْنَ مِنْكَ مَرَامُهَا,Before Islam: VIth century,kamil_complete,kamil_complete
Lobayd Ibn Rabiia,Moallaqa,18,بِمَشَارِقِ الجَبَلَيْنِ أَوْ بِمُحَجَّرٍ,فَتَضَمَّنَتْهَا فَرْدَةٌ فَرُخَامُهَا,Before Islam: VIth century,kamil_complete,kamil_complete
Lobayd Ibn Rabiia,Moallaqa,19,فَصُوَائِقٌ إِنْ أَيْمَنَتْ فَمِظَنَّةٌ,فِيهَا رِخَافُ القَهْرِ أَوْ طِلْخَامُهَا,Before Islam: VIth century,kamil_complete,kamil_complete
Lobayd Ibn Rabiia,Moallaqa,20,فَاقْطَعْ لُبَانَةَ مَنْ تَعَرَّضَ وَصْلُهُ,وَلَشَرُّ وَاصِلِ خُلَّةٍ صَرَّامُهَا,Before Islam: VIth century,kamil_complete,kamil_complete
Lobayd Ibn Rabiia,Moallaqa,21,وَاحْبُ المُجَامِلَ بِالجَزِيلِ وَصَرْمُهُ,بَاقٍ إِذَا ظَلَعَتْ وَزَاغَ قِوَامُهَا,Before Islam: VIth century,kamil_complete,kamil_complete
Lobayd Ibn Rabiia,Moallaqa,22,بِطَلِيحِ أَسْفَارٍ تَرَكْنَ بَقِيَّةً,مِنْهَا فَأَحْنَقَ صُلْبُهَا وسَنَامُهَا,Before Islam: VIth century,kamil_complete,kamil_complete
Lobayd Ibn Rabiia,Moallaqa,23,وَإِذَا تَعَالَى لَحْمُهَا وتَحَسَّرَتْ,وَتَقَطَّعَتْ بَعْدَ الكَلَالِ خِدَامُهَا,Before Islam: VIth century,kamil_complete,kamil_complete
Lobayd Ibn Rabiia,Moallaqa,24,فَلَهَا هِبَابٌ فِي الزِّمَامِ كَأَنَّهَا,صَهْبَاءُ خَفَّ مَعَ الجَنُوبِ جَهَامُهَا,Before Islam: VIth century,kamil_complete,kamil_complete
Lobayd Ibn Rabiia,Moallaqa,25,أَوْ مُلْمِعٌ وَسَقَتْ لَأَحْقَبَ لَاحَهُ,طَرْدُ الفُحُولِ وَضَرْبُهَا وَكِدَامُهَا,Before Islam: VIth century,kamil_complete,kamil_complete
Lobayd Ibn Rabiia,Moallaqa,26,يَعْلُو بِهَا حُدْبَ الإِكَامِ مُسَحَّجٌ,قَدْ رَابَهُ عِصْيَانُهَا وَوِحَامُهَا,Before Islam: VIth century,kamil_complete,kamil_complete
Lobayd Ibn Rabiia,Moallaqa,27,بِأَحِزَّةِ الثَّلْبُوتِ يَرْبَأُ فَوْقَهَا,قَفْرُ المَرَاقِبِ خَوْفُهَا آرَامُهَا,Before Islam: VIth century,kamil_complete,kamil_complete
Lobayd Ibn Rabiia,Moallaqa,28,حَتَّى إِذَا سَلَخَا جُمَادَى سِتَّةً,جَزْأً فَطَالَ صِيَامُهُ وَصِيَامُهَا,Before Islam: VIth century,kamil_complete,kamil_complete
Lobayd Ibn Rabiia,Moallaqa,29,رَجَعَا بِأَمْرِهِمَا إِلَى ذِي مِرَّةٍ,حَصِدٍ وَنُجْعُ صَرِيمَةٍ إِبْرَامُهَا,Before Islam: VIth century,kamil_complete,kamil_complete
Lobayd Ibn Rabiia,Moallaqa,30,وَرَمَى دَوَابِرَهَا السَّفَا وَتَهَيَّجَتْ,رِيحُ المَصَايِفِ سَوْمُهَا وسِهَامُهَا,Before Islam: VIth century,kamil_complete,kamil_complete
Lobayd Ibn Rabiia,Moallaqa,31,فَتَنَازَعَا سَبِطًا يَطِيرُ ظِلَالُهُ,كَدُخَانِ مُشْعَلَةٍ يُشَبُّ ضِرَامُهَا,Before Islam: VIth century,kamil_complete,kamil_complete
Lobayd Ibn Rabiia,Moallaqa,32,مَشْمُولَةٍ غُلِثَتْ بِنَابتِ عَرْفَجٍ,كَدُخَانِ نَارٍ سَاطِعٍ أَسْنَامُهَا,Before Islam: VIth century,kamil_complete,kamil_complete
Lobayd Ibn Rabiia,Moallaqa,33,فَمَضَى وَقَدَّمَهَا وَكَانَتْ عَادَةً,مِنْهُ إِذَا هِيَ عَرَّدَتْ إِقْدَامُهَا,Before Islam: VIth century,kamil_complete,kamil_complete
Lobayd Ibn Rabiia,Moallaqa,34,فَتَوَسَّطَا عُرْضَ السَّرِيِّ وَصَدَّعَا,مَسْجُورَةً مُتَجَاوِرًا قُلَّامُهَا,Before Islam: VIth century,kamil_complete,kamil_complete
Lobayd Ibn Rabiia,Moallaqa,35,مَحْفُوفَةً وَسْطَ اليَرَاعِ يُظِلُّهَا,مِنْهُ مُصَرَّعُ غَابَةٍ وقِيَامُهَا,Before Islam: VIth century,kamil_complete,kamil_complete
Lobayd Ibn Rabiia,Moallaqa,36,أَفَتِلْكَ أَمْ وَحْشِيَّةٌ مَسْبُوعَةٌ,خَذَلَتْ وَهَادِيَةُ الصِّوَارِ قِوَامُهَا,Before Islam: VIth century,kamil_complete,kamil_complete
Lobayd Ibn Rabiia,Moallaqa,37,خَنْسَاءُ ضَيَّعَتِ الفَرِيرَ فَلَمْ يَرِمْ,عُرْضَ الشَّقَائِقِ طَوْفُهَا وبُغَامُهَا,Before Islam: VIth century,kamil_complete,kamil_complete
Lobayd Ibn Rabiia,Moallaqa,38,لِمُعَفَّرٍ قَهْدٍ تَنَازَعَ شِلْوَهُ,غُبْسٌ كَوَاسِبُ لَا يُمَنُّ طَعَامُهَا,Before Islam: VIth century,kamil_complete,kamil_complete
Lobayd Ibn Rabiia,Moallaqa,39,صَادَفْنَ مِنْهَا غِرَّةً فَأَصَبْنَهَا,إِنَّ المَنَايَا لَا تَطِيشُ سِهَامُهَا,Before Islam: VIth century,kamil_complete,kamil_complete
Lobayd Ibn Rabiia,Moallaqa,40,بَاتَتْ وَأَسْبَلَ وَاكِفٌ مِنْ دِيمَةٍ,يُرْوَى الخَمَائِلَ دَائِمًا تَسْجَامُهَا,Before Islam: VIth century,kamil_complete,kamil_complete
Lobayd Ibn Rabiia,Moallaqa,41,يَعْلُو طَرِيقَةَ مَتْنِهَا مُتَوَاتِرٌ,فِي لَيْلَةٍ كَفَرَ النُّجُومَ غَمامُهَا,Before Islam: VIth century,kamil_complete,kamil_complete
Lobayd Ibn Rabiia,Moallaqa,42,تَجْتَافُ أَصْلًا قَالِصًا مُتَنَبِّذَا,بِعُجُوبِ أَنْقَاءٍ يَمِيلُ هُيَامُهَا,Before Islam: VIth century,kamil_complete,kamil_complete
Lobayd Ibn Rabiia,Moallaqa,43,وَتُضِيءُ فِي وَجْهِ الظَّلَامِ مُنِيَّةً,كَجُمَانَةِ البَحْرِيِّ سُلَّ نِظَامُهَا,Before Islam: VIth century,kamil_complete,kamil_complete
Lobayd Ibn Rabiia,Moallaqa,44,حَتَّى إِذَا حَسَرَ الظَّلَامُ وَأَسْفَرَتْ,بَكَرَتْ تَزِلُّ عَنِ الثَّرَى أَزْلَامُهَا,Before Islam: VIth century,kamil_complete,kamil_complete
Lobayd Ibn Rabiia,Moallaqa,45,عَلِهَتْ تَرَدَّدُ فِي نِهَاءِ صُعَائِدٍ,سَبْعًا تُؤَامًا كَامِلًا أَيَّامُهَا,Before Islam: VIth century,kamil_complete,kamil_complete
Lobayd Ibn Rabiia,Moallaqa,46,حَتَّى إِذَا يَئِسَتْ وَأَسْحَقَ حَالِقٌ,لَمْ يُبْلِهِ إِرْضَاعُهَا وَفِطَامُهَا,Before Islam: VIth century,kamil_complete,kamil_complete
Lobayd Ibn Rabiia,Moallaqa,47,فَتَوَجَّسَتْ رِزَّ الأَنِيسِ فَرَاعَهَا,عَنْ ظَهْرِ غَيْبٍ وَالأَنِيسُ سَقَامُهَا,Before Islam: VIth century,kamil_complete,kamil_complete
Lobayd Ibn Rabiia,Moallaqa,48,فَغَدَتْ كِلَا الفَرْجَيْنِ تَحْسِبُ أَنَّهُ,مَوْلَى المَخَافَةِ خَلْفُهَا وَأَمَامُهَا,Before Islam: VIth century,kamil_complete,kamil_complete
Lobayd Ibn Rabiia,Moallaqa,49,حَتَّى إِذَا يِئِسَ الرُّمَاةُ وَأَرْسَلُوا,غُضْفًا دَوَاجِنَ قَافِلًا أَعْصَامُهَا,Before Islam: VIth century,kamil_complete,kamil_complete
Lobayd Ibn Rabiia,Moallaqa,50,فَلَحِقْنَ وَاعْتَكَرَتْ لَهَا مَدْرِيَّةٌ,كَالسَّمْهَرِيَّةِ حَدُّهَا وَتَمَامُهَا,Before Islam: VIth century,kamil_complete,kamil_complete
Lobayd Ibn Rabiia,Moallaqa,51,لِتَذُودَهُنَّ وَأَيْقَنَتْ إِنْ لَمْ تَذُدْ,أَنْ قَدْ أَحَمَّ مَعَ الحُتُوفِ حِمَامُهَا,Before Islam: VIth century,kamil_complete,kamil_complete
Lobayd Ibn Rabiia,Moallaqa,52,فَتَقَصَّدَتْ مِنْهَا كَسَابِ فَضُرِّجَتْ,بِدَمٍ وَغُودِرَ فِي المَكَرِّ سُخَامُهَا,Before Islam: VIth century,kamil_complete,kamil_complete
Lobayd Ibn Rabiia,Moallaqa,53,فَبِتِلْكَ إِذْ رَقَصَ اللَّوَامِعُ بِالضُّحَى,وَاجْتَابَ أَرْدِيَةَ السَّرَابِ إِكَامُهَا,Before Islam: VIth century,kamil_complete,kamil_complete
Lobayd Ibn Rabiia,Moallaqa,54,أَقْضِي اللُّبَانَةَ لَا أُفَرِّطُ رِيبَةً,أَوْ أنْ يَلُومَ بِحَاجَةٍ لَوَّامُهَا,Before Islam: VIth century,kamil_complete,kamil_complete
Lobayd Ibn Rabiia,Moallaqa,55,أَوَلَمْ تَكُنْ تَدْرِي نَوَارِ بِأَنَّنِي,وَصَّالُ عَقْدِ حَبَائِلٍ جَذَّامُهَا,Before Islam: VIth century,kamil_complete,kamil_complete
Lobayd Ibn Rabiia,Moallaqa,56,تَرَّاكُ أَمْكِنَةٍ إِذَا لَمْ أَرْضَهَا,أَوْ يَعْتَلِقْ بَعْضَ النُّفُوسِ حِمَامُهَا,Before Islam: VIth century,kamil_complete,kamil_complete
Lobayd Ibn Rabiia,Moallaqa,57,بَلْ أَنْتِ لَا تَدْرِينَ كَمْ مِنْ لَيْلَةٍ,طَلْقٍ لَذِيذٍ لَهْوُهَا وَنِدَامُهَا,Before Islam: VIth century,kamil_complete,kamil_complete
Lobayd Ibn Rabiia,Moallaqa,58,قَدْ بِتُّ سَامِرَهَا وَغَايَةَ تَاجِرٍ,وَافَيْتُ إِذْ رُفِعَتْ وعَزَّ مُدَامُهَا,Before Islam: VIth century,kamil_complete,kamil_complete
Lobayd Ibn Rabiia,Moallaqa,59, أُغْلِى السِّبَاءَ بِكُلِّ أَدْكَنَ عَاتِقٍ,أَوْ جَوْنَةٍ قُدِحَتْ وَفُضَّ خِتَامُهَا,Before Islam: VIth century,kamil_complete,kamil_complete
Lobayd Ibn Rabiia,Moallaqa,60,بِصَبُوحِ صَافِيَةٍ وَجَذْبِ كَرِينَةٍ,بِمُوَتَّرٍ تَأْتَالُهُ إِبْهَامُهَا,Before Islam: VIth century,kamil_complete,kamil_complete
Lobayd Ibn Rabiia,Moallaqa,61,بَاكَرْتُ حَاجَتَهَا الدَّجَاجَ بِسُحْرَةٍ,لِأَعَلَّ مِنْهَا حِينَ هَبَّ نِيَامُهَا,Before Islam: VIth century,kamil_complete,kamil_complete
Lobayd Ibn Rabiia,Moallaqa,62,وَغدَاةَ رِيحٍ قَدْ وَزَعْتُ وَقِرَّةٍ,قَدْ أَصْبَحَتْ بِيَدِ الشَّمَالِ زِمَامُهَا,Before Islam: VIth century,kamil_complete,kamil_complete
Lobayd Ibn Rabiia,Moallaqa,63,وَلَقَدْ حَمَيْتُ الحَيَّ تَحْمِلُ شِكَّتِي,فُرْطٌ وِشَاحِي إِذْ غَدَوْتُ لِجَامُهَا,Before Islam: VIth century,kamil_complete,kamil_complete
Lobayd Ibn Rabiia,Moallaqa,64,فَعَلَوْتُ مُرْتَقِبًا عَلَى ذِي هَبْوَةٍ,حَرِجٍ إِلَى أَعْلَامِهِنَّ قَتَامُهَا,Before Islam: VIth century,kamil_complete,kamil_complete
Lobayd Ibn Rabiia,Moallaqa,65,حَتَّى إِذَا أَلْقَتْ يَدًا فِي كَافِرٍ,وأَجَنَّ عَوْرَاتِ الثُّغُورِ ظَلَامُهَا,Before Islam: VIth century,kamil_complete,kamil_complete
Lobayd Ibn Rabiia,Moallaqa,66,أَسْهَلْتُ وَانْتَصَبَتْ كَجِذْعِ مُنِيفَةٍ,جَرْدَاءَ يَحْصَرُ دُونَهَا جُرَّامُهَا,Before Islam: VIth century,kamil_complete,kamil_complete
Lobayd Ibn Rabiia,Moallaqa,67,رَفَّعْتُهَا طَرْدَ النَّعَامِ وَشَلَّهُ,حَتَّى إِذَا سَخِنَتْ وَخَفَّ عِظَامُهَا,Before Islam: VIth century,kamil_complete,kamil_complete
Lobayd Ibn Rabiia,Moallaqa,68,قَلِقَتْ رِحَالَتُهَا وَأَسْبَلَ نَحْرُهَا,وَابْتَلَّ مِنْ زَبَدِ الحَمِيْمِ حِزَامُهَا,Before Islam: VIth century,kamil_complete,kamil_complete
Lobayd Ibn Rabiia,Moallaqa,69,تَرْقَى وَتَطْعَنُ فِي العِنَانِ وَتَنْتَحِي,وِرْدَ الحَمَامَةِ إِذْ أَجَدَّ حَمَامُهَا,Before Islam: VIth century,kamil_complete,kamil_complete
Lobayd Ibn Rabiia,Moallaqa,70,وَكَثِيرَةٍ غُرَبَاؤُهَا مَجْهُولَةٍ,تُرْجَى نَوَافِلُهَا وَيُخْشَى ذَامُهَا,Before Islam: VIth century,kamil_complete,kamil_complete
Lobayd Ibn Rabiia,Moallaqa,71,غُلْبٍ تَشَذَّرُ بِالذَّحُولِ كَأَنَّهَا,جِنُّ البَدِيِّ رَوَاسِيًا أَقْدَامُهَا,Before Islam: VIth century,kamil_complete,kamil_complete
Lobayd Ibn Rabiia,Moallaqa,72,أَنْكَرْتُ بَاطِلَهَا وَبُؤْتُ بِحَقِّهَا,عِنْدِي وَلَمْ يَفْخَرْ عَلَّي كِرَامُهَا,Before Islam: VIth century,kamil_complete,kamil_complete
Lobayd Ibn Rabiia,Moallaqa,73,وَجَزُورِ أَيْسَارٍ دَعَوْتُ لِحَتْفِهَا,بِمَغَالِقٍ مُتَشَابِهٍ أَجْسَامُهَا,Before Islam: VIth century,kamil_complete,kamil_complete
Lobayd Ibn Rabiia,Moallaqa,74,أَدْعُو بِهِنَّ لِعَاقِرٍ أَوْ مُطْفِلٍ,بُذِلَتْ لِجِيرَانِ الجَمِيعِ لِحَامُهَا,Before Islam: VIth century,kamil_complete,kamil_complete
Lobayd Ibn Rabiia,Moallaqa,75,فَالضَّيْفُ وَالجَارُ الجَنِيبُ كَأَنَّمَا,هَبَطَا تَبَالَةَ مُخْصِبًا أَهْضَامُهَا,Before Islam: VIth century,kamil_complete,kamil_complete
Lobayd Ibn Rabiia,Moallaqa,76,تَأْوِي إِلَى الأطْنَابِ كُلُّ رَذِيَّةٍ,مِثْلِ البَلِيَّةِ قَالِصٍ أَهْدَامُهَا,Before Islam: VIth century,kamil_complete,kamil_complete
Lobayd Ibn Rabiia,Moallaqa,77,وَيُكَلِّلُونَ إِذَا الرِّيَاحُ تَنَاوَحَتْ,خُلُجًا تُمَدُّ شَوَارِعًا أَيْتَامُهَا,Before Islam: VIth century,kamil_complete,kamil_complete
Lobayd Ibn Rabiia,Moallaqa,78,إِنَّا إِذَا الْتَقَتِ المَجَامِعُ لَمْ يَزَلْ,مِنَّا لِزَازُ عَظِيمَةٍ جَشَّامُهَا,Before Islam: VIth century,kamil_complete,kamil_complete
Lobayd Ibn Rabiia,Moallaqa,79,وَمُقَسِّمٌ يُعْطِي العَشِيرَةَ حَقَّهَا,وَمُغَذْمِرٌ لِحُقُوقِهَا هَضَّامُهَا,Before Islam: VIth century,kamil_complete,kamil_complete
Lobayd Ibn Rabiia,Moallaqa,80,فَضْلًا وَذُو كَرَمٍ يُعِينُ عَلَى النَّدَى,سَمْحٌ كَسُوبُ رَغَائِبٍ غَنَّامُهَا,Before Islam: VIth century,kamil_complete,kamil_complete
Lobayd Ibn Rabiia,Moallaqa,81,مِنْ مَعْشَرٍ سَنَّتْ لَهُمْ آبَاؤُهُمْ,وَلِكُلِّ قَوْمٍ سُنَّةٌ وَإِمَامُهَا,Before Islam: VIth century,kamil_complete,kamil_complete
Lobayd Ibn Rabiia,Moallaqa,82,لَا يَطْبَعُونَ وَلَا يَبُورُ فَعَالُهُمْ,إِذْ لَا يَمِيلُ مَعَ الهَوَى أَحْلَامُهَا,Before Islam: VIth century,kamil_complete,kamil_complete
Lobayd Ibn Rabiia,Moallaqa,83,فَاقْنَعْ بِمَا قَسَمَ المَلِيكُ فَإِنَّمَا,قَسَمَ الخَلَائِقَ بَيْنَنَا عَلَّامُهَا,Before Islam: VIth century,kamil_complete,kamil_complete
Lobayd Ibn Rabiia,Moallaqa,84,وَإِذَا الأَمَانَةُ قُسِّمَتْ فِي مَعْشَرٍ,أَوْفَى بِأَوْفَرِ حَظِّنَا قَسَّامُهَا,Before Islam: VIth century,kamil_complete,kamil_complete
Lobayd Ibn Rabiia,Moallaqa,85,فَبَنَى لَنَا بَيْتًا رَفِيعًا سَمْكُهُ,فَسَمَا إِلَيْهِ كَهْلُهَا وَغُلَامُهَا,Before Islam: VIth century,kamil_complete,kamil_complete
Lobayd Ibn Rabiia,Moallaqa,86,وَهُمُ السُّعَاةُ إِذَا العَشِيرَةُ أُفْظِعَتْ,وَهُمُ فَوَارِسُهَا وَهُمْ حُكَّامُهَا,Before Islam: VIth century,kamil_complete,kamil_complete
Lobayd Ibn Rabiia,Moallaqa,87,وَهُمْ رَبِيعٌ لِلْمُجَاوِرِ فِيهِمُو,وَالمُرْمِلَاتِ إِذَا تَطَاوَلَ عَامُهَا,Before Islam: VIth century,kamil_complete,kamil_complete
Lobayd Ibn Rabiia,Moallaqa,88,وَهُمُ العَشِيرَةُ أَنْ يُبَطِّئَ حَاسِدٌ,أَوْ أَنْ يَمِيلَ مَعَ العَدُوِّ لِئَامُهَا,Before Islam: VIth century,kamil_complete,kamil_complete
Mahmoud Sami Al Baroudi,Mas3aak,1,بَادِرِ الفُرْصَةَ وَاحْذَرْ فَوْتَهَا,فَبُلُوغُ العِزِّ فِي نَيْلِ الفُرَصْ,Modern,ramal_complete,ramal_complete
Mahmoud Sami Al Baroudi,Mas3aak,2,وَاغْتَنِمْ عُمْرَكَ إِبَّانَ الصِّبَا,فَهُوَ إِنْ زَادَ مَعَ الشَّيْبِ نَقَصْ,Modern,ramal_complete,ramal_complete
Mahmoud Sami Al Baroudi,Mas3aak,3,إِنَّمَا الدُّنْيَا خَيَالٌ عَارِضٌ,قَلَّمَا يَبْقَى وَأَخْبَارٌ تُقَصْ,Modern,ramal_complete,ramal_complete
Mahmoud Sami Al Baroudi,Mas3aak,4,تَارَةً تَدْجُو وَطَوْرًا تَنْجَلِي,عَادَةُ الظِلِّ سَجَا ثُمَّ قَلَصْ,Modern,ramal_complete,ramal_complete
Mahmoud Sami Al Baroudi,Mas3aak,5,فَابْتَدِرْ مَسْعَاكَ وَاعْلَمْ أَنَّ مَنْ,بَادَرَ الصَّيْدَ مَعَ الفَجْرِ قَنَصْ,Modern,ramal_complete,ramal_complete
Mahmoud Sami Al Baroudi,Mas3aak,6,لَنْ يَنَالَ المَرْءُ بِالعَجْزِ المُنَى,إِنَّمَا الفَوْزُ لِمَنْ هَمَّ فَنَصْ,Modern,ramal_complete,ramal_complete
Mahmoud Sami Al Baroudi,Mas3aak,7,يَكْدَحُ العَاقِلُ فِي مَأْمَنِهِ,فَإِذَا ضَاقَ بِهِ الأَمْرُ شَخَصْ,Modern,ramal_complete,ramal_complete
Mahmoud Sami Al Baroudi,Mas3aak,8,إِنَّ ذَا الحَاجَةِ مَالَمْ يَغْتَرِبْ,عَنْ حَمَاهُ مِثْلُ طَيْرٍ فِي قَفَصْ,Modern,ramal_complete,ramal_complete
Mahmoud Sami Al Baroudi,Mas3aak,9,وَلْيَكُنْ سَعْيُكَ مَجْدًا كُلُّهُ,إِنَّ مَرْعَى الشَّرِّ مَكْرُوهٌ أَحَصْ,Modern,ramal_complete,ramal_complete
Mahmoud Sami Al Baroudi,Mas3aak,10,وَاتْرُكِ الحِرْصَ تَعِشْ فِي رَاحَةٍ,قَلَّمَا نَالَ مُنَاهُ مَنْ حَرَصْ,Modern,ramal_complete,ramal_complete
Mahmoud Sami Al Baroudi,Mas3aak,11,قَدْ يَضُرُّ الشَّيْءُ تَرْجُو نَفْعَهُ,رُبَّ ظَمْآنَ بِصَفْوِ المَاءِ غَصْ,Modern,ramal_complete,ramal_complete
Mahmoud Sami Al Baroudi,Mas3aak,12,مَيِّزِ الأَشْيَاءَ تَعْرِفْ قَدْرَهَا,لَيْسَتِ الغُرَّةُ مِنْ جِنْسِ البَرَصْ,Modern,ramal_complete,ramal_complete
Mahmoud Sami Al Baroudi,Mas3aak,13,وَاجْتَنِبْ كُلَّ غَبِيٍّ مَائِقٍ,فَهُوَ كَالعَيْرِ إِذَا جَدَّ قَمَصْ,Modern,ramal_complete,ramal_complete
Mahmoud Sami Al Baroudi,Mas3aak,14,إِنَّمَا الجَاهِلُ فِي العَيْنِ قَذًى,حَيْثُمَا كَانَ وَفْبَ الصَّدْرِ غَصَصْ,Modern,ramal_complete,ramal_complete
Mahmoud Sami Al Baroudi,Mas3aak,15,وَاحْذَرِ النَّمَامَ تَأْمَنْ كَيْدَهُ,فَهُوَ كالبُرغُوثِ إِنْ دَبَّ قَرَصْ,Modern,ramal_complete,ramal_complete
Mahmoud Sami Al Baroudi,Mas3aak,16,يَرْقُبُ الشَّرَّ فَإِنْ لَاحَتْ لَهُ,فُرْصَةٌ تَصْلُحُ لِلْخَتْلِ فَرَصْ,Modern,ramal_complete,ramal_complete
Mahmoud Sami Al Baroudi,Mas3aak,17,سَاكِنُ الأَطْرَافِ إِلَّا أَنَّهُ,إِنْ رَأَى مَنْشَبَ أُظْفُورٍ رَقَصْ,Modern,ramal_complete,ramal_complete
Mahmoud Sami Al Baroudi,Mas3aak,18,وَاخْتَبِرْ مَنْ شِئْتَ تَعْرِفْهُ فَمَا,يَعْرِفُ الأَخْلَاقَ إِلَّا مَنْ فَحَصْ,Modern,ramal_complete,ramal_complete
Mahmoud Sami Al Baroudi,Mas3aak,19,هَذِهِ حِكْمَةُ كَهْلٍ خَابِرٍ,فَاقْتَنِصْهَا فَهْيَ نِعْمَ المُقْتَنَصْ,Modern,ramal_complete,ramal_complete
Mahmoud Sami Al Baroudi,Waylaho Min Nari Alhawa,1,وَيْلَاهُ مِنْ نَارِ الهَوَى,وَآهِ مِنْ طُولِ الجَوَى,Modern,rajaz_partial,rajaz_partial
Mahmoud Sami Al Baroudi,Waylaho Min Nari Alhawa,2,أَرْسَلْتُ طَرْفِي رَائِدًا,فَمَا عَلَا حَتَّى هَوَى,Modern,rajaz_partial,rajaz_partial
Mahmoud Sami Al Baroudi,Waylaho Min Nari Alhawa,3,وَسَارَ قَلْبِي خَلْفَهُ,فَلَمْ يَعُدْ حَتَّى اكْتَوَى,Modern,rajaz_partial,rajaz_partial
Mahmoud Sami Al Baroudi,Waylaho Min Nari Alhawa,4,قَدْ طَالَمَا زَجَرْتُهُ,يَا لَيْتَهُو كَانَ ارْعَوَى,Modern,rajaz_partial,rajaz_partial
Mahmoud Sami Al Baroudi,Waylaho Min Nari Alhawa,5,لِكُلِّ شَيْءٍ آفَةٌ,وَآفَةُ القَلْبِ الهَوَى,Modern,rajaz_partial,rajaz_partial
Mahmoud Sami Al Baroudi,Waylaho Min Nari Alhawa,6,أَمَا كَفَى هَذَا الجَفَا,حَتَّى أَعَانَتْهُ النَّوَى,Modern,rajaz_partial,rajaz_partial
Mahmoud Sami Al Baroudi,Waylaho Min Nari Alhawa,7,أَيْنَ اللِّوَى وَعَهْدُهُ,أَيْهَاتَ عَهْدٌ بِاللِّوَى,Modern,rajaz_partial,rajaz_partial
Mahmoud Sami Al Baroudi,Waylaho Min Nari Alhawa,8,وَظَبْيِ أُنْسٍ سُمْتُهُ,إِنْجَازَ وَعْدِي فَلَوَى,Modern,rajaz_partial,rajaz_partial
Mahmoud Sami Al Baroudi,Waylaho Min Nari Alhawa,9,طَلَبْتُ مِنْهُ قُبْلَةً,فَازْوَرَّ عَنِّي وَالتَوَى,Modern,rajaz_partial,rajaz_partial
Mahmoud Sami Al Baroudi,Waylaho Min Nari Alhawa,10,وَسُمْتُهُو وَعْدَ المُنَى,فَانْحَازَ عَنِّي وَانْزَوَى,Modern,rajaz_partial,rajaz_partial
Mahmoud Sami Al Baroudi,Waylaho Min Nari Alhawa,11,يَا سَائِلِي عَنْ حَالَتِي,دَعْنِي فَصَبْرِي قَدْ ذَوَى,Modern,rajaz_partial,rajaz_partial
Mahmoud Sami Al Baroudi,Waylaho Min Nari Alhawa,12,وَكَانَ قَلْبِي رَاشِدًا,لَكِنَّهُ اليَوْمَ غَوَى,Modern,rajaz_partial,rajaz_partial
Mahmoud Sami Al Baroudi,Waylaho Min Nari Alhawa,13,أُوقِعَ فِي أَشْرَاكِهِ,لِكُلِّ حَيٍّ مَا نَوَى,Modern,rajaz_partial,rajaz_partial
Mahmoud Sami Al Baroudi,Waylaho Min Nari Alhawa,14,فَكَيْفَ أَمْضِي فِي الهَوَى,وَالجِسْمُ مَحْلُولُ الْقُوَى,Modern,rajaz_partial,rajaz_partial
Mahmoud Sami Al Baroudi,Waylaho Min Nari Alhawa,15,وَأَيْنَ أَبْغِي نَاصِرًا,هَيْهَاتَ وَالخَيْرُ انْطَوَى,Modern,rajaz_partial,rajaz_partial
Mahmoud Sami Al Baroudi,Waylaho Min Nari Alhawa,16,أَصْبَحْتُ فِي تَيْهُورَةٍ,يَسْأَمُ فِيهَا مَنْ ثَوَى,Modern,rajaz_partial,rajaz_partial
Mahmoud Sami Al Baroudi,Waylaho Min Nari Alhawa,17,لَا صَاحِبٌ وَافَى وَلَا,خِلٌّ إِلَى حَالِي أَوَى,Modern,rajaz_partial,rajaz_partial
Mahmoud Sami Al Baroudi,Waylaho Min Nari Alhawa,18,فَيَا إِلَاهِي رَاعِنِي,وَادْفَعْ عَنِ النَّفْسِ التَّوَى,Modern,rajaz_partial,rajaz_partial
Mahmoud Sami Al Baroudi,Waylaho Min Nari Alhawa,19,وَلَا تَكِلْنِي لِلَّتِي,لَوْ صَادَفَتْ نَجْمًا خَوَى,Modern,rajaz_partial,rajaz_partial
Mikhail Noayma,Sakfo bayti hadid,1,سَقْفُ بَيْتِي حَدِيدْ,رُكْنُ بَيْتِي حَجَرْ,Modern,motadaarak_machtour,motadaarak_machtour
Mikhail Noayma,Sakfo bayti hadid,2,فَاعْصِفِي يَا رِيَاحْ,وَانْتَحِبْ يَا شَجَرْ,Modern,motadaarak_machtour,motadaarak_machtour
Mikhail Noayma,Sakfo bayti hadid,3,وَاسْبَحِي يَا غُيُومْ,وَاهْطِلِي بِالمَطَرْ,Modern,motadaarak_machtour,motadaarak_machtour
Mikhail Noayma,Sakfo bayti hadid,4,وَاقْصِفِي يَا رُعُودْ,لَسْتُ أَخْشَى الخَطَرْ,Modern,motadaarak_machtour,motadaarak_machtour
Mikhail Noayma,Sakfo bayti hadid,5,سَقْفُ بَيْتِي حَدِيدْ,رُكْنُ بَيْتِي حَجَرْ,Modern,motadaarak_machtour,motadaarak_machtour
Mikhail Noayma,Sakfo bayti hadid,6,مِنْ سِرَاجِي الضَّئِيلْ,أَسْتَمِدُّ البَصَرْ,Modern,motadaarak_machtour,motadaarak_machtour
Mikhail Noayma,Sakfo bayti hadid,7,كُلَّمَا اللَّيْلُ طَالْ,وَالظَّلَامُ انْتَشَرْ,Modern,motadaarak_machtour,motadaarak_machtour
Mikhail Noayma,Sakfo bayti hadid,8,وَإِذَا الفَجْرُ مَاتْ,وَالنَّهَارُ انْتَحَرْ,Modern,motadaarak_machtour,motadaarak_machtour
Mikhail Noayma,Sakfo bayti hadid,9,فَاخْتَفِي يَا نُجُومْ,وَانْطَفِي يَا قَمَرْ,Modern,motadaarak_machtour,motadaarak_machtour
Mikhail Noayma,Sakfo bayti hadid,10,مِنْ سِرَاجِي الضَّئِيلْ,أَسْتَمِدُّ البَصَرْ,Modern,motadaarak_machtour,motadaarak_machtour
Mikhail Noayma,Sakfo bayti hadid,11,بَابُ قَلْبِي حَصِينْ,مِنْ صُنُوفِ الكَدَرْ,Modern,motadaarak_machtour,motadaarak_machtour
Mikhail Noayma,Sakfo bayti hadid,12,فَاهْجُمِي يَا هُمُومْ,فِي المَسَا وَالسَّحَرْ,Modern,motadaarak_machtour,motadaarak_machtour
Mikhail Noayma,Sakfo bayti hadid,13,وَازْحَفِي يَا نُحُوسْ,بِالشَّقَا وَالضَّجَرْ,Modern,motadaarak_machtour,motadaarak_machtour
Mikhail Noayma,Sakfo bayti hadid,14,وَانْزِلِي بِالأُلُوفْ,يَا خُطُوبَ البَشَرْ,Modern,motadaarak_machtour,motadaarak_machtour
Mikhail Noayma,Sakfo bayti hadid,15,بَابُ قَلْبِي حَصِينْ,مِنْ صُنُوفِ الكَدَرْ,Modern,motadaarak_machtour,motadaarak_machtour
Mikhail Noayma,Sakfo bayti hadid,16,وَحَلِيفِي القَضَاءْ,وَرَفِيقِي القَدَرْ,Modern,motadaarak_machtour,motadaarak_machtour
Mikhail Noayma,Sakfo bayti hadid,17,فَاقْدِحِي يَا شُرُورْ,حَوْلَ قَلْبِي الشَّرَرْ,Modern,motadaarak_machtour,motadaarak_machtour
Mikhail Noayma,Sakfo bayti hadid,18,وَاحْفِرِي يَا مُنُونْ,حَوْلَ بَيْتِي الحَفَرْ,Modern,motadaarak_machtour,motadaarak_machtour
Mikhail Noayma,Sakfo bayti hadid,19,لَسْتُ أَخْشَى العَذَابْ,لَسْتُ أَخْشَى الضَّرَرْ,Modern,motadaarak_machtour,motadaarak_machtour
Mikhail Noayma,Sakfo bayti hadid,20,وَحَلِيفِي القَضَاءْ,وَرَفِيقِي القَدَرْ,Modern,motadaarak_machtour,motadaarak_machtour
Moein Bassissou,Al Milad,1,هَذِهِ الرِّيحُ وَهَذَا الجَبَلُ,وَأَنَا وَالمُنْتَهَى وَالأَجَلُ,Modern,ramal_complete,ramal_complete
Moein Bassissou,Al Milad,2,وَالجَنَاحَانِ وَلَيْلِي قَفَصٌ,وَالسِّيَاجُ الأَبْيَضُ المُكْتَحِلُ,Modern,ramal_complete,ramal_complete
Moein Bassissou,Al Milad,3,أَيَّ أَنْغَامِي الذِي يَسْمَعُنِي,قِمَمٌ تَعْزُفُ فِيهَا السُّبُلُ,Modern,ramal_complete,ramal_complete
Moein Bassissou,Al Milad,4,وَالَّذِي تُبْصِرُ عَيْنِي غَصَنَا,وَالَّذِي يُبْصِرُ عَيْنِي طَلَلُ,Modern,ramal_complete,ramal_complete
Moein Bassissou,Al Milad,5,هَذِهِ الرِّيحُ وَهَذَا الجَبَلُ,وَأَنَا وَالمُنْتَهَى وَالأَجَلُ,Modern,ramal_complete,ramal_complete
Moein Bassissou,Al Milad,6,حَطَبٌ يُبْحِرُ فِي النَّهْرِ وَفِي,صَدْرِهِ النَّارُ الَّتِي تَشْتَعِلُ,Modern,ramal_complete,ramal_complete
Moein Bassissou,Al Milad,7,نَسِيَ الرَّفْشُ عَلَيْهِ أَثَرَا,ذَكَرَ الحَطَّابُ فِيهِ البِلَلُ,Modern,ramal_complete,ramal_complete
Moein Bassissou,Al Milad,8,فَعَلَى أَيِّ تُرَابٍ تَنْحَنِي,هَذِهِ الشَّمْسُ الَّتِي تَبْتَهِلُ,Modern,ramal_complete,ramal_complete
Moein Bassissou,Al Milad,9,وَعَلَى كُلِّ تُرَابٍ صَنَمٌ,وَعَلَى كُلِّ سَمَاءٍ بَطَلُ,Modern,ramal_complete,ramal_complete
Moein Bassissou,Al Milad,10,هَذِهِ الرِّيحُ وَهَذَا الجَبَلُ,وَأَنَا وَالمُنْتَهَى وَالأَجَلُ,Modern,ramal_complete,ramal_complete
Moein Bassissou,Al Milad,11,وَالطَّرِيقَانِ وَحُبِّي أَثَرٌ,أَتَخَطَّاهُ وَسَيْرِي مَلَلُ,Modern,ramal_complete,ramal_complete
Moein Bassissou,Al Milad,12,وَالتِي قَدْ رَحَلَتْ فِي أَثَرِي,لَمْ تَعُدْ مِنْهُ وَعَادَ الأَمَلُ,Modern,ramal_complete,ramal_complete
Moein Bassissou,Al Milad,13,أَشُمُوعِي وَالِجِى يَذْرِفُهَا,فَصَبَاحِي أَنْجُمٌ تَنْهَمِلُ,Modern,ramal_complete,ramal_complete
Moein Bassissou,Al Milad,14,وَالنَّدَى الإِنْسَانُ فِي سُنْبُلَةٍ,حُلْمُهُ فِي سَاقِهَا يَقْتَتِلُ,Modern,ramal_complete,ramal_complete
Moein Bassissou,Al Milad,15,هَذِهِ الرِّيحُ وَهَذَا الجَبَلُ,وَأَنَا وَالمُنْتَهَى وَالأَجَلُ,Modern,ramal_complete,ramal_complete
Moein Bassissou,Al Milad,16,وَظَلَالِي أَدْمُعٌ يَسْكُبُهُ,وَقُيُودٌ قَدْ رَمَاهَا الجَبَلُ,Modern,ramal_complete,ramal_complete
Moein Bassissou,Al Milad,17,يَوْمُ مِيلَادِي الذِي قَدْ نَزَلَتْ,فِيهِ أَيَّامِي وَأَهْلِي نَزَلُوا,Modern,ramal_complete,ramal_complete
Moein Bassissou,Al Milad,18,نَصَّبُوا لِي شَمْعَةٌ تَحْرُسُنِي,وَمَشَوْا فِي ضَوْئِهَا وَارْتَحَلُوا,Modern,ramal_complete,ramal_complete
Moein Bassissou,Al Milad,19,فَإِذَا دَقَّ بِصَدْرِي نَفَسٌ,قَرَعُوا أَجْرَاسَهُمْ وَاعْتَزَلُوا,Modern,ramal_complete,ramal_complete
Moein Bassissou,Al Milad,20,هَذِهِ الرِّيحُ وَهَذَا الجَبَلُ,وَأَنَا وَالمُنْتَهَى وَالأَجَلُ,Modern,ramal_complete,ramal_complete
Moein Bassissou,Al Milad,21,هَا هِيَ النَّارُ مَشَتْ صَخَّرَهَا,فِي التَّمَاثِيلِ دُمًا يَشْتَعِلُ,Modern,ramal_complete,ramal_complete
Moein Bassissou,Al Milad,22,دَثِّرِي جَرْحِي فَلَا تُطْفِؤُهُ,كُلُّ رِيحٍ جَرْحُهَا مُنْدَمِلُ,Modern,ramal_complete,ramal_complete
Mohammed Asmouni,Janniniini wa stariihi,1,جَنِّنِينِي وَاسْتَرِيحِي,إِنَّمَا بِالسِّرِّ بُوحِي,Modern,ramal_partial,ramal_partial
Mohammed Asmouni,Janniniini wa stariihi,2,حُبُّنَا وَهْمٌ غَيُومٌ,لَمْ يَمِلْ نَحْوَ الوُضُوحِ,Modern,ramal_partial,ramal_partial
Mohammed Asmouni,Janniniini wa stariihi,3,عَاتِبِي أَحْوَالَ وَجْدٍ,شَاحِبٍ وَاهٍ كَسِيحِ,Modern,ramal_partial,ramal_partial
Mohammed Asmouni,Janniniini wa stariihi,4,هَذِهِ أَشْبَاحُ سُقْمٍ,دَاهِمٍ إِبْكِي وَنُوحِي,Modern,ramal_partial,ramal_partial
Mohammed Asmouni,Janniniini wa stariihi,5,خَيِّرِينِي بَيْنَ مَوْتٍ,أَوْ حَيَاةٍ ثُمَّ سِيحِي,Modern,ramal_partial,ramal_partial
Mohammed Asmouni,Janniniini wa stariihi,6,وَاذْكُرِينِي كُلَّ يَوْمٍ,وَاسْمَعِي نَبْضَ الجَرِيحِ,Modern,ramal_partial,ramal_partial
Mohammed Asmouni,Janniniini wa stariihi,7,يَاعُيُونِي يَا خَيَالِي,إِحْذَرِي كَبْتَ الطُّمُوحِ,Modern,ramal_partial,ramal_partial
Mohammed Asmouni,Janniniini wa stariihi,8,أَنْتِ فِي عَيْنِي مَلَاكٌ,أَنْتِ رُوحِي لَا تَرُوحِي,Modern,ramal_partial,ramal_partial
Mohammed Asmouni,Janniniini wa stariihi,9,يَا مَلَاكَ الحُبِّ دَاوِي,دَاءَ مَخْبُولٍ صَفُوحِ,Modern,ramal_partial,ramal_partial
Mohammed Asmouni,Janniniini wa stariihi,10,فَارْحَمِي ضَعْفِي وَظَرْفِي,وَاسْأَلِي دَمْعِي السَّمُوحِ,Modern,ramal_partial,ramal_partial
Mohammed Asmouni,Janniniini wa stariihi,11,خَاصِمِينِي قَاطِعِينِي,حَسْبُ شَنْقِي لَا تُبِيحِي,Modern,ramal_partial,ramal_partial
Mohammed Asmouni,Janniniini wa stariihi,12,أَنْتِ فُلٌّ أَنْتِ وَرْدٌ,زَهْرَتِي بِالعَفْوِ فُوحِي,Modern,ramal_partial,ramal_partial
Mohammed Asmouni,Janniniini wa stariihi,13,هَا أَنَا عَبْدٌ صَبُورٌ,وَاقِفٌ أَحْصِي جُرُوحِي,Modern,ramal_partial,ramal_partial
Mohammed Asmouni,Janniniini wa stariihi,14,أَيُّ قُرْبٍ أَيُّ وَصْلٍ,فَهْوَ بِالأَمْرِ المَرِيحِ,Modern,ramal_partial,ramal_partial
Mohammed Asmouni,Janniniini wa stariihi,15,مَرْكَبِي حِصْنٌ تَعَالِيْ,فَاقْبَلِي غَدْرَ الجُنُوحِ,Modern,ramal_partial,ramal_partial
Mohammed Asmouni,Janniniini wa stariihi,16,إِنْ تَرَيْ فَتْحًا قَرِيبًا,رَيْ بِرَأْسِي لَا تُطِيحِي,Modern,ramal_partial,ramal_partial
Mohammed Asmouni,Janniniini wa stariihi,17,وَاعْمَلِي بِالرَّأْيِ حِينًا,وَاتْرُكِي حُكْمَ الجُمُوحِ,Modern,ramal_partial,ramal_partial
Mostafa Sadek Al Rafii,Kaasouki Yaa Chamso Al Doha,1,قَاسُوكِ يَا شَمْسَ الضُّحَى,بِالبَدْرِ ظُلْمًا وَالهِلَالِ,Modern,kamil_partial,kamil_partial
Mostafa Sadek Al Rafii,Kaasouki Yaa Chamso Al Doha,2,وَرَأَوْا عُيُونَكِ فَاسْتَهَا,مُوا بِالغَزَالَةِ وَالغَزَالِ,Modern,kamil_partial,kamil_partial
Mostafa Sadek Al Rafii,Kaasouki Yaa Chamso Al Doha,3,يَأْبَى جَمَالَكِ أَنْ يُقَا,سَ وَأَنْتِ مِقْيَاسُ الجَمَالِ,Modern,kamil_partial,kamil_partial
Mostafa Sadek Al Rafii,Kaasouki Yaa Chamso Al Doha,4,عَذَرْتُ فُؤَادًا رَآكِ فَطَارَا,كَذَا الطَّيْرُ إِمَّا لَمَحْنَ النَّهَارَا,Modern,kamil_partial,motaqaarib_complete
Mostafa Sadek Al Rafii,Kaasouki Yaa Chamso Al Doha,5,وَدَمًّا عَلَى نَفْخِ ذِكْرَاكِ يَهْمِي,كَمَا هَاجَتِ النَّسَمَاتُ الشِّرَارَا,Modern,kamil_partial,motaqaarib_complete
Mostafa Sadek Al Rafii,Kaasouki Yaa Chamso Al Doha,6,نَثَرْتِ عَلَى اللَّيْلِ مِنْهُ شُعَاعًا,كَمَا تَنْثُرُ الشَّمْسُ مِنْهَا النُّضَارَا,Modern,kamil_partial,motaqaarib_complete
Mostafa Sadek Al Rafii,Kaasouki Yaa Chamso Al Doha,7,تَدَاعَتْ ضُلُوعِي وَعِنْدَ الحَرِيقِ,يَهْدِمُ أَهْلُ الدِّيَارِ الدِّيَارَا,Modern,kamil_partial,motaqaarib_complete
Mostafa Sadek Al Rafii,Kaasouki Yaa Chamso Al Doha,8,وَلَمَّا أَحَسَّتْ بِذَاكَ الدُّمُوعُ,أَبَيْنَ مِنَ الرُّعْبِ إِلَّا فِرَارَا,Modern,kamil_partial,motaqaarib_complete
Mostafa Sadek Al Rafii,Kaasouki Yaa Chamso Al Doha,9,وَأَبْصَرَهَا العَقْلُ مُسْتَنْفِرَاتٌ,فَمَدَّ جَنَاحَيْهِ خَوْفًا وَطَارَا,Modern,kamil_partial,motaqaarib_complete
Mostafa Sadek Al Rafii,Kaasouki Yaa Chamso Al Doha,10,وَلَا عَجَبٌ أَنْ تَرَانِي عَلَى,تَقَلُّبِ هِنْدٍ عَدِمْتُ القَرَارَا,Modern,kamil_partial,motaqaarib_complete
Mostafa Sadek Al Rafii,Kaasouki Yaa Chamso Al Doha,11,فَلَوْ أَنَّ لِلْأَرْضِ قَلْبًا يُحِبُّ,لَمَا أَبْصَرَ النَّاسُ فِيهَا جِدَارَا,Modern,kamil_partial,motaqaarib_complete
Mostafa Sadek Al Rafii,Kaasouki Yaa Chamso Al Doha,12,وَهِنْدٌ عَلَى مَا بَنَا لَا تُبَالِي,وَحُبُّكِ يَا هِنْدُ لَيْسَ اخْتِيَارَا,Modern,kamil_partial,motaqaarib_complete
Mostafa Sadek Al Rafii,Kaasouki Yaa Chamso Al Doha,13,إِذَا مَا هَجَرْتِ عَذَرْنَا الدَّلَالَ,فَلَيْسَ دَلَالُكِ إِلَّا اعْتِذَارَا,Modern,kamil_partial,motaqaarib_complete
Mostafa Sadek Al Rafii,Kaasouki Yaa Chamso Al Doha,14,وَفِي الحُبِّ شَيْءٌ يُسَمُّونَهُ,نِفَارًا وَمَا تَتْرُكِينَ النِّفَارَا,Modern,kamil_partial,motaqaarib_complete
Mostafa Sadek Al Rafii,Kaasouki Yaa Chamso Al Doha,15,كَأَنَّ الجَمَالَ بِأَعْمَارِنَا,يَطُولُ لِيُصْبِحْنَ مِنْهُ قُصَارَا,Modern,kamil_partial,motaqaarib_complete
Mostafa Sadek Al Rafii,Kaasouki Yaa Chamso Al Doha,16,وَمَا يَرْبَحُ الحُسْنُ إِنْ لَمْ يَكُنْ,مُحِبُّوهُ يَرْضَوْنَ مِنْهُ الخَسَارَا,Modern,kamil_partial,motaqaarib_complete
Mostafa Sadek Al Rafii,Kaasouki Yaa Chamso Al Doha,17,لِمَاذَا تُجَافِينَ يَا هِنْدُ عَنِّي,هِبِينِيَ ظِلًّا وَرَاءَكِ سَارَا,Modern,kamil_partial,motaqaarib_complete
Mostafa Sadek Al Rafii,Kaasouki Yaa Chamso Al Doha,18,هِبِينِي نَسِيمًا تُلَطِّفُ يَوْمًا,فَحَرَّكَ مِنْ جَانِبَيْكِ الإِزَارَا,Modern,kamil_partial,motaqaarib_complete
Mostafa Sadek Al Rafii,Kaasouki Yaa Chamso Al Doha,19,هِبِينيَ أَشِعَّةَ شَمْسِ الأَصِيلِ,نُورٌ يُغَادِرُ خَدَّيْكِ نَارَا,Modern,kamil_partial,motaqaarib_complete
Mostafa Sadek Al Rafii,Kaasouki Yaa Chamso Al Doha,20,هِبِينِيَ مِنْ قَطَرَاتِ النَّدَى,إِذَا مَا انْتَشَرْنَ عَلَيْكِ انْتِثَارَا,Modern,kamil_partial,motaqaarib_complete
Mostafa Sadek Al Rafii,Kaasouki Yaa Chamso Al Doha,21,هِبِينِي أَخًا وَهِبِينِيَ طِفْلَا,هِبِينِي فَتًى وَهِبِينِيَ جَارَا,Modern,kamil_partial,motaqaarib_complete
Mostafa Sadek Al Rafii,Kaasouki Yaa Chamso Al Doha,22,هِبِينِيَ مِنْ بَعْدِ هَاذَا وَذَاكَ,غُبَارًا عَلَى قَدَمَيْكِ اسْتِثَارَا,Modern,kamil_partial,motaqaarib_complete
Mostafa Sadek Al Rafii,Kaasouki Yaa Chamso Al Doha,23,وَأُقْسِمُ أَنِّي لَأُطْهِرُ نَفْسًا,وَأُصْفَى غَرَامًا وَأُسْمَى وَقَارَا,Modern,kamil_partial,motaqaarib_complete
Mostafa Sadek Al Rafii,Kaasouki Yaa Chamso Al Doha,24,تَقِي اللَّهَ إِنِّي رَأَيْتُ الجُفُونَ,تَعْلَمُ نَفْسِي لَدَيْكِ انْكِسَارَا,Modern,kamil_partial,motaqaarib_complete
Mostafa Sadek Al Rafii,Kaasouki Yaa Chamso Al Doha,25,وَعَوَّدْتِنِي أَنْ أَخَافَ الأَنَامَ,وَمَا كُنْتُ أَحْذَرُ إِلَّا الحَذَارَا,Modern,kamil_partial,motaqaarib_complete
Mostafa Sadek Al Rafii,Kaasouki Yaa Chamso Al Doha,26,وَحَمَّلْتَنِي مِنْ خُطُوبِ الزَّمَانِ,بِمَا لَمْ يَدُرْ فَلَكٌ حَيْثُ دَارَا,Modern,kamil_partial,motaqaarib_complete
Mostafa Sadek Al Rafii,Kaasouki Yaa Chamso Al Doha,27,أَصِيخِي إِلَى الحُلْيِ إِنِّي أَرَى السِّوَا,رَ يُنَاجِي بِأَمْرِي السِّوَارَا,Modern,kamil_partial,motaqaarib_complete
Mostafa Sadek Al Rafii,Kaasouki Yaa Chamso Al Doha,28,مَتَى مَا سَمِعْتِ رَنِينَ الحُلِيِّ,فَإِنَّ لَهُنَّ بِشَأْنِي سِرَارَا,Modern,kamil_partial,motaqaarib_complete
Mostafa Sadek Al Rafii,Kaasouki Yaa Chamso Al Doha,29,وَلَا تَفْزَعِي مِنْ حَفِيفِ الثِّيَابِ,يُنَادِيَنِي إِذْ مَلَلْنَ انْتِظَارَا,Modern,kamil_partial,motaqaarib_complete
Mostafa Sadek Al Rafii,Kaasouki Yaa Chamso Al Doha,30,عَلَى أَنَّ قَلْبِي لَهَا حَاسِدٌ,فَيَا لَيْتَهُ كَانَ فِيهَا زِرَارَا,Modern,kamil_partial,motaqaarib_complete
Mostafa Sadek Al Rafii,Kaasouki Yaa Chamso Al Doha,31,وَيَا لَيْتَنِي وَأَنَا كَالخُيُوطِ,نُسِجْتُ لِهَذَا القَوَامِ إِزَارَا,Modern,kamil_partial,motaqaarib_complete
Mostafa Sadek Al Rafii,Kaasouki Yaa Chamso Al Doha,32,مَتَى قُلْتُ يَا لَيْتَنِي مَرَّةً,لِأَمْرٍ تَوَجَّعْتُ مِنْهَا مَرَارَا,Modern,kamil_partial,motaqaarib_complete
Mostafa Sadek Al Rafii,Kaasouki Yaa Chamso Al Doha,33,عَلِمْتُ مِنَ الثَّدْيِ مَا تُضْمِرِينَ,فَقَدْ وَقَفَ الثَّدْيُ حَتَّى أَشَارَا,Modern,kamil_partial,motaqaarib_complete
Mostafa Sadek Al Rafii,Kaasouki Yaa Chamso Al Doha,34,فَحَسْبِي البِعَادُ وَحَسْبُ النُّجُومِ,إِذَا مَا بَدَا صَحْبَهَا أَنْ تُوَارَى,Modern,kamil_partial,motaqaarib_complete
Obayd Ibn Al Abrass,Moallaqa,1,أَقْفَرَ مِنْ أَهْلِهِ مَلْحُوبُ,فَالقُطَبِيَّاتُ فَالذُّنُوبُ,Before Islam: VIth century,bassit_mokhlaa,bassit_mokhlaa
Obayd Ibn Al Abrass,Moallaqa,2,فَرَاكِسٌ فَثُعَيْلِبَاتٌ,فَذَاتَ فَرْقَيْنِ فَالقَلِيبُ,Before Islam: VIth century,bassit_mokhlaa,bassit_mokhlaa
Obayd Ibn Al Abrass,Moallaqa,3,فَعَرْدَةٌ فَقَفَا حِبِرٍّ,لَيْسَ بِهَا مِنْهُمُ عَرِيبُ,Before Islam: VIth century,bassit_mokhlaa,bassit_mokhlaa
Obayd Ibn Al Abrass,Moallaqa,4,إِنْ بُدِّلَتْ أَهْلِهَا وُحُوشًا,وَغَيَّرَتْ حَالَهَا الخُطُوبُ,Before Islam: VIth century,bassit_mokhlaa,bassit_mokhlaa
Obayd Ibn Al Abrass,Moallaqa,5,أَرْضٌ تَوَارَثَهَا الجُدُوبُ,فَكُلُّ مَنْ حَلَّهَا مَحْرُوبُ,Before Islam: VIth century,bassit_mokhlaa,bassit_mokhlaa
Obayd Ibn Al Abrass,Moallaqa,6,إِمَّا قَتِيلًا وَإِمَّا هَلْكَا,وَالشَّيْبُ شَيْنٌ لِمَنْ يَشِيبُ,Before Islam: VIth century,bassit_mokhlaa,bassit_mokhlaa
Obayd Ibn Al Abrass,Moallaqa,7,عَيْنَاكَ دَمْعُهُمَا سَرُوبٌ,كَأَنَّ شَأْنَيْهِمَا شَعِيبُ,Before Islam: VIth century,bassit_mokhlaa,bassit_mokhlaa
Obayd Ibn Al Abrass,Moallaqa,8,وَاهِيَةٌ أَوْ مَعِينُ مُمْعِنْ,مِنْ هَضْبَةٍ دُونَهَا لَهُوبُ,Before Islam: VIth century,bassit_mokhlaa,bassit_mokhlaa
Obayd Ibn Al Abrass,Moallaqa,9,أَوْ فَلْجُ وَادٍ بِبَطْنِ وَادٍ,لِلْمَاءِ مِنْ تَحْتِهَا سَكُوبُ,Before Islam: VIth century,bassit_mokhlaa,bassit_mokhlaa
Obayd Ibn Al Abrass,Moallaqa,10,أَوْ جَدْوَلٌ فِي ظِلَالِ نَخْلٍ,لِلْمَاءِ مِنْ تَحْتِهَا قَسِيبُ,Before Islam: VIth century,bassit_mokhlaa,bassit_mokhlaa
Obayd Ibn Al Abrass,Moallaqa,11,تَصْبُو وَأَنَّى لَكَ التَّصَابِي,أَنِّي وَقَدْ رَاعَكَ المَشِيبُ,Before Islam: VIth century,bassit_mokhlaa,bassit_mokhlaa
Obayd Ibn Al Abrass,Moallaqa,12,فَإِنْ يَكُنْ حَالَ أَجْمَعِهَا,فَلَا بَدِيُّءْ وَلَا عَجِيبُ,Before Islam: VIth century,bassit_mokhlaa,bassit_mokhlaa
Obayd Ibn Al Abrass,Moallaqa,13,أَوْ يَكُ أَقْفَرَ مِنْهَا جَوُّهَا,وَعَادَهَا المَحْلُ وَالجُدُوبُ,Before Islam: VIth century,bassit_mokhlaa,bassit_partial
Obayd Ibn Al Abrass,Moallaqa,14,وَكُلُّ ذِي نِعْمَةٍ مَخْلُوسٌ,وَكُلُّ ذِي أَمَلٍ مَكْذُوبُ,Before Islam: VIth century,bassit_mokhlaa,bassit_mokhlaa
Obayd Ibn Al Abrass,Moallaqa,15,وَكُلُّ ذِي إِبِلٍ مَوْرُوثٌ,وَكُلُّ ذِي سَلَبٍ مَسْلُوبُ,Before Islam: VIth century,bassit_mokhlaa,bassit_mokhlaa
Obayd Ibn Al Abrass,Moallaqa,16,وَكُلُّ ذِي غَيْبَةٍ يَؤُوبُ,وَغَائِبُ المَوْتِ لَا يَؤُوبُ,Before Islam: VIth century,bassit_mokhlaa,bassit_mokhlaa
Obayd Ibn Al Abrass,Moallaqa,17,أَعَاقِرٌ مِثْلُ ذَاتِ رَحْمٍ,أَمْ غَانِمٌ مِثْلُ مَنْ يَخِيبُ,Before Islam: VIth century,bassit_mokhlaa,bassit_mokhlaa
Obayd Ibn Al Abrass,Moallaqa,18,مَنْ يَسْأَلِ النَّاسَ يَحْرِمُوهُ,وَسَائِلُ اللَّهِ لَا يَخِيبُ,Before Islam: VIth century,bassit_mokhlaa,bassit_mokhlaa
Obayd Ibn Al Abrass,Moallaqa,19,أَفْلِحْ بِمَا شِئْتَ قَدْ يَبْلُغُ بِالضْ,ضَعْفِ وَقَدْ يُخْدَعُ الأَرِيبُ,Before Islam: VIth century,bassit_mokhlaa,bassit_partial
Obayd Ibn Al Abrass,Moallaqa,20,لَا يَعِظُ النَّاسُ مَنْ لَا يَعِظُ الدْ,دَهْرُ وَلَا يَنْفَعُ التَّلْبِيبُ,Before Islam: VIth century,bassit_mokhlaa,bassit_partial
Obayd Ibn Al Abrass,Moallaqa,21,إِلَّا سَجِيَّاتُ مَا القُلُوبُ,وَكَمْ يَصِيرَنْ شَانِئًا حَبِيبُ,Before Islam: VIth century,bassit_mokhlaa,bassit_partial
Obayd Ibn Al Abrass,Moallaqa,22,سَاعِدْ بِأَرْضٍ إِنْ كُنْتَ فِيهَا,وَلَا تَقُلْ إِنَّنِي غَرِيبُ,Before Islam: VIth century,bassit_mokhlaa,bassit_mokhlaa
Obayd Ibn Al Abrass,Moallaqa,23,قَدْ يُوصَلُ النَّازِحُ النَّائِي وَقَدْ,يُقْطَعُ ذُو السُّهْمَةِ القَرِيبُ,Before Islam: VIth century,bassit_mokhlaa,bassit_partial
Obayd Ibn Al Abrass,Moallaqa,24,وَالمَرْءُ مَا عَاشَ فِي تَكْذِيبٍ,طُولُ الحَيَاةِ لَهُ تَعْذِيبُ,Before Islam: VIth century,bassit_mokhlaa,bassit_mokhlaa
Obayd Ibn Al Abrass,Moallaqa,25,بَلْ رُبَّ مَاءٍ وَرَدْتُ آجِنٍ,سَبِيلُهُ خَائِفٌ جَدِيبُ,Before Islam: VIth century,bassit_mokhlaa,bassit_partial
Obayd Ibn Al Abrass,Moallaqa,26,رِيشُ الحَمَامِ عَلَى أَرْجَائِهِ,لِلْقَلْبِ مِنْ خَوْفِهِ وَجِيبُ,Before Islam: VIth century,bassit_mokhlaa,bassit_partial
Obayd Ibn Al Abrass,Moallaqa,27,قَطَعْتُهُ غُدْوَةً مُشِيحًا,وَصَاحِبِي بَادِنٌ خَبُوبُ,Before Islam: VIth century,bassit_mokhlaa,bassit_mokhlaa
Obayd Ibn Al Abrass,Moallaqa,28,غَيْرَانَةٌ مُوجَدٌ فَقَارُهَا,كَأَنَّ حَارِكَهَا كَثِيبُ,Before Islam: VIth century,bassit_mokhlaa,bassit_partial
Obayd Ibn Al Abrass,Moallaqa,29,أَخْلَفَ مَا بَازِلًا سَدِيسُهَا,لَا حِقَّةٌ هِي وَلَا نَيُوبُ,Before Islam: VIth century,bassit_mokhlaa,bassit_partial
Obayd Ibn Al Abrass,Moallaqa,30,كَأَنَّهَا مِنْ حَمِيرِ غَابٍ,جَوْنٌ بِصَفْحَتِهِ نُدُوبُ,Before Islam: VIth century,bassit_mokhlaa,bassit_mokhlaa
Obayd Ibn Al Abrass,Moallaqa,31,أَوْ شَبَبٌ يَحْفِرُ الرُّخَامَى,تَلُفُّهُ شَمْأَلٌ هُبُوبُ,Before Islam: VIth century,bassit_mokhlaa,bassit_mokhlaa
Obayd Ibn Al Abrass,Moallaqa,32,فَذَاكَ عَصْرٌ وَقَدْ أَرَانِي,تَحْمِلُنِي نَهْدَةٌ سُرْحُوبُ,Before Islam: VIth century,bassit_mokhlaa,bassit_mokhlaa
Obayd Ibn Al Abrass,Moallaqa,33,مُضَبَّرٌ خَلْقُهَا تَضْبِيرًا,يَنْشَقُّ عَنْ وَجْهِهَا السَّبِيبُ,Before Islam: VIth century,bassit_mokhlaa,bassit_mokhlaa
Obayd Ibn Al Abrass,Moallaqa,34,زَيتِيَّةٌ نَاعِمٌ عُرُوقُهَا,وَلَيِّنٌ أَسْرُهَا رَطِيبُ,Before Islam: VIth century,bassit_mokhlaa,bassit_partial
Obayd Ibn Al Abrass,Moallaqa,35,كَأَنَّهَا لِقْوَةٌ طَلُوبُ,تُخْزَنُ فِي وَكْرِهَا القُلُوبُ,Before Islam: VIth century,bassit_mokhlaa,bassit_mokhlaa
Obayd Ibn Al Abrass,Moallaqa,36,بَانَتْ عَلَى إِرَمٍ عَذُوبًا,كَأَنَّهَا شَيْخَةٌ رَقُوبُ,Before Islam: VIth century,bassit_mokhlaa,bassit_mokhlaa
Obayd Ibn Al Abrass,Moallaqa,37,فَأَصْبَحَتْ فِي غَدَاةِ قِرَّةٍ,يَسْقُطُ عَنْ رِيشِهَا الضَّرِيبُ,Before Islam: VIth century,bassit_mokhlaa,bassit_partial
Obayd Ibn Al Abrass,Moallaqa,38,فَأَبْصَرَتْ ثَعْلَبًا مِنْ سَاعَةٍ,وَدُونَهُ سَبْسَبٌ جَدِيبُ,Before Islam: VIth century,bassit_mokhlaa,bassit_partial
Obayd Ibn Al Abrass,Moallaqa,39,فَنَفَّضَتْ رِيشَهَا وَوَلَّتْ,فَذَاكَ مِنْ نَهْضَةٍ قَرِيبُ,Before Islam: VIth century,bassit_mokhlaa,bassit_mokhlaa
Obayd Ibn Al Abrass,Moallaqa,40,فَاشْتَالَ وَارْتَاعَ مِنْ حَسِيسِهَا,وَفِعْلَهُ يَفْعَلُ المَذْؤُوبُ,Before Islam: VIth century,bassit_mokhlaa,bassit_partial
Obayd Ibn Al Abrass,Moallaqa,41,فَنَهَضَتْ نَحْوَهُ حَثِيثَةً,وَحَرَدَتْ حَرْدَةً تَسِيبُ,Before Islam: VIth century,bassit_mokhlaa,bassit_partial
Obayd Ibn Al Abrass,Moallaqa,42,يَدِبُّ مِنْ حِسِّهَا دَبِيبًا,وَالعَيْنُ حِمْلَاقُهَا مَقْلُوبُ,Before Islam: VIth century,bassit_mokhlaa,bassit_mokhlaa
Obayd Ibn Al Abrass,Moallaqa,43,فَأَدْرَكَتْهُ فَطَرَّحَتْهُ,وَالصَّيْدُ مِنْ تَحْتِهَا مَكْرُوبُ,Before Islam: VIth century,bassit_mokhlaa,bassit_mokhlaa
Obayd Ibn Al Abrass,Moallaqa,44,فَجَدَّلَتْهُ فَطَرَّحَتْهُ,فَكَدَّحَتْ وَجْهَهُ الجَبُوبُ,Before Islam: VIth century,bassit_mokhlaa,bassit_mokhlaa
Obayd Ibn Al Abrass,Moallaqa,45,فَعَاوَدَتْهُ فَرَفَّعَتْهُ,فَأَرْسَلَتْهُ وَهْوَ مَكْرُوبُ,Before Islam: VIth century,bassit_mokhlaa,sarii_complete
Obayd Ibn Al Abrass,Moallaqa,46,يَضْغُو وَمِخْلَبُهَا فِي دَفِّهِ,لَا بُدَّ حَيْزُومُهُ مَنْقُوبُ,Before Islam: VIth century,bassit_mokhlaa,bassit_partial
Omar Ibn Abii Rabiia,Alaa yaa bakro kad taraqaa,1,أَلَا يَا بَكْرُ قَدْ طَرَقَا,خَيَالٌ هَاجَ لِي الأَرَقَا,Amawi: VIIth - VIIIth,wafir_partial,wafir_partial
Omar Ibn Abii Rabiia,Alaa yaa bakro kad taraqaa,2,أَجَازَ البَيْدَ مُعْتَرِضًا,فَعَرْضَ الوَادِ فَالشَّفَقَا,Amawi: VIIth - VIIIth,wafir_partial,wafir_partial
Omar Ibn Abii Rabiia,Alaa yaa bakro kad taraqaa,3,لِهِنْدٍ إِنَّ ذِكْرَتَهَا,تُرَى مِنْ شِيمَتِي خُلُقَا,Amawi: VIIth - VIIIth,wafir_partial,wafir_partial
Omar Ibn Abii Rabiia,Alaa yaa bakro kad taraqaa,4,وَلَوْ عَلِمَتْ وَخَيْرُ العِلْ,مِ لِلْإِنْسَانِ مَا صَدَقَا,Amawi: VIIth - VIIIth,wafir_partial,wafir_partial
Omar Ibn Abii Rabiia,Alaa yaa bakro kad taraqaa,5,بِأَنَّ بِهَا حَدِيثَ النَّفْ,سِ وَالأَشْعَارِ إِنْ نَطَقَا,Amawi: VIIth - VIIIth,wafir_partial,wafir_partial
Omar Ibn Abii Rabiia,Alaa yaa bakro kad taraqaa,6,وَحُبًّا رَاضِيًا لِلْقَلْ,بِ لَمْ أَخْلِطْ بِهِ مَلَقَا,Amawi: VIIth - VIIIth,wafir_partial,wafir_partial
Omar Ibn Abii Rabiia,Alaa yaa bakro kad taraqaa,7,فَمَا مِنْ مُغْزِلٍ أَدِمَا,ءُ تُزْجِي شَادِنًا خَرِقَا,Amawi: VIIth - VIIIth,wafir_partial,wafir_partial
Omar Ibn Abii Rabiia,Alaa yaa bakro kad taraqaa,8,بِأَحْسَنِ مُقْلَةٍ مِنْهَا,إِذَا بَرَزَتْ وَلَا عُنُقَا,Amawi: VIIth - VIIIth,wafir_partial,wafir_partial
Omar Ibn Abii Rabiia,Alaa yaa bakro kad taraqaa,9,غَدَاةَ غَدَتْ تُوَدِّعُنَا,وَقَدْ أَزْمَعْتُ مُنْطَلِقَا,Amawi: VIIth - VIIIth,wafir_partial,wafir_partial
Omar Ibn Abii Rabiia,Alaa yaa bakro kad taraqaa,10,تَرَى إِنْسَانَ مُقْلَتِهَا,بِدَمْعِ العَيْنِ قَدْ شَرِقَا,Amawi: VIIth - VIIIth,wafir_partial,wafir_partial
Omar Ibn Abii Rabiia,Alaa yaa bakro kad taraqaa,11,وَقَدْ حَلَفَتْ يَمِينًا بِرْ,رَةً بِمَحَلِّ مَنْ خَلَقَا,Amawi: VIIth - VIIIth,wafir_partial,wafir_partial
Omar Ibn Abii Rabiia,Alaa yaa bakro kad taraqaa,12,لَقَدْ عُلِّقْتُ مِنْ عُمَرٍ,حِبَالًا مِثْلَهَا عَلِقَ,Amawi: VIIth - VIIIth,wafir_partial,wafir_partial
Omar Ibn Abii Rabiia,Taribto Warda Man Tahwaa,1,طَرِبْتَ وَرْدَ مَنْ تَهْوَى,جَمَالَ الحَيِّ فَابْتَكَرَا,Amawi: VIIth - VIIIth,wafir_partial,wafir_partial
Omar Ibn Abii Rabiia,Taribto Warda Man Tahwaa,2,فَظِلْتُ مُكَفْكِفًا دَمْعَا,إِذَا نَهْنَهْتُهُ ابْتَدَرَا,Amawi: VIIth - VIIIth,wafir_partial,wafir_partial
Omar Ibn Abii Rabiia,Taribto Warda Man Tahwaa,3,وَبِتُّ لِذَاكَ مُكْتَئِبًا,أُقَاسِي الهَمَّ وَالسَّهَرَا,Amawi: VIIth - VIIIth,wafir_partial,wafir_partial
Omar Ibn Abii Rabiia,Taribto Warda Man Tahwaa,4,لِبَيْنِ الحَيِّ إِذْ هَاجُوا,لَكَ الأَحْزَانَ وَالذِّكَرَا,Amawi: VIIth - VIIIth,wafir_partial,wafir_partial
Omar Ibn Abii Rabiia,Taribto Warda Man Tahwaa,5,فَإِنْ يَكُ حَبْلُ مَنْ تَهْوَا,هُ أَمْسَى مِنْكَ مُنْبَتِرَا,Amawi: VIIth - VIIIth,wafir_partial,wafir_partial
Omar Ibn Abii Rabiia,Taribto Warda Man Tahwaa,6,لَيَالِيَ لَا أُبَالِي مَنْ,لَحَى فِي الحُبِّ أَوْ عَذَرَا,Amawi: VIIth - VIIIth,wafir_partial,wafir_partial
Omar Ibn Abii Rabiia,Taribto Warda Man Tahwaa,7,وَلَنْ أَنْسَى بِخَيْفِ مِنًى,تَسَارُقَ زَيْنَبَ النَّظَرَا,Amawi: VIIth - VIIIth,wafir_partial,wafir_partial
Omar Ibn Abii Rabiia,Taribto Warda Man Tahwaa,8,إِلَيَّ بِمُقْلَتَيْ رِيمٍ,تَرَى فِي طَرْفِهَا حَوَرَا,Amawi: VIIth - VIIIth,wafir_partial,wafir_partial
Omar Ibn Abii Rabiia,Taribto Warda Man Tahwaa,9,وَثَغْرٍ وَاضِحٍ رَتِلٍ,تَرَى فِي خَدِّهِ أَشَرَا,Amawi: VIIth - VIIIth,wafir_partial,wafir_partial
Omar Ibn Abii Rabiia,Taribto Warda Man Tahwaa,10,وَلَا أَنْسَى مَقَالَتَهَا,لِتَرْبَيْهَا أَلَا انْتَظَرَا,Amawi: VIIth - VIIIth,wafir_partial,wafir_partial
Omar Ibn Abii Rabiia,Taribto Warda Man Tahwaa,11,أَبَا الخَطَّابِ نَنْظُرُ فِي,مَ بَعْدَ وِصَالِهِ هَجَرَا,Amawi: VIIth - VIIIth,wafir_partial,wafir_partial
Omar Ibn Abii Rabiia,Taribto Warda Man Tahwaa,12,وَلَوْمَاهُ وَقَيْتُكُمَا,عَلَى الهِجْرَانِ وَاسْتَتِرَا,Amawi: VIIth - VIIIth,wafir_partial,wafir_partial
Omar Ibn Abii Rabiia,Taribto Warda Man Tahwaa,13,وَقَوْلًا قَدْ ظَفِرْتَ بِهَا,كَفَاكَ وَخَبِّرَا الخَبَرَا,Amawi: VIIth - VIIIth,wafir_partial,wafir_partial
Omar Ibn Abii Rabiia,Taribto Warda Man Tahwaa,14,وَقَوْلًا إِنَّ سِرَّكَ يَوْ,مَ بَطْنِ الخَيْفِ قَدْ شُهِرَا,Amawi: VIIth - VIIIth,wafir_partial,wafir_partial
Omar Ibn Abii Rabiia,Taribto Warda Man Tahwaa,15,فَقُلْتُ أَغَرَّهَا أَنِّي,لَهَا عَاصَيْتُ مَنْ زَجَرَا,Amawi: VIIth - VIIIth,wafir_partial,wafir_partial
Omar Ibn Abii Rabiia,Taribto Warda Man Tahwaa,16,وَأَنْ أَنْزَلْتُهَا فِي الوُدْ,دِ مِنِّي السَّمْعَ وَالبَصَرَا,Amawi: VIIth - VIIIth,wafir_partial,wafir_partial
Omar Ibn Abii Rabiia,Taribto Warda Man Tahwaa,17,فَأَيْنَ العَهْدُ وَالمِيثَا,قُ لَا تُشْعِرْ بِنَا بَشَرَا,Amawi: VIIth - VIIIth,wafir_partial,wafir_partial
Omar Ibn Abii Rabiia,Taribto Warda Man Tahwaa,18,وَقَوْلًا فِي مُلَاطَفَةٍ,أَزَيْنَبُ نَوِّلِي عَمَرَا,Amawi: VIIth - VIIIth,wafir_partial,wafir_partial
Omar Ibn Abii Rabiia,Taribto Warda Man Tahwaa,19,وَقُلْ لِلْمَالِكِيَّةِ لَا,تَلُومِي القَلْبَ إِنْ هَجَرَا,Amawi: VIIth - VIIIth,wafir_partial,wafir_partial
Omayma Bint Omaya,Abaa Layli,1,أَبَى لَيْلِيَّ أَنْ يَذْهَبْ,وَنِيطَ الطَّرْفُ بِالكَوْكَبْ,Before Islam: VIth century,hazaj_complete,hazaj_complete
Omayma Bint Omaya,Abaa Layli,2,وَنَجْمٍ دُونَهُ الأَهْوَا,لُ بَيْنَ الدَّلْوِ وَالعَقْرَبْ,Before Islam: VIth century,hazaj_complete,hazaj_complete
Omayma Bint Omaya,Abaa Layli,3,وَهَذَا الصُّبْحُ لَا يَأْتِي,وَلَا يَدْنُو وَلَا يَقْرُبْ,Before Islam: VIth century,hazaj_complete,hazaj_complete
Omayma Bint Omaya,Abaa Layli,4,بِفَقْدِ عَشِيرَةٍ مِنَّا,كِرَامِ الخَيْمِ وَالمَنْصِبْ,Before Islam: VIth century,hazaj_complete,wafir_partial
Omayma Bint Omaya,Abaa Layli,5,أَحَالَ عَلَيْهُمُ دَهْرٌ,حَدِيدُ النَّابِ وَالمَخْلَبْ,Before Islam: VIth century,hazaj_complete,wafir_partial
Omayma Bint Omaya,Abaa Layli,6,وَمَا عَنْهُ إِذَا مَا حَلْ,لَ مِنْ مَنْجًى وَلَا مَهْرَبْ,Before Islam: VIth century,hazaj_complete,hazaj_complete
Omayma Bint Omaya,Abaa Layli,7,أَلَا يَا عَيْنُ فَابْكِيهِمْ,بِدَمْعٍ مِنْكِ مُسْتَغْرَبْ,Before Islam: VIth century,hazaj_complete,hazaj_complete
Omayma Bint Omaya,Abaa Layli,8,فَإِنْ أَبْكِ فَهُمْ عِزِّي,وَهُمْ رُكْنِي وَهُمْ مَنْكَبْ,Before Islam: VIth century,hazaj_complete,hazaj_complete
Omayma Bint Omaya,Abaa Layli,9,وَهُمْ أَصْلِي وَهُمْ فَرْعِي,وَهُمْ نَسَبِي إِذَا أُنْسَبْ,Before Islam: VIth century,hazaj_complete,wafir_partial
Omayma Bint Omaya,Abaa Layli,10,وَهُمْ مَجْدِي وَهُمْ شَرَفِي,وَهُمْ حِصْنِي إِذَا أُرْهَبْ,Before Islam: VIth century,hazaj_complete,wafir_partial
Omayma Bint Omaya,Abaa Layli,11,وَهُمْ رُمْحِي وَهُمْ تِرْسِي,وَهُمْ سَيْفِي إِذَا أَغْضَبْ,Before Islam: VIth century,hazaj_complete,hazaj_complete
Omayma Bint Omaya,Abaa Layli,12,فَكَمْ مِنْ قَائِلٍ مِنْهُمْ,إِذَا مَا قَالَ لَا يَكْذِبْ,Before Islam: VIth century,hazaj_complete,hazaj_complete
Omayma Bint Omaya,Abaa Layli,13,وَكَمْ مِنْ نَاطِقٍ فِيهِمْ,خَطِيبٍ مُصْقِعٍ مُعْرِبْ,Before Islam: VIth century,hazaj_complete,hazaj_complete
Omayma Bint Omaya,Abaa Layli,14,وَكَمْ مِنْ فَارِسٍ مِنْهُمْ,كَمِيٍّ مُعْلَمٍ مُحْرَبْ,Before Islam: VIth century,hazaj_complete,hazaj_complete
Omayma Bint Omaya,Abaa Layli,15,وَكَمْ مِنْ مُدْرَهٍ فِيهِمْ,أَرِيبٍ حَوْلَهُ مُغْلَبْ,Before Islam: VIth century,hazaj_complete,hazaj_complete
Omayma Bint Omaya,Abaa Layli,16,وَكَمْ مِنْ جَحْفَلٍ فِيهِمْ,عَظِيمُ النَّارِ وَالمَوْكِبْ,Before Islam: VIth century,hazaj_complete,hazaj_complete
Omayma Bint Omaya,Abaa Layli,17,وَكَمْ مِنْ خَضْرَمٍ فِيهِمْ,نَجِيبٍ مَاجِدٍ مُنْجِبْ,Before Islam: VIth century,hazaj_complete,hazaj_complete
Omroo Al Kays,Liman Talalon Bayna Al Jodayyati Wal Jabal,1,لِمَنْ طَلَلٌ بَيْنَ الجُدَيَّةِ وَالجَبَلْ,مَحَلٌّ قَدِيمُ العَهْدِ طَالَتْ بِهِ الطِّيَلْ,Before Islam: VIth century,tawil_complete,tawil_complete
Omroo Al Kays,Liman Talalon Bayna Al Jodayyati Wal Jabal,2,عَفَا غَيْرَ مُرْتَادٍ وَمَرَّ كَسَرْحَبٍ,وَمُنْخَفَضٍ طَامٍ تَنَكَّرَ وَاضْمَحَلْ,Before Islam: VIth century,tawil_complete,tawil_complete
Omroo Al Kays,Liman Talalon Bayna Al Jodayyati Wal Jabal,3,وَزَالَتْ صُرُوفُ الدَّهْرِ عَنْهُ فَأَصْبَحَتْ,عَلَى غَيْرِ سُكَّانٍ وَمَنْ سَكَنَ ارْتَحَلْ,Before Islam: VIth century,tawil_complete,tawil_complete
Omroo Al Kays,Liman Talalon Bayna Al Jodayyati Wal Jabal,4,تَنَطَّحَ بِالأَطْلَالِ مِنْهُ مُجَلْجِلٌ,أَحَمُّ إِذَا احْمَوْمَتْ سَحَائِبُهُ انْسَجَلْ,Before Islam: VIth century,tawil_complete,tawil_complete
Omroo Al Kays,Liman Talalon Bayna Al Jodayyati Wal Jabal,5,بِرِيحٍ وَبَرْقٍ لَاحَ بَيْنَ سَحَائِبٍ,وَرَعْدٍ إِذَا مَا هَبَّ هَاتِفُهُ هَطَلْ,Before Islam: VIth century,tawil_complete,tawil_complete
Omroo Al Kays,Liman Talalon Bayna Al Jodayyati Wal Jabal,6,فَأَنْبَتَ فِيهِ مِنْ غَشَنْضٍ وَغَشْنَضٍ,وَرَوْنَقِ رَنْدٍ وَالصَّلَنْدَدِ وَالأَسَلْ,Before Islam: VIth century,tawil_complete,tawil_complete
Omroo Al Kays,Liman Talalon Bayna Al Jodayyati Wal Jabal,7,وَفِيهِ القَطَا وَالبُومُ وَابنُ حَبَوْكَلٍ,وَطَيْرُ القَطَاطِ وَالبَلَنْدَدُ وَالحَجَلْ,Before Islam: VIth century,tawil_complete,tawil_complete
Omroo Al Kays,Liman Talalon Bayna Al Jodayyati Wal Jabal,8,وَعُنْثُلَةٌ وَالخَيْثَوَانُ وَبُرْسُلٌ,وَفَرْخُ فَرِيقٍ وَالرِّفَلَّةَ وَالرَّفَلْ,Before Islam: VIth century,tawil_complete,tawil_complete
Omroo Al Kays,Liman Talalon Bayna Al Jodayyati Wal Jabal,9,وَفِيلٌ وَأَذْيَابٌ وَإِبْنُ خُوَيْدِرٍ,وَغَنْسَلَةٌ فِيهَا الخُفَيْعَانُ قَدْ نَزَلْ,Before Islam: VIth century,tawil_complete,tawil_complete
Omroo Al Kays,Liman Talalon Bayna Al Jodayyati Wal Jabal,10,وَهَامٌ وَهَمْهَامٌ وَطَالِعُ أَنْجُدٍ,وَمُنْحَبِكُ الرَّوْقَيْنِ فِي سَيْرِهِ مَيَلْ,Before Islam: VIth century,tawil_complete,tawil_complete
Omroo Al Kays,Liman Talalon Bayna Al Jodayyati Wal Jabal,11,فَلَمَّا عَرَفْتُ الدَّارَ بَعْدَ تَوَهُّمِي,تَكَفْكَفَ دَمْعِي فَوْقَ خَدِّيَ وَانْهَمَلْ,Before Islam: VIth century,tawil_complete,tawil_complete
Omroo Al Kays,Liman Talalon Bayna Al Jodayyati Wal Jabal,12,فَقُلْتُ لَهَا يَا دَارُ سَلْمَى وَمَا الَّذِي,تَمَتَّعْتِ لَا بُدِّلْتِ يَا دَارُ بِالبَدَلْ,Before Islam: VIth century,tawil_complete,tawil_complete
Omroo Al Kays,Liman Talalon Bayna Al Jodayyati Wal Jabal,13,لَقَدْ طَالَ مَا أَضْحَيْتِ فَقْرًا وَمَأْلَفٍ,وَمُنْتَظَرًا لِلْحَيِّ مَنْ حَلَّ أَوْ رَحَلْ,Before Islam: VIth century,tawil_complete,tawil_complete
Omroo Al Kays,Liman Talalon Bayna Al Jodayyati Wal Jabal,14,وَمَأْوًى لِأَبْكَارٍ حِسَانٍ أَوَانِسٍ,وَرُبَّ فَتًى كَاللَّيْثِ مُشْتَهَرٍ بَطَلْ,Before Islam: VIth century,tawil_complete,tawil_complete
Omroo Al Kays,Liman Talalon Bayna Al Jodayyati Wal Jabal,15,لَقَدْ كُنْتُ أَسْبَى الغِيدَ أَمْرَدَ نَاشِئٍ,وَيَسْبِينَنِي مِنْهُنَّ بِالدَّلِّ وَالمُقَلْ,Before Islam: VIth century,tawil_complete,tawil_complete
Omroo Al Kays,Liman Talalon Bayna Al Jodayyati Wal Jabal,16,لَيَالِيَ أَسْبِي الغَانِيَاتِ بِحُمَّةٍ,مُعَثْكَلَةٍ سَوْدَاءَ زَيَّنَهَا رَجَلْ,Before Islam: VIth century,tawil_complete,tawil_complete
Omroo Al Kays,Liman Talalon Bayna Al Jodayyati Wal Jabal,17,كَأَنَّ قَطِيرَ البَانِ فِي عُكَنَاتِهَ,عَلَى مُنْثَنًى وَالمَنْكِبَيْنِ عَطَى رَطِلْ,Before Islam: VIth century,tawil_complete,tawil_complete
Omroo Al Kays,Liman Talalon Bayna Al Jodayyati Wal Jabal,18,تَعَلَّقَ قَلْبِي طَفْلَةً عَرَبِيَّةً,تَنَعَّمُ فِي الدِّيبَاجِ وَالحُلِ وَالحُلَلْ,Before Islam: VIth century,tawil_complete,tawil_complete
Omroo Al Kays,Liman Talalon Bayna Al Jodayyati Wal Jabal,19,لَهَا مُقْلَةٌ لَوْ أَنَّهَا نَظَرَتْ بِهَا,إِلَى رَاهِبٍ قَدْ صَامَ لِلَّهِ وَابْتَهَلْ,Before Islam: VIth century,tawil_complete,tawil_complete
Omroo Al Kays,Liman Talalon Bayna Al Jodayyati Wal Jabal,20,لَأَصْبَحَ مَفْتُونًا مُعَنَّى بِحُبِّهَا,كَأَنْ لَمْ يَصُمْ لِلَّهِ يَوْمًا وَلَمْ يُصَلْ,Before Islam: VIth century,tawil_complete,tawil_complete
Omroo Al Kays,Liman Talalon Bayna Al Jodayyati Wal Jabal,21,أَلَا رُبَّ يَوْمٍ قَدْ لَهَوْتُ بِذِلِّهَا,إِذَا مَا أَبُوهَا لَيْلَةً غَابَ أَوْ غَفَلْ,Before Islam: VIth century,tawil_complete,tawil_complete
Omroo Al Kays,Liman Talalon Bayna Al Jodayyati Wal Jabal,22,فَقَالَتْ لِأَتْرَابٍ لَهَا قَدْ رَمَيْتُهُ,فَكَيْفَ بِهِ إِنْ مَاتَ أَوْ كَيْفَ يُحْتَبَلْ,Before Islam: VIth century,tawil_complete,tawil_complete
Omroo Al Kays,Liman Talalon Bayna Al Jodayyati Wal Jabal,23,أَيَخْفَى لَنَا إِنْ كَانَ فِي اللَّيْلِ دَفْنُهُ,فَقُلْنَ وَهَلْ يَخْفَى الهِلَالُ إِذَا أَفَلْ,Before Islam: VIth century,tawil_complete,tawil_complete
Omroo Al Kays,Liman Talalon Bayna Al Jodayyati Wal Jabal,24,قَتَلْتِ الفَتَى الكِنْدِيَّ وَالشَّاعِرَ الَّذِي,تَدَانَتْ لَهُ الأَشْعَارُ طُرًّا فَيَا لَعَلْ,Before Islam: VIth century,tawil_complete,tawil_complete
Omroo Al Kays,Liman Talalon Bayna Al Jodayyati Wal Jabal,25,لِمَهْ تَقتُلِي المَشْهُورَ وَالفَارِسَ الَّذِي,يُفَلِّقُ هَامَاتِ الرِّجَالِ بِلَا وَجَلْ,Before Islam: VIth century,tawil_complete,tawil_complete
Omroo Al Kays,Liman Talalon Bayna Al Jodayyati Wal Jabal,26,أَلَا يَا بَنِي كِنْدَ اقْتُلُوا بِابْنِ عَمِّكُمْ,وَإِلَّا فَمَا أَنْتُمْ قَبِيلٌ وَلَا خَوَلْ,Before Islam: VIth century,tawil_complete,tawil_complete
Omroo Al Kays,Liman Talalon Bayna Al Jodayyati Wal Jabal,27,قَتِيلٌ بِوَادِي الحُبِّ مِنْ غَيْرِ قَاتِلٍ,وَلَا مَيِّتٍ يُعْزَى هُنَاكَ وَلَا زُمَلْ,Before Islam: VIth century,tawil_complete,tawil_complete
Omroo Al Kays,Liman Talalon Bayna Al Jodayyati Wal Jabal,28,فَتِلْكَ الَّتِي هَامَ الفُؤَادُ بِحُبِّهَا,مُهَفْهَفَةٌ بَيْضَاءُ دُرِّيَّةِ القُبَلْ,Before Islam: VIth century,tawil_complete,tawil_complete
Omroo Al Kays,Liman Talalon Bayna Al Jodayyati Wal Jabal,29,وَلِي وَلَهَا فِي النَّاسِ قَوْلٌ وَسُمْعَةٌ,وَلِي وَلَهَا فِي كُلِّ نَاحِيَةٍ مَثَلْ,Before Islam: VIth century,tawil_complete,tawil_complete
Omroo Al Kays,Liman Talalon Bayna Al Jodayyati Wal Jabal,30,كَأَنَّ عَلَى أَسْنَانِهَا بَعْدَ هَجْعَةٍ,سَفَرْجَلَ أَوْ تُفَّاحَ فِي القَنْدِ وَالعَسَلْ,Before Islam: VIth century,tawil_complete,tawil_complete
Omroo Al Kays,Liman Talalon Bayna Al Jodayyati Wal Jabal,31,رَدَاحٌ صَمُوتُ الحِجْلِ تَمْشِي تَبَخْتُرٍ,وَصَرَّاخَةُ الحِجْلَيْنِ يَصْرُخْنَ فِي زَجَلْ,Before Islam: VIth century,tawil_complete,tawil_complete
Omroo Al Kays,Liman Talalon Bayna Al Jodayyati Wal Jabal,32,غَمُوضٌ عَضُوضُ الحِجْلِ لَوْ أَنَّهَا مَشَتْ,بِهِ عِنْدَ بَابَ السَّبْسَبِيِّينَ لَا نْفَصَلْ,Before Islam: VIth century,tawil_complete,tawil_complete
Omroo Al Kays,Liman Talalon Bayna Al Jodayyati Wal Jabal,33,فَهِي هِي وَهِي هِي ثُمَّ هِي هِي وَهِي وَهِي,مُنًى لِي مِنَ الدُّنْيَا مِنَ النَّاسِ بِالجُمَلْ,Before Islam: VIth century,tawil_complete,tawil_complete
Omroo Al Kays,Liman Talalon Bayna Al Jodayyati Wal Jabal,34,أَلَا لَا أَلَا إِلَّا لَآلَاءِ لَابِثٍ,وَلَا لَا أَلَا إِلَّا لِآلَاءِ مَنْ رَحَلْ,Before Islam: VIth century,tawil_complete,tawil_complete
Omroo Al Kays,Liman Talalon Bayna Al Jodayyati Wal Jabal,35,فَكَمْ كَمْ وَكَمْ كَمْ ثُمَّ كَمْ كَمْ وَكَمْ وَكَمْ,قَطَعْتُ الفَيَافِي وَالمَهَامِهَ لَمْ أَمَلْ,Before Islam: VIth century,tawil_complete,tawil_complete
Omroo Al Kays,Liman Talalon Bayna Al Jodayyati Wal Jabal,36,وَكَافٌ وَكَفْكَافٌ وَكَفِّي بِكَفِّهَا,وَكَافٌ كَفُوفُ الوِدْقِ مِنْ كَفِّهَا انْهَمَلْ,Before Islam: VIth century,tawil_complete,tawil_complete
Omroo Al Kays,Liman Talalon Bayna Al Jodayyati Wal Jabal,37,فَلَوْ لَوْ وَلَوْ لَوْ ثُمَّ لَوْ لَوْ وَلَوْ وَلَوْ,دَنَا دَارُ سَلْمَى كُنْتُ أَوَّلَ مَنْ وَصَلْ,Before Islam: VIth century,tawil_complete,tawil_complete
Omroo Al Kays,Liman Talalon Bayna Al Jodayyati Wal Jabal,38,وَعَنْ عَنْ وَعَنْ عَنْ ثُمَّ عَنْ عَنْ وَعَنْ وَعَنْ,أُسَائِلُ عَنْهَا كُلَّ مَنْ سَارَ وَارْتَحَلْ,Before Islam: VIth century,tawil_complete,tawil_complete
Omroo Al Kays,Liman Talalon Bayna Al Jodayyati Wal Jabal,39,وَفِي فِي وَفِي فِي ثُمَّ فِي فِي وَفِي وَفِي,وَفِي وَجْنَتَيْ سَلْمَى أُقَبِّلُ لَمْ أَمَلْ,Before Islam: VIth century,tawil_complete,tawil_complete
Omroo Al Kays,Liman Talalon Bayna Al Jodayyati Wal Jabal,40,وَسَلْ سَلْ وَسَلْ سَلْ ثُمَّ سَلْ سَلْ وَسَلْ وَسَلْ,وَسَلْ دَارَ سَلْمَى وَالرَّبُوعَ فَكَمْ أَسَلْ,Before Islam: VIth century,tawil_complete,tawil_complete
Omroo Al Kays,Liman Talalon Bayna Al Jodayyati Wal Jabal,41,وَشَنْصِلْ وَشَنْصِلْ ثُمَّ شَنْصِلْ عَشَنْصَلٍ,عَلَى حَاجِبَيْ سَلْمَى يَزِينُ مَعَ المُقَلْ,Before Islam: VIth century,tawil_complete,tawil_complete
Omroo Al Kays,Liman Talalon Bayna Al Jodayyati Wal Jabal,42,حِجَازِيَّةُ العَيْنَيْنِ مَكِّيَّةُ الحَشَا,عِرَاقِيَّةُ الأَطْرَافِ رُومِيَّةُ الكَفَلْ,Before Islam: VIth century,tawil_complete,tawil_complete
Omroo Al Kays,Liman Talalon Bayna Al Jodayyati Wal Jabal,43,تِهَامِيَّةُ الأَبْدَانِ عَبْسِيَّةُ اللَّمَى,خُزَاعِيَّةُ الأَسْنَانِ دُرِّيَةُ القُبَلْ,Before Islam: VIth century,tawil_complete,tawil_complete
Omroo Al Kays,Liman Talalon Bayna Al Jodayyati Wal Jabal,44,وَقُلْتُ لَهَا أَيُّ القَبَائِلِ تُنْسَبِي,لَعَلِّيَ بَيْنَ النَّاسِ فِي الشِّعْرِ كَيْ أُسَلْ,Before Islam: VIth century,tawil_complete,tawil_complete
Omroo Al Kays,Liman Talalon Bayna Al Jodayyati Wal Jabal,45,فَقَالَتْ أَنَا كِنْدِيَّةٌ عَرَبِيَّةٌ,فَقُلْتُ لَهَا حَاشَا وَكَلَّا وَهَلْ وَبَلْ,Before Islam: VIth century,tawil_complete,tawil_complete
Omroo Al Kays,Liman Talalon Bayna Al Jodayyati Wal Jabal,46,فَقَالَتْ أَنَا رُومِيَّةٌ عَجَمِيَّةٌ,فَقُلْتُ لَهَا وَرْخِيز بَيَاخُـوشَ مِنْ قُـزَلْ,Before Islam: VIth century,tawil_complete,tawil_complete
Omroo Al Kays,Liman Talalon Bayna Al Jodayyati Wal Jabal,47,فَلَمَّا تَلَاقَيْنَا وَجَدْتُ بَنَانَهَا,مُخَضَّبَةً تَحْكِي الشَّوَاعِلَ بِالشُّعَلْ,Before Islam: VIth century,tawil_complete,tawil_complete
Omroo Al Kays,Liman Talalon Bayna Al Jodayyati Wal Jabal,48,وَلَاعَبْتُهَا الشَّطْرَنْجُ خَيْلِي تَرَادَفَتْ,وَرُخَّى عَلَيْهَا دَارَ بِالشَّاهِ بِالعَجَلْ,Before Islam: VIth century,tawil_complete,tawil_complete
Omroo Al Kays,Liman Talalon Bayna Al Jodayyati Wal Jabal,49,فَقَالَتْ وَمَا هَذَا شَطَارَةُ لَاعِبٍ,وَلَكِنَّ قَتْلَ النَّفْسِ بِالفِيلِ هْوَ الأَجَلْ,Before Islam: VIth century,tawil_complete,tawil_complete
Omroo Al Kays,Liman Talalon Bayna Al Jodayyati Wal Jabal,50,فَنَاصَبْتُهَا مَنْصُوبَ بِالفِيلِ عَاجِلًا,مِنَ اثْنَيْنِ فِي تِسْعٍ بِسُرْعٍ فَلَمْ أَمَلْ,Before Islam: VIth century,tawil_complete,tawil_complete
Omroo Al Kays,Liman Talalon Bayna Al Jodayyati Wal Jabal,51,وَقَدْ كَانَ لَعْبِي كُلَّ دَسْتٍ بِقُبْلَةٍ,أُقَبِّلُ ثَغْرًا كَالهِلَالِ إِذَا أَفَلْ,Before Islam: VIth century,tawil_complete,tawil_complete
Omroo Al Kays,Liman Talalon Bayna Al Jodayyati Wal Jabal,52,فَقَبَّلْتُهَا تِسْعًا وَتِسْعِينَ قُبْلَةً,وَوَاحِدَةً أُخْـرَى وَكُنْتُ عَلَى عَجَلْ,Before Islam: VIth century,tawil_complete,tawil_complete
Omroo Al Kays,Liman Talalon Bayna Al Jodayyati Wal Jabal,53,وَعَانَقْتُهَا حَتَّى تَقَطَّعَ عِقْدُهَا,وَحَتَّى فَصُوصُ الطَّوْقِ مِنْ جِيدِهَا انْفَصَلْ,Before Islam: VIth century,tawil_complete,tawil_complete
Omroo Al Kays,Liman Talalon Bayna Al Jodayyati Wal Jabal,54,كَأَنَّ فُصُوصَ الطَّوْقِ لَمَّا تَنَاثَرَتْ,ضِيَاءُ مَصَابِيحٍ تَطَايَرْنَ عَنْ شَعَلْ,Before Islam: VIth century,tawil_complete,tawil_complete
Omroo Al Kays,Liman Talalon Bayna Al Jodayyati Wal Jabal,55,وَآخِرُ قَوْلِي مِثْلُ مَا قُلْتُ أَوَّلٌ,لِمَنْ طَلَلٌ بَيْنَ الجُدَيَّةِ وَالجَبَلْ,Before Islam: VIth century,tawil_complete,tawil_complete
Omroo Al Kays,Moallaqa,1,قِفَا نَبْكِ مِنْ ذِكْرَى حَبِيبٍ وَمَنْزِلِي,بِسِقْطِ اللِّوَى بَيْنَ الدَّخُولِ فَحَوْمَلِ,Before Islam: VIth century,tawil_complete,tawil_complete
Omroo Al Kays,Moallaqa,2,فَتُوضِحَ فَالمِقْرَاةِ لَمْ يَعْفُ رَسْمُهَا,لِمَا نَسَجَتْهَا مِنْ جَنُوبٍ وَشَمْأَلِ,Before Islam: VIth century,tawil_complete,tawil_complete
Omroo Al Kays,Moallaqa,3,تَرَى بَعَرَ الأَرْآمِ فِي عَرَصَاتِهَا,وَقِيعَانِهَا كَأَنَّهُ حَبُّ فُلْفُلِ,Before Islam: VIth century,tawil_complete,tawil_complete
Omroo Al Kays,Moallaqa,4,كَأَنِّي غَدَاةَ البَيْنِ يَوْمَ تَحَمَّلُوا,لَدَى سَمُرَاتِ الحَيِّ نَاقِفُ حَنْظَلِ,Before Islam: VIth century,tawil_complete,tawil_complete
Omroo Al Kays,Moallaqa,5,وُقُوفًا بِهَا صَحْبِي عَلَيَّ مَطِيَّهُمْ,يَقُولُونَ لَا تَهْلِكْ أَسًى وَتَجَمَّلِ,Before Islam: VIth century,tawil_complete,tawil_complete
Omroo Al Kays,Moallaqa,6,وَإِنَّ شِفَائِي عَبْرَةٌ مُهَرَاقَةٌ,فَهَلْ عِنْدَ رَسْمٍ دَارِسٍ مِنْ مُعَوَّلِ,Before Islam: VIth century,tawil_complete,tawil_complete
Omroo Al Kays,Moallaqa,7,كَدَأْبِكَ مِنْ أُمِّ الحُوَيْرِثِ قَبْلَهَا,وَجَارَتِهَا أُمِّ الرَّبَابِ بِمَأْسَلِ,Before Islam: VIth century,tawil_complete,tawil_complete
Omroo Al Kays,Moallaqa,8,إِذَا قَامَتَا تَضَوَّعَ المِسْكُ مِنْهُمَا,نَسِيمَ الصَّبَا جَاءَتْ بِرَيَّا القَرَنْفُلِ,Before Islam: VIth century,tawil_complete,tawil_complete
Omroo Al Kays,Moallaqa,9,فَفَاضَتْ دُمُوعُ العَيْنِ مِنِّي صَبَابَةً,عَلَى النَّحْرِ حَتَّى بَلَّ دَمْعِيَ مِحْمَلِ,Before Islam: VIth century,tawil_complete,tawil_complete
Omroo Al Kays,Moallaqa,10,أَلَا رُبَّ يَوْمٍ لِي مِنَ البِيضِ صَالِحٌ,وَلَا سِيَّمَا يَوْمٌ بِدَارَةِ جُلْجُلِ,Before Islam: VIth century,tawil_complete,tawil_complete
Omroo Al Kays,Moallaqa,11,وَيَوْمَ عَقَرْتُ لِلْعَذَارَى مَطِيَّتِي,فَيَا عَجَبًا مِنْ كُورِهَا المُتَحَمَّلِ,Before Islam: VIth century,tawil_complete,tawil_complete
Omroo Al Kays,Moallaqa,12,فَظَلَّ العَذَارَى يَرْتَمِينَ بِلَحْمِهَا,وَشَحْمٍ كَهُدَّابِ الدِّمَقْسِ المُفَتَّلِ,Before Islam: VIth century,tawil_complete,tawil_complete
Omroo Al Kays,Moallaqa,13,وَيَوْمَ دَخَلْتُ الخِدْرَ خِدْرَ عُنَيْزَةٍ,فَقَالَتْ لَكَ الوَيْلَاتُ إِنَّكَ مُرْجِلِي,Before Islam: VIth century,tawil_complete,tawil_complete
Omroo Al Kays,Moallaqa,14,تَقُولُ وَقَدْ مَالَ الغَبِيطُ بِنَا مَعًا,عَقَرْتَ بَعِيرِي يَا ٱمْرَأَ القَيْسِ فَانْزِلِ,Before Islam: VIth century,tawil_complete,tawil_complete
Omroo Al Kays,Moallaqa,15,فَقُلْتُ لَهَا سِيرِي وَأَرْخِي زِمَامَهُ,وَلَا تُبْعِدِينِي مِنْ جَنَاكِ المُعَلَّلِ,Before Islam: VIth century,tawil_complete,tawil_complete
Omroo Al Kays,Moallaqa,16,فَمِثْلِكِ حُبْلَى قَدْ طَرَقْتُ وَمُرْضِعٍ,فَأَلْهَيْتُهَا عَنْ ذِي تَمَائِمَ مُحْوِلِ,Before Islam: VIth century,tawil_complete,tawil_complete
Omroo Al Kays,Moallaqa,17,إِذَا مَا بَكَى مِنْ خَلْفِهَا انْصَرَفَتْ لَهُ,بِشَقٍّ وَتَحْتِي شِقُّهَا لَمْ يُحَوَّلِ,Before Islam: VIth century,tawil_complete,tawil_complete
Omroo Al Kays,Moallaqa,18,وَيَوْمًا عَلَى ظَهْرِ الكَثِيبِ تَعَذَّرَتْ,عَلَيَّ وَآلَتْ حَلْفَةً لَمْ تَحَلَّلِ,Before Islam: VIth century,tawil_complete,tawil_complete
Omroo Al Kays,Moallaqa,19,أَفَاطِمَ مَهْلًا بَعْضَ هَذَا التَّدَلُّلِ,وَإِنْ كُنْتِ قَدْ أَزْمَعْتِ صَرْمِي فَأَجْمِلِي,Before Islam: VIth century,tawil_complete,tawil_complete
Omroo Al Kays,Moallaqa,20,أَغَرَّكِ مِنِّي أَنَّ حُبَّكِ قَاتِلِي,وَأَنَّكِ مَهْمَا تَأْمُرِي القَلْبَ يَفْعَلِ,Before Islam: VIth century,tawil_complete,tawil_complete
Omroo Al Kays,Moallaqa,21,وَإِنْ تَكُ قَدْ سَاءَتْكِ مِنِّي خَلِيقَةٌ,فَسُلِّي ثِيَابِي مِنْ ثِيَابِكِ تَنْسُلِ,Before Islam: VIth century,tawil_complete,tawil_complete
Omroo Al Kays,Moallaqa,22,وَمَا ذَرَفَتْ عَيْنَاكِ إِلَّا لِتَضْرِبِي,بِسَهْمَيْكِ فِي أَعْشَارِ قَلْبٍ مُقَتَّلِ,Before Islam: VIth century,tawil_complete,tawil_complete
Omroo Al Kays,Moallaqa,23,وَبَيْضَةِ خِدْرٍ لَا يُرَامُ خِبَاؤُهَا,تَمَتَّعْتُ مِنْ لَهْوٍ بِهَا غَيْرَ مُعْجَلِ,Before Islam: VIth century,tawil_complete,tawil_complete
Omroo Al Kays,Moallaqa,24,تَجَاوَزْتُ أَحْرَاسًا إِلَيْهَا وَمَعْشَرًا,عَلَيَّ حِرَاصًا لَوْ يُسِرُّونَ مَقْتَلِي,Before Islam: VIth century,tawil_complete,tawil_complete
Omroo Al Kays,Moallaqa,25,إِذَا مَا الثُّرَيَّا فِي السَّمَاءِ تَعَرَّضَتْ,تَعَرُّضَ أَثْنَاءَ الوِشَاحِ المُفَصَّلِ,Before Islam: VIth century,tawil_complete,tawil_complete
Omroo Al Kays,Moallaqa,26,فَجِئْتُ وَقَدْ نَضَّتْ لِنَوْمٍ ثِيَابَهَا,لَدَى السِّتْرِ إِلَّا لِبْسَةَ المُتَفَضِّلِ,Before Islam: VIth century,tawil_complete,tawil_complete
Omroo Al Kays,Moallaqa,27,فَقَالَتْ يَمِينَ اللَّهِ مَا لَكَ حِيلَةٌ,وَمَا إِنْ أَرَى عَنْكَ الغَوَايَةَ تَنْجَلِي,Before Islam: VIth century,tawil_complete,tawil_complete
Omroo Al Kays,Moallaqa,28,خَرَجْتُ بِهَا تَمْشِي تَجُرُّ وَرَاءَنَا,عَلَى أَثَرَيْنَا ذَيْلَ مِرْطٍ مُرَحَّلِ,Before Islam: VIth century,tawil_complete,tawil_complete
Omroo Al Kays,Moallaqa,29,فَلَمَّا أَجَزْنَا سَاحَةَ الحَيِّ وَانْتَحَى,بِنَا بَطْنُ خَبْتٍ ذِي حِقَافٍ عَقَنْقَلِ,Before Islam: VIth century,tawil_complete,tawil_complete
Omroo Al Kays,Moallaqa,30,هَصَرْتُ بِفَوْدَيْ رَأْسِهَا فَتَمَايَلَتْ,عَلَيَّ هَضِيمَ الكَشْحِ رَيَّا المُخَلْخَلِ,Before Islam: VIth century,tawil_complete,tawil_complete
Omroo Al Kays,Moallaqa,31,مُهَفْهَفَةٌ بَيْضَاءُ غَيْرُ مُفَاضَةٍ,تَرَائِبُهَا مَصْقُولَةٌ كَالسَّجَنْجَلِ,Before Islam: VIth century,tawil_complete,tawil_complete
Omroo Al Kays,Moallaqa,32,كَبِكْرِ المُقَانَاةِ البَيَاضَ بِصُفْرَةٍ,غَذَاهَا نَمِيرُ المَاءِ غَيْرُ المُحَلَّلِ,Before Islam: VIth century,tawil_complete,tawil_complete
Omroo Al Kays,Moallaqa,33,تَصُدُّ وَتُبْدِي عَنْ أَسِيلٍ وَتَتَّقِي,بِنَاظِرَةٍ مِنْ وَحْشِ وَجْرَةَ مُطْفِلِ,Before Islam: VIth century,tawil_complete,tawil_complete
Omroo Al Kays,Moallaqa,34,وَجِيدٍ كَجِيدِ الرِّئْمِ لَيْسَ بِفَاحِشٍ,إِذَا هِيَ نَصَّتْهُو وَلَا بِمُعَطَّلِ,Before Islam: VIth century,tawil_complete,tawil_complete
Omroo Al Kays,Moallaqa,35,وَفَرْعٍ يَزِينُ المَتْنَ أَسْوَدَ فَاحِمٍ,أَثِيثٍ كَقِنْوِ النَّخْلَةِ المُتَعَثْكِلِ,Before Islam: VIth century,tawil_complete,tawil_complete
Omroo Al Kays,Moallaqa,36,غَدَائِرُهُو مُسْتَشْزِرَاتٌ إِلَى العُلَا,تَضِلُّ العِقَاصُ فِي مُثَنًّى وَمُرْسَلِ,Before Islam: VIth century,tawil_complete,tawil_complete
Omroo Al Kays,Moallaqa,37,وَكَشْحٍ لَطِيفٍ كَالجَدِيلِ مُخَصَّرٍ,وَسَاقٍ كَأُنْبُوبِ السَّقِيِّ المُذَلَّلِ,Before Islam: VIth century,tawil_complete,tawil_complete
Omroo Al Kays,Moallaqa,38,وَتُضْحِي فَتِيتُ المِسْكِ فَوْقَ فِرَاشِهَا,نَؤُومُ الضُّحَى لَمْ تَنْتَطِقْ عَنْ تَفَضُّلِ,Before Islam: VIth century,tawil_complete,tawil_complete
Omroo Al Kays,Moallaqa,39,وَتَعْطُو بِرَخْصٍ غَيْرَ شَثْنٍ كَأَنَّهُ,أَسَارِيعُ ظَبْيٍ أَوْ مَسَاوِيكُ إِسْحِلِ,Before Islam: VIth century,tawil_complete,tawil_complete
Omroo Al Kays,Moallaqa,40,تُضِيءُ الظَّلَامَ بِالعِشَاءِ كَأَنَّهَا,مَنَارَةُ مُمْسَى رَاهِبٍ مُتَبَتِّلِ,Before Islam: VIth century,tawil_complete,tawil_complete
Omroo Al Kays,Moallaqa,41,إِلَى مِثْلِهَا يَرْنُو الحَلِيمُ صَبَابَةً,إِذَا مَا ٱسْبَكَرَّتْ بَيْنَ دِرْعٍ وَمِجْوَلِ,Before Islam: VIth century,tawil_complete,tawil_complete
Omroo Al Kays,Moallaqa,42,تَسَلَّتْ عَمَايَاتُ الرِّجَالِ عَنِ الصِّبَا,وَلَيْسَ فُؤَادِي عَنْ هَوَاكِ بِمُنْسَلِ,Before Islam: VIth century,tawil_complete,tawil_complete
Omroo Al Kays,Moallaqa,43,أَلَا رُبَّ خَصْمٍ فِيكِ أَلْوَى رَدَدْتُهُ,نَصِيحٍ عَلَى تَعْذَالِهِ غَيْرِ مُؤْتَلِ,Before Islam: VIth century,tawil_complete,tawil_complete
Omroo Al Kays,Moallaqa,44,وَلَيْلٍ كَمَوْجِ البَحْرِ أَرْخَى سُدُولَهُ,عَلَيَّ بِأَنْوَاعِ الهُمُومِ لِيَبْتَلِي,Before Islam: VIth century,tawil_complete,tawil_complete
Omroo Al Kays,Moallaqa,45,فَقُلْتُ لَهُو لَمَّا تَمَطَّى بِصُلْبِهِ,وَأَرْدَفَ أَعْجَازاً وَنَاءَ بِكَلْكَلِ,Before Islam: VIth century,tawil_complete,tawil_complete
Omroo Al Kays,Moallaqa,46,أَلَا أَيُّهَا اللَّيْلُ الطَّوِيلُ أَلَا انْجَلِي,بِصُبْحٍ وَمَا الإِصْبَاحُ مِنْكَ بِأَمْثَلِ,Before Islam: VIth century,tawil_complete,tawil_complete
Omroo Al Kays,Moallaqa,47,كَأَنَّ الثُّرَيَّا عُلِّقَتْ فِي مَصَامِهَا,بِأَمْرَاسِ كَتَّانٍ إِلَى صُمِّ جَنْدَلِ,Before Islam: VIth century,tawil_complete,tawil_complete
Omroo Al Kays,Moallaqa,48,فَيَا لَكَ مِنْ لَيْلٍ كَأَنَّ نُجُومَهُ,بِكُلِّ مُغَارِ الفَتْلِ شُدَّتْ بِيَذْبُلِ,Before Islam: VIth century,tawil_complete,tawil_complete
Omroo Al Kays,Moallaqa,49,وَقِرْبَةِ أَقْوَامٍ جَعَلْتُ عِصَامَهَا,عَلَى كَاهِلٍ مِنِّي ذَلُولٍ مُرَحَّلِ,Before Islam: VIth century,tawil_complete,tawil_complete
Omroo Al Kays,Moallaqa,50,وَوَادٍ كَجَوْفِ العَيْرِ قَفْرٍ قَطَعْتُهُ,بِهِ الذِّئْبُ يَعْوِي كَالخَلِيعِ المُعَيَّلِ,Before Islam: VIth century,tawil_complete,tawil_complete
Omroo Al Kays,Moallaqa,51,فَقُلْتُ لَهُو لَمَّا عَوَى إِنَّ شَأْنَنَا,قَلِيلُ الغِنَى إِنْ كُنْتَ لَمَّا تَمَوَّلِ,Before Islam: VIth century,tawil_complete,tawil_complete
Omroo Al Kays,Moallaqa,52,كِلَانَا إِذَا مَا نَالَ شَيْئًا أَفَاتَهُ,وَمَنْ يَحْتَرِثْ حَرْثِي وَحَرْثَكَ يَهْزَلِ,Before Islam: VIth century,tawil_complete,tawil_complete
Omroo Al Kays,Moallaqa,53,وَقَدْ أَغْتَدِي وَالطَّيْرُ فِي وُكُنَاتِهَا,بِمُنْجَرِدٍ قَيْدِ الأَوَابِدِ هَيْكَلِ,Before Islam: VIth century,tawil_complete,tawil_complete
Omroo Al Kays,Moallaqa,54,مِكَرٍّ مِفَرٍّ مُقْبِلٍ مُدْبِرٍ مَعًا,كَجُلْمُودِ صَخْرٍ حَطَّهُ السَّيْلُ مِنْ عَلِ,Before Islam: VIth century,tawil_complete,tawil_complete
Omroo Al Kays,Moallaqa,55,كُمَيْتٍ يَزِلُّ اللَّبْدُ عَنْ حَالِ مَتْنِهِ,كَمَا زَلَّتِ الصَّفْوَاءُ بِالمُتَنَزِّلِ,Before Islam: VIth century,tawil_complete,tawil_complete
Omroo Al Kays,Moallaqa,56,عَلَى الذَّبْلِ جَيَّاشٍ كَأَنَّ اهْتِزَامَهُ,إِذَا جَاشَ فِيهِ حَمْيُهُو غَلْيُ مِرْجَلِ,Before Islam: VIth century,tawil_complete,tawil_complete
Omroo Al Kays,Moallaqa,57,مِسَحٍّ إِذَا مَا السَّابِحَاتُ عَلَى الوَنَى,أَثَرْنَ الغُبَارَ بِالكَدِيدِ المُرَكَّلِ,Before Islam: VIth century,tawil_complete,tawil_complete
Omroo Al Kays,Moallaqa,58,يُزِلُّ الغُلَامَ الخِفَّ عَنْ صَهَوَاتِهِ,وَيُلْوِي بِأَثْوَابِ العَنِيفِ المُثَقَّلِ,Before Islam: VIth century,tawil_complete,tawil_complete
Omroo Al Kays,Moallaqa,59,دَرِيرٍ كَخُذْرُوفِ الوَلِيدِ أَمَرَّهُ,تَتَابُعُ كَفَّيْهِ بِخَيْطٍ مُوَصَّلِ,Before Islam: VIth century,tawil_complete,tawil_complete
Omroo Al Kays,Moallaqa,60,لَهُ أَيْطَلَا ظَبْيٍ وَسَاقَا نَعَامَةٍ,وَإِرْخَاءُ سِرْحَانٍ وَتَقْرِيبُ تَتْفُلِ,Before Islam: VIth century,tawil_complete,tawil_complete
Omroo Al Kays,Moallaqa,61,ضَلِيعٍ إِذَا اسْتَدْبَرْتَهُ سَدَّ فَرْجَهُ,بِضَافٍ فُوَيْقَ الأَرْضِ لَيْسَ بِأَعْزَلِ,Before Islam: VIth century,tawil_complete,tawil_complete
Omroo Al Kays,Moallaqa,62,كَأَنَّ عَلَى المَتْنَيْنِ مِنْهُ إِذَا انْتَحَى,مَدَاكَ عَرُوسٍ أَوْ صَلَابَةَ حَنْظَلِ,Before Islam: VIth century,tawil_complete,tawil_complete
Omroo Al Kays,Moallaqa,63,كَأَنَّ دِمَاءَ الهَادِيَاتِ بِنَحْرِهِ,عُصَارَةُ حِنَّاءٍ بِشَيْبٍ مُرَجَّلِ,Before Islam: VIth century,tawil_complete,tawil_complete
Omroo Al Kays,Moallaqa,64,فَعَنَّ لَنَا سِرْبٌ كَأَنَّ نِعَاجَهُ,عَذَارَى دَوَارٍ فِي مُلَاءٍ مُذَيَّلِ,Before Islam: VIth century,tawil_complete,tawil_complete
Omroo Al Kays,Moallaqa,65,فَأَدْبَرْنَ كَالجِزْعِ المُفَصَّلِ بَيْنَهُ,بِجِيدِ مُعَمٍّ فِي العَشِيرَةِ مُخْوَلِ,Before Islam: VIth century,tawil_complete,tawil_complete
Omroo Al Kays,Moallaqa,66,فَأَلْحَقَنَا بِالهَادِيَاتِ وَدُونَهُ,جَوَاحِرُهَا فِي صَرَّةٍ لَمْ تُزَيَّلِ,Before Islam: VIth century,tawil_complete,tawil_complete
Omroo Al Kays,Moallaqa,67,فَعَادَى عِدَاءً بَيْنَ ثَوْرٍ وَنَعْجَةٍ,دِرَاكًا وَلَمْ يَنْضَحْ بِمَاءٍ فَيُغْسَلِ,Before Islam: VIth century,tawil_complete,tawil_complete
Omroo Al Kays,Moallaqa,68,فَظَلَّ طُهَاةُ اللَّحْمِ مِنْ بَيْنِ مُنْضِجٍ,صَفِيفَ شِوَاءٍ أَوْ قَدِيرٍ مُعَجَّلِ,Before Islam: VIth century,tawil_complete,tawil_complete
Omroo Al Kays,Moallaqa,69,وَرُحْنَا يَكَادُ الطَّرْفُ يَقْصُرُ دُونَهُ,مَتَى مَا تَرَقَّ العَيْنُ فِيهِ تَسَفَّلِ,Before Islam: VIth century,tawil_complete,tawil_complete
Omroo Al Kays,Moallaqa,70,وَبَاتَ عَلَيْهِ سَرْجُهُ وَلِجَامُهُ,وَبَاتَ بِعَيْنِي قَائِمًا غَيْرَ مُرْسَلِ,Before Islam: VIth century,tawil_complete,tawil_complete
Omroo Al Kays,Moallaqa,71,أَصَاحِ تَرَى بَرْقًا أُرِيكَ وَمِيضَهُ,كَلَمْعِ اليَدَيْنِ فِي حَبِيٍّ مُكَلَّلِ,Before Islam: VIth century,tawil_complete,tawil_complete
Omroo Al Kays,Moallaqa,72,يُضِيءُ سَنَاهُ أَوْ مَصَابِيحُ رَاهِبٍ,أَمَالَ السَّلِيطَ بِالذُّبَالِ المُفَتَّلِ,Before Islam: VIth century,tawil_complete,tawil_complete
Omroo Al Kays,Moallaqa,73,قَعَدْتُ لَهُو وَصُحْبَتِي بَيْنَ ضَارِجٍ,وَبَيْنَ العُذَيْبِ بُعْدَمَا مُتَأَمَّلِي,Before Islam: VIth century,tawil_complete,tawil_complete
Omroo Al Kays,Moallaqa,74,عَلَى قَطَنٍ بِالشَّيْمِ أَيْمَنُ صَوْبِهِ,وَأَيْسَرُهُو عَلَى السِّتَارِ فَيَذْبُلِ,Before Islam: VIth century,tawil_complete,tawil_complete
Omroo Al Kays,Moallaqa,75,فَأَضْحَى يَسُحُّ المَاءَ حَوْلَ كُتَيْفَةٍ,يَكُبُّ عَلَى الأَذْقَانِ دَوْحَ الكَنَهْبُلِ,Before Islam: VIth century,tawil_complete,tawil_complete
Omroo Al Kays,Moallaqa,76,وَمَرَّ عَلَى القَنَّانِ مِنْ نَفَيَانِهِ,فَأَنْزَلَ مِنْهُ العُصْمَ مِنْ كُلِّ مَنْزِلِ,Before Islam: VIth century,tawil_complete,tawil_complete
Omroo Al Kays,Moallaqa,77,وَتَيْمَاءَ لَمْ يَتْرُكْ بِهَا جِذْعَ نَخْلَةٍ,وَلَا أُطُمًا إِلَّا مَشِيدًا بِجَنْدَلِ,Before Islam: VIth century,tawil_complete,tawil_complete
Omroo Al Kays,Moallaqa,78,كَأَنَّ ثَبِيرًا فِي عَرَانِينِ وَبْلِهِ,كَبِيرُ أُنَاسٍ فِي بِجَادٍ مُزَمَّلِ,Before Islam: VIth century,tawil_complete,tawil_complete
Omroo Al Kays,Moallaqa,79,كَأَنَّ ذُرَى رَأْسِ المُجَيْمِرِ غُدْوَةً,مِنَ السَّيْلِ وَالأَغْثَاءِ فَلْكَةُ مِغْزَلِ,Before Islam: VIth century,tawil_complete,tawil_complete
Omroo Al Kays,Moallaqa,80,وَأَلْقَى بِصَحْرَاءِ الغَبِيطِ بَعَاعَهُ,نُزُولَ اليَمَانِي ذِي العِيَابِ المُحَمَّلِ,Before Islam: VIth century,tawil_complete,tawil_complete
Omroo Al Kays,Moallaqa,82,كَأَنَّ السِّبَاعَ فِيهِ غَرْقَى عَشِيَّةً,بِأَرْجَائِهِ القُصْوَى أَنَابِيشُ عُنْصُلِ,Before Islam: VIth century,tawil_complete,tawil_complete
Omroo Al Kays,Ya Dara Mawiyata,1,يَا دَارَ مَاوِيَّةَ بِالحَائِلِ,فَالسَّهْبِ فَالخَبْتَيْنِ مِنْ عَاقِلِ,Before Islam: VIth century,sarii_complete,sarii_complete
Omroo Al Kays,Ya Dara Mawiyata,2,صُمَّ صَدَاهَا وَعَفَا رَسْمُهُ,وَاسْتَعْجَمَتْ عَنْ مَنْطِقِ السَّائِلِ,Before Islam: VIth century,sarii_complete,sarii_complete
Omroo Al Kays,Ya Dara Mawiyata,3,قَوْلًا لِدُودَانَ عَبِيدِ العَصِي,مَا غَرَّكُمْ بِالأَسَدِ البَاسِلِ,Before Islam: VIth century,sarii_complete,sarii_complete
Omroo Al Kays,Ya Dara Mawiyata,4,قَدْ قَرَّتِ العَيْنَانِ مِنْ مَالِكٍ,وَمِنْ بَنِي عَمْرٍ وَمِنْ كَاهِلِ,Before Islam: VIth century,sarii_complete,sarii_complete
Omroo Al Kays,Ya Dara Mawiyata,5,وَمِنْ بَنِي غَنْمِ بْنِ دُودَانَ إِذْ,نَقْذِفُ أَعْلَاهُمْ عَلَى السَّافِلِ,Before Islam: VIth century,sarii_complete,sarii_complete
Omroo Al Kays,Ya Dara Mawiyata,6,نَطْعُنُهُمْ سُلْكَى وَمَخْلُوجَةً,كَرَّكَ لَأْمَيْنِ عَلَى نَابِلِ,Before Islam: VIth century,sarii_complete,sarii_complete
Omroo Al Kays,Ya Dara Mawiyata,7,إِذْ هُنَّ أَقْسَاطٌ كَرِجْلِ الدُّبَى,أَوْ كَقَطَا كَاظِمَةَ النَّاهِلِ,Before Islam: VIth century,sarii_complete,sarii_complete
Omroo Al Kays,Ya Dara Mawiyata,8,حَتَّى تَرَكْنَاهُمْ لَدَى مَعْرَكِي,أَرْجُلِهِمْ كَالخَشَبِ الشَّائِلِ,Before Islam: VIth century,sarii_complete,sarii_complete
Omroo Al Kays,Ya Dara Mawiyata,9,حَلَّتْ لِيَ الخَمْرُ وَكُنْتُو امَرَا,عَنْ شُرْبِهَا فِي شُغُلٍ شَاغِلِ,Before Islam: VIth century,sarii_complete,sarii_complete
Omroo Al Kays,Ya Dara Mawiyata,10,فَاليَوْمَ أُسْقَى غَيْرَ مُسْتَحْقِبٍ,إِثْمًا مِنَ اللَّهِ وَلَا وَاغِلِ,Before Islam: VIth century,sarii_complete,sarii_complete
Qays Ibn Al Molawah,Alaa Fasali Al Rokban,1,أَلَا فَاسْأَلِ الرُّكْبَانَ هَلْ سُقِيَ الحِمَى,نَدًى فَسَقَى اللَّهُ الحِمَى وَسَقَانِيَا,Amawi: VIIth - VIIIth,tawil_complete,tawil_complete
Qays Ibn Al Molawah,Alaa Fasali Al Rokban,2,وَأَسْأَلُ مَنْ لَاقَيْتُ عَنْ أُمِّ مَالِكٍ,فَهَلْ يَسْأَلَانِ الحَيَّ عَنْ كَيْفَ حَالِيَا,Amawi: VIIth - VIIIth,tawil_complete,tawil_complete
Qays Ibn Al Molawah,Alaa Fasali Al Rokban,3,فَوَدَّعْتُهُمْ عِنْدَ التَّفَرُّقِ ضَاحِكًا,إِلَيْهَا وَلَمْ أَعْلَمْ بِأَنْ لَا تَلَاقِيَا,Amawi: VIIth - VIIIth,tawil_complete,tawil_complete
Qays Ibn Al Molawah,Alaa Fasali Al Rokban,4,وَلَوْ كُنْتُ أَدْرِي أَنَّهُ آخِرُ اللُّقَا,بَكَيْتُ فَأَبْكَيْتُ الحَبِيبَ المُوَافِيَا,Amawi: VIIth - VIIIth,tawil_complete,tawil_complete
Qays Ibn Al Molawah,Alaa Fasali Al Rokban,5,هُوَ الحُبُّ لَا تَخْفِي سَوَاكِنُ جِدَّهُ,وَكَيْفَ وَيُبْدِي الدَّمْعُ مَا كَانَ خَافِيَا,Amawi: VIIth - VIIIth,tawil_complete,tawil_complete
Qays Ibn Al Molawah,Alaa Fasali Al Rokban,6,يَقُولُونَ لَيْلَى عِلْجَةٌ نَبَطِيَّةٌ,وَقَدْ حَبَّبَتْ لَيْلَى إِلَيَّ المَوَالِيَا,Amawi: VIIth - VIIIth,tawil_complete,tawil_complete
Qays Ibn Al Molawah,Alaa Fasali Al Rokban,7,أُحِبُّ المَوَالِي إِنْ سَكَنْتِ دِيَارَهُمْ,وَمَا لِلْمَوَالِي مِنْكِ شَيْءٌ وَلَا لِيَا,Amawi: VIIth - VIIIth,tawil_complete,tawil_complete
Qays Ibn Al Molawah,Alaa Fasali Al Rokban,8,فَيَا رَبِّ إِنْ صَيَّرْتَ لَيْلَى ضَجِيعَتِي,أُطِيلُ صِيَامِي دَائِمًا وَصَلَاتِيَا,Amawi: VIIth - VIIIth,tawil_complete,tawil_complete
Qays Ibn Al Molawah,Alaa Fasali Al Rokban,9,بَنِي عَمِّ لَيْلَى لَوْ شَكَوْتُ بَلِيَّتِي,إِلَى رَاهِبٍ فِي دَيْرِهِ لَرَثَى لِيَا,Amawi: VIIth - VIIIth,tawil_complete,tawil_complete
Qays Ibn Al Molawah,Alaa Fasali Al Rokban,10,إِذَا مَا تَدَاعَى فِي الأَنِينِ حَبَائِبٌ,دَعَوْتُكِ لَيْلَى أَنْ تُجِيبِي دُعَائِيَا,Amawi: VIIth - VIIIth,tawil_complete,tawil_complete
Qays Ibn Al Molawah,Alaa Fasali Al Rokban,11,فَلَا نَفَعَ اللَّهُ الطَّبِيبَ بِطِبِّهِ,وَلَا أَرْشَدَ اللَّهُ الحَكِيمَ المُدَاوِيَا,Amawi: VIIth - VIIIth,tawil_complete,tawil_complete
Qays Ibn Al Molawah,Alaa Fasali Al Rokban,12,أَتَيْتُ أَبَا لَيْلَى بِصَحْبِي وَنِسْوَتِي,وَجَمَّعْتُ جَمْعًا مِنْ رِجَالِ بِلَادِيَا,Amawi: VIIth - VIIIth,tawil_complete,tawil_complete
Qays Ibn Al Molawah,Alaa Fasali Al Rokban,13,بِأَنْ يَتَخَلَّى عَنْ قَسَاوَةِ قَلْبِهِ,فَزَادَ فِظَاظًا ثُمَّ رَامَ هَلَاكِيَا,Amawi: VIIth - VIIIth,tawil_complete,tawil_complete
Qays Ibn Al Molawah,Alaa Fasali Al Rokban,14,أَلَا قُلْ لَهُمْ مَا قَدْ تَرَى مِنْ صَبَابَتِي,وَمِنْ أَدْمُعٍ تَنْهَلُّ مِنِّي تَوَالِيَا,Amawi: VIIth - VIIIth,tawil_complete,tawil_complete
Qays Ibn Al Molawah,Alaa Fasali Al Rokban,15,وَمِنْ أَجْلِهَا أَحْبَبْتُ مَنْ لَا يُحِبُّنِي,وَمَنْ لَا يَزَالُ الدَّهْرُ فِيهَا مُعَادِيَا,Amawi: VIIth - VIIIth,tawil_complete,tawil_complete
Qays Ibn Al Molawah,Alaa Fasali Al Rokban,16,وَمِنْ أَجْلِهَا صَاحَبْتُ قَوْمًا تَعَصَّبُوا,عَلَيَّ وَلَمْ يَرْعُوا حُقُوقَ جَوَارِيَا,Amawi: VIIth - VIIIth,tawil_complete,tawil_complete
Safiy Al Din Al Hilli,Ayna Filhimaa Arabo,1,أَيْنَ فِي الحِمَى عَرَبٌ,لِي بِرَبْعِهِمْ أَرَبُ,Mamlouki: XIIIth - XVIth,moqtadab_complete,moqtadab_complete
Safiy Al Din Al Hilli,Ayna Filhimaa Arabo,2,كُلَّمَا ذَكَرْتُهُمُ,حَزَّنِي لَهُمْ طَرَبُ,Mamlouki: XIIIth - XVIth,moqtadab_complete,moqtadab_complete
Safiy Al Din Al Hilli,Ayna Filhimaa Arabo,3,جِيرَةٌ بِحَيِّهِمُ,لَيْسَ يُحْفَظُ الحَسَبُ,Mamlouki: XIIIth - XVIth,moqtadab_complete,moqtadab_complete
Safiy Al Din Al Hilli,Ayna Filhimaa Arabo,4,العُهُودُ وَالحُقُو,قُ عِنْدَهُمْ تُغْتَصَبُ,Mamlouki: XIIIth - XVIth,moqtadab_complete,ramal_partial
Safiy Al Din Al Hilli,Ayna Filhimaa Arabo,5,فِي خِيَامِهِمْ قَمَرٌ,بِالصِّفَاحِ مُحْتَجِبُ,Mamlouki: XIIIth - XVIth,moqtadab_complete,moqtadab_complete
Safiy Al Din Al Hilli,Ayna Filhimaa Arabo,6,رِيقُهُ مُعَتَّقَةٌ,ثَغْرُهُ لَهَا حَبَبُ,Mamlouki: XIIIth - XVIth,moqtadab_complete,moqtadab_complete
Safiy Al Din Al Hilli,Ayna Filhimaa Arabo,7,بِتُّ فِي دِيَارِهِمُو,وَالفُؤَادُ مُكْتَئِبُ,Mamlouki: XIIIth - XVIth,moqtadab_complete,moqtadab_complete
Safiy Al Din Al Hilli,Ayna Filhimaa Arabo,8,الدُّمُوعُ هَاطِلَةٌ,وَالضُّلُوعُ تَلْتَهِبُ,Mamlouki: XIIIth - XVIth,moqtadab_complete,moqtadab_complete
Safiy Al Din Al Hilli,Ayna Filhimaa Arabo,9,إِنَّ لِلْغَرَامِ يَدًا,مَسَّنِي بِهَا العَطَبُ,Mamlouki: XIIIth - XVIth,moqtadab_complete,moqtadab_complete
Safiy Al Din Al Hilli,Ayna Filhimaa Arabo,10,إِنْ قَضَيْتُ فِيهِ أَسًى,فَهْوَ بَعْضُ مَا يَجِبُ,Mamlouki: XIIIth - XVIth,moqtadab_complete,moqtadab_complete
Safiy Al Din Al Hilli,Ayna Filhimaa Arabo,11,أَبْدَتِ الوُشَاةُ رِضًى,مِنْهُ يُلْحَظُ الغَضَبُ,Mamlouki: XIIIth - XVIth,moqtadab_complete,moqtadab_complete
Safiy Al Din Al Hilli,Ayna Filhimaa Arabo,12,الوُجُوهُ ضَاحِكَةٌ,وَالقُلُوبُ تَنْتَحِبُ,Mamlouki: XIIIth - XVIth,moqtadab_complete,moqtadab_complete
Safiy Al Din Al Hilli,Ayna Filhimaa Arabo,13,لَوْ أَتُوا بِمَكْرُمَةٍ,أَعْتَبُوا وَمَا عَتَبُوا,Mamlouki: XIIIth - XVIth,moqtadab_complete,moqtadab_complete
Safiy Al Din Al Hilli,Ayna Filhimaa Arabo,14,فَالغَرَامُ نَارُ لَظًى,عَذْلُهُمْ لَهَا حَطَبُ,Mamlouki: XIIIth - XVIth,moqtadab_complete,moqtadab_complete
Safiy Al Din Al Hilli,Chakawto Ilayki aljawaa,1,شَكَوْتُ إِلَيْكِ الجَوَى,فَلَمْ تَسْمَحِي بِالذَّوَى,Mamlouki: XIIIth - XVIth,motaqaarib_partial,motaqaarib_partial
Safiy Al Din Al Hilli,Chakawto Ilayki aljawaa,2,فَمُذْ طَالَ عُمْدُ النَّوَى,جَعَلْتُ إِلَيْكَ الهَوَى,Mamlouki: XIIIth - XVIth,motaqaarib_partial,motaqaarib_partial
Safiy Al Din Al Hilli,Chakawto Ilayki aljawaa,3,شَفِيعًا فَلَمْ تُشْفِعِي,صَرَمْتِ حِبَالَ الوَفَا,Mamlouki: XIIIth - XVIth,motaqaarib_partial,motaqaarib_partial
Safiy Al Din Al Hilli,Chakawto Ilayki aljawaa,4,وَكَدَّرْتِنِي بِالجَفَا,فَحَاوَلْتُ مِنْكَ الصَّفَا,Mamlouki: XIIIth - XVIth,motaqaarib_partial,motaqaarib_partial
Safiy Al Din Al Hilli,Chakawto Ilayki aljawaa,5,وَنَادَيْتُ مُسْتَعْطِفَا,رِضَاكِ فَلَمْ تَسْمَعِي,Mamlouki: XIIIth - XVIth,motaqaarib_partial,motaqaarib_partial
Safiy Al Din Al Hilli,Chakawto Ilayki aljawaa,6,تُرَاكِ إِذَا مَا اشْتَفَى,عِدَاكِ وَزَالَ الخَفَا,Mamlouki: XIIIth - XVIth,motaqaarib_partial,motaqaarib_partial
Safiy Al Din Al Hilli,Chakawto Ilayki aljawaa,7,وَأَمْرَضْتَنِي بِالجَفَا,أَتَارِكَتِي مُدْنَفَا,Mamlouki: XIIIth - XVIth,motaqaarib_partial,motaqaarib_partial
Safiy Al Din Al Hilli,Chakawto Ilayki aljawaa,8,أَخَا جَسَدٍ مُوجَعِ,تُرَى هَلْ لِعَيْشِي رُجُوعُ,Mamlouki: XIIIth - XVIth,motaqaarib_partial,motaqaarib_partial
Safiy Al Din Al Hilli,Chakawto Ilayki aljawaa,9,بِمُؤْنِسَتِي فِي الرُّبُوعِ,وَفَاجِعَتِي بِالهُجُوعِ,Mamlouki: XIIIth - XVIth,motaqaarib_partial,motaqaarib_partial
Safiy Al Din Al Hilli,Chakawto Ilayki aljawaa,10,وَمُغْرِقَتِي بِالدُّمُوعِ,وَقَدْ أَحْرَقَتْ أَضْلُعِي,Mamlouki: XIIIth - XVIth,motaqaarib_partial,motaqaarib_partial
Safiy Al Din Al Hilli,Chakawto Ilayki aljawaa,11,لَقَدْ كُنْتُ طَوْعَ الهَوَى,وَنَحْنُ بِحَالٍ سَوَا,Mamlouki: XIIIth - XVIth,motaqaarib_partial,motaqaarib_partial
Safiy Al Din Al Hilli,Chakawto Ilayki aljawaa,12,فَكَيْفَ أَكُفُّ النَّوَى,وَفُؤَادِي قَدِ انْكَوَى,Mamlouki: XIIIth - XVIth,motaqaarib_partial,motaqaarib_partial
Safiy Al Din Al Hilli,Chakawto Ilayki aljawaa,13,فَبِالنَّظَرِ المُطْمِعِي,أَطَعْتُ فَعَاصَيْتِنِي,Mamlouki: XIIIth - XVIth,motaqaarib_partial,motaqaarib_partial
Safiy Al Din Al Hilli,Chakawto Ilayki aljawaa,14,وَبِالصَّبْرِ أَوْصَيْتِنِي,فَمُذْ قُلْتُ خَصَّيْتِنِي,Mamlouki: XIIIth - XVIth,motaqaarib_partial,motaqaarib_partial
Safiy Al Din Al Hilli,Chakawto Ilayki aljawaa,15,جَفَوْتِ وَأَقْصَيْتِنِي,فَهَلَّا وَقَلْبِي مَعِي,Mamlouki: XIIIth - XVIth,motaqaarib_partial,motaqaarib_partial
Siham Al Brahmi,Bariiqo Al Hibr,1,بَرِيقُ الحِبْرِ فِي حَرْفِي,كَدَمْعٍ قَطْرُهُ عَذْبُ,Modern,hazaj_complete,hazaj_complete
Siham Al Brahmi,Bariiqo Al Hibr,2,كَلَمْعِ الطَّلِّ فِي حَرٍّ,سَقَاهُ الغَيْثُ وَالصَّبُّ,Modern,hazaj_complete,hazaj_complete
Siham Al Brahmi,Bariiqo Al Hibr,3,لِيَجْرِي سَيْلُهُ مَدًّا,عَلَى الأَوْرَاقِ يَنْصَبُّ,Modern,hazaj_complete,hazaj_complete
Siham Al Brahmi,Bariiqo Al Hibr,4,فَيَكْسِي حَرْثَهَا زَرْعًا,وَنَبْتًا فَرْعُهُ هُدْبُ,Modern,hazaj_complete,hazaj_complete
Siham Al Brahmi,Bariiqo Al Hibr,5,بِشِعْرٍ نَقْشُهُ شَذْرٌ,وَنَثْرٍ لُبُّهُ حُبُّ,Modern,hazaj_complete,hazaj_complete
Siham Al Brahmi,Bariiqo Al Hibr,6,وَتَفْصِيلٍ عَلَى نَظْمٍ,مُقَفَّى سَجْعُهُ خَصْبٌ,Modern,hazaj_complete,hazaj_complete
Siham Al Brahmi,Bariiqo Al Hibr,7,بِنَفْسِي فَاضَ تَصْوِيرِي,بَيَانًا سِحْرُهُ عَذْبُ,Modern,hazaj_complete,hazaj_complete
Siham Al Brahmi,Bariiqo Al Hibr,8,يُغَذِّي الرُّوحَ مِنْ سَهْمٍ,دَعَاهُ العَقْلُ وَ القَلْبُ,Modern,hazaj_complete,hazaj_complete
Siham Al Brahmi,Bariiqo Al Hibr,9,بِرِيقٍ مِنْ لِسَانِي فِي,مَقَالِي ذِكْرُهُ رَطْبُ,Modern,hazaj_complete,hazaj_complete
Siham Al Brahmi,Bariiqo Al Hibr,10,فَإِنْ خِبْتُ فَمِنْ نَفْسِي,وَشَيْطَانِي لَهُ الحَرْبُ,Modern,hazaj_complete,hazaj_complete
Siham Al Brahmi,Bariiqo Al Hibr,11,وَإِنْ وُفِّقْتُ فَالمَعْنَى,صَوَابٌ سَاقَهُ الرَّبُ,Modern,hazaj_complete,hazaj_complete
Souleyman Ben Sahman,Yaa Taarikan Limaraadi Allah,1,يَا تَارِكًا لِمَرَاضِي اللَّهِ أَوْطَانَا,وَسَالِكًا فِي طَرِيقِ العِلْمِ أَحْزَانَا,Modern,bassit_complete,bassit_complete
Souleyman Ben Sahman,Yaa Taarikan Limaraadi Allah,2,كُنْ بَاذِلَ الجِدِّ فِي عِلْمِ الحَدِيثِ تَنَلْ,كُلَّ العُلُومِ وَكُنْ بِالأَصْلِ مُشْتَانَا,Modern,bassit_complete,bassit_complete
Souleyman Ben Sahman,Yaa Taarikan Limaraadi Allah,3,فَالعِلْمُ أَفْضَلُ مَطْلُوبٍ وَطَالِبُهُ,مِنْ أَكْمَلِ النَّاسِ مِيزَانًا وَرُجْحَانَا,Modern,bassit_complete,bassit_complete
Souleyman Ben Sahman,Yaa Taarikan Limaraadi Allah,4,وَالعِلْمُ نُورٌ فَكُنْ بِالعِلْمِ مُعْتَصِمًا,إِنْ رِمْتَ فَوْزًا لَدَى الرَّحْمَانِ مَوْلَانَا,Modern,bassit_complete,bassit_complete
Souleyman Ben Sahman,Yaa Taarikan Limaraadi Allah,5,وَهْوَ النَّجَاةُ وَفِيهِ الخَيْرُ أَجْمَعُهُ,وَالجَاهِلُونَ أَخَفُّ النَّاسِ مِيزَانَا,Modern,bassit_complete,bassit_complete
Souleyman Ben Sahman,Yaa Taarikan Limaraadi Allah,6,وَالعِلْمُ يَرْفَعُ بَيْتًا كَانَ مُنْخَفِضًا,وَالجَهْلُ يَجْحَفُهُ لَوْ كَانَ مَا كَانَا,Modern,bassit_complete,bassit_complete
Souleyman Ben Sahman,Yaa Taarikan Limaraadi Allah,7,وَأَرْفَعِ النَّاسَ أَهْلَ العِلْمِ مَنْزِلَةً,وَأَوْضِعِ النَّاسَ مَنْ قَدْ كَانَ حَيْرَانَا,Modern,bassit_complete,bassit_complete
Souleyman Ben Sahman,Yaa Taarikan Limaraadi Allah,8,لَا يَهْتَدِي لِطَرِيقِ الحَقِّ مَنْ عَمَهُ,بَلْ كَانَ بِالجَهْلِ مِمَّنْ نَالَ خُسْرَانَا,Modern,bassit_complete,bassit_complete
Souleyman Ben Sahman,Yaa Taarikan Limaraadi Allah,9,تَلْقَاهُ بَيْنَ الوَرَى بِالجَهْلِ مُنْكَسِرًا,لَا يَدْرِ مَا زَانَ فِي النَّاسِ وَمَا شَانَا,Modern,bassit_complete,bassit_complete
Souleyman Ben Sahman,Yaa Taarikan Limaraadi Allah,10,وَالعِلْمُ يَرْفَعُهُ فَوْقَ الوَرَى دَرَجًا,وَالنَّاسُ تَعْرِفُهُ بِالفَضْلِ إِذْعَانَا,Modern,bassit_complete,bassit_complete
Souleyman Ben Sahman,Yaa Taarikan Limaraadi Allah,11,وَطَالِبُ العِلْمِ إِنْ يُظْفِرْ بِبُغْيَتِهِ,يَنَالُ بِالعِلْمِ غُفْرَانًا وَرِضْوَانَا,Modern,bassit_complete,bassit_complete
Souleyman Ben Sahman,Yaa Taarikan Limaraadi Allah,12,فَاطْلُبْهُ لِلَّهِ لَا لِلْجَاهِ مُرْتَجِيًا,فَضْلًا وَفَوْزًا وَإِحْسَانًا وَإِيمَانَا,Modern,bassit_complete,bassit_complete
Souleyman Ben Sahman,Yaa Taarikan Limaraadi Allah,13,وَاطْلُبْهُ مُجْتَهِدًا مَا عِشْتَ مُحْتَسِبًا,لَا تَبْتَغِي بَدَلًا إِنْ كُنْتَ يَقْظَانَا,Modern,bassit_complete,bassit_complete
Souleyman Ben Sahman,Yaa Taarikan Limaraadi Allah,14,مَنْ نَالَهُ نَالَ فِي الدَّارَيْنِ مَنْزِلَةً,أَوْ فَاتَهُ نَالَ خُسْرَانًا وَنُقْصَانَا,Modern,bassit_complete,bassit_complete
Souleyman Ben Sahman,Yaa Taarikan Limaraadi Allah,15,وَيَا ذَلِ الجِدِّ فِي تَحْصِيلِهِ زَمَنًا,وَلَمْ يَكُنْ نَالَ بَعْدَ الجِدِّ عِرْفَانَا,Modern,bassit_complete,bassit_complete
Souleyman Ben Sahman,Yaa Taarikan Limaraadi Allah,16,فَلَنْ يَضِيعُ لَهُ سَعْيٌ وَلَا عَمَلٌ,عِنْدَ الإِلَهِ وَلَا يُولِيهِ خُسْرَانَا,Modern,bassit_complete,bassit_complete
Souleyman Ben Sahman,Yaa Taarikan Limaraadi Allah,17,فَطَالِبُ العِلْمِ إِنْ أَصْفَى سَرِيرَتِهِ,يَنَالُ مِنْ رَبِّنَا عَفْوًا وَغُفْرَانَا,Modern,bassit_complete,bassit_complete
Souleyman Ben Sahman,Yaa Taarikan Limaraadi Allah,18,فَالعِلْمُ يَرْفَعُهُ فِي الخُلْدِ مَنْزِلَةً,وَالجَهْلُ يُصْلِيهِ يَوْمَ الحَشْرِ نِيرَانَا,Modern,bassit_complete,bassit_complete
Souleyman Ben Sahman,Yaa Taarikan Limaraadi Allah,19,وَالجَهْلُ فِي هَذِهِ الدُّنْيَا يُنَقِّصُهُ,وَاللَّمُ يَكْسُوهُ تَاجُ العِزِّ إِعْلَانَا,Modern,bassit_complete,bassit_complete
Souleyman Ben Sahman,Yaa Taarikan Limaraadi Allah,20,وَإِنْ تُرِدْ نَهْجَ هَذَا العِلْمِ تَسْلُكُهُ,أَوْ رِمْتَ يَوْمًا لِمَا قَدْ قُلْتَ بُرْهَانَا,Modern,bassit_complete,bassit_complete
Souleyman Ben Sahman,Yaa Taarikan Limaraadi Allah,21,فَأَلْقِ سَمْعًا لِمَا أَبْدَى وَكُنْ يَقِظًا,وَلَا تَكُنْ غَافِلًا عَنْ ذَاكَ كَسْلَانَا,Modern,bassit_complete,bassit_complete
Souleyman Ben Sahman,Yaa Taarikan Limaraadi Allah,22,قَدْ أَلَّفَ الشَّيْخُ فِي التَّوْحِيدِ مُخْتَصَرًا,يَكْفِي أَخَا اللُّبِّ إِيضَاحًا وَتِبْيَانَا,Modern,bassit_complete,bassit_complete
Souleyman Ben Sahman,Yaa Taarikan Limaraadi Allah,23,فِيهِ البَيَانُ لِتَوْحِيدِ الإِلَهِ بِمَا,قَدْ يَفْعَلُ العَبْدُ لِلطَّاعَاتِ إِيمَانَا,Modern,bassit_complete,bassit_complete
Souleyman Ben Sahman,Yaa Taarikan Limaraadi Allah,24,حُبًّا وَخَوْفًا وَتَعْظِيمًا لَهُ وَجَلَا,وَخِشْيَةً مِنْهُ لِلرَّحْمَانِ إِذْعَانَا,Modern,bassit_complete,bassit_complete
Souleyman Ben Sahman,Yaa Taarikan Limaraadi Allah,25,كَذَاكَ نَذْرًا وَذَبْحًا وَاسْتِغَاثَتِنَا,وَالإِسْتِعَانَةُ بِالمَعْبُودِ مَوْلَانَا,Modern,bassit_complete,bassit_complete
Souleyman Ben Sahman,Yaa Taarikan Limaraadi Allah,26,وَغَيْرَ ذَلِكَ مِمَّا كَانَ يَفْعَلُهُ,لِلَّهِ مِنْ طَاعَةٍ سِرًّا وَإِعْلَانَا,Modern,bassit_complete,bassit_complete
Souleyman Ben Sahman,Yaa Taarikan Limaraadi Allah,27,وَفِيهِ تَوْحِيدَنَا رَبُّ العِبَادِ بِمَا,قَدْ يَفْعَلُ اللَّهُ أَحْكَامًا وَإِتْقَانَا,Modern,bassit_complete,bassit_complete
Souleyman Ben Sahman,Yaa Taarikan Limaraadi Allah,28,خَلْقًا وَرِزْقًا وَإِحْيَاءً وَمَقْدِرَةً,بِالإِخْتِرَاعِ لِمَا قَدْ شَاءَ أَوْ كَانَا,Modern,bassit_complete,bassit_complete
Souleyman Ben Sahman,Yaa Taarikan Limaraadi Allah,29,وَيُخْرِجُ الأَمْرَ عَنْ طُوقِ العِبَادِ لَهُ,وَذَاكَ مِنْ شَأْنِهِ أَعْظِمْ بِهِ شَانَا,Modern,bassit_complete,bassit_complete
Souleyman Ben Sahman,Yaa Taarikan Limaraadi Allah,30,وَفِيهِ تَوْحِيدَنَا الرَّحْمَانُ إِنَّ لَهُ,صِفَاةُ مَجْدٍ وَأَسْمَاءُ لِمَوْلَانَا,Modern,bassit_complete,bassit_complete
Souleyman Ben Sahman,Yaa Taarikan Limaraadi Allah,31,تِسْعٌ وَتِسْعُونَ إِسْمًا غَيْرَ مَا خَفِيَتْ,لَا يَسْتَطِيعُ لَهَا الإِنْسَانُ حُسْبَانَا,Modern,bassit_complete,bassit_complete
Souleyman Ben Sahman,Yaa Taarikan Limaraadi Allah,32,مِمَّا بِهِ اسْتَأْثَرَ الرَّحْمَانُ خَالِقَنَا,أَوْ كَانَ عَلَّمَهُ الرَّحْمَانُ إِنْسَانَا,Modern,bassit_complete,bassit_complete
Souleyman Ben Sahman,Yaa Taarikan Limaraadi Allah,33,نَمُرُّهَا كَيْفَ جَاءَتْ لَا نُكَفِّيهَا,بَلْ لَا نُؤَوِّلُهَا تَأْوِيلَ مَنْ مَانَا,Modern,bassit_complete,bassit_complete
Souleyman Ben Sahman,Yaa Taarikan Limaraadi Allah,34,وَفِيهِ تِبْيَانُ إِشْرَاكٍ يُنَاقِضُهُ,بَلْ مَا يُنَافِيهِ مِنْ كُفْرَانِ مَنْ خَانَا,Modern,bassit_complete,bassit_complete
Souleyman Ben Sahman,Yaa Taarikan Limaraadi Allah,35,أَوْ كَانَ يَقْدِحُ فِي التَّوْحِيدِ مِنْ بِدَعٍ,شَنْعَاءَ أَحْدَثُهَا مَنْ كَانَ فَتَّانَا,Modern,bassit_complete,bassit_complete
Souleyman Ben Sahman,Yaa Taarikan Limaraadi Allah,36,أَوِ المَعَاصِي الَّتِي تُزْرِي بِفَاعِلِهَا,مِمَّا يُنَقِّصُ تَوْحِيدًا وَإِيمَانَا,Modern,bassit_complete,bassit_complete
Souleyman Ben Sahman,Yaa Taarikan Limaraadi Allah,37,فَسَاقَ أَنْوَاعَ تَوْحِيدِ الإِلَهِ كَمَا,قَدْ كَانَ يَعْرِفُهُ مَنْ كَانَ يَقْظَانَا,Modern,bassit_complete,bassit_complete
Souleyman Ben Sahman,Yaa Taarikan Limaraadi Allah,38,وَسَاقَ فِيهِ الَّذِي قَدْ كَانَ يَنْقُصُهُ,لِتَعْرِفَ الحَقَّ بِالأَضْدَادِ إِمْعَانَا,Modern,bassit_complete,bassit_complete
Souleyman Ben Sahman,Yaa Taarikan Limaraadi Allah,39,مُضَمِّنًا كُلَّ بَابٍ مِنْ تَرَاجِمِهِ,مِنَ النُّصُوصِ أَحَادِيثًا وَقُرْآنَا,Modern,bassit_complete,bassit_complete
Souleyman Ben Sahman,Yaa Taarikan Limaraadi Allah,40,الشَّيْخُ ضَمَّنَهُ مَا يَطْمَئِنُّ لَهُ,قَلْبُ المُوَحِّدِ إِيضَاحًا وَتِبْيَانَا,Modern,bassit_complete,bassit_complete
Souleyman Ben Sahman,Yaa Taarikan Limaraadi Allah,41,فَاشْدُدْ يَدَيْكَ بِهَذَا الأَصْلِ مُعْتَصِمًا,يُورِثْكَ فِيمَا سِوَى لِلَّهِ عِرْفَانَا,Modern,bassit_complete,bassit_complete
Souleyman Ben Sahman,Yaa Taarikan Limaraadi Allah,42,وَانْظُرْ بِقَلْبِكَ فِي مَبْنَى تَرَاجِمِهِ,تَلْقَى هُنَالِكَ لِلتَّحْقِيقِ عُنْوَانَا,Modern,bassit_complete,bassit_complete
Souleyman Ben Sahman,Yaa Taarikan Limaraadi Allah,43,وَلِلْمَسَائِلِ فَانْظُرْ تَلْقَهَا حِكَمًا,يَزْدَادُ مِنْهُنَّ أَهْلُ العِلْمِ إِنْقِسَمَا,Modern,bassit_complete,bassit_complete
Souleyman Ben Sahman,Yaa Taarikan Limaraadi Allah,44,وَقُلْ جَزَا اللَّهُ شَيْخَ المُسْلِمِينَ كَمَا,قَدْ شَادَ لِلْمِلَّةِ السَّمْحَاءِ أَرْكَانَا,Modern,bassit_complete,bassit_complete
Souleyman Ben Sahman,Yaa Taarikan Limaraadi Allah,45,فَقَامَ لِلَّهِ يَدْعُو النَّاسَ مُجْتَهِدًا,حَتَّى اسْتَجَابَ لَهُ مَثْنًى وَوِحْدَانَا,Modern,bassit_complete,bassit_complete
Souleyman Ben Sahman,Yaa Taarikan Limaraadi Allah,46,وَوَحِّدُوا اللَّهَ حَقًّا لَا شَرِيكَ لَهُ,مِنْ بَعْدِ مَا انْهَمَكُوا فِي الكُفْرِ أَزْمَانَا,Modern,bassit_complete,bassit_complete
Souleyman Ben Sahman,Yaa Taarikan Limaraadi Allah,47,وَأَصْبَحَ النَّاسُ بَعْدَ الجَهْلِ قَدْ عَلِمُوا,وَطَالَ مَا هَدَمُوا لِلدِّينِ بُغْيَانَا,Modern,bassit_complete,bassit_complete
Souleyman Ben Sahman,Yaa Taarikan Limaraadi Allah,48,وَأَظْهَرَ اللَّهُ هَذَا الدِّينَ وَانْتَشَرَتْ,أَحْكَامُهُ فِي الوَرَى مِنْ بَعْدِ أَنْ كَانَا,Modern,bassit_complete,bassit_complete
Souleyman Ben Sahman,Yaa Taarikan Limaraadi Allah,49,بِالجَهْلِ وَالكُفْرِ قَدْ أُرْسَتْ مَعَالِمُهُ,لَا يَعْرِفُ النَّاسُ إِلَّا الكُفْرَ أَزْمَانَا,Modern,bassit_complete,bassit_complete
Souleyman Ben Sahman,Yaa Taarikan Limaraadi Allah,50,يَدْعُونَ غَيْرَ الإِلَهِ الحَقِّ مِنْ سَفَهٍ,وَيَطْلُبُونَ مِنَ الأَمْوَاتِ غُفْرَانَا,Modern,bassit_complete,bassit_complete
Souleyman Ben Sahman,Yaa Taarikan Limaraadi Allah,51,وَيَنْكِسُونَ لِغَيْرِ اللَّهِ مَا ذَبَحُوا,وَيُنْذِرُونَ لِغَيْرِ اللَّهِ قُرْبَانَا,Modern,bassit_complete,bassit_complete
Souleyman Ben Sahman,Yaa Taarikan Limaraadi Allah,52,وَيَسْتَغِيثُونَ بِالأَمْوَاتِ إِنْ عَظُمَتْ,وَأَعْضَلَتْ شِدَّةٌ مِنْ حَادِثٍ كَانَا,Modern,bassit_complete,bassit_complete
Souleyman Ben Sahman,Yaa Taarikan Limaraadi Allah,53,وَيَنْدِبُونَ لَهَا زَيْدًا لِيَشْفِيهَا,بَلْ يَنْدُبُونَ لَهَا تَاجًا وَشَمْسَانَا,Modern,bassit_complete,bassit_complete
Souleyman Ben Sahman,Yaa Taarikan Limaraadi Allah,54,فَزَالَ عَنَّا ظَلَامَ الكُفْرِ وَانْطَمَسَتْ,أَعْلَامُهُ وَاسْتَزَادَ الدِّينَ إِعْلَانَا,Modern,bassit_complete,bassit_complete
Souleyman Ben Sahman,Yaa Taarikan Limaraadi Allah,55,بِاللَّهِ ثُمَّ بِهَذَا الشَّيْخِ حِينَ دَعَا,مَنْ صَدَّ أَوْ نَدَّ عَنْ تَوْحِيدِ مَوْلَانَا,Modern,bassit_complete,bassit_complete
Souleyman Ben Sahman,Yaa Taarikan Limaraadi Allah,56,فَلَيْسَ مِنْ أَحَدٍ يَدْعُو وَلِيجَتَهُ,يَوْمًا بِنَجْدٍ وَلَا يَدْعُونَ أَوْثَانَا,Modern,bassit_complete,bassit_complete
Souleyman Ben Sahman,Yaa Taarikan Limaraadi Allah,57,بَلِ الدُّعَا كُلُّهُ وَالدِّينُ أَجْمَعُهُ,لِلَّهِ لَا لِسِوَى الرَّحْمَانِ إِيمَانَا,Modern,bassit_complete,bassit_complete
Souleyman Ben Sahman,Yaa Taarikan Limaraadi Allah,58,فَاللَّهُ يُعْلِيهِ فِي الفِرْدَوْسِ مَنْزِلَةً,فَضْلًا وَجُودًا وَتَكْرِيمًا وَإِحْسَانَا,Modern,bassit_complete,bassit_complete
Souleyman Ben Sahman,Yaa Taarikan Limaraadi Allah,59,وَاللَّهُ يُولِيهِ أَلْطَافًا وَمَغْفِرَةً,وَرَحْمَةً مِنْهُ إِحْسَانًا وَرِضْوَانَا,Modern,bassit_complete,bassit_complete
Souleyman Ben Sahman,Yaa Taarikan Limaraadi Allah,60,ثُمَّ الصَّلَاةَ عَلَى المَعْصُومِ سَيِّدُنَا,أَزْكَى البَرِيَّةِ إِيمَانَا وَعِرْفَانَا,Modern,bassit_complete,bassit_complete
Souleyman Ben Sahman,Yaa Taarikan Limaraadi Allah,61,مَا مَاضَ بَرْقٌ وَمَا هِبْتَ النَّسِيمُ وَمَا,مَسَّ الحَجِيجُ لِبَيْتِ اللَّهِ أَرْكَانَا,Modern,bassit_complete,bassit_complete
Souleyman Ben Sahman,Yaa Taarikan Limaraadi Allah,62,أَوْ قَهْقَهَ الرَّعْدُ فِي هَدْبَاءِ مِدْحَتِهِ,أَوْ نَاحَ طَيْرٌ عَلَى الأَغْصَانِ أَزْمَانَا,Modern,bassit_complete,bassit_complete
Souleyman Ben Sahman,Yaa Taarikan Limaraadi Allah,63,وَالآلُ وَالصَّحْبُ ثُمَّ التَّابِعِينَ لَهُمْ,عَلَى المَحَجَّةِ إِيمَانًا وَإِحْسَانَا,Modern,bassit_complete,bassit_complete
Taabbata Charran,Inna Bi Chaabi,1,إِنَّ بِالشَّعْبِ الَّذِي دُونَ سَلْعٍ,لَقَتِيلًا دَمُهُو مَا يُطَلُّ,Before Islam: VIth century,madid_complete,madid_complete
Taabbata Charran,Inna Bi Chaabi,2,خَلَّفَ العِبْءَ عَلَيَّ وَوَلَّى,أَنَا بِالعِبْءِ لَهُ مُسْتَقِلُّ,Before Islam: VIth century,madid_complete,madid_complete
Taabbata Charran,Inna Bi Chaabi,3,وَوَرَاءَ الثَّأْرِ مِنِّي ابْنُ أُخْتٍ,مَصِعٌ عُقْدَتُهُو مَا تُحَلُّ,Before Islam: VIth century,madid_complete,madid_complete
Taabbata Charran,Inna Bi Chaabi,4,مُطْرِقٌ يَرْشُحُ سُمًّا كَمَا أَطْ,رَقَ أَفْعَى يَنْفُثُ السُّمَّ صِلُّ,Before Islam: VIth century,madid_complete,madid_complete
Taabbata Charran,Inna Bi Chaabi,5,خَبَرٌ مَا نَابَنَا مُصْمَئِلٌّ,جَلَّ حَتَّى دَقَّ فِيهِ الأَجَلُّ,Before Islam: VIth century,madid_complete,madid_complete
Taabbata Charran,Inna Bi Chaabi,6,بَزَّنِي الدَّهْرُ وَكَانَ غَشُومًا,بِأَبِيٍّ جَارُهُو مَا يُذَلُّ,Before Islam: VIth century,madid_complete,madid_complete
Taabbata Charran,Inna Bi Chaabi,7,شَامِسٌ فِي القُرِّ حَتَّى إِذَا مَا,ذَكَتِ الشِّعْرَى فَبَرْدٌ وَظِلُّ,Before Islam: VIth century,madid_complete,madid_complete
Taabbata Charran,Inna Bi Chaabi,8,يَابِسَ الجَنْبَيْنِ مِنْ غَيْرِ بُؤْسٍ,وَنَدِي الكَفَّيْنِ شَهْمٌ مُدِلُّ,Before Islam: VIth century,madid_complete,madid_complete
Taabbata Charran,Inna Bi Chaabi,9,ظَاعِنٌ بِالحَزْمِ حَتَّى إِذَا مَا,حَلَّ حَلَّ الحَزْمُ حَيْثُ يَحُلُّ,Before Islam: VIth century,madid_complete,madid_complete
Taabbata Charran,Inna Bi Chaabi,10,وَلَهُو طَعْمَانِ أَرْيٌ وَشَرْيٌ,وَكِلَا الطَّعْمَيْنِ قَدْ ذَاقَ كُلُّ,Before Islam: VIth century,madid_complete,madid_complete
Taabbata Charran,Inna Bi Chaabi,11,مُسْبِلٌ فِي الحَيِّ أَحْوَى رِفَلٌّ,وَإِذَا يَعْدُو فَسِمْعٌ أَزَلُّ,Before Islam: VIth century,madid_complete,madid_complete
Taabbata Charran,Inna Bi Chaabi,12,غَيْثُ مُزْنٍ غَامِرٌ حَيْثُ يُجْدِي,وَإِذَا يَسْطُو فَلَيْثٌ أَبَلُّ,Before Islam: VIth century,madid_complete,madid_complete
Taabbata Charran,Inna Bi Chaabi,13,يَرْكَبُ الهَوْلَ وَحِيدًا وَلَا,يَصْحَبُهُو إِلَّا اليَمَانِي الأَفَلُّ,Before Islam: VIth century,madid_complete,madid_complete
Taabbata Charran,Inna Bi Chaabi,14,فَلَئِنْ فَلَّتْ هُذَيْلٌ شَبَاهُ,لَبِمَا كَانَ هُذَيْلًا يَفُلُّ,Before Islam: VIth century,madid_complete,madid_complete
Taabbata Charran,Inna Bi Chaabi,15,وَبِمَا أَبْرَكَهُمْ فِي مُنَاخٍ,جَعْجَعٍ يَنْقُبُ فِيهِ الأَظَلُّ,Before Islam: VIth century,madid_complete,madid_complete
Taabbata Charran,Inna Bi Chaabi,16,صَلِيَتْ مِنِّى هُذَيْلٌ بِخِرْقٍ,لَا يَمَلُّ الشَّرَّ حَتَّى يَمَلُّوا,Before Islam: VIth century,madid_complete,madid_complete
Taabbata Charran,Inna Bi Chaabi,17,يُورِدُ الأَلَّةَ حَتَّى إِذَا مَا,نَهِلَتْ كَانَ لَهَا مِنْهُ عَلُّ,Before Islam: VIth century,madid_complete,madid_complete
Taabbata Charran,Inna Bi Chaabi,18,تَضْحَكُ الضَّبْعُ لِقَتْلَى هُذَيْلٍ,وَتَرَى الذِّئْبَ لَهَا يَسْتَهِلُّ,Before Islam: VIth century,madid_complete,madid_complete
Taabbata Charran,Inna Bi Chaabi,19,وَعِتَاقُ الطَّيْرِ تَهْفُو بِطَانًا,تَتَخَطَّاهُمْ فَمَا تَسْتَقِلُّ,Before Islam: VIth century,madid_complete,madid_complete
Taabbata Charran,Inna Bi Chaabi,20,وَفُتُوٍّ هَجَّرُوا ثُمَّ أَسْرُوا,لَيْلَهُمْ حَتَّى إِذَا انْجَابَ حَلُّوا,Before Islam: VIth century,madid_complete,madid_complete
Taabbata Charran,Inna Bi Chaabi,21,وَبِمَا صَبَّحَهَا فِي ذُرَاهَا,مِنْهُ بَعْدَ القَتْلِ نَهْلٌ وَشَلُّ,Before Islam: VIth century,madid_complete,madid_complete
Taabbata Charran,Inna Bi Chaabi,22,فَاحْتَسُوا أَنْفَاسَ نَوْمٍ فَلَمَّا,هَوَّمُو رُعْتَهُمُ فَاشْمَعَلُّوا,Before Islam: VIth century,madid_complete,madid_complete
Taabbata Charran,Inna Bi Chaabi,23,كُلُّ مَاضٍ قَدْ تَرَدَّى بِمَاضٍ,كَسَنَا البَرْقِ إِذَا مَا يُسَلُّ,Before Islam: VIth century,madid_complete,madid_complete
Taabbata Charran,Inna Bi Chaabi,24,يُنْهِلُ الصَّعْدَةَ حَتَّى إِذَا مَا,نَهِلَتْ كَانَ لَهَا مِنْهُ عَلُّ,Before Islam: VIth century,madid_complete,madid_complete
Taabbata Charran,Inna Bi Chaabi,25,فَسَقِينَا كَأْسَ حَتْفٍ هُذَيْلًا,عَقْبُهَا خِزْيٌ وَعَارٌ وَذُلُّ,Before Islam: VIth century,madid_complete,madid_complete
Taabbata Charran,Inna Bi Chaabi,26,فَادَّرَكْنَا الثَّأْرَ مِنْهُمْ وَلَمَّا,يَنْجُ مِلْحَيَّيْنِ إِلَّا الأَقَلُّ,Before Islam: VIth century,madid_complete,madid_complete
Taabbata Charran,Inna Bi Chaabi,27,مَطْلَعُ الشَّمْسِ فَلَمَّا اسْتَحَرَّتْ,أَدْبَرُو مِنْ فَوْرِهِمْ فَاجْفَأَلُّو,Before Islam: VIth century,madid_complete,madid_complete
Taabbata Charran,Inna Bi Chaabi,28,حَلَّتِ الخَمْرُ وَكَانَتْ حَرَامًا,وَبِلَأْيٍ مَا أَلَمَّتْ تَحِلُّ,Before Islam: VIth century,madid_complete,madid_complete
Taabbata Charran,Inna Bi Chaabi,29,فَاسْقِنِيهَا يَا سَوَادَ بْنَ عَمْرٍ,إِنَّ جِسْمِي بَعْدَ خَالِي لَخَلُّ,Before Islam: VIth century,madid_complete,madid_complete
Taabbata Charran,Inna Bi Chaabi,30,رَائِحٌ بِالمَجْدِ غَادٍ عَلَيْهِ,مِنْ ثِيَابِ الحَمْدِ ثَوْبٌ رِفَلُّ,Before Islam: VIth century,madid_complete,madid_complete
Taabbata Charran,Inna Bi Chaabi,31,أَفْتَحُ الرَّاحَةَ بِالجُودِ جُودًا,عَاشَ فِي جَدْوَى يَدَيْهِ المُقِلُّ,Before Islam: VIth century,madid_complete,madid_complete
Tarafa Ibn Al Abd,Achajaaka Al rab3o,1,أَشَجَاكَ الرَّبْعُ أَمْ قِدَمُهْ,أَمْ رَمَادٌ دَارِسٌ حُمَمُهْ,Before Islam: VIth century,madid_complete,madid_complete
Tarafa Ibn Al Abd,Achajaaka Al rab3o,2,كَسُطُورِ الرِّقِّ رَقَّشَهُ,بِالضُّحَى مُرَقِّشٌ يَشِمُهْ,Before Islam: VIth century,madid_complete,madid_complete
Tarafa Ibn Al Abd,Achajaaka Al rab3o,3,لَعِبَتْ بَعْدِي السُّيُولُ بِهِ,وَجَرَى فِي رَيِّقٍ رِهَمُهْ,Before Islam: VIth century,madid_complete,madid_complete
Tarafa Ibn Al Abd,Achajaaka Al rab3o,4,جَعَلَتْهُ حَمَّ كَلْكَلِهَا,لِرَبِيعٍ دِيمَةٌ تَثِمُهْ,Before Islam: VIth century,madid_complete,madid_complete
Tarafa Ibn Al Abd,Achajaaka Al rab3o,5,فَالكَثِيبُ مُعْشِبٌ أُنُفٌ,فَتَنَاهِيهِ فَمُرْتَكَمُهْ,Before Islam: VIth century,madid_complete,madid_complete
Tarafa Ibn Al Abd,Achajaaka Al rab3o,6,حَابِسِي رَسْمٌ وَقَفْتُ بِهِ,لَوْ أُطِيعُ النَّفْسَ لَمْ أَرِمُهْ,Before Islam: VIth century,madid_complete,madid_complete
Tarafa Ibn Al Abd,Achajaaka Al rab3o,7,لَا أَرَى إِلَّا النَّعَامَ بِهِ,كَالإِمَاءِ أَشْرَفَتْ حُزَمُهْ,Before Islam: VIth century,madid_complete,madid_complete
Tarafa Ibn Al Abd,Achajaaka Al rab3o,8,تَذْكُرُونَ إِذْ نُقَاتِلُكُمْ,لَا يَضُرُّ مُعْدِمًا عَدَمُهْ,Before Islam: VIth century,madid_complete,madid_complete
Tarafa Ibn Al Abd,Achajaaka Al rab3o,9,أَنْتُمُ نَخْلٌ نُطِيفُ بِهِ,فَإِذَا مَا جُزَّ نَصْطَرِمُهْ,Before Islam: VIth century,madid_complete,madid_complete
Tarafa Ibn Al Abd,Achajaaka Al rab3o,10,وَعَذَارِيكُمْ مُقَلِّصَةٌ,فِي ذَعَاعِ النَّخْلِ تَجْتَرِمُهْ,Before Islam: VIth century,madid_complete,madid_complete
Tarafa Ibn Al Abd,Achajaaka Al rab3o,11,عُجُزٌ شُمْطٌ مَعًا لَكُمُ,تَصْطَلِي نِيرَانَهُ خَدَمُهْ,Before Islam: VIth century,madid_complete,madid_complete
Tarafa Ibn Al Abd,Achajaaka Al rab3o,12,خَيْرُ مَا تَرْعَوْنَ مِنْ شَجَرٍ,يَابِسُ الطَّحْمَاءِ أَوْ سَحَمُهْ,Before Islam: VIth century,madid_complete,madid_complete
Tarafa Ibn Al Abd,Achajaaka Al rab3o,13,فَسَعَى الغَلَّاقُ بَيْنَهُمُ,سَعْيَ خَبٍّ كَاذِبٍ شِيَمُهْ,Before Islam: VIth century,madid_complete,madid_complete
Tarafa Ibn Al Abd,Achajaaka Al rab3o,14,أَخَذَ الأَزْلَامَ مُقْتَسِمًا,فَأَتَى أَغْوَاهُمَا زُلَمُهْ,Before Islam: VIth century,madid_complete,madid_complete
Tarafa Ibn Al Abd,Achajaaka Al rab3o,15,وَالقَرَارُ بَطْنُهُ غَدَقٌ,زَيَّنَتْ جَلْهَاتِهِ أَكَمُهْ,Before Islam: VIth century,madid_complete,madid_complete
Tarafa Ibn Al Abd,Achajaaka Al rab3o,16,فَفَعَلْنَا ذَلِكُمْ زَمَنًا,ثُمَّ دَانَى بَيْنَنَا حَكَمُهْ,Before Islam: VIth century,madid_complete,madid_complete
Tarafa Ibn Al Abd,Achajaaka Al rab3o,17,إِنْ تُعِيدُوهَا نُعِدُّ لَكُمْ,مِنْ هِجَاءٍ سَائِرٍ كَلِمُهْ,Before Islam: VIth century,madid_complete,madid_complete
Tarafa Ibn Al Abd,Achajaaka Al rab3o,18,وَقِتَالٍ لَا يُغِبُّكُمُ,فِي جَمِيعٍ جَحْفَلٍ لَهِمُهْ,Before Islam: VIth century,madid_complete,madid_complete
Tarafa Ibn Al Abd,Achajaaka Al rab3o,19,رِزُّهُ قَدِّمْ وَهَبْ وَهَلَا,ذِي زُهَاءٍ جَمَّةٍ بُهَمُهْ,Before Islam: VIth century,madid_complete,madid_complete
Tarafa Ibn Al Abd,Achajaaka Al rab3o,20,يَتْرُكُونَ القَاعَ تَحْتَهُمُ,كَمَرَاغٍ سَاطِعٍ قَتَمُهْ,Before Islam: VIth century,madid_complete,madid_complete
Tarafa Ibn Al Abd,Achajaaka Al rab3o,21,لَا تَرَى إِلَّا أَخَا رَجُلٍ,آخِذًا قِرْنًا فَمُلْتَزِمُهْ,Before Islam: VIth century,madid_complete,madid_complete
Tarafa Ibn Al Abd,Achajaaka Al rab3o,22,فَالهَبِيتُ لَا فُؤَادَ لَهُ,وَالثَّبِيتُ ثَبْتُهُ فَهَمُهْ,Before Islam: VIth century,madid_complete,madid_complete
Tarafa Ibn Al Abd,Achajaaka Al rab3o,23,لِلْفَتَى عَقْلٌ يَعِيشُ بِهِ,حَيْثُ تَهْدِي سَاقَهُ قَدَمُهْ,Before Islam: VIth century,madid_complete,madid_complete
Tarafa Ibn Al Abd,Moallaqa,1,لِخَوْلَةَ أَطْلَالٌ بِبُرْقَةِ ثَهْمَدِ,تَلُوحُ كَبَاقِي الوَشْمِ فِي ظَاهِرِ اليَدِ,Before Islam: VIth century,tawil_complete,tawil_complete
Tarafa Ibn Al Abd,Moallaqa,2,وُقُوفًا بِهَا صَحْبِي عَلَيَّ مَطِيَّهُمْ,يَقُولُونَ لَا تَهْلِكْ أَسًى وَتَجَلَّدِ,Before Islam: VIth century,tawil_complete,tawil_complete
Tarafa Ibn Al Abd,Moallaqa,3,كَأَنَّ حُدُوجَ المَالِكِيَّةِ غُدْوَةً,خَلَايَا سَفِينٍ بِالنَّوَاصِفِ مِنْ دَدِ,Before Islam: VIth century,tawil_complete,tawil_complete
Tarafa Ibn Al Abd,Moallaqa,4,عَدَوْلِيَّةٌ أَوْ مِنْ سَفِينِ ابْنَ يَامِنٍ,يَجُورُ بِهَا المَلَّاحُ طَوْرًا وَيَهْتَدِي,Before Islam: VIth century,tawil_complete,tawil_complete
Tarafa Ibn Al Abd,Moallaqa,5,يَشُقُّ حَبَابَ المَاءِ حَيْزُومُهَا بِهَا,كَمَا قَسَمَ التُّرْبَ المُفَايِلَ بِاليَدِ,Before Islam: VIth century,tawil_complete,tawil_complete
Tarafa Ibn Al Abd,Moallaqa,6,وَفِي الحَيِّ أَحْوَى يَنْفُضُ المَرْدَ شَادِنٌ,مُظَاهِرُ سِمْطَيْ لُؤْلُؤٍ وزَبَرْجَدِ,Before Islam: VIth century,tawil_complete,tawil_complete
Tarafa Ibn Al Abd,Moallaqa,7,خَذُولٌ تُرَاعِي رَبْرَبًا بِخَمِيلَةٍ,تَنَاوَلُ أَطْرَافَ البَرِيرِ وَتَرْتَدِي,Before Islam: VIth century,tawil_complete,tawil_complete
Tarafa Ibn Al Abd,Moallaqa,8,وَتَبْسِمُ عَنْ أَلْمَى كَأَنَّ مُنَوَّرًا,تَخَلَّلَ حُرَّ الرَّمْلِ دِعْصٍ لَهُ نَدِ,Before Islam: VIth century,tawil_complete,tawil_complete
Tarafa Ibn Al Abd,Moallaqa,9,سَقَتْهُ إِيَاةُ الشَّمْسِ إِلَّا لِثَاتِهِ,أُسِفَّ وَلَمْ تَكْدِمْ عَلَيْهِ بِإِثْمِدِ,Before Islam: VIth century,tawil_complete,tawil_complete
Tarafa Ibn Al Abd,Moallaqa,10,وَوَجْهٍ كَأَنَّ الشَّمْسَ أَلْقَتْ رِدَاءَهَا,عَلَيْهِ نَقِيِّ اللَّوْنِ لَمْ يَتَخَدَّدِ,Before Islam: VIth century,tawil_complete,tawil_complete
Tarafa Ibn Al Abd,Moallaqa,11,وَإِنِّي لَأُمْضِي الهَمَّ عِنْدَ احْتِضَارِهِ,بِعَوْجَاءَ مِرْقَالٍ تَلُوحُ وَتَغْتَدِي,Before Islam: VIth century,tawil_complete,tawil_complete
Tarafa Ibn Al Abd,Moallaqa,12,أَمُونٍ كَأَلْوَاحِ الإِرَانِ نَصَأْتُهَا,عَلَى لَاحِبٍ كَأَنَّهُ ظَهْرُ بُرْجُدِ,Before Islam: VIth century,tawil_complete,tawil_complete
Tarafa Ibn Al Abd,Moallaqa,13,جُمَالِيَّةٍ وَجْنَاءَ تَرْدَى كَأَنَّهَا,سَفَنَّجَةٌ تَبْرِي لَأَزْعَرَ أَرْبَدِ,Before Islam: VIth century,tawil_complete,tawil_complete
Tarafa Ibn Al Abd,Moallaqa,14,تُبَارِي عِتَاقًا نَاجِيَاتٍ وَأَتْبَعَتْ,وَظِيفًا وَظِيفًا فَوْقَ مَوْرٍ مُعْبَّدِ,Before Islam: VIth century,tawil_complete,tawil_complete
Tarafa Ibn Al Abd,Moallaqa,15,تَرَبَّعَتِ القُفَّيْنِ فِي الشَّوْلِ تَرْتَعِي,حَدَائِقَ مَوْلِيَّ الأَسِرَّةِ أَغْيَدِ,Before Islam: VIth century,tawil_complete,tawil_complete
Tarafa Ibn Al Abd,Moallaqa,16,تَرِيعُ إِلَى صَوْتِ المُهِيبِ وَتَتَّقِي,بِذِي خُصَلٍ رَوْعَاتِ أَكْلَفَ مُلْبِدِ,Before Islam: VIth century,tawil_complete,tawil_complete
Tarafa Ibn Al Abd,Moallaqa,17,كَأَنَّ جَنَاحَيْ مَضْرَحِيٍّ تَكَنَّفَا,حِفَافَيْهِ شُكَّا فِي العَسِيبِ بِمِسْرَدِ,Before Islam: VIth century,tawil_complete,tawil_complete
Tarafa Ibn Al Abd,Moallaqa,18,فَطَوْرًا بِهِ خَلْفَ الزَّمِيلِ وَتَارَةً,عَلَى حَشَفٍ كَالشَّنِّ ذَاوٍ مُجَدَّدِ,Before Islam: VIth century,tawil_complete,tawil_complete
Tarafa Ibn Al Abd,Moallaqa,19,لَهَا فَخِذَانِ أُكْمِلَ النَّحْضُ فِيهِمَا,كَأَنَّهُمَا بَابَا مُنِيفٍ مُمَرَّدِ,Before Islam: VIth century,tawil_complete,tawil_complete
Tarafa Ibn Al Abd,Moallaqa,20,وَطَيٍّ مَحَالٍ كَالحَنِيِّ خُلُوفُهُ,وَأَجْرِنَةٌ لُزَّتْ بِرَأْيٍ مُنَضَّدِ,Before Islam: VIth century,tawil_complete,tawil_complete
Tarafa Ibn Al Abd,Moallaqa,21,كَأَنَّ كِنَاسَيْ ضَالَةٍ يَكْنِفَانِهَا,وَأَطْرَ قِسِيٍّ تَحْتَ صَلْبٍ مُؤَيَّدِ,Before Islam: VIth century,tawil_complete,tawil_complete
Tarafa Ibn Al Abd,Moallaqa,22,لَهَا مِرْفَقَانِ أَفْتَلَانِ كَأَنَّمَا,تَمُرُّ بِسَلْمَيْ دَالِجٍ مُتَشَدِّدِ,Before Islam: VIth century,tawil_complete,tawil_complete
Tarafa Ibn Al Abd,Moallaqa,23,كَقَنْطَرَةِ الرُّومِيِّ أَقْسَمَ رَبُّهَا,لَتُكْتَنِفَنْ حَتَّى تُشَادَ بِقَرْمَدِ,Before Islam: VIth century,tawil_complete,tawil_complete
Tarafa Ibn Al Abd,Moallaqa,24,صُهَابِيَّةُ العُثْنُونِ مُوجَدَةُ القَرَا,بَعِيدَةُ وَخْدِ الرِّجْلِ مَوَّارَةُ اليَدِ,Before Islam: VIth century,tawil_complete,tawil_complete
Tarafa Ibn Al Abd,Moallaqa,25,أُمِرَّتْ يَدَاهَا فَتْلَ شَزْرٍ وَأُجْنِحَتْ,لَهَا عَضُدَاهَا فِي سَقِيفٍ مُسَنَّدِ,Before Islam: VIth century,tawil_complete,tawil_complete
Tarafa Ibn Al Abd,Moallaqa,26,جَنُوحٌ دِفَاقٌ عَنْدَلٌ ثُمَّ أُفْرِعَتْ,لَهَا كَتِفَاهَا فِي مُعَالَى مُصَعَّدِ,Before Islam: VIth century,tawil_complete,tawil_complete
Tarafa Ibn Al Abd,Moallaqa,27,كَأَنَّ عُلُوبَ النِّسْعِ فِي دَأَبَاتِهَا,مَوَارِدُ مِنْ خَلْقَاءَ فِي ظَهْرِ قَرْدَدِ,Before Islam: VIth century,tawil_complete,tawil_complete
Tarafa Ibn Al Abd,Moallaqa,28,تَلَاقَى وَأَحْيَانًا تَبِينُ كَأَنَّهَا,بَنَائِقُ غُرٍّ فِي قَمِيصٍ مُقَدَّدِ,Before Islam: VIth century,tawil_complete,tawil_complete
Tarafa Ibn Al Abd,Moallaqa,29,وَأَتْلَعُ نَهَّاضٌ إِذَا صَعَّدَتْ بِهِ,كَسُكَّانِ بُوصِيٍّ بِدَجْلَةَ مُصْعِدِ,Before Islam: VIth century,tawil_complete,tawil_complete
Tarafa Ibn Al Abd,Moallaqa,30,وَجُمْجُمَةٌ مِثْلُ العَلَاةِ كَأَنَّمَا,وَعَى المُلْتَقَى مِنْهَا إِلَى حَرْفِ مِبْرَدِ,Before Islam: VIth century,tawil_complete,tawil_complete
Tarafa Ibn Al Abd,Moallaqa,31,وَخَدٌّ كَقِرْطَاسِ الشَّآمِي وَمِشْفَرٌ,كَسِبْتِ اليَمَانِي قَدُّهُ لَمْ يُجَرَّدِ,Before Islam: VIth century,tawil_complete,tawil_complete
Tarafa Ibn Al Abd,Moallaqa,32,وَعَيْنَانِ كَالمَاوِيَّتَيْنِ اسْتَكَنَّتَا,بِكَهْفَيْ حِجَاجَيْ صَخْرَةٍ قَلْتِ مَوْرِدِ,Before Islam: VIth century,tawil_complete,tawil_complete
Tarafa Ibn Al Abd,Moallaqa,33,طَحُورَانِ عُوَّارَ القَذَى فَتَرَاهُمَا,كَمَكْحُولَتَيْ مَذْعُورَةٍ أُمِّ فَرْقَدِ,Before Islam: VIth century,tawil_complete,tawil_complete
Tarafa Ibn Al Abd,Moallaqa,34,وَصَادِقَتَا سَمْعِ التَّوَجُّسِ لِلسُّرَى,لِهَجْسٍ خَفِيٍّ أَوْ لِصَوْتٍ مُنَدَّدِ,Before Islam: VIth century,tawil_complete,tawil_complete
Tarafa Ibn Al Abd,Moallaqa,35,مُؤَلَّلَتَانِ تَعْرِفُ العِتْقَ فِيهِمَا,كَسَامِعَتَيْ شَاةٍ بِحَوْمَلَ مُفْرَدِ,Before Islam: VIth century,tawil_complete,tawil_complete
Tarafa Ibn Al Abd,Moallaqa,36,وَأَرْوَعُ نَبَّاضٌ أَحَذُّ مُلَمْلَمٌ,كَمِرْدَاةِ صَخْرٍ فِي صَفِيحٍ مُصَمَّدِ,Before Islam: VIth century,tawil_complete,tawil_complete
Tarafa Ibn Al Abd,Moallaqa,37,وَأَعْلَمُ مَخْرُوتٌ مِنَ الأَنْفِ مَارِنٌ,عَتِيقٌ مَتَى تَرْجُمْ بِهِ الأَرْضَ تَزْدَدِ,Before Islam: VIth century,tawil_complete,tawil_complete
Tarafa Ibn Al Abd,Moallaqa,38,وَإِنْ شِئْتُ لَمْ تُرْقِلْ وَإِنْ شِئْتُ أَرْقَلَتْ,مَخَافَةَ مَلْوِيٍّ مِنَ القَدِّ مُحْصَدِ,Before Islam: VIth century,tawil_complete,tawil_complete
Tarafa Ibn Al Abd,Moallaqa,39,وَإِنْ شِئْتُ سَامَى وَاسِطَ الكَوْرِ رَأْسُهَا,وَعَامَتْ بِضَبْعَيْهَا نَجَاءَ الخَفَيْدَدِ,Before Islam: VIth century,tawil_complete,tawil_complete
Tarafa Ibn Al Abd,Moallaqa,40,عَلَى مِثْلِهَا أَمْضِي إِذَا قَالَ صَاحِبِي,أَلَا لَيْتَنِي أَفْدِيكَ مِنْهَا وَأَفْتَدِي,Before Islam: VIth century,tawil_complete,tawil_complete
Tarafa Ibn Al Abd,Moallaqa,41,عَلَى مِثْلِهَا أَمْضِي إِذَا قَالَ صَاحِبِي,أَلَا لَيْتَنِي أَفْدِيكَ مِنْهَا وَأَفْتَدِي,Before Islam: VIth century,tawil_complete,tawil_complete
Tarafa Ibn Al Abd,Moallaqa,42,وَجَاشَتْ إِلَيْهِ النَّفْسُ خَوْفًا وَخَالَهُ,مُصَابًا وَلَوْ أَمْسَى عَلَى غَيْرِ مَرْصَدِ,Before Islam: VIth century,tawil_complete,tawil_complete
Tarafa Ibn Al Abd,Moallaqa,43,إِذَا القَوْمُ قَالُوا مَنْ فَتًى خِلْتُ أَنَّنِي,عُنِيْتُ فَلَمْ أَكْسَلْ وَلَمْ أَتَبَلَّدِ,Before Islam: VIth century,tawil_complete,tawil_complete
Tarafa Ibn Al Abd,Moallaqa,44,أَحَلْتُ عَلَيْهَا بِالقَطِيْعِ فَأَجْذَمَتْ,وَقَدْ خَبَّ آلُ الأمْعَزِ المُتَوَقِّدِ,Before Islam: VIth century,tawil_complete,tawil_complete
Tarafa Ibn Al Abd,Moallaqa,45,فَذَالَتْ كَمَا ذَالَتْ ولِيْدَةُ مَجْلِسٍ,تُرِي رَبَّهَا أَذْيَالَ سَحْلٍ مُمَدَّدِ,Before Islam: VIth century,tawil_complete,tawil_complete
Tarafa Ibn Al Abd,Moallaqa,46,فَإِنْ تَبْغِنِي فِي حَلْقَةِ القَوْمِ تَلْقِنِي,وَإِنْ تَلْتَمِسْنِي فِي الحَوَانِيتِ تَصْطَدِ,Before Islam: VIth century,tawil_complete,tawil_complete
Tarafa Ibn Al Abd,Moallaqa,47,وَإِنْ يَلْتَقِ الحَيُّ الجَمِيْعُ تُلاَقِنِي,إِلَى ذِرْوَةِ البَيْتِ الشَّرِيْفِ المُصَمَّدِ,Before Islam: VIth century,tawil_complete,tawil_complete
Tarafa Ibn Al Abd,Moallaqa,48,نَدَامَايَ بِيْضٌ كَالنُّجُومِ وَقَيْنَةٌ,تَرُوحُ عَلَينَا بَيْنَ بُرْدٍ وَمُجْسَدِ,Before Islam: VIth century,tawil_complete,tawil_complete
Tarafa Ibn Al Abd,Moallaqa,49,رَحِيبٌ قِطَابُ الجَيْبِ مِنْهَا رَقِيقَةٌ,بِجَسِّ النُّدَامَى بَضَّةُ المُتَجَرَّدِ,Before Islam: VIth century,tawil_complete,tawil_complete
Tarafa Ibn Al Abd,Moallaqa,50,إِذَا نَحْنُ قُلْنَا أَسْمِعِيْنَا انْبَرَتْ لَنَا,عَلَى رِسْلِهَا مَطْرُوقَةً لَمْ تَشَدَّدِ,Before Islam: VIth century,tawil_complete,tawil_complete
Tarafa Ibn Al Abd,Moallaqa,51,إِذَا رَجَّعَتْ فِي صَوْتِهَا خِلْتَ صَوْتَهَا,تَجَاوُبَ أَظْآرٍ عَلَى رُبَعٍ رَدِ,Before Islam: VIth century,tawil_complete,tawil_complete
Tarafa Ibn Al Abd,Moallaqa,52,وَمَا زَالَ تَشْرَابِي الخُمُورَ وَلَذَّتِي,وَبَيْعِي وَإِنْفَاقِي طَرِيفِي وَمُتْلَدِي,Before Islam: VIth century,tawil_complete,tawil_complete
Tarafa Ibn Al Abd,Moallaqa,53,إِلَى أنْ تَحَامَتْنِي العَشِيرَةُ كُلُّهَا,وَأُفْرِدْتُ إِفْرَادَ البَعِيرِ المُعَبَّدِ,Before Islam: VIth century,tawil_complete,tawil_complete
Tarafa Ibn Al Abd,Moallaqa,54,رَأَيْتُ بَنِي غَبْرَاءَ لَا يُنْكِرُونَنِي,وَلَا أَهْلُ هَذَاكَ الطِّرَافِ المُمَدَّدِ,Before Islam: VIth century,tawil_complete,tawil_complete
Tarafa Ibn Al Abd,Moallaqa,55,أَلَا أَيُّ هَذَا اللَّائِمِي أَحْضُرَ الوَغَى,وَأَنْ أَنْهَلَ اللَّذَّاتِ هَلْ أَنْتَ مُخْلِدِي,Before Islam: VIth century,tawil_complete,tawil_complete
Tarafa Ibn Al Abd,Moallaqa,56,فَإِنْ كُنْتَ لَا تَسْطِيعُ دَفْعَ مَنِيَّتِي,فَدَعْنِي أُبَادِرْهَا بِمَا مَلَكَتْ يَدِي,Before Islam: VIth century,tawil_complete,tawil_complete
Tarafa Ibn Al Abd,Moallaqa,57,وَلَوْلَا ثَلَاثٌ هُنَّ مِنْ عَيْشَةِ الفَتَى,وَجَدِّكَ لَمْ أَحْفِلْ مَتَى قَامَ عُوَّدِي,Before Islam: VIth century,tawil_complete,tawil_complete
Tarafa Ibn Al Abd,Moallaqa,58,فَمِنْهُنَّ سَبْقِي العَاذِلَاتِ بِشَرْبَةٍ,كُمَيْتٍ مَتَى مَا تُعْلَ بِالمَاءِ تُزْبِدِ,Before Islam: VIth century,tawil_complete,tawil_complete
Tarafa Ibn Al Abd,Moallaqa,59,وَكَرِّي إِذَا نَادَى المُضَافُ مُجَنَّبًا,كَسِيدِ الغَضَا نَبَّهْتَهُ المُتَوَرِّدِ,Before Islam: VIth century,tawil_complete,tawil_complete
Tarafa Ibn Al Abd,Moallaqa,60,وَتَقْصِيرُ يَوْمِ الدَّجْنِ وَالدَّجْنُ مُعْجِبٌ,بِبَهْكَنَةٍ تَحْتَ الخِبَاءِ المُعَمَّدِ,Before Islam: VIth century,tawil_complete,tawil_complete
Tarafa Ibn Al Abd,Moallaqa,61,كَأَنَّ البُرِينَ وَالدَّمَالِيجَ عُلِّقَتْ,عَلَى عُشَرٍ أَوْ خِرْوَعٍ لَمْ يُخَضَّدِ,Before Islam: VIth century,tawil_complete,tawil_complete
Tarafa Ibn Al Abd,Moallaqa,62,كَرِيمٌ يُرَوِّي نَفْسَهُ فِي حَيَاتِهِ,سَتَعْلَمُ إِنْ مُتْنَا غَدًا أَيُّنَا الصَّدِي,Before Islam: VIth century,tawil_complete,tawil_complete
Tarafa Ibn Al Abd,Moallaqa,63,أَرَى قَبْرَ نَحَّامٍ بَخِيْلٍ بِمَالِهِ,كَقَبْرِ غَوِيٍّ فِي البَطَالَةِ مُفْسِدِ,Before Islam: VIth century,tawil_complete,tawil_complete
Tarafa Ibn Al Abd,Moallaqa,64,تَرَى جُثْوَنَيْنِ مِن تُرَابٍ عَلَيْهِمَا,صَفَائِحُ صُمٌّ مِنْ صَفِيْحٍ مُنَضَّدِ,Before Islam: VIth century,tawil_complete,tawil_complete
Tarafa Ibn Al Abd,Moallaqa,65,أَرَى المَوْتَ يَعْتَامُ الكِرَامَ وَيَصْطَفِي,عَقِيلَةَ مَالِ الفَاحِشِ المُتَشَدِّدِ,Before Islam: VIth century,tawil_complete,tawil_complete
Tarafa Ibn Al Abd,Moallaqa,66,أَرَى العَيْشَ كَنْزًا نَاقِصًا كُلَّ لَيْلَةٍ,وَمَا تَنْقُصِ الأيَّامُ وَالدَّهْرُ يَنْفَدِ,Before Islam: VIth century,tawil_complete,tawil_complete
Tarafa Ibn Al Abd,Moallaqa,67,لَعَمْرُكَ إِنَّ المَوتَ مَا أَخْطَأَ الفَتَى,لَكَالطِّوَلِ المُرْخَى وثِنْيَاهُ بِاليَدِ,Before Islam: VIth century,tawil_complete,tawil_complete
Tarafa Ibn Al Abd,Moallaqa,68,فَمَا لِي أَرَانِي وَابْنَ عَمِّيَ مَالِكًا,مَتَى أَدْنُ مِنْهُ يَنْأَ عَنِّي وَيَبْعُدِ,Before Islam: VIth century,tawil_complete,tawil_complete
Tarafa Ibn Al Abd,Moallaqa,69,يَلُومُ وَمَا أَدْرِي عَلَامَ يَلُومُنِي,كَمَا لَامَنِي فِي الحَيِّ قُرْطُ بْنُ مَعْبَدِ,Before Islam: VIth century,tawil_complete,tawil_complete
Tarafa Ibn Al Abd,Moallaqa,70,وَأَيْأَسَنِي مِنْ كُلِّ خَيْرٍ طَلَبْتُهُ,كَأَنَّا وَضَعْنَاهُ إِلَى رَمْسِ مُلْحَدِ,Before Islam: VIth century,tawil_complete,tawil_complete
Tarafa Ibn Al Abd,Moallaqa,71,عَلَى غَيْرِ شَيْءٍ قُلْتُهُ غَيْرَ أَنَّنِي,نَشَدْتُ فَلَمْ أَغْفِلْ حَمَولَةَ مَعْبَدِ,Before Islam: VIth century,tawil_complete,tawil_complete
Tarafa Ibn Al Abd,Moallaqa,72,وَقَرَّبْتُ بِالقُرْبَى وَجَدِّكَ إِنَّنِي,مَتَى يَكُ أَمْرٌ لِلنَّكِيثَةِ أَشْهَدِ,Before Islam: VIth century,tawil_complete,tawil_complete
Tarafa Ibn Al Abd,Moallaqa,73,وَإِنْ أُدْعَ لِلْجُلَّى أَكُنْ مِنْ حُمَاتِهَا,وَإِنْ يَأْتِكَ الأَعْدَاءُ بِالجَهْدِ أَجْهَدِ,Before Islam: VIth century,tawil_complete,tawil_complete
Tarafa Ibn Al Abd,Moallaqa,74,وَإِنْ يَقْذِفُوا بِالقَذْعِ عِرْضَكَ أَسْقِهِمْ,بِكَأْسِ حِيَاضِ المَوْتِ قَبْلَ التَّهَدُّدِ,Before Islam: VIth century,tawil_complete,tawil_complete
Tarafa Ibn Al Abd,Moallaqa,75,بِلَا حَدَثٍ أَحْدَثْتُهُ وَكَمُحْدَثٍ,هِجَائِي وَقَذْفِي بِالشَّكَاةِ وَمُطْرَدِي,Before Islam: VIth century,tawil_complete,tawil_complete
Tarafa Ibn Al Abd,Moallaqa,76,فَلَوْ كَانَ مَوْلَايَ امْرَأً هُوَ غَيْرَهُ,لَفَرَّجَ كَرْبِي أَوْ لَأَنْظَرَنِي غَدِي,Before Islam: VIth century,tawil_complete,tawil_complete
Tarafa Ibn Al Abd,Moallaqa,77,وَلَكِنَّ مَوْلَايَ امْرُؤٌ هُوَ خَانِقِي,عَلَى الشُّكْرِ وَالتَّسْآلِ أَوْ أَنَا مُفْتَدِ,Before Islam: VIth century,tawil_complete,tawil_complete
Tarafa Ibn Al Abd,Moallaqa,78,وَظُلْمُ ذَوِي القُرْبَى أَشَدُّ مَضَاضَةً,عَلَى المَرْءِ مِنْ وَقْعِ الحُسَامِ المُهَنَّدِ,Before Islam: VIth century,tawil_complete,tawil_complete
Tarafa Ibn Al Abd,Moallaqa,79,فَذَرْنِي وَخُلْقِي إِنَّنِي لَكَ شَاكِرٌ,وَلَوْ حَلَّ بَيْتِي نَائِيًا عِنْدَ ضَرْغَدِ,Before Islam: VIth century,tawil_complete,tawil_complete
Tarafa Ibn Al Abd,Moallaqa,80,فَلَوْ شَاءَ رَبِّي كُنْتُ قَيْسَ بْنَ خَالِدٍ,وَلَوْ شَاءَ رَبِّي كُنْتُ عَمْرُو بْنَ مَرْثَدِ,Before Islam: VIth century,tawil_complete,tawil_complete
Tarafa Ibn Al Abd,Moallaqa,81,فَأَصْبَحْتُ ذَا مَالٍ كَثِيرٍ وَزَارَنِي,بَنُونَ كِرَامٌ سَادَةٌ لِمُسَوَّدِ,Before Islam: VIth century,tawil_complete,tawil_complete
Tarafa Ibn Al Abd,Moallaqa,82,أَنَا الرَّجُلُ الضَّرْبُ الَّذِي تَعْرِفُونَهُ,خَشَاشٌ كَرَأْسِ الحَيَّةِ المُتَوَقِّدِ,Before Islam: VIth century,tawil_complete,tawil_complete
Tarafa Ibn Al Abd,Moallaqa,83,فَآلَيْتُ لَا يَنْفَكُّ كَشْحِي بِطَانَةً,لِعَضْبِ رَقِيقِ الشَّفْرَتَيْنِ مُهَنَّدِ,Before Islam: VIth century,tawil_complete,tawil_complete
Tarafa Ibn Al Abd,Moallaqa,84,حُسَامٍ إِذَا مَا قُمْتُ مُنْتَصِرًا بِهِ,كَفَى العَوْدَ مِنْهُ البَدْءُ لَيْسَ بِمِعْضَدِ,Before Islam: VIth century,tawil_complete,tawil_complete
Tarafa Ibn Al Abd,Moallaqa,85,أَخِي ثِقَةٍ لَا يَنْثَنِي عَنْ ضَرِيبَةٍ,إِذَا قِيلَ مَهْلًا قَالَ حَاجِزُهُ قَدِي,Before Islam: VIth century,tawil_complete,tawil_complete
Tarafa Ibn Al Abd,Moallaqa,86,إِذَا ابْتَدَرَ القَوْمُ السِّلَاحَ وَجَدْتَنِي,مَنِيعًا إِذَا بَلَّتْ بِقَائِمِهِ يَدِي,Before Islam: VIth century,tawil_complete,tawil_complete
Tarafa Ibn Al Abd,Moallaqa,87,وَبَرْكٍ هُجُودٍ قَدْ أَثَارَتْ مَخَافَتِي,بَوَادِيَهَا أَمْشِي بِعَضْبٍ مُجَرَّدِ,Before Islam: VIth century,tawil_complete,tawil_complete
Tarafa Ibn Al Abd,Moallaqa,88,فَمَرَّتْ كَهَاةٌ ذَاتُ خَيْفٍ جُلَالَةٌ,عَقِيلَةَ شَيْخٍ كَالوَبِيلِ يَلَنْدَدِ,Before Islam: VIth century,tawil_complete,tawil_complete
Tarafa Ibn Al Abd,Moallaqa,89,يَقُولُ وَقَدْ تَرَّ الوَظِيفُ وَسَاقُهَا,أَلَسْتَ تَرَى أَنْ قَدْ أَتَيْتَ بِمُؤْيَدِ,Before Islam: VIth century,tawil_complete,tawil_complete
Tarafa Ibn Al Abd,Moallaqa,90,وقَالَ أَلَا مَاذَا تَرَونَ بِشَارِبٍ,شَدِيدٌ عَلَيْنَا بَغْيُهُ مُتَعَمِّدِ,Before Islam: VIth century,tawil_complete,tawil_complete
Tarafa Ibn Al Abd,Moallaqa,91,وَقَالَ ذَرُوهُ إِنَّمَا نَفْعُهَا لَهُ,وَإِلَّا تَكُفُّوا قَاصِيَ البَرْكِ يَزْدَدِ,Before Islam: VIth century,tawil_complete,tawil_complete
Tarafa Ibn Al Abd,Moallaqa,92,فَظَلَّ الإِمَاءُ يَمْتَلِلْنَ حُوَارَهَا,وَيُسْغَى عَلَيْنَا بِالسَّدِيفِ المُسَرْهَدِ,Before Islam: VIth century,tawil_complete,tawil_complete
Tarafa Ibn Al Abd,Moallaqa,93,فَإِنْ مُتُّ فَانْعِيْنِي بِمَا أَنَا أَهْلُهُ,وَشُقِّي عَلَيَّ الجَيْبَ يَا ابْنَةَ مَعْبَدِ,Before Islam: VIth century,tawil_complete,tawil_complete
Tarafa Ibn Al Abd,Moallaqa,94,وَلَا تَجْعَلِينِي كَامْرِئٍ لَيْسَ هَمُّهُ,كَهَمِّي وَلَا يُغْنِي غَنَائِي وَمَشْهَدِي,Before Islam: VIth century,tawil_complete,tawil_complete
Tarafa Ibn Al Abd,Moallaqa,95,بَطِيءٍ عَنْ الجُلَّى سَرِيعٍ إِلَى الخَنَى,ذَلُولٍ بِأَجْمَاعِ الرِّجَالِ مُلَهَّدِ,Before Islam: VIth century,tawil_complete,tawil_complete
Tarafa Ibn Al Abd,Moallaqa,96,فَلَوْ كُنْتُ وَغْلًا فِي الرِّجَالِ لَضَرَّنِي,عَدَاوَةُ ذِي الأَصْحَابِ وَالمُتَوَحِّدِ,Before Islam: VIth century,tawil_complete,tawil_complete
Tarafa Ibn Al Abd,Moallaqa,97,وَلَكِنْ نَفَى عَنِّي الرِّجَالَ جَرَاءَتِي,عَلَيْهِمْ وَإِقْدَامِي وَصِدْقِي وَمَحْتِدِي,Before Islam: VIth century,tawil_complete,tawil_complete
Tarafa Ibn Al Abd,Moallaqa,98,لَعَمْرُكَ مَا أَمْرِي عَلَيَّ بُغُمَّةٍ,نَهَارِي ولَا لَيْلِي عَلَيَّ بِسَرْمَدِ,Before Islam: VIth century,tawil_complete,tawil_complete
Tarafa Ibn Al Abd,Moallaqa,99,وَيَوْمٍ حَبَسْتُ النَّفْسَ عِنْدَ عِرَاكِهِ,حِفَاظًا عَلَى عَوْرَاتِهِ وَالتَّهَدُّدِ,Before Islam: VIth century,tawil_complete,tawil_complete
Tarafa Ibn Al Abd,Moallaqa,100,عَلَى مَوْطِنٍ يَخْشَى الفَتَى عِنْدَهُ الرَّدَى,مَتَى تَعْتَرِكْ فِيهِ الفَرَائِصُ تُرْعَدِ,Before Islam: VIth century,tawil_complete,tawil_complete
Zohayr Ibn Abi Salma,Amin Aali Layla,1,أَمِنْ آلِ لَيْلَى عَرَفْتَ الطُّلُولَا,بِذِي حُرُضٍ مَاثِلَاتٍ مُثُولَا,Before Islam: VIth century,motaqaarib_complete,motaqaarib_complete
Zohayr Ibn Abi Salma,Amin Aali Layla,2,بَلَيْنَ وَتَحْسِبُ آيَاتِهِنْ,نَ عَنْ فَرْطِ حَوْلَيْنِ رَقًّا مُحِيلَا,Before Islam: VIth century,motaqaarib_complete,motaqaarib_complete
Zohayr Ibn Abi Salma,Amin Aali Layla,3,إِلَيْكَ سِنَانُ الغَدَاةَ الرَّحِيلُ,أَعْصِي النُّهَاةَ وَأُمْضِي الفُؤُولَا,Before Islam: VIth century,motaqaarib_complete,motaqaarib_complete
Zohayr Ibn Abi Salma,Amin Aali Layla,4,فَلَا تَأْمَنِي غَزْوَ أَفْرَاسِهِ,بَنِي وَائِلٍ وَارْهَبَيْهِ جَدِيلَا,Before Islam: VIth century,motaqaarib_complete,motaqaarib_complete
Zohayr Ibn Abi Salma,Amin Aali Layla,5,وَكَيْفَ اتِّقَاءُ امْرِئٍ لَا يَؤُوبُ,بِالقَوْمِ فِي الغَزْوِ حَتَّى يُطِيلَا,Before Islam: VIth century,motaqaarib_complete,motaqaarib_complete
Zohayr Ibn Abi Salma,Amin Aali Layla,6,بِشُعْثٍ مُعَطَّلَةٍ كَالقِسِيِّي,غَزَوْنَ مَخَاضًا وَأُدِّينَ حَوْلَا,Before Islam: VIth century,motaqaarib_complete,motaqaarib_complete
Zohayr Ibn Abi Salma,Amin Aali Layla,7,نَوَاشِزَ أَطْبَاقُ أَعْنَاقِهَا,وَضُمَّرُهَا قَافِلَاتٌ قُفُولَا,Before Islam: VIth century,motaqaarib_complete,motaqaarib_complete
Zohayr Ibn Abi Salma,Amin Aali Layla,8,إِذَا أَدْلَجُوا لِحِوَالِ الغِوَا,رِ لَمْ تُلْفَ فِي القَوْمِ نِكْسًا ضَئِيلَا,Before Islam: VIth century,motaqaarib_complete,motaqaarib_complete
Zohayr Ibn Abi Salma,Amin Aali Layla,9,وَلَكِنَّ جَلْدًا جَمِيعَ السِّلَا,حِ لَيْلَةَ ذَلِكَ عِضًّا بَسِيلَا,Before Islam: VIth century,motaqaarib_complete,motaqaarib_complete
Zohayr Ibn Abi Salma,Amin Aali Layla,10,فَلَمَّا تَبَلَّجَ مَا فَوْقَهُ,أَنَاخَ فَشَنَّ عَلَيْهِ الشَّلِيلَا,Before Islam: VIth century,motaqaarib_complete,motaqaarib_complete
Zohayr Ibn Abi Salma,Amin Aali Layla,11,وَضَاعَفَ مِنْ فَوْقِهَا نَثْرَةً,تَرُدُّ القَوَاضِبَ عَنْهَا فُلُولَا,Before Islam: VIth century,motaqaarib_complete,motaqaarib_complete
Zohayr Ibn Abi Salma,Amin Aali Layla,12,مُضَاعَفَةً كَأَضَاةِ المَسِي,لِ تُغْشَي عَلَى قَدَمَيْهِ فُضُولَا,Before Islam: VIth century,motaqaarib_complete,motaqaarib_complete
Zohayr Ibn Abi Salma,Amin Aali Layla,13,فَنَهْنَهَهَا سَاعَةً ثُمَّ قَالَ,لِلْوَازِعِيهِنَّ خَلُّوا السَّبِيلَا,Before Islam: VIth century,motaqaarib_complete,motaqaarib_complete
Zohayr Ibn Abi Salma,Amin Aali Layla,14,فَأَتْبَعَهُمْ فَيْلَقًا كَالسَّرَا,بِ جَأْوَاءَ تُتْبِعُ شُخْبًا ثَعُولَا,Before Islam: VIth century,motaqaarib_complete,motaqaarib_complete
Zohayr Ibn Abi Salma,Amin Aali Layla,15,عَنَاجِيجَ فِي كُلِّ رَهْوٍ تَرَى,رِعَالًا سِرَاعًا تُبَارِي رَعِيلَا,Before Islam: VIth century,motaqaarib_complete,motaqaarib_complete
Zohayr Ibn Abi Salma,Amin Aali Layla,16,جَوَانِحَ يَخْلِجْنَ خَلْجَ الظِّبَا,ءِ يَرْكُضْنَ مِيلًا وَيَنْزِعْنَ مِيلَا,Before Islam: VIth century,motaqaarib_complete,motaqaarib_complete
Zohayr Ibn Abi Salma,Amin Aali Layla,17,فَظَلَّ قَصِيرًا عَلَى صَحْبِهِ,وَظَلَّ عَلَى القَوْمِ يَوْمًا طَوِيلَا,Before Islam: VIth century,motaqaarib_complete,motaqaarib_complete
Zohayr Ibn Abi Salma,Bana Alkhalit,1,بَانَ الخَلِيطُ وَلَمْ يَأْوُوا لِمَنْ تَرَكُوا,وَزَوَّدُوكَ اشْتِيَاقًا أَيَّةً سَلَكُوا,Before Islam: VIth century,bassit_complete,bassit_complete
Zohayr Ibn Abi Salma,Bana Alkhalit,2,رَدَّ القِيَانُو جَمَالَ الحَيِّ فَاحْتَمَلُوا,إِلَى الظَّهِيرَةِ أَمْرٌ بَيْنَهُمْ لَبِكُ,Before Islam: VIth century,bassit_complete,bassit_complete
Zohayr Ibn Abi Salma,Bana Alkhalit,3,مَا إِنْ يَكَادُ يُخَلِّيهِمْ لِوِجْهَتِهِمْ,تَخَالُجُ الأَمْرِ إِنَّ الأَمْرَ مُشْتَرَكُ,Before Islam: VIth century,bassit_complete,bassit_complete
Zohayr Ibn Abi Salma,Bana Alkhalit,4,ضَحَّوْا قَلِيلًا قَفَا كُثْبَانِ أَسْنُمَةٍ,وَمِنْهُمُ بِالقَسُومِيَّاتِ مُعْتَرَكُ,Before Islam: VIth century,bassit_complete,bassit_complete
Zohayr Ibn Abi Salma,Bana Alkhalit,5,يَغْشَى الحُدَاةُ بِهِمْ وَعْثَ الكَثِيبِ كَمَا,يُغْشِي السَّفَائِنَ مَوْجَ اللُّجَّةِ العَرَكُ,Before Islam: VIth century,bassit_complete,bassit_complete
Zohayr Ibn Abi Salma,Bana Alkhalit,6,ثُمَّ اسْتَمَرُّوا وَقَالُوا إِنَّ مَوْعِدُكُمْ,مَاءٌ بِشَرْقِيِّ سَلْمَى فَيْدُ أَوْ رَكَكُ,Before Islam: VIth century,bassit_complete,bassit_complete
Zohayr Ibn Abi Salma,Bana Alkhalit,7,هَلْ تُبْلِغَنِّيَ أَدْنَى دَارِهِمْ قُلُصٌ,يُزْجِي أَوَائِلَهَا التَّبْغِيلُ وَالرَّتَكُ,Before Islam: VIth century,bassit_complete,bassit_complete
Zohayr Ibn Abi Salma,Bana Alkhalit,8,مُقْوَرَّةٌ تَتَبَارَى لَا شَوَارَ لَهَا,إِلَّا القُطُوعُو عَلَى الأَكْوَارِ وَالوَرَكُ,Before Islam: VIth century,bassit_complete,bassit_complete
Zohayr Ibn Abi Salma,Bana Alkhalit,9,مِثْلُ النِّعَامِ إِذَا هَيَّجْتَهَا ارْتَفَعَتْ,عَلَى لَوَاحِبَ بِيضٍ بَيْنَهَا الشَّرَكُ,Before Islam: VIth century,bassit_complete,bassit_complete
Zohayr Ibn Abi Salma,Bana Alkhalit,10,وَقَدْ أَرُوحُ أَمَامَ الحَيِّ مُقْتَنِصًا,قُمْرًا مَرَاتِعُهَا القِيعَانُ وَالنَّبَكُ,Before Islam: VIth century,bassit_complete,bassit_complete
Zohayr Ibn Abi Salma,Bana Alkhalit,11,وَصَاحِبِي وَرْدَةٌ نَهْدٌ مَرَاكِلُهَا,جَرْدَاءُ لَا فَحَجٌ فِيهَا وَلَا صَكَكُ,Before Islam: VIth century,bassit_complete,bassit_complete
Zohayr Ibn Abi Salma,Bana Alkhalit,12,مَرًّا كِفَاتًا إِذَا مَا المَاءُ أَسْهَلَهَا,حَتَّى إِذَا ضُرِبَتْ بِالسَّوْطِ تَبْتَرِكُ,Before Islam: VIth century,bassit_complete,bassit_complete
Zohayr Ibn Abi Salma,Bana Alkhalit,13,كَأَنَّهَا مِنْ قَطَا الأَجْبَابِ حَانَ لَهَا,وَرْدٌ وَأَفْرَدَ عَنْهَا أُخْتَهَا الشَّبَكُ,Before Islam: VIth century,bassit_complete,bassit_complete
Zohayr Ibn Abi Salma,Bana Alkhalit,14,جُونِيَّةٌ كَحَصَاةِ القَسْمِ مَرْتَعُهَا,بِالسِيِّ مَا تُنْبِتُ القَفْعَاءُ وَالحَسَكُ,Before Islam: VIth century,bassit_complete,bassit_complete
Zohayr Ibn Abi Salma,Bana Alkhalit,15,حَتَّى إِذَا مَا هَوَتْ كَفُّ الغُلَامِ لَهَا,طَارَتْ وَفِي كَفِّهِ مِنْ رِيشِهَا بَتَكُ,Before Islam: VIth century,bassit_complete,bassit_complete
Zohayr Ibn Abi Salma,Bana Alkhalit,16,أَهْوَى لَهَا أَسْفَعَ الخَدَّيْنِ مُطَّرِقٌ,رِيشَ القَوَادِمِ لَمْ تُنْصَبْ لَهُ الشَّرَكُ,Before Islam: VIth century,bassit_complete,bassit_complete
Zohayr Ibn Abi Salma,Bana Alkhalit,17,لَا شَيْءَ أَسْرَعُ مِنْهَا وَهْيَ طَيِّبَةٌ,نَفْسًا بِمَا سَوْفَ يُنْجِيهَا وَتَتَّرِكُ,Before Islam: VIth century,bassit_complete,bassit_complete
Zohayr Ibn Abi Salma,Bana Alkhalit,18,دُونَ السَّمَاءِ وَفَوْقَ الأَرْضِ قَدْرُهُمَا,عِنْدَ الذَّنَابِى فَلَا فَوْتٌ وَلَا دَرَكُ,Before Islam: VIth century,bassit_complete,bassit_complete
Zohayr Ibn Abi Salma,Bana Alkhalit,19,عِنْدَ الذَّنَابَى لَهَا صَوْتٌ وَأَزْمِلَةٌ,يَكَادُ يَخْطَفُهَا طَوْرًا وَتَهْتَلِكُ,Before Islam: VIth century,bassit_complete,bassit_complete
Zohayr Ibn Abi Salma,Bana Alkhalit,20,ثُمَّ اسْتَمَرَّتْ إِلَى الوَادِي فَأَلْجَأَهَا,مِنْهُو وَقَدْ طَمِعَ الأَظْفَارُ وَالحَنَكُ,Before Islam: VIth century,bassit_complete,bassit_complete
Zohayr Ibn Abi Salma,Bana Alkhalit,21,حَتَّى اسْتَغَاثَتْ بِمَاءٍ لَا رِشَاءَ لَهُ,مِنَ الأَبَاطِحِ فِي حَافَاتِهِ البُرَكُ,Before Islam: VIth century,bassit_complete,bassit_complete
Zohayr Ibn Abi Salma,Bana Alkhalit,22,مُكَلَّلٌ بِأُصُولِ النَّجْمِ تَنْسُجُهُ,رِيحٌ خَرِيقٌ لِضَاحِي مَائِهِ حَبَكُ,Before Islam: VIth century,bassit_complete,bassit_complete
Zohayr Ibn Abi Salma,Bana Alkhalit,23,كَمَا اسْتَغَاثَ بِسَيْءٍ فَزُّ غَيْطَلَةٍ,خَافَ العُيُونَ فَلَمْ يُنْظَرْ بِهِ الحَشَكُ,Before Islam: VIth century,bassit_complete,bassit_complete
Zohayr Ibn Abi Salma,Bana Alkhalit,24,فَزَلَّ عَنْهَا وَوَافَى رَأْسَ مَرْقَبَةٍ,كَمَنْصِبِ العِتْرِ دَمَّى رَأْسُهُ النَّسَكُ,Before Islam: VIth century,bassit_complete,bassit_complete
Zohayr Ibn Abi Salma,Bana Alkhalit,25,هَلَّا سَأَلْتِ بَنِي الصَّيْدَاءِ كُلُّهُمُ,بِأَيِّ حَبْلٍ جِوَارٍ كُنْتُ أَمْتَسِكُ,Before Islam: VIth century,bassit_complete,bassit_complete
Zohayr Ibn Abi Salma,Bana Alkhalit,26,فَلَنْ يَقُولُوا بِحَبْلٍ وَاهِنٍ خَلَقٍ,لَوْ كَانَ قَوْمُكَ فِي أَسْبَابِهِ هَلَكُوا,Before Islam: VIth century,bassit_complete,bassit_complete
Zohayr Ibn Abi Salma,Bana Alkhalit,27,يَا حَارِ لَا أُرْمَيَنْ مِنْكُمْ بِدَاهِيَةٍ,لَمْ يَلْقَهَا سُوقَةٌ قَبْلِي وَلَا مَلِكُ,Before Islam: VIth century,bassit_complete,bassit_complete
Zohayr Ibn Abi Salma,Bana Alkhalit,28,أُرْدُدْ يَسَارًا وَلَا تَعْنُفْ عَلَيْهِ وَلَا,تَمْعَكْ بِعَرْضِكَ إِنَّ الغَادِرَ المَعَكُ,Before Islam: VIth century,bassit_complete,bassit_complete
Zohayr Ibn Abi Salma,Bana Alkhalit,29,وَلَا تَكُونَنْ كَأَقْوَامٍ عَلِمْتُهُمُ,يَلْوُونَ مَا عِنْدَهُمْ حَتَّى إِذَا نَهَكُوا,Before Islam: VIth century,bassit_complete,bassit_complete
Zohayr Ibn Abi Salma,Bana Alkhalit,30,طَابَتْ نُفُوسُهُمُ عَنْ حَقِّ خَصْمِهِمُ,مَخَافَةَ الشَّرِّ فَارْتَدُّوا لِمَا تَرَكُوا,Before Islam: VIth century,bassit_complete,bassit_complete
Zohayr Ibn Abi Salma,Bana Alkhalit,31,تَعَلَّمَنْ هَا لَعَمْرِ اللَّهِ ذَا قَسَمًا,فَاقْدِرْ بِذَرْعِكَ وَانْظُرْ أَيْنَ تَنْسَلِكُ,Before Islam: VIth century,bassit_complete,bassit_complete
Zohayr Ibn Abi Salma,Bana Alkhalit,32,لَئِنْ حَلَلْتَ بِجَوٍّ فِي بَنِي أَسَدٍ,فِي دِينِ عَمْرٍ وَحَالَتْ بَيْنَنَا فَدَكُ,Before Islam: VIth century,bassit_complete,bassit_complete
Zohayr Ibn Abi Salma,Bana Alkhalit,33,لَيَأْتِيَنَّكَ مِنِّي مَنْطِقٌ قَذِعٌ,بَاقٍ كَمَا دَنَسَ القِبْطِيَّةَ الوَدَكُ,Before Islam: VIth century,bassit_complete,bassit_complete
Zohayr Ibn Abi Salma,Moallaqa,1,أَمِنْ أُمِّ أَوْفَى دِمْنَةٌ لَمْ تَكَلَّمِي,بِحَوْمَانَةِ الدُّرَّاجِ فَالمُتَثَلَّمِ,Before Islam: VIth century,tawil_complete,tawil_complete
Zohayr Ibn Abi Salma,Moallaqa,2,وَدَارٌ لَهَا بِالرَّقْمَتَيْنِي كَأَنَّهَا,مَرَاجِيعُ وَشْمٍ فِي نَوَاشِرِ مِعْصَمِ,Before Islam: VIth century,tawil_complete,tawil_complete
Zohayr Ibn Abi Salma,Moallaqa,3,بِهَا العَيْنُ وَالأَرْآمُ يَمْشِينَ خِلْفَةً,وَأَطْلَاؤُهَا يَنْهَضْنَ مِنْ كُلِّ مَجْثَمِ,Before Islam: VIth century,tawil_complete,tawil_complete
Zohayr Ibn Abi Salma,Moallaqa,4,وَقَفْتُ بِهَا مِنْ بَعْدِ عِشْرِينَ حِجَّةً,فَلَأْيًا عَرَفْتُ الدَّارَ بَعْدَ تَوَهُّمِ,Before Islam: VIth century,tawil_complete,tawil_complete
Zohayr Ibn Abi Salma,Moallaqa,5,أَثَافِيَ سُفْعًا فِي مُعَرَّسِ مِرْجَلٍ,وَنُؤْيًا كَجِذْمِ الحَوْضِ لَمْ يَتَثَلَّمِ,Before Islam: VIth century,tawil_complete,tawil_complete
Zohayr Ibn Abi Salma,Moallaqa,6,فَلَمَّا عَرَفْتُ الدَّارَ قُلْتُ لِرَبْعِهَا,أَلَا انْعِمْ صَبَاحًا أَيُّهَا الرَّبْعُ وَاسْلَمِ,Before Islam: VIth century,tawil_complete,tawil_complete
Zohayr Ibn Abi Salma,Moallaqa,7,تَبَصَّرْ خَلِيلِي هَلْ تَرَى مِنْ ظَعَائِنٍ,تَحَمَّلْنَ بِالعَلْيَاءِ مِنْ فَوْقِ جُرْثُمِ,Before Islam: VIth century,tawil_complete,tawil_complete
Zohayr Ibn Abi Salma,Moallaqa,8,جَعَلْنَ القَنَانَ عَنْ يَمِينٍ وَحَزْنَهُ,وَكَمْ بِالقَنَانِ مِنْ مُحِلٍّ وَمُحْرِمِ,Before Islam: VIth century,tawil_complete,tawil_complete
Zohayr Ibn Abi Salma,Moallaqa,9,عَلَوْنَ بِأَنْمَاطٍ عِتَاقٍ وَكِلَّةٍ,وِرَادٍ حَوَاشِيهَا مُشَاكِهَةُ الدَّمِ,Before Islam: VIth century,tawil_complete,tawil_complete
Zohayr Ibn Abi Salma,Moallaqa,10,ظَهَرْنَ مِنَ السُّوبَانِ ثُمَّ جَزَعْنَهُ,عَلَى كُلِّ قَيْنِيٍّ قَشِيبٍ وَ مُفْأَمِ,Before Islam: VIth century,tawil_complete,tawil_complete
Zohayr Ibn Abi Salma,Moallaqa,11,وَوَرَّكْنَ فِي السُّوبَانِ يَعْلُونَ مَتْنَهُ,عَلَيْهِنَّ دَلُّ النَّاعِمِ المُتَنَعِّمِ,Before Islam: VIth century,tawil_complete,tawil_complete
Zohayr Ibn Abi Salma,Moallaqa,12,بَكَرْنَ بُكُورًا وَاسْتَحَرْنَ بِسُحْرَةٍ,فَهُنَّ وَوَادِي الرَّسِّ كَاليَدِ لِلْفَمِ,Before Islam: VIth century,tawil_complete,tawil_complete
Zohayr Ibn Abi Salma,Moallaqa,13,وَفِيهِنَّ مَلْهًى لِلَّطِيفِ وَمَنْظَرٌ,أَنِيقٌ لِعَيْنِ النَّاظِرِ المُتَوَسِّمِ,Before Islam: VIth century,tawil_complete,tawil_complete
Zohayr Ibn Abi Salma,Moallaqa,14,كَأَنَّ فُتَاتَ العِهْنِ فِي كُلِّ مَنْزِلٍ,نَزَلْنَ بِهِ حَبُّ الفَنَا لَمْ يُحَطَّمِ,Before Islam: VIth century,tawil_complete,tawil_complete
Zohayr Ibn Abi Salma,Moallaqa,15,فَلَمَّا وَرَدْنَ المَاءَ زُرْقًا جِمَامُهُ,وَضَعْنَ عِصِيَّ الحَاضِرِ المُتَخَيِّمِ,Before Islam: VIth century,tawil_complete,tawil_complete
Zohayr Ibn Abi Salma,Moallaqa,16,تُذَكِّرُنِي الأَحْلَامَ لَيْلَى وَمَنْ تُطِفْ,عَلَيْهِ خَيَالَاتُ الأَحِبَّةِ يَحْلُمِ,Before Islam: VIth century,tawil_complete,tawil_complete
Zohayr Ibn Abi Salma,Moallaqa,17,سَعَى سَاعِيَا غَيْظِ بْنِ مُرَّةَ بَعْدَمَا,تَبَزَّلَ مَا بَيْنَ العَشِيرَةِ بِالدَّمِ,Before Islam: VIth century,tawil_complete,tawil_complete
Zohayr Ibn Abi Salma,Moallaqa,18,فَأَقْسَمْتُ بِالبَيْتِ الذِي طَافَ حَوْلَهُ,رِجَالٌ بَنَوْهُ مِنْ قُرَيْشٍ وَجُرْهُمِ,Before Islam: VIth century,tawil_complete,tawil_complete
Zohayr Ibn Abi Salma,Moallaqa,19,يَمِينًا لَنِعْمَ السَّيِّدَانِ وُجِدْتُمَا,عَلَى كُلِّ حَالٍ مِنْ سَحِيلٍ وَمُبْرَمِ,Before Islam: VIth century,tawil_complete,tawil_complete
Zohayr Ibn Abi Salma,Moallaqa,20,تَدَارَكْتُمَا عَبْسًا وَذُبْيَانَ بَعْدَمَا,تَفَانَوْا وَدَقُّوا بَيْنَهُمْ عِطْرَ مَنْشَمِ,Before Islam: VIth century,tawil_complete,tawil_complete
Zohayr Ibn Abi Salma,Moallaqa,21,وَقَدْ قُلْتُمَا إِنْ نُدْرِكِ السِّلْمَ وَاسِعًا,بِمَالٍ وَمَعْرُوفٍ مِنَ الأَمْرِ نَسْلَمِ,Before Islam: VIth century,tawil_complete,tawil_complete
Zohayr Ibn Abi Salma,Moallaqa,22,فَأَصْبَحْتُمَا مِنْهَا عَلَى خَيْرِ مَوْطِنٍ,بَعِيدَيْنِ فِيهَا مِنْ عُقُوقٍ وَمَأْثَمِ,Before Islam: VIth century,tawil_complete,tawil_complete
Zohayr Ibn Abi Salma,Moallaqa,23,عَظِيمَيْنِ فِي عُلْيَا مَعَدٍّ هُدِيتُمَا,وَمَنْ يَسْتَبِحْ كَنْزًا مِنَ المَجْدِ يَعْظُمِ,Before Islam: VIth century,tawil_complete,tawil_complete
Zohayr Ibn Abi Salma,Moallaqa,24,وَأَصْبَحَ يُحْدَى فِيهِمُ مِنْ تِلَادِكُمْ,مَغَانِمُ شَتَّى مِنْ إِفَالٍ مُزَنَّمِ,Before Islam: VIth century,tawil_complete,tawil_complete
Zohayr Ibn Abi Salma,Moallaqa,25,تُعَفَّى الكُلُومُ بِالمِئَيْنَ فَأَصْبَحَتْ,يُنَجِّمُهَا مَنْ لَيْسَ فِيهَا بِمُجْرِمِ,Before Islam: VIth century,tawil_complete,tawil_complete
Zohayr Ibn Abi Salma,Moallaqa,26,يُنَجِّمُهَا قَوْمٌ لِقَوْمٍ غَرَامَةً,وَلَمْ يُهَرْيِقُوا بَيْنَهُمْ مِلْءَ مِحْجَمِ,Before Islam: VIth century,tawil_complete,tawil_complete
Zohayr Ibn Abi Salma,Moallaqa,27,أَلَا أَبْلِغِ الأَحْلَافَ عَنِّي رِسَالَةً,وَذُبْيَانَ هَلْ أَقْسَمْتُمُ كُلَّ مُقْسَمِ,Before Islam: VIth century,tawil_complete,tawil_complete
Zohayr Ibn Abi Salma,Moallaqa,28,فَلَا تَكْتُمُنَّ اللَّهَ مَا فِي نُفُوسِكُمْ,لِيَخْفَى وَمَهْمَا يُكْتَمِ اللَّهُ يَعْلَمِ,Before Islam: VIth century,tawil_complete,tawil_complete
Zohayr Ibn Abi Salma,Moallaqa,29,يُؤَخَّرْ فَيُوضَعْ فِي كِتَابٍ فَيُدَّخَرْ,لِيَوْمِ الحِسَابِ أَوْ يُعَجَّلْ فَيُنْقَمِ,Before Islam: VIth century,tawil_complete,tawil_complete
Zohayr Ibn Abi Salma,Moallaqa,30,وَمَا الحَرْبُ إِلَّا مَا عَلِمْتُمْ وَذُقْتُمُ,وَمَا هُوَ عَنْهَا بِالحَدِيثِ المُرَجَّمِ,Before Islam: VIth century,tawil_complete,tawil_complete
Zohayr Ibn Abi Salma,Moallaqa,31,مَتَى تَبْعَثُوهَا تَبْعَثُوهَا ذَمِيمَةً,وَتَضْرَ إِذَا ضَرَّيْتُمُوهَا فَتَضْرَمِ,Before Islam: VIth century,tawil_complete,tawil_complete
Zohayr Ibn Abi Salma,Moallaqa,32,فَتَعْرُكُكُمْ عَرْكَ الرَّحَى بِثِفَالِهَا,وَتَلْقَحْ كِشَافًا ثُمَّ تُنْتَجْ فَتُتْئِمِ,Before Islam: VIth century,tawil_complete,tawil_complete
Zohayr Ibn Abi Salma,Moallaqa,33,فَتُنْتِجْ لَكُمْ غِلْمَانَ أَشْأَمَ كُلُّهُمْ,كَأَحْمَرِ عَادٍ ثُمَّ تُرْضِعْ فَتَفْطِمِ,Before Islam: VIth century,tawil_complete,tawil_complete
Zohayr Ibn Abi Salma,Moallaqa,34,فَتُغْلِلْ لَكُمْ مَا لَا تُغِلُّ لِأَهْلِهَا,قُرَى بِالعِرَاقِ مِنْ قَفِيزٍ وَدِرْهَمِ,Before Islam: VIth century,tawil_complete,tawil_complete
Zohayr Ibn Abi Salma,Moallaqa,35,لَعَمْرِي لَنِعْمَ الحَيِّ جَرَّ عَلَيْهِمُ,بِمَا لَا يُؤَاتِيهِمْ حُصَيْنُ بْنُ ضَمْضَمِ,Before Islam: VIth century,tawil_complete,tawil_complete
Zohayr Ibn Abi Salma,Moallaqa,36,وَكَانَ طَوَى كَشْحًا عَلَى مُسْتَكِنَّةٍ,فَلَا هُوَ أَبْدَاهَا وَلَمْ يَتَقَدَّمِ,Before Islam: VIth century,tawil_complete,tawil_complete
Zohayr Ibn Abi Salma,Moallaqa,37,وَقَالَ سَأَقْضِي حَاجَتِي ثُمَّ أَتَّقِي,عَدُوِّي بِأَلْفٍ مِنْ وَرَائِيَ مُلْجَمِ,Before Islam: VIth century,tawil_complete,tawil_complete
Zohayr Ibn Abi Salma,Moallaqa,38,فَشَدَّ فَلَمْ يُفْزِعْ بُيُوتًا كَثِيرَةً,لَدَى حَيْثُ أَلْقَتْ رَحْلَهَا أُمُّ قَشْعَمِ,Before Islam: VIth century,tawil_complete,tawil_complete
Zohayr Ibn Abi Salma,Moallaqa,39,لَدَى أَسَدٍ شَاكِي السِّلَاحِ مُقَذَّفٍ,لَهُ لِبَدٌ أَظْفَارُهُ لَمْ تُقَلَّمِ,Before Islam: VIth century,tawil_complete,tawil_complete
Zohayr Ibn Abi Salma,Moallaqa,40,جَرِيءٍ مَتَى يُظْلَمْ يُعَاقَبْ بِظُلْمِهِ,سَرِيعًا وَإِلَّا يُبْدِ بِالظُّلْمِ يَظْلِمِ,Before Islam: VIth century,tawil_complete,tawil_complete
Zohayr Ibn Abi Salma,Moallaqa,41,دَعَوْا ظِمْئَهُمْ حَتَّى إِذَا تَمَّ أَوْرَدُوا,غِمَارًا تَفَرَّى بِالسِّلَاحِ وَبِالدَّمِ,Before Islam: VIth century,tawil_complete,tawil_complete
Zohayr Ibn Abi Salma,Moallaqa,42,فَقَضَّوْا مَنَايَا بَيْنَهُمْ ثُمَّ أَصْدَرُوا,إِلَى كَلَأٍ مُسْتَوْبَلٍ مُتَوَخِّمِ,Before Islam: VIth century,tawil_complete,tawil_complete
Zohayr Ibn Abi Salma,Moallaqa,43,لَعَمْرُكَ مَا جَرَّتْ عَلَيْهِمْ رِمَاحُهُمْ,دَمَ ابْنِ نَهِيكٍ أَوْ قَتِيلِ المُثَلَّمِ,Before Islam: VIth century,tawil_complete,tawil_complete
Zohayr Ibn Abi Salma,Moallaqa,44,وَلَا شَارَكَتْ فِي المَوْتِ فِي دَمِ نَوْفَلٍ,وَلَا وَهَبٍ مِنْهَا وَلَا ابْنِ المُخَزَّمِ,Before Islam: VIth century,tawil_complete,tawil_complete
Zohayr Ibn Abi Salma,Moallaqa,45,فَكُلًّا أَرَاهُمْ أَصْبَحُوا يَعْقِلُونَهُ,عُلَالَةَ أَلْفٍ بَعْدَ أَلْفٍ مُصَتَّمِ,Before Islam: VIth century,tawil_complete,tawil_complete
Zohayr Ibn Abi Salma,Moallaqa,46,تُسَاقُ إِلَى قَوْمٍ لِقَوْمٍ غَرَامَةً,صَحِيحَاتِ مَالٍ طَالِعَاتٍ بِمَخْرِمِ,Before Islam: VIth century,tawil_complete,tawil_complete
Zohayr Ibn Abi Salma,Moallaqa,47,لِحَيِّ حَلَالٍ يَعْصِمُ النَّاسَ أَمْرَهُمْ,إِذَا طَرَقَتْ إِحْدَى اللَّيَالِي بِمُعْظَمِ,Before Islam: VIth century,tawil_complete,tawil_complete
Zohayr Ibn Abi Salma,Moallaqa,48,كِرَامٍ فَلَا ذُو الضِّغْنِ يُدْرِكُ تَبْلَهُ,وَلَا الجَارِمُ الجَانِي عَلَيْهِمْ بِمُسْلَمِ,Before Islam: VIth century,tawil_complete,tawil_complete
Zohayr Ibn Abi Salma,Moallaqa,49,سَئِمْتُ تَكَالِيفَ الحَيَاةِ وَمَنْ يَعِشْ,ثَمَانِينَ حَوْلًا لَا أَبَا لَكَ يَسْأَمِ,Before Islam: VIth century,tawil_complete,tawil_complete
Zohayr Ibn Abi Salma,Moallaqa,50,رَأَيْتُ المَنَايَا خَبْطَ عَشْوَاءَ مَنْ تُصِبْ,تُمِتْهُ وَمَنْ تُخْطِئْ يُعَمَّرْ فَيَهْرَمِ,Before Islam: VIth century,tawil_complete,tawil_complete
Zohayr Ibn Abi Salma,Moallaqa,51,وَأَعْلَمُ مَا فِي اليَوْمِ وَالأَمْسِ قَبْلَهُ,وَلَكِنَّنِي عَنْ عِلْمِ مَا فِي غَدٍ عَمِ,Before Islam: VIth century,tawil_complete,tawil_complete
Zohayr Ibn Abi Salma,Moallaqa,52,وَمَنْ لَمْ يُصَانِعْ فِي أُمُورٍ كَثِيرَةٍ,يُضَرَّسْ بِأَنْيَابٍ وَيُوطَأْ بِمَنْسِمِ,Before Islam: VIth century,tawil_complete,tawil_complete
Zohayr Ibn Abi Salma,Moallaqa,53,وَمَنْ يَكُ ذَا فَضْلٍ فَيَبْخَلْ بِفَضْلِهِ,عَلَى قَوْمِهِ يُسْتَغْنَ عَنْهُ وَيُذْمَمِ,Before Islam: VIth century,tawil_complete,tawil_complete
Zohayr Ibn Abi Salma,Moallaqa,54,وَمَنْ يَجْعَلِ المَعْرُوفَ مِنْ دُونِ عِرْضِهِ,يَفِرْهُ وَمَنْ لَا يَتَّقِ الشَّتْمَ يُشْتَمِ,Before Islam: VIth century,tawil_complete,tawil_complete
Zohayr Ibn Abi Salma,Moallaqa,55,وَمَنْ يَجْعَلِ المَعْرُوفَ فِي غَيْرِ أَهْلِهِ,يَكُنْ حَمْدُهُ ذَمًّا عَلَيْهِ وَيَنْدَمِ,Before Islam: VIth century,tawil_complete,tawil_complete
Zohayr Ibn Abi Salma,Moallaqa,56,وَمَنْ لَمْ يَذُدْ عَنْ حَوْضِهِ بِسِلَاحِهِ,يُهَدَّمْ وَمَنْ لَا يَظْلِمِ النَّاسَ يُظْلَمِ,Before Islam: VIth century,tawil_complete,tawil_complete
Zohayr Ibn Abi Salma,Moallaqa,57,وَمَنْ هَابَ أَسْبَابَ المَنَايَا يَنَلْنَهُ,وَلَوْ رَامَ أَسْبَابَ السَّمَاءِ بِسُلَّمِ,Before Islam: VIth century,tawil_complete,tawil_complete
Zohayr Ibn Abi Salma,Moallaqa,58,وَمَنْ يَعْصِ أَطْرَافَ الزُّجَاجِ فَإِنَّهُ,يُطِيعُ العَوَالِي رُكِّبَتْ كُلَّ لَهْذَمِ,Before Islam: VIth century,tawil_complete,tawil_complete
Zohayr Ibn Abi Salma,Moallaqa,59,وَمَنْ يُوفِ لَا يُذْمَمْ وَمَنْ يُفْضِ قَلْبُهُ,إِلَى مُطْمَئِنِّ البِرِّ لَا يَتَجَمْجَمِ,Before Islam: VIth century,tawil_complete,tawil_complete
Zohayr Ibn Abi Salma,Moallaqa,60,وَمَنْ يَغْتَرِبْ يَحْسَبْ عَدُوًّا صَدِيقَهُ,وَمَنْ لَا يُكَرِّمْ نَفْسَهُ لَا يُكَرَّمِ,Before Islam: VIth century,tawil_complete,tawil_complete
Zohayr Ibn Abi Salma,Moallaqa,61,وَمَهْمَا تَكُنْ عِنْدَ امْرِئٍ مِنْ خَلِيقَةٍ,وَإِنْ خَالَهَا تَخْفَى عَلَى النَّاسِ تُعْلَمِ,Before Islam: VIth century,tawil_complete,tawil_complete
Zohayr Ibn Abi Salma,Moallaqa,62,وَكَائِنْ تَرَى مِنْ صَامِتٍ لَكَ مُعْجِبٍ,زِيَادَتُهُ أَوْ نَقْصُهُ فِي التَّكَلُّمِ,Before Islam: VIth century,tawil_complete,tawil_complete
Zohayr Ibn Abi Salma,Moallaqa,63,وَمَنْ لَا يَزَلْ يَسْتَرْحِلُ النَّاسَ نَفْسَهُ,وَلَا يُعْفِهَا يَوْمًا مِنَ الذُّلِّ يَنْدَمِ,Before Islam: VIth century,tawil_complete,tawil_complete
Zohayr Ibn Abi Salma,Moallaqa,64,لِسَانُ الفَتَى نِصْفٌ وَنِصْفٌ فُؤَادُهُ,فَلَمْ يَبْقَ إِلَّا صُورَةُ اللَّحْمِ وَالدَّمِ,Before Islam: VIth century,tawil_complete,tawil_complete
Zohayr Ibn Abi Salma,Moallaqa,65,وَإِنَّ سَفَاهَ الشَّيْخِ لَا حِلْمَ بَعْدَهُ,وَإِنَّ الفَتَى بَعْدَ السَّفَاهَةِ يَحْلُمِ,Before Islam: VIth century,tawil_complete,tawil_complete
Zohayr Ibn Abi Salma,Moallaqa,66,سَأَلْنَا فَأَعْطَيْتُمْ وَعُدْنَا فَعُدْتُمُ,وَمَنْ يُكْثِرِ التِّسْآلَ يَوْمًا سَيُحْرَمِ,Before Islam: VIth century,tawil_complete,tawil_complete
